time,sequence_state,velocity,rpm,bus_frequency,slip,line_voltage,machine_line_current,machine_active_current,machine_reactive_current,flux_magnitude,motor_torque,motor_shaft_power,electrical_export,machine_reactive_demand,machine_copper_loss,machine_core_loss,magnetic_storage_power,rectifier_power,dc_input_power,dc_voltage,dc_capacitor_power,chopper_target_voltage,chopper_duty,dc_brake_power,battery_voltage,battery_power,aux_voltage,aux_power,energy_residual,k_precharge,k_main,brake_command,brake_physical_state,fault
0.0,AUXILIARY_START,0.0,0.0,0,0,0.0,0.0,0.0,-0.0,0.0,0.0,0.0,-0.0,0.0,0.0,0.0,0.0,0.0,0.0,0.0,0.0,80.0,0.0,0.0,24.0,0.0,0.0,0.0,0.0,True,False,APPLY,APPLIED,
0.009999999999999995,AUXILIARY_START,0.0,0.0,0,0,0.0,0.0,0.0,-0.0,0.0,0.0,0.0,-0.0,0.0,0.0,0.0,0.0,0.0,0.0,0.0,0.0,80.0,0.0,0.0,23.99916008225351,0.4031464090791391,1.9926268781812202,0.36283176817122526,-1.5190770216617492e-09,True,False,APPLY,APPLIED,
0.019999999999999934,AUXILIARY_START,0.0,0.0,0,0,0.0,0.0,0.0,-0.0,0.0,0.0,0.0,-0.0,0.0,0.0,0.0,0.0,0.0,0.0,0.0,0.0,80.0,0.0,0.0,23.994278047970862,2.745882159285774,7.480844270460448,2.4712939433571965,-2.428481353732445e-10,True,False,APPLY,APPLIED,
0.029999999999999874,AUXILIARY_START,0.0,0.0,0,0,0.0,0.0,0.0,-0.0,0.0,0.0,0.0,-0.0,0.0,0.0,0.0,0.0,0.0,0.0,0.0,0.0,80.0,0.0,0.0,23.983434291039835,7.946051846612116,15.8310091167994,7.151446661950905,2.885590588699795e-10,True,False,APPLY,APPLIED,
0.04000000000000012,AUXILIARY_START,0.0,0.0,0,0,0.0,0.0,0.0,-0.0,0.0,0.0,0.0,-0.0,0.0,0.0,0.0,0.0,0.0,0.0,0.0,0.0,80.0,0.0,0.0,23.966113981845478,16.242323469643868,26.524338357470295,14.618091122679477,1.0700804337678699e-11,True,False,APPLY,APPLIED,
0.050000000000000405,AUXILIARY_START,0.0,0.0,0,0,0.0,0.0,0.0,-0.0,0.0,0.0,0.0,-0.0,0.0,0.0,0.0,0.0,0.0,0.0,0.0,0.0,80.0,0.0,0.0,23.942563681101586,27.503454456666404,39.1360883472981,24.753109010999765,-3.4477629171775215e-10,True,False,APPLY,APPLIED,
0.06000000000000069,AUXILIARY_START,0.0,0.0,0,0,0.0,0.0,0.0,-0.0,0.0,0.0,0.0,-0.0,0.0,0.0,0.0,0.0,0.0,0.0,0.0,0.0,80.0,0.0,0.0,23.913402057577887,41.417028289979086,53.31850840180351,37.275325460981186,-6.135307856376671e-10,True,False,APPLY,APPLIED,
0.07000000000000098,AUXILIARY_START,0.0,0.0,0,0,0.0,0.0,0.0,-0.0,0.0,0.0,0.0,-0.0,0.0,0.0,0.0,0.0,0.0,0.0,0.0,0.0,80.0,0.0,0.0,23.879391133880276,57.60132576573404,68.78688434119945,51.841193189160634,-7.823010134654085e-10,True,False,APPLY,APPLIED,
0.08000000000000126,AUXILIARY_START,0.0,0.0,0,0,0.0,0.0,0.0,-0.0,0.0,0.0,0.0,-0.0,0.0,0.0,0.0,0.0,0.0,0.0,0.0,0.0,80.0,0.0,0.0,23.841307389909804,75.66878595334911,85.30811191065712,68.1019073580142,-1.4412221693849148e-09,True,False,APPLY,APPLIED,
0.09000000000000155,AUXILIARY_START,0.0,0.0,0,0,0.0,0.0,0.0,-0.0,0.0,0.0,0.0,-0.0,0.0,0.0,0.0,0.0,0.0,0.0,0.0,0.0,80.0,0.0,0.0,23.799873975995496,95.25948301248492,102.69134148807427,85.73353471123643,-2.221940064231487e-09,True,False,APPLY,APPLIED,
0.10000000000000184,AUXILIARY_START,0.0,0.0,0,0,0.0,0.0,0.0,-0.0,0.0,0.0,0.0,-0.0,0.0,0.0,0.0,0.0,0.0,0.0,0.0,0.0,80.0,0.0,0.0,23.755729549900703,116.05645499182891,120.78031861862296,104.45080949264602,-2.5739379169720245e-09,True,False,APPLY,APPLIED,
0.11000000000000212,AUXILIARY_START,0.0,0.0,0,0,0.0,0.0,0.0,-0.0,0.0,0.0,0.0,-0.0,0.0,0.0,0.0,0.0,0.0,0.0,0.0,0.0,80.0,0.0,0.0,23.709418411944277,137.79040908040753,139.44711297482996,124.01136817236677,-2.6134829994584052e-09,True,False,APPLY,APPLIED,
0.12000000000000241,AUXILIARY_START,0.0,0.0,0,0,0.0,0.0,0.0,-0.0,0.0,0.0,0.0,-0.0,0.0,0.0,0.0,0.0,0.0,0.0,0.0,0.0,80.0,0.0,0.0,23.66139245125582,160.23852195587452,158.5869840633419,144.21466976028708,-3.5305295284504545e-09,True,False,APPLY,APPLIED,
0.130000000000002,AUXILIARY_START,0.0,0.0,0,0,0.0,0.0,0.0,-0.0,0.0,0.0,0.0,-0.0,0.0,0.0,0.0,0.0,0.0,0.0,0.0,0.0,80.0,0.0,0.0,23.612019117478926,183.22024030607864,178.11417762115724,164.8982162754708,-4.039032108771323e-09,True,False,APPLY,APPLIED,
0.1400000000000009,AUXILIARY_START,0.0,0.0,0,0,0.0,0.0,0.0,-0.0,0.0,0.0,0.0,-0.0,0.0,0.0,0.0,0.0,0.0,0.0,0.0,0.0,80.0,0.0,0.0,23.575836902790225,200.0,197.85317993141874,180.0,-4.048460358618833e-09,True,False,APPLY,APPLIED,
0.1499999999999998,AUXILIARY_START,0.0,0.0,0,0,0.0,0.0,0.0,-0.0,0.0,0.0,0.0,-0.0,0.0,0.0,0.0,0.0,0.0,0.0,0.0,0.0,80.0,0.0,0.0,23.575836902790225,200.0,216.35359995860506,180.0,-4.4128407317156615e-09,True,False,APPLY,APPLIED,
0.1599999999999987,AUXILIARY_START,0.0,0.0,0,0,0.0,0.0,0.0,-0.0,0.0,0.0,0.0,-0.0,0.0,0.0,0.0,0.0,0.0,0.0,0.0,0.0,80.0,0.0,0.0,23.575836902790225,200.0,233.3909998367406,180.0,-4.506246903401845e-09,True,False,APPLY,APPLIED,
0.1699999999999976,AUXILIARY_START,0.0,0.0,0,0,0.0,0.0,0.0,-0.0,0.0,0.0,0.0,-0.0,0.0,0.0,0.0,0.0,0.0,0.0,0.0,0.0,80.0,0.0,0.0,23.575836902790225,200.0,249.2658305621112,180.0,-4.871029218866951e-09,True,False,APPLY,APPLIED,
0.1799999999999965,AUXILIARY_START,0.0,0.0,0,0,0.0,0.0,0.0,-0.0,0.0,0.0,0.0,-0.0,0.0,0.0,0.0,0.0,0.0,0.0,0.0,0.0,80.0,0.0,0.0,23.575836902790225,200.0,264.18791809760785,180.0,-5.23819371212042e-09,True,False,APPLY,APPLIED,
0.1899999999999954,AUXILIARY_START,0.0,0.0,0,0,0.0,0.0,0.0,-0.0,0.0,0.0,0.0,-0.0,0.0,0.0,0.0,0.0,0.0,0.0,0.0,0.0,80.0,0.0,0.0,23.575836902790225,200.0,278.3106636610062,180.0,-4.912007800506046e-09,True,False,APPLY,APPLIED,
0.1999999999999943,AUXILIARY_START,0.0,0.0,0,0,0.0,0.0,0.0,-0.0,0.0,0.0,0.0,-0.0,0.0,0.0,0.0,0.0,0.0,0.0,0.0,0.0,80.0,0.0,0.0,23.575836902790225,200.0,291.75024684567495,180.0,-5.067232078381778e-09,True,False,APPLY,APPLIED,
0.2099999999999932,AUXILIARY_START,0.0,0.0,0,0,0.0,0.0,0.0,-0.0,0.0,0.0,0.0,-0.0,0.0,0.0,0.0,0.0,0.0,0.0,0.0,0.0,80.0,0.0,0.0,23.575836902790225,200.0,304.597162972207,180.0,-4.76868394772012e-09,True,False,APPLY,APPLIED,
0.2199999999999921,AUXILIARY_START,0.0,0.0,0,0,0.0,0.0,0.0,-0.0,0.0,0.0,0.0,-0.0,0.0,0.0,0.0,0.0,0.0,0.0,0.0,0.0,80.0,0.0,0.0,23.575836902790225,200.0,316.92353297312957,180.0,-3.778283685917927e-09,True,False,APPLY,APPLIED,
0.229999999999991,AUXILIARY_START,0.0,0.0,0,0,0.0,0.0,0.0,-0.0,0.0,0.0,0.0,-0.0,0.0,0.0,0.0,0.0,0.0,0.0,0.0,0.0,80.0,0.0,0.0,23.575836902790225,200.0,328.7879377650736,180.0,-3.2810686390050137e-09,True,False,APPLY,APPLIED,
0.2399999999999899,AUXILIARY_START,0.0,0.0,0,0,0.0,0.0,0.0,-0.0,0.0,0.0,0.0,-0.0,0.0,0.0,0.0,0.0,0.0,0.0,0.0,0.0,80.0,0.0,0.0,23.575836902790225,200.0,340.2387306327753,180.0,-3.7002887420811703e-09,True,False,APPLY,APPLIED,
0.2499999999999888,AUXILIARY_START,0.0,0.0,0,0,0.0,0.0,0.0,-0.0,0.0,0.0,0.0,-0.0,0.0,0.0,0.0,0.0,0.0,0.0,0.0,0.0,80.0,0.0,0.0,23.575836902790225,200.0,351.3163752770814,180.0,-4.6115993246331755e-09,True,False,APPLY,APPLIED,
0.2599999999999877,AUXILIARY_START,0.0,0.0,0,0,0.0,0.0,0.0,-0.0,0.0,0.0,0.0,-0.0,0.0,0.0,0.0,0.0,0.0,0.0,0.0,0.0,80.0,0.0,0.0,23.575836902790225,200.0,362.05513848505143,180.0,-5.634009592192513e-09,True,False,APPLY,APPLIED,
0.2699999999999866,AUXILIARY_START,0.0,0.0,0,0,0.0,0.0,0.0,-0.0,0.0,0.0,0.0,-0.0,0.0,0.0,0.0,0.0,0.0,0.0,0.0,0.0,80.0,0.0,0.0,23.575836902790225,200.0,372.48434266106324,180.0,-4.775992601402379e-09,True,False,APPLY,APPLIED,
0.2799999999999855,AUXILIARY_START,0.0,0.0,0,0,0.0,0.0,0.0,-0.0,0.0,0.0,0.0,-0.0,0.0,0.0,0.0,0.0,0.0,0.0,0.0,0.0,80.0,0.0,0.0,23.575836902790225,200.0,382.6293105100725,180.0,-4.937274367122768e-09,True,False,APPLY,APPLIED,
0.2899999999999844,AUXILIARY_START,0.0,0.0,0,0,0.0,0.0,0.0,-0.0,0.0,0.0,0.0,-0.0,0.0,0.0,0.0,0.0,0.0,0.0,0.0,0.0,80.0,0.0,0.0,23.575836902790225,200.0,392.5120895917355,180.0,-5.178785844606182e-09,True,False,APPLY,APPLIED,
0.2999999999999833,AUXILIARY_START,0.0,0.0,0,0,0.0,0.0,0.0,-0.0,0.0,0.0,0.0,-0.0,0.0,0.0,0.0,0.0,0.0,0.0,0.0,0.0,80.0,0.0,0.0,23.575836902790225,200.0,402.1520163709787,180.0,-5.340116349117352e-09,True,False,APPLY,APPLIED,
0.3099999999999822,AUXILIARY_START,0.0,0.0,0,0,0.0,0.0,0.0,-0.0,0.0,0.0,0.0,-0.0,0.0,0.0,0.0,0.0,0.0,0.0,0.0,0.0,80.0,0.0,0.0,23.575836902790225,200.0,411.5661611941821,180.0,-5.4076330080476964e-09,True,False,APPLY,APPLIED,
0.3199999999999811,AUXILIARY_START,0.0,0.0,0,0,0.0,0.0,0.0,-0.0,0.0,0.0,0.0,-0.0,0.0,0.0,0.0,0.0,0.0,0.0,0.0,0.0,80.0,0.0,0.0,23.575836902790225,200.0,420.7696835454917,180.0,-5.691252802364488e-09,True,False,APPLY,APPLIED,
0.32999999999998,AUXILIARY_START,0.0,0.0,0,0,0.0,0.0,0.0,-0.0,0.0,0.0,0.0,-0.0,0.0,0.0,0.0,0.0,0.0,0.0,0.0,0.0,80.0,0.0,0.0,23.575836902790225,200.0,429.77611875037724,180.0,-5.157200666516815e-09,True,False,APPLY,APPLIED,
0.3399999999999789,AUXILIARY_START,0.0,0.0,0,0,0.0,0.0,0.0,-0.0,0.0,0.0,0.0,-0.0,0.0,0.0,0.0,0.0,0.0,0.0,0.0,0.0,80.0,0.0,0.0,23.575836902790225,200.0,438.59761163322537,180.0,-4.4368585472298605e-09,True,False,APPLY,APPLIED,
0.3499999999999778,AUXILIARY_START,0.0,0.0,0,0,0.0,0.0,0.0,-0.0,0.0,0.0,0.0,-0.0,0.0,0.0,0.0,0.0,0.0,0.0,0.0,0.0,80.0,0.0,0.0,23.575836902790225,200.0,447.24510865325726,180.0,-4.263004393934011e-09,True,False,APPLY,APPLIED,
0.35999999999997667,AUXILIARY_START,0.0,0.0,0,0,0.0,0.0,0.0,-0.0,0.0,0.0,0.0,-0.0,0.0,0.0,0.0,0.0,0.0,0.0,0.0,0.0,80.0,0.0,0.0,23.575836902790225,200.0,455.7285171960774,180.0,-4.331520697675728e-09,True,False,APPLY,APPLIED,
0.36999999999997557,AUXILIARY_START,0.0,0.0,0,0,0.0,0.0,0.0,-0.0,0.0,0.0,0.0,-0.0,0.0,0.0,0.0,0.0,0.0,0.0,0.0,0.0,80.0,0.0,0.0,23.575836902790225,200.0,464.05683863311594,180.0,-2.4960776778826244e-09,True,False,APPLY,APPLIED,
0.37999999999997447,AUXILIARY_START,0.0,0.0,0,0,0.0,0.0,0.0,-0.0,0.0,0.0,0.0,-0.0,0.0,0.0,0.0,0.0,0.0,0.0,0.0,0.0,80.0,0.0,0.0,23.575836902790225,200.0,472.2382802433068,180.0,-2.8405707785950085e-09,True,False,APPLY,APPLIED,
0.38999999999997337,AUXILIARY_START,0.0,0.0,0,0,0.0,0.0,0.0,-0.0,0.0,0.0,0.0,-0.0,0.0,0.0,0.0,0.0,0.0,0.0,0.0,0.0,80.0,0.0,0.0,23.575836902790225,200.0,480.28034996183874,180.0,-2.0751884655112462e-09,True,False,APPLY,APPLIED,
0.39999999999997227,AUXILIARY_START,0.0,0.0,0,0,0.0,0.0,0.0,-0.0,0.0,0.0,0.0,-0.0,0.0,0.0,0.0,0.0,0.0,0.0,0.0,0.0,80.0,0.0,0.0,23.575836902790225,200.0,488.1899370707548,180.0,-2.8765489989979187e-09,True,False,APPLY,APPLIED,
0.40999999999997117,AUXILIARY_START,0.0,0.0,0,0,0.0,0.0,0.0,-0.0,0.0,0.0,0.0,-0.0,0.0,0.0,0.0,0.0,0.0,0.0,0.0,0.0,80.0,0.0,0.0,23.575836902790225,200.0,495.9733812997505,180.0,-2.9171858262344585e-09,True,False,APPLY,APPLIED,
0.4199999999999701,EXCITATION_BUILD,0.0,0.0,0.0,0,0.006403731647001297,3.837748482002061e-05,-3.837748482001904e-05,-1.0997042989483392e-11,3.2469631895451887e-06,-1.0168813092509228e-16,-0.0,4.2566727199974746e-07,-1.2197467633301974e-13,6.064934875319305e-08,1.025194475170149e-08,-4.96568565504642e-07,4.256672720000341e-07,3.870827725121471e-08,0.0007879412299728057,3.870827725121471e-08,80.0,0.0,0.0,23.575836902790225,200.0,503.5857969208304,177.0,2.824869893558457e-09,True,False,APPLY,APPLIED,
0.42999999999996946,EXCITATION_BUILD,0.0,0.0,0,0,0.00013444682839164267,7.0285463280309355e-09,7.028065350498698e-09,-8.222477970039027e-11,5.933609583303413e-06,-2.0698136126472817e-15,-0.0,-1.6366167065792147e-12,-1.9147580655735553e-14,9.152172133665412e-10,4.518987416142954e-12,-9.180995840761048e-10,0.0,0.0,0.0035213017266942036,0.0,80.0,0.0,0.0,23.575836902790225,200.0,511.009778720923,177.0,2.047635394575309e-08,True,False,APPLY,APPLIED,
0.43999999999996925,EXCITATION_BUILD,0.0,0.0,0.3780701066593612,1.0,15.909454093757484,0.2541352001451497,0.25413473098221295,0.0004883251104999509,0.011014699447595226,2.385049118651402e-06,0.0,-7.002932278642428,0.013456278351151792,2.6004356469236716,0.0632776823903442,4.339218949328413,32.2148832381791,9.76517927877525,6.529241365928362,9.76517927877525,80.0,0.0,0.0,23.575836902790225,200.0,518.0496916285149,136.26304971787252,3.627840827746809e-08,False,True,APPLY,APPLIED,
0.44999999999996815,EXCITATION_BUILD,0.0,0.0,0.727266242522581,1.0,28.0307264423743,1.0328369858144875,1.0327726492002205,0.011527980322395716,0.10116675589968524,0.003546095809374054,0.0,-50.14177554213525,0.5596908498955192,40.824612984051555,0.19643040622180546,9.120732151861887,29.176383823136533,23.08585434933272,30.214000008268698,23.08585434933272,80.0,0.0,0.0,23.575836902790225,200.0,522.66201977947,95.67995998781731,3.633529144231318e-08,False,True,APPLY,APPLIED,
0.45999999999996705,EXCITATION_BUILD,0.0,0.0,1.2049505256185769,1.0,32.5640279730566,1.3836528579294791,1.383257217908551,0.033086256365918235,0.21830237369503128,0.03732923099010543,0.0,-78.01923570786809,1.8661492603714602,68.49273821774592,0.2651039794575031,9.261393510664647,13.493140563144372,12.293444727425534,41.03843024876455,12.293444727425534,80.0,0.0,0.0,23.575836902790225,200.0,526.2319908637071,83.5124559238487,3.72162696216094e-08,False,True,APPLY,APPLIED,
0.46999999999996595,EXCITATION_BUILD,0.0,0.0,1.710985334364824,1.0,31.844250881584625,1.4947596958838336,1.4933650444400648,0.06455534434308069,0.33608357208667483,0.14040343893291146,0.0,-82.36783400081718,3.5606055642678927,73.94346890167563,0.2535140785523259,8.170851020589211,0.9490071438275317,0.9345787533483084,44.181721609586134,0.9345787533483084,80.0,0.0,0.0,23.575836902790225,199.99999999999994,529.6952187514553,91.96866502064564,3.7096996807761684e-08,False,True,APPLY,APPLIED,
0.47999999999996484,EXCITATION_BUILD,0.0,0.0,2.1214012236609023,1.0,28.44216206976024,1.4316208140109934,1.4281443185481835,0.09970938024099864,0.43447585807301325,0.3089464441323134,0.0,-70.3550588521742,4.9120100986016695,61.97432863175247,0.20223914580062707,8.178491074621114,0.0,0.0,44.181721609586134,0.0,80.0,0.0,0.0,23.575836902790225,200.0,533.7032152530298,105.10778753149368,3.592216191172781e-08,False,True,APPLY,APPLIED,
0.48999999999996374,EXCITATION_BUILD,0.0,0.0,2.442256184070669,1.0,26.030140607844526,1.3749431379379842,1.367614929211214,0.14176754904193087,0.5139547957167676,0.5312259025340242,0.0,-61.659638532294494,6.391664526926777,53.0214337789124,0.1693920550160392,8.468812698366055,0.0,0.0,44.181721609586134,0.0,80.0,0.0,0.0,23.575836902790225,200.0,538.0932986253279,113.92250999328525,3.532948200657415e-08,False,True,APPLY,APPLIED,
0.49999999999996264,EXCITATION_BUILD,0.0,0.0,2.6516445352759144,1.0,24.413879797271715,1.339786821637208,1.3261472167767472,0.19068897940893084,0.5780712994344637,0.7896999577642227,0.0,-56.07756759049884,8.06348948011837,47.80881416955647,0.149009381688908,8.119744039253472,0.0,0.0,44.181721609586134,0.0,80.0,0.0,0.0,23.575836902790225,200.0,542.717922494828,119.57616086393823,3.506521117913053e-08,False,True,APPLY,APPLIED,
0.5099999999999616,EXCITATION_BUILD,0.0,0.0,2.7515802361033788,1.0,23.446477576162923,1.3209016934296713,1.2983833770573896,0.24286187408982507,0.6295008631037491,1.0665780814405665,0.0,-52.7279856960458,9.862739811214595,45.20302554171448,0.13743432768237773,7.387525826648941,0.0,0.0,44.181721609586134,0.0,80.0,0.0,0.0,23.575836902790225,200.0,547.4694368879461,122.96342834117765,3.555089378437515e-08,False,True,APPLY,APPLIED,
0.5199999999999605,EXCITATION_BUILD,0.0,0.0,2.7642035304785257,1.0,23.002867473249896,1.314185992825378,1.2808551040191318,0.2941003676409851,0.6704451185390217,1.3475648454926832,0.0,-51.03200220473237,11.717586605052226,44.42450655368811,0.13228297799797456,6.475212673046286,0.0,0.0,44.181721609586134,0.0,80.0,0.0,0.0,23.575836902790225,200.0,552.2712079541528,124.67268417746784,3.6249069079730134e-08,False,True,APPLY,APPLIED,
0.5299999999999594,EXCITATION_BUILD,0.0,0.0,2.7235951013717554,1.0,22.97456203226459,1.3168829050430686,1.2719119277979902,0.341204679803592,0.7027821184518526,1.6230889913719588,0.0,-50.61332962707009,13.57759491971752,44.95609507424264,0.1319576251435934,5.525276927683851,0.0,0.0,44.181721609586134,0.0,80.0,0.0,0.0,23.575836902790225,200.0,557.0669134664424,125.08603493374787,3.5684219135134754e-08,False,True,APPLY,APPLIED,
0.5399999999999583,EXCITATION_BUILD,0.0,0.0,2.6626813001458594,1.0,23.27078951838218,1.3271916330802256,1.2708662715613523,0.3825396067414489,0.7281367064218464,1.8883729308978987,0.0,-51.22377712411185,15.418713986952637,46.458287140388784,0.13538241120221153,4.63010757252086,0.0,0.0,44.181721609586134,0.0,80.0,0.0,0.0,23.575836902790225,200.0,561.8135915356324,124.4551446526971,3.582529517487387e-08,False,True,APPLY,APPLIED,
0.5499999999999572,EXCITATION_BUILD,0.0,0.0,2.6050221346676716,1.0,23.818470270573446,1.3438795212098527,1.2772788121576288,0.4178169498002916,0.7479032024432661,2.142303027290084,0.0,-52.69388279200358,17.23695497938939,48.711742727237464,0.1418298815075478,3.8403101832585538,0.0,0.0,44.181721609586134,0.0,80.0,0.0,0.0,23.575836902790225,200.0,566.4772873325771,122.95160808235518,3.5898232830788857e-08,False,True,APPLY,APPLIED,
0.5599999999999561,EXCITATION_BUILD,0.0,0.0,2.563546105607485,1.0,24.560230868132003,1.3660061889981516,1.2906048702584951,0.44756226074849836,0.7632526044869669,2.385853425239143,0.0,-54.901773264218235,19.03910509520506,51.57603611296773,0.15080123507398605,3.1749359161765316,0.0,0.0,44.181721609586134,0.0,80.0,0.0,0.0,23.575836902790225,200.0,571.0303798139525,120.69874705449301,3.611828391925087e-08,False,True,APPLY,APPLIED,
0.569999999999955,EXCITATION_BUILD,0.0,0.0,2.5431579162414235,1.0,25.451512523274207,1.3927768270339917,1.31012966468816,0.4726389230977102,0.7751438921661535,2.6207812556846655,0.0,-57.754855842930155,20.835489497723373,54.96037746520073,0.161944872430596,2.632533505298831,0.0,0.0,44.181721609586134,0.0,80.0,0.0,0.0,23.575836902790225,200.0,575.4499265177169,117.79027368961954,3.570685080944713e-08,False,True,APPLY,APPLIED,
0.5799999999999539,EXCITATION_BUILD,0.0,0.0,2.544023981919181,1.0,26.45779807440921,1.4234862467002836,1.3350367713852676,0.49395335163764315,0.7843446361926616,2.848853846381145,0.0,-61.17972954061512,22.636030037969967,58.80409580407583,0.175003769736553,2.2006299668027296,0.0,0.0,44.181721609586134,0.0,80.0,0.0,0.0,23.575836902790225,200.0,579.7165870680644,114.30053563848227,3.616713195597754e-08,False,True,APPLY,APPLIED,
0.5899999999999528,EXCITATION_BUILD,0.0,0.0,2.564066754718906,1.0,27.552361857733203,1.4575071812172835,1.3644995880115112,0.5123163647750933,0.7914581182274788,3.071524819628865,0.0,-65.1167729710943,24.44880797879336,63.06456699259414,0.18978316098486792,1.86242281751532,0.0,0.0,44.181721609586134,0.0,80.0,0.0,0.0,23.575836902790225,200.0,583.8138650426249,110.28998164143357,3.728453501494755e-08,False,True,APPLY,APPLIED,
0.5999999999999517,EXCITATION_BUILD,0.0,0.0,2.600457237991783,1.0,28.71453990537836,1.4942918106505778,1.3977489712404965,0.5283993080744102,0.7969522903683083,3.2898738057088135,0.0,-69.51710383494178,26.27996179680244,67.7101986048649,0.20613120049439157,1.600774029582471,0.0,0.0,44.181721609586134,0.0,80.0,0.0,0.0,23.575836902790225,200.0,587.7275301679174,105.8082151535103,3.7062876101501274e-08,False,True,APPLY,APPLIED,
0.6099999999999506,EXCITATION_BUILD,0.0,0.0,2.6503706281681096,1.0,29.928398967894,1.5333724421797619,1.4341089658382062,0.5427361426501813,0.8011869988965765,3.5046597952029384,0.0,-74.34063441813831,28.13408892028336,72.71650295603607,0.22392726619535971,1.4002041959068912,0.0,0.0,44.181721609586134,0.0,80.0,0.0,0.0,23.589089186071657,193.86023674553982,591.4028354236204,95.37015536801881,3.705329398862034e-08,False,True,APPLY,APPLIED,
0.6199999999999495,EXCITATION_BUILD,0.0,0.0,2.7113050863922497,1.0,31.181700308962082,1.5743571679417259,1.4730072291605167,0.5557429217636056,0.8044375810899502,3.7164013601819033,0.0,-79.55460042841386,30.014724440300114,78.0638456747219,0.2430746085394815,1.2476801451524757,0.0,0.0,44.18175201269906,0.0,80.0,0.0,0.0,23.62711853628582,176.20229086317346,594.4471543345278,74.16851097925628,3.717844476724963e-08,False,True,APPLY,APPLIED,
0.6299999999999484,EXCITATION_BUILD,0.0,0.0,2.7586744679457214,1.0,32.26992218858158,1.6106487786219286,1.5076647669100431,0.5666890140936175,0.8067359177655528,3.9046323307579636,0.0,-84.26812510703736,31.67403111389012,83.01072194263767,0.26033696951427754,0.9970661948854236,1.3349218131317635,1.3098572939973434,44.57012524562401,1.3098572939973434,80.0,0.0,0.0,23.67210898367305,155.23743746517903,596.6390237095177,49.11056484802015,3.666374648325643e-08,False,True,APPLY,APPLIED,
0.6399999999999473,EXCITATION_BUILD,0.0,0.0,2.824912355229256,1.0,33.40354353316347,1.6466723042314002,1.5424822351997531,0.5764358000817815,0.8081754691884262,4.083427669916665,0.0,-89.24283098533296,33.35063542818159,88.02516740120302,0.27894918014298686,0.9387144039869604,2.5167115339079484,2.447628347985349,45.62912795012417,2.447628347985349,80.0,0.0,0.0,23.718151863890597,133.69833789594733,597.9105364454585,23.433250316621994,3.737862530606151e-08,False,True,APPLY,APPLIED,
0.6499999999999462,EXCITATION_BUILD,0.0,0.0,2.905490891055609,1.0,34.639510070981565,1.687103595775003,1.5820682710790053,0.5859850924059689,0.8090776810137528,4.269446936579019,0.0,-94.91996926916187,35.157576939095264,93.67617473360313,0.29997391448940847,0.943820621069321,3.2559028796650926,3.1546765366226213,47.097549413913725,3.1546765366226213,80.0,0.0,0.0,23.76024915324544,113.93079707179912,598.2827840654495,-0.9038845200168879,3.710920593036349e-08,False,True,APPLY,APPLIED,
0.6599999999999451,EXCITATION_BUILD,0.0,0.0,2.994307017436914,1.0,35.939113362545186,1.7309145555164738,1.62524475374771,0.5955205193058739,0.8096475687905504,4.461133062660019,0.0,-101.16883729664734,37.070181820641224,99.88846810777089,0.32290496732146856,0.9574642215549787,3.7245944170540497,3.60394828487445,48.78306593448308,3.60394828487445,80.0,0.0,0.0,23.794595184812703,97.75048852786023,597.8347591789718,-22.31359439254092,3.612131993513401e-08,False,True,APPLY,APPLIED,
0.669999999999944,EXCITATION_BUILD,0.0,0.0,3.103189714712516,1.0,37.43242339343778,1.7813469665932196,1.675353496875797,0.605299657935558,0.810133043936935,4.669206847563014,0.0,-108.6213080263309,39.24451807660819,107.10736948308066,0.350296580276397,1.1636419629738128,4.436300060390163,4.2832493579338795,50.67272336965544,4.2832493579338795,80.0,0.0,0.0,23.81864363875849,86.3932508006684,596.670090976811,-40.859044691890446,3.70038160113495e-08,False,True,APPLY,APPLIED,
0.6799999999999429,EXCITATION_BUILD,0.0,0.0,3.220438061398652,1.0,39.01686910217017,1.8374988495521274,1.7310621886451592,0.6163000252705028,0.8107900249756342,4.893209749978007,0.0,-116.98379723089946,41.649062444180906,115.3072381881986,0.3805790186339704,1.2959800240668642,4.963636995107625,4.788960337342274,52.770668152999875,4.788960337342274,80.0,0.0,0.0,23.830918595528,80.58730371979594,594.9059410594446,-55.14592613660763,3.748489851851389e-08,False,True,APPLY,APPLIED,
0.6899999999999418,EXCITATION_BUILD,0.0,0.0,3.338851650018005,1.0,40.619185552752384,1.8952473138893218,1.7882427382335362,0.6278138975522229,0.8115792147034806,5.1219074670317255,0.0,-125.8109114586955,44.16952854817972,124.01673233560946,0.412479558742232,1.381699564343819,5.315044545588849,5.129521848912316,54.958024939629006,5.129521848912316,82.19999999999979,0.0,0.0,23.83101454219038,80.54189804959417,592.7092620366566,-64.53914357139962,3.751165666976419e-08,False,True,APPLY,APPLIED,
0.6999999999999407,EXCITATION_BUILD,0.0,0.0,3.4569847385669052,1.0,42.225170162503574,1.9536247632179793,1.8459678482585085,0.6395720590006713,0.812433484234586,5.352216286836793,0.0,-135.0069631328522,46.77583169813371,133.12061105579113,0.44574124881309557,1.440610828247955,5.583686989196879,5.39246768727237,57.17935000069175,5.39246768727237,85.19999999999982,0.0,0.0,23.819490985856984,85.9926567049105,590.248899070795,-69.27551768934792,3.7295675658910454e-08,False,True,APPLY,APPLIED,
0.7099999999999396,EXCITATION_BUILD,0.0,0.0,3.5747734082405107,1.0,43.83004774050826,2.0123034100995603,1.90392880253444,0.6514753480969878,0.8132928278101046,5.582704265803313,0.0,-144.53841067181537,49.45731756379738,142.5754325818151,0.4802682712338085,1.4827098187664518,5.816709139298942,5.62199136169494,59.41136628780997,5.62199136169494,88.19999999999985,0.0,0.0,23.797627991944957,96.31947527353611,587.6807454724154,-69.92783870917455,3.791631519867167e-08,False,True,APPLY,APPLIED,
0.7199999999999385,EXCITATION_BUILD,6.710903985140893e-05,0.3845064750660981,3.687075792389178,0.9965238353579116,45.43599814649092,2.070197608266126,1.9609509775815839,0.6636184150493577,0.8141205992933673,5.8084015165278755,0.2338777493073919,-154.32185579096523,52.22508187011279,152.18803421302417,0.5161074818919817,1.3838363467416812,6.050604492612784,5.8524557603127345,61.645725017175266,5.8524557603127345,91.19999999999986,0.0,0.0,23.767175371773746,110.67167539842784,585.1387271977583,-67.21282415615171,2.3883609696971446e-07,False,True,APPLY,APPLIED,
0.7299999999999374,EXCITATION_BUILD,0.0004785318720055315,2.741785662841146,3.8061017844865783,0.9759878057385251,47.010832392403636,2.116731803766998,2.0052938690815227,0.6777536629947112,0.8150659958394109,5.98449441524212,1.718262789319476,-163.2813545046494,55.18619381455118,159.9878539419984,0.5525045905566668,1.022733182774843,6.194712576193518,5.997856901280777,63.861855654021156,5.997856901280777,94.1999999999999,0.0,0.0,23.73392287748584,126.30107810429003,582.7359476448339,-62.39869286788955,5.351916382463628e-07,False,True,APPLY,APPLIED,
0.7399999999999363,EXCITATION_BUILD,0.0011607215052356745,6.650444344007623,3.953180302637365,0.9439232564257966,48.49111999528288,2.1480606365506505,2.0327266465134994,0.6943967733597035,0.8163936231577413,6.098636498316049,4.247291121726375,-170.7268481437581,58.32174861299552,165.1440355196253,0.5878471795992309,0.747674322807228,6.142868912371257,5.956709754171991,65.99722051044735,5.956709754171991,97.19999999999992,0.0,0.0,23.706417807572716,139.19564229088797,580.4926608911012,-58.28128141829731,7.31179961119266e-07,False,True,APPLY,APPLIED,
0.7499999999999352,EXCITATION_BUILD,0.002011241559098294,11.52356529176438,3.987778423399904,0.9036759813923362,49.82583066941603,2.166680332789276,2.0463965177290384,0.7118742562576017,0.8182174025489058,6.164764611631636,7.439298473383199,-176.60580035403206,61.435367822714255,168.03931390807531,0.6206533504743299,0.5065346220991671,5.800892937335739,5.637827863379551,68.0044802497461,5.637827863379551,100.0,0.0,0.0,23.68387429886343,149.74162736717187,578.3881695608595,-54.36982422491528,8.458699838898021e-07,False,True,APPLY,APPLIED,
0.7599999999999341,READY_TO_RELEASE,0.0028757293411761074,16.476715427132774,4.040408266561673,0.8640672399082894,50.17711472305999,2.154489466211093,2.029800543197456,0.7223119927357368,0.8207999870680657,6.108802090804155,10.540356847178076,-176.40856886393286,62.77563839402881,165.28338488577583,0.6294357104827809,-0.044608579503815804,3.1613983972999855,3.102859048770473,69.32571883207594,3.102859048770473,100.0,0.0,0.0,23.665299883288657,158.41557265891348,576.5784827738153,-43.58906560047333,7.491795603886686e-07,False,True,APPLY,APPLIED,
0.769999999999933,READY_TO_RELEASE,0.0035790776510158002,20.50660439528019,4.106037142893793,0.8335247694907777,50.237303479259,2.129701661185693,1.9996537496835156,0.7328124228162057,0.8240169982285265,6.012471878007556,12.911462235562704,-173.99699564926448,63.76461923203394,160.42520606529666,0.6309466652167922,0.029380683188307444,1.63058732739422,1.6112455083837778,69.99574397155527,1.6112455083837778,100.0,0.0,0.0,23.649899834581877,165.59667688418276,575.1730823964986,-33.04876748035031,5.830955789321024e-07,False,True,APPLY,APPLIED,
0.7799999999999319,READY_TO_RELEASE,0.004109878730706734,23.547870558007965,4.15317938851605,0.8110052696566222,50.21082234735406,2.1062921378198554,1.9715034088126155,0.7413776897654613,0.8274256735709713,5.930091490839273,14.623174133607188,-171.4571079286715,64.47590909649175,156.02802046024243,0.6302816701993875,0.17563166462247182,0.844282375332621,0.8378299735610029,70.33167457241882,0.8378299735610029,100.0,0.0,0.0,23.637106141786724,171.55521289579335,574.1234914732179,-24.25782829248405,4.4275545008076733e-07,False,True,APPLY,APPLIED,
0.7899999999999308,READY_TO_RELEASE,0.004505959756895511,25.81724767259072,4.1836043854280485,0.7942982072068844,50.17600947949653,2.087492647361369,1.9488166882757156,0.748157114706429,0.8307304792673794,5.870051851590727,15.870130448494677,-169.36658704944173,65.02038793946248,152.5858256665506,0.6294079818216316,0.2812229525748364,0.462271836038113,0.4599072921943239,70.5064290279769,0.4599072921943239,100.0,0.0,0.0,23.626471133916134,176.5033794442971,573.3627681424903,-17.25960677399428,3.428370760616417e-07,False,True,APPLY,APPLIED,
0.7999999999999297,READY_TO_RELEASE,0.004807412537814264,27.54444487950336,4.203239342944416,0.7815617699260163,50.15971392762387,2.0733043900723036,1.9314855615638857,0.7536276397288826,0.8337918766943296,5.8292120073884846,16.814056133938113,-167.80586828056045,65.47454610146804,150.02491803695068,0.6289992253252662,0.3378948843464826,0.2867356314171225,0.28566897094521315,70.60697625066568,0.28566897094521315,100.0,0.0,0.0,23.61763057529561,180.61319631913088,572.8303988907421,-11.774240709479386,2.755316996783108e-07,False,True,APPLY,APPLIED,
0.8099999999999286,BRAKE_RELEASE,0.004583853239146181,26.263544451044776,0.9364448230785176,0.06513287261977953,15.663116338884022,1.4567330258298146,1.290117431578534,0.6765117303347323,0.8287172915704614,3.638341808603169,10.006574930691965,-34.999999999999865,18.353298685953135,68.16152335934063,0.06133330336135391,-43.22943159339411,0.0,0.0,70.6634829354437,0.0,100.0,0.0,0.0,23.609614254691607,184.3371371452293,573.4654076573122,126.31187009929889,-2.6759945170873323e-06,False,True,RELEASE,APPLIED,
0.8199999999999275,BRAKE_RELEASE,0.0,0.0,1.6421877530136895,1.0,20.745309188378677,1.1237231679887256,0.974064027556955,0.5603151153539779,0.8011035868068911,2.6041685755999437,0.0,-34.999999998804086,20.13320324117241,40.463161813323225,0.10759196333035723,-5.570753777849498,0.0,0.0,70.6634829354437,0.0,100.0,0.0,0.0,23.600485605069174,188.5746745316573,578.2253233233703,130.77014175973235,-3.4350800504068246e-06,False,True,RELEASE,APPLIED,
0.8299999999999264,BRAKE_RELEASE,0.0,0.0,1.375479240886282,1.0,20.553429930393424,1.1101107911780406,0.9831575308739267,0.5155067780115206,0.7755358659981268,2.564128278334609,0.0,-34.99999999951323,18.351827315114125,40.15187337607288,0.10561087047589811,-5.257484247035542,0.0,0.0,70.6634829354437,0.0,100.0,0.0,0.0,23.592911267377385,192.08816693428878,583.0769381333089,133.95509076432305,-3.434805329716184e-06,False,True,RELEASE,APPLIED,
0.8399999999999253,BRAKE_RELEASE,0.0,0.0,1.4039837662673105,1.0,20.521789100505295,1.1011967248910388,0.9846733792253312,0.49300361373494733,0.7531132229916971,2.47304122796854,0.0,-34.999999999492886,17.52370567187286,39.291615471682135,0.10528595697140448,-4.396901429160641,0.0,0.0,70.6634829354437,0.0,100.0,0.0,0.0,23.59274175023016,192.1667742494112,587.9727114594043,134.04062115426666,-3.434744121788569e-06,False,True,RELEASE,APPLIED,
0.8499999999999241,BRAKE_RELEASE,0.0,0.0,1.4591626499797197,1.0,20.496171729503086,1.0946495924929367,0.9859040843329572,0.4756583509626897,0.7337164262058405,2.3900227632651863,0.0,-34.99999999942823,16.886066857797733,38.56431196277233,0.1050232638913204,-3.669335227235411,0.0,0.0,70.6634829354437,0.0,100.0,0.0,0.0,23.61584536807211,181.44272770075278,592.6596488638836,124.39976163289576,-3.4348162165631635e-06,False,True,RELEASE,APPLIED,
0.859999999999923,BRAKE_RELEASE,0.0,0.0,1.5134250822667743,1.0,20.475100289547317,1.0893325615404843,0.9869187029858797,0.4611256914649431,0.7169864499946565,2.317661149189298,0.0,-34.99999999935732,16.353321861413303,37.96390326546155,0.10480743296675515,-3.068710699070982,0.0,0.0,70.6634829354437,0.0,100.0,0.0,0.0,23.65773547594327,161.94407145867507,596.8192763591983,106.85968024055732,-3.434491470555301e-06,False,True,RELEASE,APPLIED,
0.869999999999922,BRAKE_RELEASE,0.0,0.0,1.563435831152524,1.0,20.4578118516687,1.0849318387853768,0.9877527258408353,0.44880023106524664,0.7025799547378311,2.2550379428827885,0.0,-34.99999999928606,15.9027737165611,37.46782168617992,0.10463051643956912,-2.5724522033334196,0.0,0.0,70.6634829354437,0.0,100.0,0.0,0.0,24.0,0.0,600.00879388832,-38.882807821136595,-3.4346502097992726e-06,False,True,RELEASE,APPLIED,
0.8799999999999208,BRAKE_RELEASE,0.0,0.0,1.6087783022449809,1.0,20.44363808799257,1.081266961044649,0.9884375439542276,0.438325749584102,0.6901907033304235,2.2009775039213837,0.0,-34.99999999921639,15.520860502452262,37.056583309310525,0.10448558456820517,-2.161068894662346,0.0,0.0,70.6634829354437,0.0,100.0,0.0,0.0,24.0,0.0,600.0088814731191,-38.87685368081688,-3.434700737381391e-06,False,True,RELEASE,APPLIED,
0.8899999999999197,BRAKE_RELEASE,0.0,0.0,1.649499457014973,1.0,20.43201543691357,1.0782029015029653,0.9889998117678772,0.42941922305890823,0.6795487028140609,2.1543899400695445,0.0,-34.99999999914953,15.196840917320737,36.71455417912695,0.10436681370356862,-1.8189209936809885,0.0,0.0,70.6634829354437,0.0,100.0,0.0,0.0,23.80770182029499,91.56355446004754,599.9869622775153,43.53530789140112,-3.434483788700149e-06,False,True,RELEASE,MOVING,
0.8999999999999186,BRAKE_RELEASE,0.0,0.0,1.6857924885201359,1.0,20.422475680832907,1.0756330954334663,0.9894617938056606,0.42184347167007913,0.6704170093563538,2.114301811372594,0.0,-34.99999999908636,14.921770199211192,36.429235309905394,0.10426937823355291,-1.533504689052588,0.0,0.0,70.6634829354437,0.0,100.0,0.0,0.0,24.0,0.0,600.009658489955,-38.86773991703108,-3.43408838765491e-06,False,True,RELEASE,MOVING,
0.9099999999999175,BRAKE_RELEASE,0.0,0.0,1.7179294966714613,1.0,20.41463353988081,1.0734721484163867,0.9898418887412179,0.4153979883423982,0.6625884246568053,2.0798513437191404,0.0,-34.99999999902752,14.688133283659202,36.19058588754943,0.10418931564190663,-1.294775204163816,0.0,0.0,70.6634829354437,0.0,100.0,0.0,0.0,23.871405778369013,61.394496906136325,599.9936615616577,16.390790375413722,-3.433450259882065e-06,False,True,RELEASE,MOVING,
0.9199999999999164,BRAKE_RELEASE,0.0,0.0,1.7462283111608228,1.0,20.408174209606795,1.0716510062943907,0.990155180639922,0.4099129145851639,0.6558823447339402,2.050279513338099,0.0,-34.99999999897343,14.489599499734698,35.99049507613381,0.10412339364241499,-1.0946184708027893,0.0,0.0,70.6634829354437,0.0,100.0,0.0,0.0,23.89479085446246,50.27901057192437,599.9975637044599,6.389782605221136,-3.433091565030466e-06,False,True,RELEASE,MOVING,
0.9299999999999153,BRAKE_RELEASE,0.0,0.0,1.7710286664645019,1.0,20.4028417485398,1.070113406279553,0.9904139663516222,0.4052442196440014,0.6501418056351043,2.024920687649475,0.0,-34.99999999892417,14.320827622566618,35.822376515040204,0.10406898785398969,-0.9264455039700294,0.0,0.0,70.6634829354437,0.0,100.0,0.0,0.0,23.913891822762068,41.18363271046338,599.9840037598537,-1.7935875873513893,-3.4329143858702338e-06,False,True,RELEASE,MOVING,
0.9399999999999142,BRAKE_RELEASE,0.0,0.0,1.792674468837012,1.0,20.398428734517903,1.0688132036106408,0.9906282333793497,0.4012696941511408,0.645230745185704,2.0031933910906354,0.0,-34.99999999887959,14.177305695124662,35.68085556146608,0.10402397370930144,-0.7848795362957972,0.0,0.0,70.6634829354437,0.0,100.0,0.0,0.0,23.929105401830235,33.9288862404942,599.8006601631221,-8.320773631760424,-3.433525231466561e-06,False,True,RELEASE,MOVING,
0.9499999999999131,BRAKE_RELEASE,0.0,0.0,1.8115011614035175,1.0,20.394767342929434,1.0677123325163056,0.9908060769309348,0.3978855902444073,0.6410314919875552,1.9845914082442628,0.0,-34.999999998839805,14.055218253433623,35.56152640906667,0.10398663374305525,-0.665513043969927,0.0,0.0,70.6634829354437,0.0,100.0,0.0,0.0,23.940085867232792,28.686989662155092,599.417066960056,-13.036716522863514,-3.43422171833474e-06,False,True,RELEASE,MOVING,
0.959999999999912,BRAKE_RELEASE,0.0,0.0,1.8278272004343799,1.0,20.391721833040666,1.0667792340891598,0.9909540541203772,0.39500379353398984,0.6374424856534563,1.968675370033138,0.0,-34.99999999880447,13.951335801829195,35.46076222560849,0.10395557982902688,-0.5647178066330394,0.0,0.0,70.6634829354437,0.0,100.0,0.0,0.0,23.946759157505237,25.498912651295687,598.8983372179739,-15.904492064595793,-3.435257650563628e-06,False,True,RELEASE,MOVING,
0.9699999999999109,BRAKE_RELEASE,0.0,0.0,1.8419488051897357,1.0,20.389182332478097,1.0659876313153325,0.9910774788030753,0.39254943781212215,0.6343762254940642,1.9550649249480814,0.0,-34.999999998773184,13.862922543185588,35.37556581976199,0.10392968904675928,-0.47949551003556046,0.0,0.0,70.6634829354437,0.0,100.0,0.0,0.0,23.949397686836907,24.23789843633557,598.3082330917923,-17.03813862993627,-3.4352628179856737e-06,False,True,RELEASE,MOVING,
0.9799999999999098,BRAKE_RELEASE,0.0,0.0,1.854137204563751,1.0,20.387059763805688,1.065315564790268,0.9911806633729431,0.3904588904609296,0.6317574392944744,1.9434315559360267,0.0,-34.99999999874575,13.787659173190292,35.30345149712554,0.10390805145324623,-0.40735954983305156,0.0,0.0,70.6634829354437,0.0,100.0,0.0,0.0,23.948533328849827,24.651025787297698,597.7045443484349,-16.66524973092185,-3.436120377342533e-06,False,True,RELEASE,MOVING,
0.9899999999999087,BRAKE_RELEASE,0.00019031384674468818,1.0904180201370193,1.856066774494471,0.980417047577504,20.42964031909417,1.0631542112689079,0.9891147913174941,0.3898061140307628,0.6295574644010888,1.9258488936774072,0.2199094267228496,-34.99999999874494,13.793357566127188,35.078969968517626,0.10434255089188953,-0.40322194738743633,0.0,0.0,70.6634829354437,0.0,100.0,0.0,0.0,23.94486744167245,26.402836017469813,597.1357723227952,-15.085170242031907,-3.4437982208146423e-06,False,True,RELEASE,MOVING,
0.9999999999999076,BRAKE_RELEASE,0.000877967430738757,5.030382833127519,1.895292359182175,0.9115284631637138,20.644013397887775,1.0557903557283481,0.9788435529162558,0.39567483387659713,0.6281009691579202,1.8781931264464573,0.9893954361944336,-34.99999999861844,14.147939314587344,34.24543220758753,0.10654382229304252,-0.341371467456554,0.0,0.0,70.6634829354437,0.0,100.0,0.0,0.0,23.939186202746296,29.116656323049646,596.639271611019,-12.631029265745589,-3.4697966584396056e-06,False,True,RELEASE,MOVING,
1.0099999999999065,BRAKE_RELEASE,0.0019858881932644508,11.378301205891336,1.9932211410814928,0.8097166947279846,21.0206816728089,1.0449064731982574,0.9613037167473499,0.40954206365079393,0.627880420153553,1.8024572022113348,2.147687086041578,-34.99999999826311,14.91097139993032,32.91664104390353,0.11046726449739103,-0.17479539617940354,0.0,0.0,70.6634829354437,0.0,100.0,0.0,0.0,23.932286347853573,32.41085025654484,596.2402754052125,-9.649106922472068,-3.509551347535833e-06,False,True,RELEASE,MOVING,
1.0199999999999054,BRAKE_RELEASE,0.0034402102577994064,19.710952840951887,2.140016584191601,0.6929781917492668,21.53971758954486,1.032511528858309,0.9381394782102984,0.4312474656721268,0.6292702340505512,1.704583843165296,3.5184760935218313,-34.99999999760267,16.088930961827746,31.28872843726919,0.11598985845933706,0.07680560835232164,0.0,0.0,70.6634829354437,0.0,100.0,0.0,0.0,23.924913252101106,35.9288785972679,595.9519913142301,-6.463569305460084,-3.558923922453161e-06,False,True,RELEASE,MOVING,
1.0299999999999043,BRAKE_RELEASE,0.005177998588562007,29.66774654493002,2.3249276165813777,0.5746427210129077,22.188419495316467,1.0205506767985024,0.9107119785562875,0.4605728780855137,0.6325329964906501,1.5886756504806814,4.935696165523077,-34.99999999650067,17.700492703451324,29.543254480787244,0.123081489925035,0.39796786026530384,0.0,0.0,70.6634829354437,0.0,100.0,0.0,0.0,23.91771413639778,39.36179526209041,595.7767304947433,-3.3555270271648325,-3.614731729051357e-06,False,True,RELEASE,MOVING,
1.0399999999999032,BRAKE_RELEASE,0.007143602181663724,40.92982555297785,2.5390529445299896,0.4626628320721571,22.959443818052982,1.0109455414087882,0.8801284377242758,0.49737794563423665,0.6378493959909581,1.457060378818437,6.245195820565895,-34.999999994742105,19.779190568589172,27.844022981467287,0.1317840151085828,0.778997177600365,0.0,0.0,70.6634829354437,0.0,100.0,0.0,0.0,23.911207033903434,42.46293990978728,595.7076680808823,-0.549862247113964,-3.672201631665928e-06,False,True,RELEASE,MOVING,
1.0499999999999021,BRAKE_RELEASE,0.009285673562679123,53.20299050777207,2.775063936821699,0.3609397630827701,23.848903675890313,1.0055912630398882,0.847303494183365,0.5415630868576791,0.645340715506014,1.3107568831027683,7.302756321916239,-34.99999999201084,22.370624181080203,26.34052093092657,0.14219255163547365,1.2145301875325547,0.0,0.0,70.6634829354437,0.0,100.0,0.0,0.0,23.90576474408196,45.05531717150119,595.7309852789103,1.7913751129169029,-3.7298394199858365e-06,False,True,RELEASE,MOVING,
1.059999999999901,BRAKE_RELEASE,0.011555060715972445,66.20562110426364,3.02675436588351,0.27088433019750285,24.85470977172899,1.006312322335927,0.8130153037479465,0.5930182172216643,0.6550833097558388,1.1499122205559975,7.972383315937949,-34.99999998786249,25.52920898275638,25.17135292361806,0.1544391494592202,1.7018245988473257,0.0,0.0,70.6634829354437,0.0,100.0,0.0,0.0,23.901612220237844,47.03253118170443,595.8281613689353,3.5697796956904213,-3.7860096133712773e-06,False,True,RELEASE,MOVING,
1.0699999999999,BRAKE_RELEASE,0.013903476557870165,79.66105273250376,3.288714718753842,0.192581706988874,25.975106991158974,1.0147629143192318,0.7779471098211356,0.6515689269744244,0.6671164979879228,0.9741869614500879,8.126751348902436,-34.99999998169221,29.31421962274446,24.46553078824162,0.16867654580053898,2.2390412987476633,0.0,0.0,70.6634829354437,0.0,100.0,0.0,0.0,23.898835268182868,48.35438521295107,595.9782145602446,4.74663886207933,-3.839860676979612e-06,False,True,RELEASE,MOVING,
1.0799999999998988,BRAKE_RELEASE,0.01628287114180406,93.29397947807364,3.5561311547414567,0.12551051110996464,27.2073971321326,1.032275047883918,0.7427119657106429,0.7169175060451359,0.6814449839065113,0.7831160361680205,7.650826503602547,-34.999999972701865,33.78444652901286,24.34061135539095,0.1850606146763943,2.8235014990319307,0.0,0.0,70.6634829354437,0.0,100.0,0.0,0.0,23.897398053646842,49.03839106160677,596.1597315308532,5.335358124112311,-3.8873414109907856e-06,False,True,RELEASE,MOVING,
1.0899999999998977,BRAKE_RELEASE,0.018645487686754864,106.8307751414198,3.82468464625037,0.06893609083863379,28.546911113799307,1.0596809947969943,0.7078615027003197,0.7885784068365002,0.6980367109595015,0.5764738702672756,6.449181869882644,-34.99999995986759,38.99102310599138,24.89717298469374,0.20373153353478968,3.4499135717563867,0.0,0.0,70.6634829354437,0.0,100.0,0.0,0.0,23.897166717387393,49.14848197379421,596.3525711453606,5.391440917783321,-3.92798352422119e-06,False,True,RELEASE,MOVING,
1.0999999999998966,BRAKE_RELEASE,0.020944627855750894,120.00387796066653,4.09052361772429,0.022098479514226183,29.986358550988026,1.097154620054974,0.6738817370486117,0.8658127192299265,0.7168172038387397,0.35466000573270307,4.456933101233966,-34.99999994191637,44.96849143809323,26.209598090256712,0.22479542478710324,4.1086733256386125,0.0,0.0,70.6634829354437,0.0,100.0,0.0,0.0,23.897936382358633,48.78219682693509,596.5391738807778,5.00116594832339,-3.95733643809848e-06,False,True,RELEASE,MOVING,
1.1099999999998955,BRAKE_RELEASE,0.02313615967596496,132.56043035735547,4.350274402217389,-0.015724665473881783,31.515704551444845,1.1441183167419298,0.6411806323705692,0.9475727514957696,0.7376619007080546,0.11909482474463295,1.6532381291237346,-34.99999991731629,51.72496571112181,28.313931213936755,0.24830990834349034,4.78452066591245,0.0,0.0,70.6634829354437,0.0,100.0,0.0,0.0,23.899459004400654,48.05750805176402,596.7054511080985,4.270002203786625,-3.974803088446777e-06,False,True,RELEASE,MOVING,
1.1199999999998944,BRAKE_RELEASE,0.025180743647522076,144.2750336003873,4.601042528211515,-0.04523436964382132,33.122662041112875,1.199247429665556,0.6100735300124106,1.032475029014087,0.7603886136527744,-0.1274282504368205,-1.9252428646210917,-34.99999988428672,59.233230288301215,31.194927291701813,0.27427768517244494,5.456037772033461,0.0,0.0,70.6634829354437,0.0,100.0,0.0,0.0,23.901469847608293,47.10030932941185,596.8412645195665,3.311632597485932,-3.974640372383931e-06,False,True,RELEASE,MOVING,
1.1299999999998933,BRAKE_RELEASE,0.027046601043315497,154.9656089956107,4.840359429639351,-0.06717700925746463,34.79371866587284,1.2605821801280666,0.5807732000078368,1.1188252423900196,0.7847528146949473,-0.380541641310703,-6.1754147717394305,-34.9999998408496,67.42543096868243,34.77618492151237,0.30265071464997706,6.096578976426734,0.0,0.0,70.6634829354437,0.0,100.0,0.0,0.0,23.903710818221242,46.033375123251645,596.940533537683,2.2382370354964465,-3.9576669719210145e-06,False,True,RELEASE,MOVING,
1.1399999999998922,BRAKE_RELEASE,0.028712286917544544,164.50928605439904,5.044100276700734,-0.08713993926915574,36.37211708043387,1.3254300241651158,0.5527293196151366,1.2046804755602738,0.8104346012514972,-0.6363420063695253,-10.962500558740661,-34.82103776455908,75.89288797438802,38.902842311442015,0.3307327252281973,6.54996328662955,0.0,0.0,70.6634829354437,0.0,100.0,0.0,0.0,23.90594941341474,44.96737130418465,597.0013005171943,1.3320228474613458,-3.9214665825682005e-06,False,True,RELEASE,MOVING,
1.149999999999891,BRAKE_RELEASE,0.03004349617360685,172.13655325651104,5.042153479547373,-0.1379830328103081,35.996964000650856,1.3682328082835242,0.4761248706376495,1.2827182563695352,0.8347650131830437,-1.0399761362577151,-18.746711442180658,-29.685705095824325,79.97564972529068,42.28885456037359,0.3239453543160384,5.819616623315348,0.0,0.0,70.6634829354437,0.0,100.0,0.0,0.0,23.908128447436393,43.92953758712239,597.1113759019663,5.446832969380736,-3.825208024110793e-06,False,True,RELEASE,MOVING,
1.15999999999989,BRAKE_RELEASE,0.030823269854371373,176.60432734482993,5.087447358978574,-0.15712468279499753,35.42227430695534,1.3981422376093757,0.3891457914197044,1.342895107447966,0.8553104062031245,-1.4485523712040649,-26.789472381487453,-23.87533132774659,82.39088366280242,45.345277173130334,0.3136843792692971,5.005842156834223,0.0,0.0,70.6634829354437,0.0,100.0,0.0,0.0,23.910880670367074,42.61843312551933,597.3920606928937,10.015157197771227,-3.6802636369515085e-06,False,True,RELEASE,MOVING,
1.169999999999889,BRAKE_RELEASE,0.031184079545549925,178.67161459602488,5.135287732080914,-0.1597637361832486,35.09006300691903,1.4193761427205962,0.323950042699146,1.3819135299864531,0.8722661215096674,-1.734654924932173,-32.456170297898886,-19.68896182444424,83.9896254060842,47.696969054440345,0.307828130457387,4.140334937445669,0.0,0.0,70.6634829354437,0.0,100.0,0.0,0.0,23.914889983991344,40.70793338765489,597.798830658596,12.437206748555798,-3.552460418276837e-06,False,True,RELEASE,MOVING,
1.1799999999998878,BRAKE_RELEASE,0.03134495732855361,179.59337639437814,5.149471385152235,-0.16253600264168203,34.97778919849652,1.432129790560825,0.278770815430737,1.4047357650020427,0.8861907134640392,-1.9117846318757503,-35.95488462451797,-16.888858180521158,85.10353954938988,49.14598397579884,0.30586143430361495,3.391897394936734,0.0,0.0,70.6634829354437,0.0,100.0,0.0,0.0,23.92037191566531,38.09466784435445,598.2541965895043,12.858096076634695,-3.4605481040728137e-06,False,True,RELEASE,MOVING,
1.1899999999998867,BRAKE_RELEASE,0.03145401349931096,180.21822222580354,5.132238323772363,-0.17049787933034033,34.96326435430841,1.4400461145258099,0.24562170901875013,1.4189442512021355,0.8976070782185317,-2.0296408271770714,-38.30420998606815,-14.874396361905927,85.92863917503811,50.06501318034101,0.30560746357731317,2.807985704055838,0.0,0.0,70.6634829354437,0.0,100.0,0.0,0.0,23.927148958449514,34.862354459132824,598.6986267049467,11.946423042327798,-3.3949107454134264e-06,False,True,RELEASE,MOVING,
1.1999999999998856,BRAKE_RELEASE,0.03157312031443906,180.90065400761208,5.100998109606612,-0.182125864523947,34.956901416372034,1.4466419905166934,0.2185192092880533,1.4300427979253716,0.906953981017295,-2.1263881473664386,-40.282025287198636,-13.230710825488796,86.5849862310384,50.852212773623414,0.3054962391584884,2.3550270999054597,0.0,0.0,70.6634829354437,0.0,100.0,0.0,0.0,23.934832473087898,31.195476786531835,599.0955354280488,10.275638495848849,-3.3376075538882333e-06,False,True,RELEASE,MOVING,
1.2099999999998845,BRAKE_RELEASE,0.03171251857684378,181.6993472183368,5.06947912755599,-0.19472725991828274,34.92195887284204,1.4536623926910857,0.19454662272791565,1.4405852850524101,0.9145984118854651,-2.219535853579845,-42.23224319317299,-11.767465125270727,87.13611608432186,51.704571396977215,0.3048858028791178,1.9902511185873806,0.0,0.0,70.6634829354437,0.0,100.0,0.0,0.0,23.94296329766628,27.31255341192235,599.4253538007747,8.228982181514553,-3.279397047251109e-06,False,True,RELEASE,MOVING,
1.2199999999998834,BRAKE_RELEASE,0.031864284280149424,182.56890064576163,5.043537126967301,-0.2066194554187213,34.85512796891615,1.461471687763916,0.17275654664487572,1.4512252305299982,0.9208473519168637,-2.3129278721854827,-44.21987474327959,-10.429460003936505,87.61170440405475,52.65936158088147,0.3037199864323803,1.6862531799026002,0.0,0.0,70.6634829354437,0.0,100.0,0.0,0.0,23.951095150650012,23.426494002195458,599.6794832412215,6.0524599774367775,-3.2190365217843464e-06,False,True,RELEASE,MOVING,
1.2299999999998823,BRAKE_RELEASE,0.0320197225899501,183.45949655838422,5.023801990010668,-0.2172686272480167,34.764990334358636,1.4698492741777374,0.15296645326405905,1.4618680354179154,0.925955494685537,-2.405190797754294,-46.20812527199596,-9.210833618680667,88.02598843981782,53.687429041625876,0.30215113823701245,1.4293787108137082,0.0,0.0,70.6634829354437,0.0,100.0,0.0,0.0,23.958838260402448,19.723749230690597,599.8566155077435,3.9201980223438877,-3.1573174261723125e-06,False,True,RELEASE,MOVING,
1.2399999999998812,BRAKE_RELEASE,0.032174057545819174,184.3437707186478,5.008943966471129,-0.22676404416185766,34.66033809014809,1.4784971120533816,0.13510127093536206,1.4723115692481124,0.9301321144990521,-2.4944885286642884,-48.15469048117836,-8.110597633566474,88.38796738729057,54.75220585269076,0.3003347591308427,1.21274750292325,0.0,0.0,70.6634829354437,0.0,100.0,0.0,0.0,23.965881406752903,16.353643190503746,599.9608697043186,1.968215955132333,-3.0949133567048648e-06,False,True,RELEASE,MOVING,
1.24999999999988,BRAKE_RELEASE,0.03232556938910539,185.21186963530258,4.997521979238753,-0.23535804614586828,34.5469458114906,1.4872169879618813,0.11900808497653956,1.4824477882855194,0.9335480743125291,-2.5799241897931378,-50.03851104947374,-7.121094562897726,88.70532524761518,55.82980453368401,0.2983728662255171,1.0314282124619965,0.0,0.0,70.6634829354437,0.0,100.0,0.0,0.0,23.972001789792845,13.423462903938239,599.9962895524752,0.3011612736849454,-3.032320867291105e-06,False,True,RELEASE,MOVING,
1.259999999999879,BRAKE_RELEASE,0.03247383372799925,186.0613617223941,4.988554055754334,-0.24325512391558918,34.42814478990101,1.4959097302947808,0.10447989824614784,1.4922566374632342,0.9363425699083414,-2.6613757408417893,-51.85504397749625,-6.230271736949833,88.9851972363092,56.908377434992225,0.29632428841859715,0.8806139910350765,0.0,0.0,70.6634829354437,0.0,100.0,0.0,0.0,23.977048782519613,11.006049222908198,599.9831230389252,-1.0031368772233726,-2.9723630934341827e-06,False,True,RELEASE,MOVING,
1.269999999999878,BRAKE_RELEASE,0.03261868107800693,186.89127590530356,4.981467767482551,-0.25057703625205147,34.306036779251315,1.5045279152747215,0.09131125190201592,1.5017544749781788,0.9386290610282644,-2.739038117196004,-53.60628648319261,-5.42569620779234,89.23394861202641,57.982234331684054,0.29422603987483603,0.7555223194260208,0.0,0.0,70.6634829354437,0.0,100.0,0.0,0.0,23.981005249709582,9.110264128628366,599.9303741479664,-1.92416167791726,-2.9126687177694066e-06,False,True,RELEASE,MOVING,
1.2799999999998768,BRAKE_RELEASE,0.032759880551604656,187.7002892959654,4.975911279455754,-0.257393059980331,34.18223101616968,1.5130411843068925,0.07932642460398501,1.5109602720681812,0.940500162759339,-2.8131432826009184,-55.294942747533064,-4.696549592513648,89.45694811675205,59.0476276343947,0.29210622931069824,0.6517584763410724,0.0,0.0,70.6634829354437,0.0,100.0,0.0,0.0,23.98390482147567,7.720504596244979,599.8516687771562,-2.4650656749818127,-2.8536037248727553e-06,False,True,RELEASE,MOVING,
1.2899999999998757,BRAKE_RELEASE,0.03289715509101,188.48681447021826,4.9716262712499155,-0.2637502243494987,34.05809611573538,1.5214226722995972,0.06838233562627229,1.5198851285414776,0.9420315624964695,-2.883875307754757,-56.92277595740546,-4.033898109456196,89.65856007203297,60.101134087995455,0.2899884777571674,0.5655515011091765,0.0,0.0,70.6634829354437,0.0,100.0,0.0,0.0,23.985842779729804,6.791457191978527,599.759998894307,-2.6576318475262832,-2.796227056123257e-06,False,True,RELEASE,MOVING,
1.2999999999998746,BRAKE_RELEASE,0.03303025532858427,189.2494226567377,4.968395978709223,-0.2696882687270846,33.934790088508784,1.529647293998097,0.05836154556427883,1.5285335370985649,0.9432851482237626,-2.9513771872300576,-58.490845239100594,-3.430303757794329,89.84228031536473,61.139476649397366,0.2878924945877886,0.4937798529098245,0.0,0.0,70.6634829354437,0.0,100.0,0.0,0.0,23.986959063300556,6.256248295132311,599.6668437863475,-2.5545459252055025,-2.7402986226832127e-06,False,True,RELEASE,MOVING,
1.3099999999998735,BRAKE_RELEASE,0.0331589980427209,189.98706407304647,4.966030020956225,-0.27524443248307123,33.81324984366166,1.537693223123307,0.04916502549928875,1.5369070397089732,0.9443115308376533,-3.0157743659442513,-60.00003377857997,-2.879411995617234,90.01090757800193,62.1597261726001,0.28583396624747137,0.43388563534965385,0.0,0.0,70.6634829354437,0.0,100.0,0.0,0.0,23.987420711947223,6.034893495574585,599.5815701826311,-2.2213831859393167,-2.6856283561471628e-06,False,True,RELEASE,MOVING,
1.3199999999998724,BRAKE_RELEASE,0.0332832688797476,190.69908352086526,4.96436840151146,-0.2804521347422209,33.69420090940454,1.5455428276572118,0.04070743394618742,1.5450066462459529,0.9451520975832318,-3.0771884506300804,-61.451334357584926,-2.3756886089519833,90.16669277394676,63.159429681527016,0.2838247937308295,0.3837684912792909,0.0,0.0,70.6634829354437,0.0,100.0,0.0,0.0,23.98740527648598,6.0422947455221445,599.511106379882,-1.7291503120757818,-2.6335353773276893e-06,False,True,RELEASE,MOVING,
1.3299999999998713,BRAKE_RELEASE,0.03340301040735862,191.38515193732138,4.963277643008364,-0.2853411643340198,33.57818628134042,1.553182578169098,0.03291440384189223,1.5528337847779263,0.9458406919042381,-3.135740718888756,-62.845907920691594,-1.914272916324446,90.31145367337955,64.1366096080626,0.28187364848609964,0.34169758046716936,0.0,0.0,70.6634829354437,0.0,100.0,0.0,0.0,23.98708632671203,6.195227919069857,599.4598631520762,-1.1478498800041974,-2.582465418399238e-06,False,True,RELEASE,MOVING,
1.3399999999998702,BRAKE_RELEASE,0.03351820929086481,192.04519292027373,4.962649635740645,-0.2899372110762371,33.46560018220069,1.5606024668549112,0.02572082581703339,1.5603904955724779,0.9464049887643196,-3.191551211780059,-64.18504888737432,-1.4908850295627971,90.44666165347114,65.08970185417593,0.2799865988887278,0.30624546387247165,0.0,0.0,70.6634829354437,0.0,100.0,0.0,0.0,23.986621792468547,6.417960086363091,599.429861302181,-0.5413309964922197,-2.5313291427409013e-06,False,True,RELEASE,MOVING,
1.349999999999869,BRAKE_RELEASE,0.03362888676102198,192.67932811299283,4.962394247405104,-0.2942632024433714,33.35671803379556,1.5677953903553499,0.01906952637833782,1.567679412119452,0.9468676196898863,-3.2447372750112384,-65.47014143437197,-1.101752001143204,90.5735095453465,66.01748881930509,0.2781676594965355,0.27623695671358917,0.0,0.0,70.6634829354437,0.0,100.0,0.0,0.0,23.986145512380414,6.6463151208565785,599.4210183055322,0.03644481811972611,-2.4829466127584965e-06,False,True,RELEASE,MOVING,
1.359999999999868,BRAKE_RELEASE,0.03373509191975679,193.287838848795,4.962438751618241,-0.2983390393534781,33.25172051981387,1.5747566583185804,0.012910134497650192,1.5747037376427209,0.9472470923549142,-3.2954127543268568,-66.70263130845325,-0.7435420179012304,90.69296643629752,66.91904708711793,0.27641922938195285,0.25070700985438776,0.0,0.0,70.6634829354437,0.0,100.0,0.0,0.0,23.985762053544793,6.830159916114289,599.4315434155781,0.5437080069044606,-2.436088784918411e-06,False,True,RELEASE,MOVING,
1.3699999999998669,BRAKE_RELEASE,0.033836896600804856,193.87113670466798,4.962723069386322,-0.3021825181730426,33.1507126324253,1.581483621533063,0.0071981027017352355,1.5814672404115198,0.9475585420800987,-3.3436877556797717,-67.88401011258821,-0.41330583338748816,90.80582243091987,67.79370866872702,0.2747424370094106,0.2288648402392397,0.0,0.0,70.6634829354437,0.0,100.0,0.0,0.0,23.985544610737342,6.934407680500552,599.4583915195831,0.9518432451784511,-2.390859883405483e-06,False,True,RELEASE,MOVING,
1.3799999999998658,BRAKE_RELEASE,0.033934391007273114,194.42973850634436,4.963195834640416,-0.3058101069296937,33.05373904768774,1.5879753732552908,0.0018938804379146797,1.5879742438976039,0.9478143461082066,-3.3896686404441136,-69.01580461795344,-0.10842608572819756,90.91272503590235,68.64102991381323,0.27313741625815935,0.21006337361023242,0.0,0.0,70.6634829354437,0.0,100.0,0.0,0.0,23.985535599511582,6.938727856811294,599.4977304543361,1.2451796458396833,-2.3463473226570386e-06,False,True,RELEASE,MOVING,
1.3899999999998647,BRAKE_RELEASE,0.034034423497471315,195.00288245659846,4.9620849320914155,-0.3099526047707048,33.00550355529317,1.5943279470316418,3.209641682737477e-05,1.5943279467085651,0.9481487334634343,-3.4222599335054555,-69.88478633721162,-0.001834862571721274,91.1432790829958,69.35994862623272,0.2723408162346175,0.2543317573160735,0.0,0.0,70.6634829354437,0.0,100.0,0.0,0.0,23.985747231255683,6.837266168934553,599.543407568055,1.2452934874489614,-2.234069633288982e-06,False,True,RELEASE,MOVING,
1.3999999999998676,BRAKE_RELEASE,0.0341583225058945,195.71277148344888,4.954340484862588,-0.31677648506009715,32.989044803310726,1.6015096046884125,1.1189605114801661e-05,1.6015096046493225,0.9487781785007592,-3.450724920102807,-70.72258481999921,-0.0006393595087121895,91.50817955773161,70.09145257745435,0.27206926925871067,0.35970233279489605,0.0,0.0,70.6634829354437,0.0,100.0,0.0,0.0,23.986141085618975,6.648437512735207,599.5844658096476,1.0593296415119804,-1.801883929175574e-06,False,True,RELEASE,MOVING,
1.4099999999998887,BRAKE_RELEASE,0.03429678921045886,196.50612726091114,4.946924559497486,-0.3240962467185367,32.97894079877498,1.6099370990409783,1.7829689778541395e-05,1.6099370989422483,0.9497176571126211,-3.483444007802073,-71.68256691721422,-0.0010184532943817715,91.96154069572223,70.94137863186964,0.2719026340522763,0.4703041045865888,0.0,0.0,70.6634829354437,0.0,100.0,0.0,0.0,23.986651794168125,6.4035753073211135,599.6179278745221,0.8182762261442633,-1.3739425881453826e-06,False,True,RELEASE,MOVING,
1.4199999999999098,BRAKE_RELEASE,0.03443974464704407,197.32520157838943,4.941487235977429,-0.33107835863479945,32.97803530263901,1.6192184968113985,2.5078991885975508e-05,1.6192184966171825,0.9509845758140694,-3.5188212351907473,-72.71238287913933,-0.0014325028044623878,92.48916575214963,71.8686859537878,0.27188770310552623,0.573241725050309,0.0,0.0,70.6634829354437,0.0,100.0,0.0,0.0,23.987215217841047,6.1334264232007465,599.6423119837002,0.5522498727653504,-4.430403990340892e-07,False,True,RELEASE,MOVING,
1.4299999999999309,BRAKE_RELEASE,0.03458070187628568,198.13282701112965,4.937492367142039,-0.3376076509988582,32.98899633539362,1.6288848242672465,3.271381414727782e-05,1.6288848239387417,0.952572299906935,-3.5548828094905036,-73.75820558407437,-0.0018692221214866578,93.07222730339554,72.82317068788777,0.27206846980415356,0.6648356485040736,0.0,0.0,70.6634829354437,0.0,100.0,0.0,0.0,23.98777460633201,5.865199755628143,599.6571949020267,0.2868612298978448,1.2499559396417226e-06,False,True,RELEASE,MOVING,
1.4399999999999487,BRAKE_RELEASE,0.034716471961496055,198.91073229779823,5.041885952002202,-0.31505508184431175,33.64924970031887,1.638602956428101,-3.1214134688878352e-15,1.638602956428101,0.9544567176316527,-3.5907525556279163,-74.79495625087611,1.865174681370263e-13,95.5014018057388,73.7738954147448,0.2830680013486025,0.7379928347824318,0.0,0.0,70.6634829354437,0.0,100.0,0.0,0.0,23.988283600176842,5.62112643461977,599.6630048181253,0.045249054546597556,3.326990778873551e-06,False,True,RELEASE,MOVING,
1.4499999999999567,BRAKE_RELEASE,0.0348458710149121,199.65213426117094,5.018268401236944,-0.32616883154329396,33.56909966041629,1.6481806848850733,-2.3794461486633487e-14,1.6481806848850733,0.9566145531346593,-3.6246543215565437,-75.78254217756182,1.3802292642139946e-12,95.83080604940054,74.6907304581122,0.2817211130027404,0.8100906064454421,0.0,0.0,70.6634829354437,0.0,100.0,0.0,0.0,23.988708366503783,5.417434058443433,599.660846807725,-0.16168402492217648,3.8125165175983966e-06,False,True,RELEASE,MOVING,
1.4599999999999647,BRAKE_RELEASE,0.0349692298012418,200.35892804342578,4.9819543420978505,-0.3405644604861142,33.42986609403405,1.657547924057825,-1.0375201214209535e-13,1.6575479240578248,0.959016906362003,-3.6568344222446143,-76.72600995393792,6.005862474012247e-12,95.9757154412926,75.5711865362233,0.27938898676626184,0.8754344309420219,0.0,0.0,70.6634829354437,0.0,100.0,0.0,0.0,23.989027542055606,5.264371916642415,599.6521339385185,-0.32266411543360274,4.2879730166589525e-06,False,True,RELEASE,MOVING,
1.4699999999999727,BRAKE_RELEASE,0.03508697328315105,201.03354850128326,5.003905553289096,-0.3391776107707359,33.65146246149004,1.6666896212674838,-1.0873247343701843e-13,1.6666896212674833,0.9616358626738486,-3.6875207077269527,-77.6303643318491,6.3362648461406934e-12,97.14474248667347,76.41661289042804,0.28310523144926836,0.9306462099650048,0.0,0.0,70.6634829354437,0.0,100.0,0.0,0.0,23.989231674429828,5.166477136970635,599.6385838057777,-0.43356129695748713,4.778645550373994e-06,False,True,RELEASE,MOVING,
1.4799999999999807,BRAKE_RELEASE,0.035199575302581616,201.6787105490854,5.080987754905851,-0.3230938567955831,34.21651348634817,1.6756093624084867,-3.2025036879081054e-14,1.675609362408487,0.9644468826557299,-3.716782430168764,-78.49749782042261,1.9024781749976682e-12,99.30455289676247,77.22822156844295,0.2926924487903616,0.9765838031876726,0.0,0.0,70.6634829354437,0.0,100.0,0.0,0.0,23.989321909324747,5.123203091712693,599.6219769578652,-0.4948672690019409,5.283046856874307e-06,False,True,RELEASE,MOVING,
1.4899999999999887,BRAKE_RELEASE,0.035307469242190775,202.29689728654986,5.1444549385034115,-0.31077635826534306,34.71632387930119,1.684316389796364,-7.820383508073553e-15,1.6843163897963638,0.9674286153402393,-3.744495703445649,-79.32520012615366,4.689582056016661e-13,101.27868024632522,78.00581878708364,0.3013057859231346,1.0180755531464172,0.0,0.0,70.6634829354437,0.0,100.0,0.0,0.0,23.989307983002558,5.129881774223389,599.6040083511427,-0.5107976789014703,5.7607618835220364e-06,False,True,RELEASE,MOVING,
1.4999999999999967,BRAKE_RELEASE,0.03541103131123205,202.89026423392056,5.189836966135562,-0.30312548388840815,35.12232296990065,1.6928197373710916,-2.2916802836709754e-15,1.6928197373710916,0.970560314168221,-3.770738010664401,-80.11543305725397,1.438849039914203e-13,102.98039979997333,78.7511945928558,0.30839439270050273,1.0558440716976207,0.0,0.0,70.6634829354437,0.0,100.0,0.0,0.0,23.98920591798488,5.178829123127529,599.5861728073553,-0.48828278661008007,6.210373150850046e-06,False,True,RELEASE,MOVING,
1.5100000000000047,BRAKE_RELEASE,0.03551058733746212,203.46067824672824,5.223604231622615,-0.2983415870534981,35.471195304212934,1.7011268668391748,-1.1333072428639445e-15,1.7011268668391748,0.9738225296793239,-3.7956129515309716,-80.87066712872576,6.927791673660977e-14,104.51368354879509,79.46631974230935,0.3145514240774045,1.0897959623385418,0.0,0.0,70.6634829354437,0.0,100.0,0.0,0.0,23.989035655133904,5.260481198558552,599.5696867480258,-0.4359413841088582,6.631078591112782e-06,False,True,RELEASE,MOVING,
1.5200000000000127,BRAKE_RELEASE,0.035606424294167716,204.00978356078915,5.255507250528535,-0.2939428668867456,35.81292095081759,1.7092437897930506,1.235552418720801e-09,1.7092437897930504,0.977197055857235,-3.8192233290579964,-81.59333179717365,-7.664106682625516e-08,106.02404813191407,80.15307961047426,0.3206413267573775,1.1196109365831077,0.0,0.0,70.6634829354437,0.0,100.0,0.0,0.0,23.988818815825248,5.364468026290929,599.5554454676073,-0.36311451882045986,7.091446175166993e-06,False,True,RELEASE,MOVING,
1.530000000000021,BRAKE_RELEASE,0.03569879857593729,204.539049208884,5.236210806203483,-0.30208056155519275,35.86845999472565,1.7171756424218716,-8.34415801935899e-15,1.7171756424218716,0.9806678012846758,-3.8414837373530215,-82.28181250350256,5.222489107836736e-13,106.68124554714068,80.81149677456014,0.3216366055983087,1.1486791233433848,0.0,0.0,70.6634829354437,0.0,100.0,0.0,0.0,23.988576742142698,5.4805539551042,599.5440127207273,-0.2790205806014754,7.55781643846376e-06,False,True,RELEASE,MOVING,
1.540000000000029,BRAKE_RELEASE,0.035787942818095546,205.04980809324002,5.28894826148866,-0.29231621584896755,36.36138052659145,1.7249261651977965,-1.352262298179392e-15,1.7249261651977963,0.9842166781602689,-3.8628591673057104,-82.94626979633576,9.592326932761353e-14,108.63543332380635,81.44680483864676,0.33053749844989605,1.1689274592390504,0.0,0.0,70.6634829354437,0.0,100.0,0.0,0.0,23.988328912156565,5.599397879020254,599.5356375537208,-0.19206961541975698,8.013672850637477e-06,False,True,RELEASE,MOVING,
1.550000000000037,BRAKE_RELEASE,0.0358740647648672,205.54325050058662,5.322463448526425,-0.28726890275775896,36.73900175369529,1.7324995554544573,1.2238241493823768e-09,1.732499555454457,0.9878303751858205,-3.8831057569352048,-83.58167244787332,-7.787660116775896e-08,110.24556080221073,82.057433470112,0.3374385624645064,1.1868004931733225,0.0,0.0,70.6634829354437,0.0,100.0,0.0,0.0,23.988091788420647,5.71310544802859,599.5302921695529,-0.1093711217828659,8.488488035141017e-06,False,True,RELEASE,MOVING,
1.5600000000000451,BRAKE_RELEASE,0.03595735105255747,206.02044577818313,5.304629669851463,-0.29459521588024445,36.822552138299606,1.7398992862648495,-7.794631473901455e-15,1.7398992862648495,0.9914953302849319,-3.902180557756755,-84.18724571143449,4.971023592759138e-13,110.96822085803043,82.64370052051315,0.33897508649444824,1.2045701044259687,0.0,0.0,70.6634829354437,0.0,100.0,0.0,0.0,23.987878102024613,5.8155722199750075,599.5277241340364,-0.03642214678122002,8.952513841364862e-06,False,True,RELEASE,MOVING,
1.5700000000000531,BRAKE_RELEASE,0.03603796905902645,206.48235293052625,5.354021157668616,-0.2855281843303861,37.31674350085046,1.747127789376109,-1.5572692252677087e-15,1.7471277893761095,0.9951961927083953,-3.920534413858823,-84.7728587408956,1.0125233984581428e-13,112.92472361858853,83.21055706084994,0.3481348363770663,1.2141668436679822,0.0,0.0,70.6634829354437,0.0,100.0,0.0,0.0,23.98769655308251,5.90262702427445,599.5275163368108,0.023022687539310915,9.409639194046804e-06,False,True,RELEASE,MOVING,
1.5800000000000611,BRAKE_RELEASE,0.03611606500628012,206.92980974799735,5.3858010537001775,-0.28071205307414465,37.69903942750307,1.7541880398702914,1.6170852698428358e-09,1.7541880398702914,0.9989220769863731,-3.937927115397022,-85.33345901380319,-1.0559025653833487e-07,114.5426054293641,83.75635527848173,0.3553043934391078,1.2217994474724776,0.0,0.0,70.6634829354437,0.0,100.0,0.0,0.0,23.98755187405056,5.9720013389387505,599.5291487186355,0.06691945529786025,9.871443463538299e-06,False,True,RELEASE,MOVING,
1.5900000000000694,BRAKE_RELEASE,0.03619176724607123,207.36355163196916,5.316789602719319,-0.30005490234126286,37.47741045948565,1.761082610004488,-4.33893203128374e-14,1.7610826100044883,1.0026627668688723,-3.954126932884976,-85.86410496983673,2.8137492336099967e-12,114.3167663554394,84.27950809637375,0.3511390736871911,1.2334577997730207,0.0,0.0,70.6634829354437,0.0,100.0,0.0,0.0,23.987445184210973,6.023159110742804,599.5320567178596,0.09478423022317184,1.0287369725858753e-05,False,True,RELEASE,MOVING,
1.6000000000000774,BRAKE_RELEASE,0.03626519051838345,207.78423599412216,5.381032364933261,-0.2871398516277042,38.07683278795393,1.7678123332840099,-1.0805637959715966e-14,1.76781233328401,1.0064031626838816,-3.9699923571775635,-86.38351751374232,7.087663789206999e-13,116.58900706744048,84.7886130839623,0.3624612987904509,1.2324431309889405,0.0,0.0,70.6634829354437,0.0,100.0,0.0,0.0,23.98737455763839,6.057024297675659,599.5356825535625,0.10745153362476234,1.0715085949186687e-05,False,True,RELEASE,MOVING,
1.6100000000000854,BRAKE_RELEASE,0.03633643114406965,208.1924147122912,5.422820140341163,-0.2797302837780962,38.54017234736935,1.7743795104261895,-3.778637654571596e-15,1.7743795104261895,1.0101359340651073,-3.985023448538345,-86.88091808718993,2.504663143554353e-13,118.44610765913711,85.27944808133063,0.3713362211412333,1.230133784717225,0.0,0.0,70.6634829354437,0.0,100.0,0.0,0.0,23.98733572054441,6.0756464592001675,599.5395167195343,0.10676482801492337,1.1161504705370362e-05,False,True,RELEASE,MOVING,
1.6200000000000934,BRAKE_RELEASE,0.03640557399155872,208.58857404675524,5.453875774763357,-0.27486447351780086,38.938715402393825,1.7807854198868671,-1.823322390313277e-15,1.7807854198868671,1.0138514415608662,-3.999301839079138,-87.35812741030345,1.1723955140041653e-13,120.10299528401623,85.7532124633081,0.37905588929715567,1.225859057698358,0.0,0.0,70.6634829354437,0.0,100.0,0.0,0.0,23.987322803298074,6.081840190600081,599.5431282780303,0.09525863777883448,1.1626591980729017e-05,False,True,RELEASE,MOVING,
1.6300000000001014,BRAKE_RELEASE,0.036472692390578564,208.9731341459065,5.48255547494855,-0.2705336352774892,39.30707260645061,1.7870311942104864,2.9379982092368528e-09,1.7870311942104864,1.0175408693726085,-4.012886218744507,-87.81645879279621,-2.000243490840603e-07,121.66438408250407,86.21084300662145,0.3862614892221951,1.2193544969768766,0.0,0.0,70.6634829354437,0.0,100.0,0.0,0.0,23.98732907840499,6.0788313205241655,599.5461836581969,0.07583783965506719,1.2134050056289425e-05,False,True,RELEASE,MOVING,
1.6400000000001094,BRAKE_RELEASE,0.03653784963820553,209.3464576752778,5.50343249012902,-0.26797508070804005,39.651718258978434,1.7931178176482232,1.4830330456284947e-09,1.7931178176482232,1.021196183366829,-4.025816711957901,-88.25681141549565,-1.0185291543507446e-07,123.14916317669434,86.65305719682993,0.393064690222351,1.2106896302962298,0.0,0.0,70.6634829354437,0.0,100.0,0.0,0.0,23.98734763091982,6.069935509618711,599.5484545995189,0.05148833674591202,1.2669176065571719e-05,False,True,RELEASE,MOVING,
1.6500000000001174,BRAKE_RELEASE,0.03660110061465968,209.70885907536828,5.5218848242121386,-0.26592558973007,39.973853802581935,1.7990461649275598,1.2262193521570998e-09,1.7990461649275595,1.0248100477155055,-4.038128073353015,-88.67995914460532,-8.489943814637968e-08,124.5601019323162,87.0804814666204,0.3994772469575486,1.200000515926746,0.0,0.0,70.6634829354437,0.0,100.0,0.0,0.0,23.987371922076118,6.058288036422927,599.5498165967917,0.02503391264062582,1.315854272476713e-05,False,True,RELEASE,MOVING,
1.6600000000001254,BRAKE_RELEASE,0.03666249297538297,210.06061139174722,5.539232923616289,-0.26407762162737075,40.28581583372373,1.8048171081264932,1.3710078481033259e-09,1.8048171081264934,1.0283757631062413,-4.049859767359109,-89.08677316325367,-9.566492131796167e-08,125.93486746545065,87.49375367101239,0.40573673934717647,1.187282848558823,0.0,0.0,70.6634829354437,0.0,100.0,0.0,0.0,23.987396222233954,6.046636223422204,599.5502396780055,-0.0010509858209095668,1.363941086651721e-05,False,True,RELEASE,MOVING,
1.6700000000001334,BRAKE_RELEASE,0.036722068287589116,210.40195278700583,5.555408672829589,-0.26244509436986685,40.58633644246875,1.8104314733030042,1.9611187845264943e-09,1.8104314733030042,1.0318873182615524,-4.061041100759191,-89.47789717247103,-1.3786193520104462e-07,127.26898176499617,87.89338236561886,0.4118126764553167,1.1727022682587034,0.0,0.0,70.6634829354437,0.0,100.0,0.0,0.0,23.987415903564205,6.037199099519092,599.549773610983,-0.0247673879359116,1.4114961111033608e-05,False,True,RELEASE,MOVING,
1.6800000000001414,BRAKE_RELEASE,0.03677986333995128,210.7330940447148,5.5696380025031775,-0.2612016193871393,40.86706465613633,1.8158901065572821,3.4735331719228677e-09,1.8158901065572821,1.035339350385024,-4.071695204496185,-89.85383590998279,-2.4586999103348717e-07,128.53566085156024,88.27979104539355,0.4175292434022068,1.15651586705701,0.0,0.0,70.6634829354437,0.0,100.0,0.0,0.0,23.987427595416726,6.031592892831739,599.5485296801712,-0.04465903406587035,1.4591335755653745e-05,False,True,RELEASE,MOVING,
1.6900000000001494,BRAKE_RELEASE,0.03683591123961551,211.05422485484812,5.570658667403286,-0.26289210101151406,41.08829426227302,1.8211939289780432,-2.743700356507641e-15,1.821193928978043,1.038727191114786,-4.081824558859018,-90.2146362874881,1.971756091734278e-13,129.60893249005795,88.65319201056892,0.4220619813457846,1.1393822955733697,0.0,0.0,70.6634829354437,0.0,100.0,0.0,0.0,23.987429215285715,6.030816170290917,599.546661045895,-0.0598259419480458,1.5041434554774469e-05,False,True,RELEASE,MOVING,
1.7000000000001574,BRAKE_RELEASE,0.03689024214669964,211.36551802215192,5.554370728012371,-0.268463632049692,41.17317565493242,1.8263440158362758,-1.3811821642056663e-14,1.8263440158362756,1.0420468592554917,-4.0914074449720035,-90.55980681949613,9.832135106080386e-13,130.24395585007355,89.01356477724457,0.4238075983779801,1.1224344438722085,0.0,0.0,70.6634829354437,0.0,100.0,0.0,0.0,23.987419895484365,6.035284986912786,599.5443434430699,-0.06989285991427607,1.550979025921606e-05,False,True,RELEASE,MOVING,
1.7100000000001652,BRAKE_RELEASE,0.03694288523332759,211.66714069058423,5.620122231192818,-0.2554124387531921,41.78375703930649,1.8313409192864571,1.3382223229377307e-09,1.8313409192864574,1.0452928578358953,-4.10086550569752,-90.89868224057723,-9.684926993713816e-08,132.53705438643016,89.36485998353592,0.4364705880799486,1.0973517658110978,0.0,0.0,70.6634829354437,0.0,100.0,0.0,0.0,23.987399829902852,6.044906360901154,599.5417576384345,-0.07494143879914805,1.6002149322957848e-05,False,True,RELEASE,MOVING,
1.7200000000001732,BRAKE_RELEASE,0.036993865906902866,211.95923843384398,5.622334814796429,-0.25665016057045625,41.9908502545188,1.836186573587127,-1.830310094165911e-15,1.836186573587127,1.048464693060025,-4.109661396819147,-91.2193575820216,1.2789769243681803e-13,133.54637481866524,89.70237233676949,0.4408078762743554,1.076177368977497,0.0,0.0,70.6634829354437,0.0,100.0,0.0,0.0,23.987370067585587,6.059177255062902,599.5390746752291,-0.07542632020961904,1.6467150164345412e-05,False,True,RELEASE,MOVING,
1.7300000000001807,BRAKE_RELEASE,0.03711878571567912,212.67497621589004,5.933136253462283,-0.19484292472233658,43.25396600603474,1.8318328880386687,-2.3784484365660083e-13,1.8318328880386687,1.0517323223809587,-4.033407854842696,-89.8291211207058,1.7820411812863313e-11,137.23737858332458,88.56072913581468,0.4677263938128022,0.8006655910605218,0.0,0.0,70.6634829354437,0.0,100.0,0.0,0.0,23.987332806724257,6.0770436166460575,599.5367942565481,-0.04736954229409562,1.6708830756329007e-05,False,True,RELEASE,MOVING,
1.740000000000188,BRAKE_RELEASE,0.03741587745808145,214.37718651267414,5.876198322613843,-0.2160764196111247,44.06660656160628,1.8265510977885284,-1.084168390689322e-15,1.8265510977885284,1.0549087411790263,-3.9541852227307634,-88.76958584415044,8.326672684688674e-14,139.41261117604316,87.34593489345967,0.4854664534638505,0.9381844972268993,0.0,0.0,70.6634829354437,0.0,100.0,0.0,0.0,23.987293905122915,6.095696644059713,599.5357127483635,-0.016089704970617902,1.6891271400254482e-05,False,True,RELEASE,MOVING,
1.7500000000001956,BRAKE_RELEASE,0.037861649260924696,216.93127080555973,5.9524818982410785,-0.21479451492696722,45.29006375104111,1.826461045692027,-7.350772683661738e-17,1.8264610456920272,1.058334308685166,-3.889719565822598,-88.36271875471888,1.0658141036401503e-14,143.2761732566479,86.67917053461859,0.5127974686433421,1.1707507514564668,0.0,0.0,70.66348606131585,0.0,100.0,0.0,0.0,23.987259003438385,6.112431689706819,599.5354622229836,-0.0007814428366730297,1.723611199722086e-05,False,True,RELEASE,MOVING,
1.7600000000002054,BRAKE_RELEASE,0.03843660748246918,220.22553875464442,6.061995867789852,-0.21096276736623507,46.759153132797145,1.8301172638270176,-1.155128013890055e-16,1.8301172638270173,1.062276133884022,-3.830054094861958,-88.32857152849971,1.0658141036401503e-14,148.21978607609685,86.34845344063034,0.5466046004240934,1.433513487445694,0.0,0.0,70.66353257532086,0.0,100.0,0.0,0.0,23.987230140922826,6.126270971026255,599.5355143319327,0.0016469744053617674,1.7723796666757607e-05,False,True,RELEASE,MOVING,
1.7700000000002136,BRAKE_RELEASE,0.03913972471532492,224.25410374919952,6.265862331916022,-0.19299409972101655,48.640451183985284,1.8359308735054614,-1.4269303376820176e-16,1.8359308735054616,1.0668838327892542,-3.766523838460012,-88.45242370262028,1.0658141036401503e-14,154.6730135854217,86.15508474505086,0.5914733728454139,1.705865584724009,0.0,0.0,70.6638822733328,0.0,100.0,0.0,0.0,23.98720671534214,6.137503273126903,599.5354969127582,-0.00422868340368332,1.8091616620807827e-05,False,True,RELEASE,MOVING,
1.780000000000216,BRAKE_RELEASE,0.039966120354261954,228.98900198111042,6.337385780059171,-0.20443460404779287,50.32494562509774,1.8442630016010542,-0.005677588121819889,1.8442542623151634,1.0720473130406247,-3.735821094422615,-89.5837652890109,0.4948890279610194,160.7550917056593,86.41843081674992,0.6331500380422611,2.0372954062577833,0.4948894754102873,0.4922506170100527,70.69643844566109,0.4922506170100527,100.0,0.0,0.0,23.98718672633736,6.147087758428261,599.5351563097049,-0.018576355465297567,1.8284763417142358e-05,False,True,RELEASE,MOVING,
1.790000000000215,BRAKE_RELEASE,0.040721131916204426,233.31489957939877,6.479701660951879,-0.20023478336667955,51.45477931978747,1.8563524564203866,-0.03254732203447178,1.8560671093164676,1.0767378930505893,-3.8176188227359127,-93.27465581184848,2.9006919405865084,165.41695502566293,87.8774118198415,0.6618985787120071,1.834653472708311,2.9006919405901717,2.851675582044286,71.23700270778608,2.851675582044286,100.0,0.0,0.0,23.98716684888299,6.156618740812909,599.5340537664215,-0.04278196898317166,1.8373808593707963e-05,False,True,RELEASE,MOVING,
1.8000000000002139,BRAKE_RELEASE,0.04137251328077919,237.04703988375945,6.669198940859312,-0.1847851692825968,52.725102509312364,1.8624713974938119,-0.05335789531643836,1.861706916109502,1.0809413903295653,-3.8489293198569907,-95.54392764153826,4.872779403375276,170.01583481020242,88.4818612705266,0.6949841086543743,1.494302858981655,4.872779403386396,4.759891271791105,72.41682100673754,4.759891271791105,100.0,0.0,0.0,23.98714330239001,6.16790895932719,599.532394535147,-0.04834641772299353,1.8410612490527e-05,False,True,RELEASE,MOVING,
1.8100000000002128,BRAKE_RELEASE,0.042019517073302544,240.75409854781407,6.8354884930038775,-0.1740399572721389,54.13838174161202,1.8640964545105987,-0.06714486604642649,1.862886780961901,1.0847506989411353,-3.836458170797168,-96.72367176529357,6.296202814823527,174.68369042362673,88.39489070989197,0.7327410944001277,1.2998371461779215,6.296202814842065,6.128955072786568,74.03663278824456,6.128955072786568,100.0,0.0,0.0,23.987115685824396,6.1811506932541445,599.5308219804695,-0.03972474508321522,1.8398319003409824e-05,False,True,RELEASE,RELEASED,
1.8200000000002117,LOWERING,0.042775944422871436,245.0881080116705,7.424032285723106,-0.10042673387879697,55.996281318170055,1.8476755311209931,-0.08726306886002501,1.8456137258690872,1.0875078303259518,-3.739096553700171,-95.96603182369718,8.463505801134225,179.00313018559936,86.25090038262545,0.7838958803659105,0.46772975957176754,8.46350580116733,8.201310688152612,76.14603833093645,8.201310688152612,103.00000000000003,0.0,0.0,23.987087392118532,6.194717074259347,599.5304230827717,0.020527847996132387,1.8294167539067985e-05,False,True,RELEASE,RELEASED,
1.8300000000002106,LOWERING,0.04373754650872975,250.5976821207363,7.579210522287457,-0.10212746382061726,58.02221306581968,1.831742554823301,-0.10068663862415902,1.8289732059144994,1.089175948149657,-3.6396238467670505,-95.51293036335343,10.118747510643956,183.8070902680948,84.20467535693206,0.8416443022638441,0.347863193513831,10.118747510688918,9.78169374798877,78.66550160677231,9.78169374798877,106.00000000000004,0.0,0.0,23.98706800158258,6.204014508701801,599.5322181375021,0.07475581686674992,1.8191004340195605e-05,False,True,RELEASE,RELEASED,
1.8400000000002095,LOWERING,0.04487226612301415,257.0991466036572,7.774096172480065,-0.1023752939656878,60.24951965177261,1.8225416512490211,-0.11234166356963937,1.8190759800414922,1.090385441123963,-3.562726440204959,-95.92056536902547,11.723440046979093,189.83009077212492,82.896599293776,0.9075011545673337,0.39302487370316896,11.723440047035771,11.313528569289337,81.5117168865282,11.313528569289337,109.00000000000007,0.0,0.0,23.987065327433164,6.20529671699294,599.5354767245312,0.1029889794207115,1.811319736688688e-05,False,True,RELEASE,RELEASED,
1.8500000000002084,LOWERING,0.04614285565161304,264.3790883518805,8.007356449537067,-0.10056750113896902,62.67340359989982,1.8181607593890399,-0.1231689214681232,1.813984003172715,1.0915393481411892,-3.501358095625462,-96.93759671463144,13.370419896003682,196.91434753149053,82.09301066712055,0.9819888796989842,0.4921772718082025,13.370419896072967,12.886029055548217,84.65331208030223,12.886029055548217,112.00000000000009,0.0,0.0,23.987081423590254,6.197578884349225,599.5393429816236,0.10991752308942182,1.805226716911079e-05,False,True,RELEASE,RELEASED,
1.8600000000002073,LOWERING,0.047526229204978857,272.3052349616682,8.270171270876636,-0.09753968425696191,65.28707544974489,1.816654848159075,-0.1334705146934005,1.8117451418583548,1.092843544305916,-3.448838991327857,-98.34618743574948,15.092916775348932,204.8731040486723,81.58110551286666,1.0656005551951708,0.6065645923387422,15.092916775430723,14.531348816160072,88.07255211609069,14.531348816160072,115.00000000000011,0.0,0.0,23.987114193901,6.181866047543859,599.5431744943965,0.10186409850395872,1.8002779366810273e-05,False,True,RELEASE,RELEASED,
1.8700000000002062,LOWERING,0.04900924842313412,280.802309175377,8.556385339916986,-0.09392887307753925,68.08425675189349,1.8167807336878579,-0.14337070658252413,1.8111148706786708,1.094381316945285,-3.401264721219097,-100.01605660504124,16.907046759267995,213.57643088230628,81.23206623186817,1.158866504364439,0.7180771095403884,16.907046759362725,16.265270597434416,91.75705340523926,16.265270597434416,118.00000000000016,0.0,0.0,23.987159240109765,6.160267045021311,599.5465364745482,0.08413753442411576,1.7956468859381403e-05,False,True,RELEASE,RELEASED,
1.880000000000205,LOWERING,0.05058424308388636,289.8263638570512,8.86235088515711,-0.09010339586252727,71.05882523244763,1.8178130729136646,-0.15291643271076671,1.8113699049787801,1.0961674387068285,-3.3566110976031736,-101.8749790195377,18.820571578524447,222.93887156208706,80.97429296082224,1.262339160853884,0.8177753193368886,18.8205715786327,18.09560668437254,95.69667929373794,18.09560668437254,121.00000000000018,0.0,0.0,23.98721122547319,6.135340717791792,599.5491635775056,0.061010946515486,1.7915420578162866e-05,False,True,RELEASE,RELEASED,
1.890000000000204,LOWERING,0.0522462993329139,299.3492446953135,9.18592092314577,-0.08626105536877632,74.20447191871692,1.819336348829304,-0.16211717319017407,1.8120989962825902,1.098181063088052,-3.3138992729182224,-103.8833840232067,20.83625810449036,232.90168249566094,80.76894945201519,1.376575913183912,0.9016005535175395,20.836258104612103,20.025408559143692,99.88204328150123,20.025408559143692,124.0000000000002,0.0,0.0,23.987264809002248,6.109647977125678,599.5509265975738,0.03590610016683282,1.7876868589894457e-05,False,True,RELEASE,RELEASED,
1.9000000000002029,LOWERING,0.053991801695750886,309.3502365473807,9.52575331278427,-0.08250489100324715,77.51457016910601,1.8211106121517253,-0.17096617071982834,1.8130676849365082,1.1003846169912406,-3.2726947855475155,-106.01921272319964,22.95377683880992,243.42096953139324,80.59507795231592,1.502127147125315,0.9682307849483323,22.9537768389459,22.054764941748225,104.30380261993554,22.054764941748225,127.00000000000023,0.0,0.0,23.98731525756082,6.085458316992229,599.5518044328344,0.01150166267223618,1.784113686298383e-05,False,True,RELEASE,RELEASED,
1.9100000000002018,LOWERING,0.05581768785013571,319.8117935991429,9.880917208645812,-0.07888699954327888,80.98218035406792,1.822994556634034,-0.1794519010478215,1.8141406143757552,1.1027343993855803,-3.232834858678147,-108.26962020764061,25.17086592153643,254.46088840873932,80.44133132484568,1.6395283837246961,1.0178945775336956,25.170865921686246,24.181895878791988,108.9523851414507,24.181895878791988,130.00000000000026,0.0,0.0,23.98735881374437,6.064573410904086,599.5518587709364,-0.010213556732052709,1.780571118104035e-05,False,True,RELEASE,RELEASED,
1.9200000000002007,LOWERING,0.057721084862782296,330.7174551553888,10.250684646045684,-0.07543208600206908,84.60012068872658,1.8249030518701006,-0.18756383752607114,1.815238539580212,1.1051864324813938,-3.1942846325753385,-110.62654461165748,27.48404935156379,265.99000246915136,80.30151158513182,1.789295105136776,1.0516885698249183,27.484049351727794,26.403824585671433,113.81794330459455,26.403824585671433,133.00000000000028,0.0,0.0,23.987392873813594,6.048241776860915,599.5512103209467,-0.027900617508151093,1.77728831367574e-05,False,True,RELEASE,RELEASED,
1.9300000000001996,LOWERING,0.059699144950620876,342.0509046210315,10.634424015636535,-0.07214991652922075,88.36106322202019,1.8267838416897788,-0.19529500555480936,1.8163146932908443,1.107699604348815,-3.157062621961343,-113.08436345199445,29.889090303871583,277.9794277574754,80.17218203825463,1.9519193734314628,1.0711717364369946,29.88909030404873,28.716801146134078,118.89041665997311,28.716801146134078,136.00000000000028,0.0,0.0,23.98741601757014,6.037144434056603,599.5500166083505,-0.0408193081472179,1.7742662954844945e-05,False,True,RELEASE,RELEASED,
1.9400000000001985,LOWERING,0.06174898384390891,353.79561634774876,11.03154750969827,-0.06904196362511862,92.25763328383505,1.8286045876933497,-0.20264282696410868,1.8173416362404617,1.1102372463372345,-3.1212028340531135,-115.63866202410505,32.38129193893916,290.40193999225386,80.05138712461596,2.1278677247836475,1.0781152357666741,32.38129193912957,31.116584962876402,124.15963780277897,31.116584962876402,139.0000000000003,0.0,0.0,23.987427926278446,6.031434245591802,599.5484519213101,-0.04875714607724824,1.771457453614289e-05,False,True,RELEASE,RELEASED,
1.9500000000001974,LOWERING,0.06386767051203097,365.93479676715157,11.441486693007443,-0.06610503391660211,96.28250148091031,1.830345446539751,-0.20960909353601273,1.8183037374365734,1.1127677882865499,-3.086736254145875,-118.28559242239766,34.95570875392613,303.2315764539483,79.93796053928295,2.3175800228553745,1.074343106333174,34.95570875412971,33.598645287206345,129.61544807302897,33.598645287206345,142.00000000000034,0.0,0.0,23.98742922161707,6.030813134424033,599.5466901170455,-0.05193954020022851,1.7686731585087045e-05,False,True,RELEASE,RELEASED,
1.9600000000001963,LOWERING,0.0660522411790892,378.4514646942031,11.863682461456444,-0.0633333169633249,100.42846310868266,1.8319946318745166,-0.21619951893550368,1.819192705358369,1.115264862092912,-3.0536825713985087,-121.02154661423732,37.60730109644733,316.4434785041414,79.83114706153583,2.5214690505930095,1.0616294056599287,37.60730109666311,36.158310111457226,135.24780625170092,36.158310111457226,145.00000000000037,0.0,0.0,23.987421255953684,6.034632646195155,599.5448908603787,-0.05092719284618763,1.7662004871965564e-05,False,True,RELEASE,RELEASED,
1.9700000000001952,LOWERING,0.06829972331978434,391.3285888134891,12.297582240501493,-0.060719582002244574,104.68850300382391,1.8335456330718782,-0.22242310779250593,1.8200048213334157,1.117707076290508,-3.022047315677074,-123.84299731202468,40.33104933152425,330.0138414632976,79.73039423119441,2.7399206652954127,1.04163308401057,40.33104933175246,38.79087841483373,141.0468824975503,38.79087841483373,148.0000000000004,0.0,0.0,23.987405880986138,6.042004889978388,599.5431896092846,-0.04650876127710735,1.7637997309805087e-05,False,True,RELEASE,RELEASED,
1.980000000000194,LOWERING,0.07060716209973736,404.5492391711014,12.74264067199661,-0.05825589735661835,109.05584566597658,1.8349954010762883,-0.22829147015310414,1.8207391703993359,1.1200776021716026,-2.991821813658045,-126.74642866229026,43.122036421357905,343.9199054046898,79.63523830719305,2.973294368480326,1.0158595652589355,43.12203642159721,41.49170348778488,147.00313458872597,41.49170348778488,151.00000000000043,0.0,0.0,23.987385217722025,6.051912838789932,599.5416913734367,-0.039596790058906706,1.761449806636506e-05,False,True,RELEASE,RELEASED,
1.990000000000193,LOWERING,0.07297164542162214,418.0967306784085,13.198321768394932,-0.05593407509227046,113.52399163088874,1.836343136614037,-0.23381815462699998,1.8213964933413882,1.1223636638777488,-2.962984569110804,-129.72831562013485,45.975505071267676,358.13995645458897,79.54524431977269,3.2219241689525244,0.9856420601416715,45.97550507151947,44.25625266925001,153.1073662304036,44.25625266925001,154.00000000000045,0.0,0.0,23.98736144602477,6.06331124717825,599.5404680052827,-0.03113376700680348,1.7591398076888254e-05,False,True,RELEASE,RELEASED,
2.000000000000192,LOWERING,0.07539017729732986,431.9538975879996,13.662091628355926,-0.053898893713246625,118.07741876422696,1.837618116543551,-0.2391136296778154,1.8219947898804123,1.1245553276950917,-2.9360721754196635,-132.81060111758723,48.90258425501575,372.62724774150826,79.46547350202371,3.485569205505655,0.9569741550406832,48.90258425526547,47.094673104187095,159.335734773533,46.54327704849175,157.00000000000048,0.007167227998351018,0.5513960556953434,23.987336626755507,6.075211936918571,599.5395583853065,-0.022058017536814134,1.757073109942553e-05,False,True,RELEASE,RELEASED,
2.010000000000213,LOWERING,0.07785107459514269,446.05380048598204,14.120864602400452,-0.0529426090291852,122.61121240699109,1.839401570066669,-0.24612980511859092,1.8228599109629933,1.126629416632787,-2.921859006714392,-136.481918092927,52.27030353245593,387.1186620298687,79.5023869006175,3.758377351978072,0.9508503078753705,52.27030353266489,50.34928780853254,165.5001804597041,46.93521329718895,160.0000000000005,0.04113296270684823,3.4140745113435864,23.987312543993433,6.086759452353337,599.5389588853807,-0.014030184129006251,1.7559802163447102e-05,False,True,RELEASE,RELEASED,
2.020000000000234,LOWERING,0.08031802587085794,460.1883901222718,14.572935087533757,-0.052609711903391046,127.02681894072089,1.8421432054560054,-0.2569015588764713,1.8241417649005696,1.1285378883204265,-2.930704320593182,-141.233031264743,56.52268570134212,401.34202417099243,79.74935893914082,4.033953182549673,0.9270334417099377,56.52268570150004,54.434901602632046,171.41939560479466,46.273539816061955,163.00000000000043,0.0916551032616526,8.161361786570087,23.98729048607174,6.09733605067897,599.5386097509936,-0.008017438229853013,1.7568131301715084e-05,False,True,RELEASE,RELEASED,
2.030000000000255,LOWERING,0.08274888350562042,474.1161784291762,15.015793432772275,-0.052483352615493466,131.27116030984416,1.8453949795831286,-0.2709978178112576,1.825388400700561,1.1302208363610131,-2.959594292488132,-146.9418739997997,61.61631834943425,415.0354926004061,80.15539633014947,4.308029382273201,0.8621299379431946,61.61631834954717,59.308569558906825,177.0292340469005,45.11987872878825,166.00000000000037,0.14940539665564884,14.188690830118578,23.987271182193343,6.106592091139507,599.5384528722536,-0.003099228033557111,1.7593681114647097e-05,False,True,RELEASE,RELEASED,
2.0400000000002763,LOWERING,0.08511220526493697,487.6570146732033,15.445418683971281,-0.05243076636758482,135.31542496364838,1.8486005719047822,-0.28715623770144927,1.8261613755623667,1.1316223894097586,-3.0015449224431237,-153.28086453054507,67.30172376999779,428.00326902638375,80.63992987454549,4.577566058273191,0.761644827727082,67.3017237700769,64.73362974180877,182.31767212105626,43.7415539856039,169.00000000000028,0.20840675468865505,20.992075756204866,23.98725503437667,6.1143348162230895,599.5384684991484,0.0017523074039029751,1.7632003618928138e-05,False,True,RELEASE,RELEASED,
2.0500000000002974,LOWERING,0.08738940175472029,500.7043894718623,15.85903323441747,-0.052406289149302114,139.14822947099162,1.8514437520254476,-0.30418963864142073,1.8262838308043112,1.1327073364982494,-3.050320313572963,-159.9394004180472,73.31329333194155,440.1559592664796,81.14479248605701,4.840557441227936,0.6407571588210885,73.31329333199774,70.45909391265238,187.29489294946126,42.28426777564772,172.00000000000026,0.26504725682851477,28.174826137004658,23.987242346827266,6.12041836862277,599.5386618177351,0.0068920587675389555,1.7676460004167893e-05,False,True,RELEASE,RELEASED,
2.0600000000003185,LOWERING,0.08957208037307494,513.210216758379,16.255493186814128,-0.0523831561847592,142.77088974983604,1.8538152592834702,-0.32121893663696655,1.825773647059804,1.1334667961848104,-3.1013925200077033,-166.67890804235006,79.43308565964028,451.4890560948494,81.63628790056427,5.095881739989961,0.5136527421556991,79.4330856596795,76.27988849884167,191.9815134343989,40.84172060007331,175.00000000000017,0.3172973020104566,35.43816789876836,23.987233408754005,6.124704081036914,599.539040413795,0.012146615209680078,1.7723999448548966e-05,False,True,RELEASE,RELEASED,
2.0700000000003396,LOWERING,0.09165893764602638,525.1670281770088,16.634879367038227,-0.05234112130607465,146.1934405825165,1.8557056344309673,-0.33766401690718356,1.824726394105413,1.133913988321015,-3.1517286491783185,-173.33045983933826,85.50141400620171,462.04712097983503,82.09575731903058,5.343130517338446,0.3901579967685791,85.50141400623066,82.0465587200001,196.40346390567387,39.4792507536205,178.0000000000001,0.3641596636823251,42.56730796637961,23.98722847132748,6.127071523916636,599.5396015244623,0.01714456151626731,1.7772013521266672e-05,False,True,RELEASE,RELEASED,
2.0800000000003607,LOWERING,0.09365330524462562,536.5939127967466,16.9980350935818,-0.052266550893591716,149.43134249710772,1.857136073436925,-0.3531749012729152,1.8232448777856434,1.1340762807024387,-3.199396386317049,-179.78042781978164,91.40967355496564,471.89712091222736,82.51238808785828,5.582431530121979,0.27593464683482694,91.40967355498736,87.65815099510169,200.58914081036966,38.24108668835359,181.00000000000006,0.40529947904198244,49.4170643067481,23.987227692163383,6.127445124627245,599.5403292845547,0.021534198885828637,1.781709958237343e-05,False,True,RELEASE,RELEASED,
2.0900000000003818,LOWERING,0.09556138324019865,547.5263944095582,17.346231465635444,-0.05215244301384381,152.50292141930325,1.8581323014989435,-0.36756510165520906,1.8214147100314515,1.1339878745359542,-3.2432466014492927,-185.9574788541406,97.08967814786251,481.11359640616695,82.87981544862447,5.814285260355546,0.17369999729800156,97.08967814787833,93.05187504436066,204.5674446345561,37.153685501256874,183.99999999999997,0.4407970115495008,55.89818954310378,23.987231091531196,6.125815164555837,599.5411972297798,0.025069988661035936,1.7861482234593495e-05,False,True,RELEASE,RELEASED,
2.100000000000403,LOWERING,0.09739098215164191,558.0092239923009,17.680950502806837,-0.051997032821128546,155.42750444788632,1.8587204619390523,-0.38076072932326355,1.8193028946923986,1.1336846741903133,-3.2826894523597874,-191.8226099184931,102.50396182119837,489.7715024083273,83.19486638860124,6.039427284724432,0.08435442397032489,102.50396182121115,98.19377527883982,208.36636290104994,36.228979614262826,186.99999999999994,0.47098138196862915,61.964795664577,23.987238534277374,6.122246446712459,599.5421723812175,0.027624535064105338,1.7899722827507958e-05,False,True,RELEASE,RELEASED,
2.110000000000424,LOWERING,0.09915062548384493,568.091237630658,18.00374501598662,-0.051801976248488465,158.2241462899932,1.8589291325546902,-0.3927637296887622,1.8169628979430223,1.133201249768913,-3.3175327247432778,-197.3612668328522,107.63778790803195,497.9427891687777,83.45701033728446,6.258720117299294,0.007748470236037974,107.63778790804118,103.07109883638931,212.01201493492084,35.46789626188253,189.99999999999986,0.4963182709079745,67.60320257450678,23.987249735566884,6.116875543032674,599.5432191645275,0.029172359353275112,1.7935002972535585e-05,False,True,RELEASE,RELEASED,
2.120000000000445,LOWERING,0.10084891936581004,577.821744811607,18.31614600678346,-0.05157082826923723,160.91081828747014,1.8587907867577533,-0.4036252586459661,1.8144392631109165,1.1325692846065933,-3.3478587887494164,-202.576764620825,112.4926653994209,505.69458808756383,83.66787834776206,6.473072860485811,-0.056851986843923896,112.49266539942913,107.68614925385154,215.5280900972844,34.863695607218816,192.9999999999998,0.5173345538124742,72.82245364663272,23.987264283551838,6.10989992564833,599.5443026144135,0.029767553444632,1.7966843948613587e-05,False,True,RELEASE,RELEASED,
2.130000000000466,LOWERING,0.10249412819001845,587.2480970160892,18.619601980724156,-0.051308002580711574,163.50394060380117,1.8583414570469217,-0.4134262452349786,1.811770325049559,1.131816931932117,-3.373928912826627,-207.4847414971571,117.08112709435817,513.088160555335,83.83071935192072,6.6833846482428365,-0.11048959736592678,117.08112709436675,112.05137227694101,218.93559333106032,34.40478348839851,195.99999999999972,0.5345687607041274,77.6465887885425,23.987281672029884,6.101562308328696,599.5453907980343,0.029522294448188546,1.7994237076379704e-05,False,True,RELEASE,RELEASED,
2.1400000000004873,LOWERING,0.10409390963822747,596.4141695286596,18.91544163325019,-0.05101814184847965,166.01815897997398,1.85761925923546,-0.42226330226917363,1.8089895013070785,1.1309686834890833,-3.396109923942433,-212.1086157266107,121.42260909643329,520.1783434562896,83.9498461335308,6.8905072777749785,-0.15434678112933398,121.42260909643932,116.18550376987156,222.25281073758183,34.07689525685899,198.99999999999966,0.5485397548445432,82.10860851301257,23.987301337483824,6.09213288717088,599.546456514873,0.028587336574367406,1.801860445738157e-05,False,True,RELEASE,RELEASED,
2.1500000000005084,LOWERING,0.10565516990970515,605.3595319563716,19.204854336954824,-0.050705759657012316,168.4662894086374,1.8566626079592878,-0.4302387639465796,1.8061258665419482,1.1300455109539955,-3.414819941052093,-216.4760286497449,125.54030367661136,527.0133906204981,84.0301412532915,7.095222666778697,-0.18963894693706607,125.54030367661771,120.11064504159827,225.4954207778103,33.86469367835382,201.9999999999996,0.5597282197275579,86.24595136324446,23.98732269624406,6.081891522241261,599.5474783410796,0.027134385673207362,1.803986960879911e-05,False,True,RELEASE,RELEASED,
2.1600000000005295,LOWERING,0.10718400599826097,614.1191175005254,19.488883737739034,-0.05037505100291468,170.85937298006186,1.8555086337238427,-0.4374539202538371,1.8032044691266351,1.129065143991215,-3.4304900136373115,-220.61619731920558,129.45885108385025,533.6351282597763,84.07666133235898,7.298231333784974,-0.21754643078844538,129.45885108385545,123.85012971229254,228.6766937195147,33.75287844093617,204.99999999999955,0.5685670303887146,90.09725127135637,23.98734517862363,6.071111370575896,599.5484410853419,0.025340465409604107,1.805678729738247e-05,False,True,RELEASE,RELEASED,
2.1700000000005506,LOWERING,0.10868570794334098,622.7232358544925,19.768430572596955,-0.05002979973148505,173.20679833704585,1.8541920060979387,-0.4440046833642034,1.800246604392896,1.1280424081665241,-3.4435384636571897,-224.55804945162384,133.20272589482212,540.079336936481,84.09434738823425,7.500148747542518,-0.23917257897426225,133.20272589482633,127.42704088277988,231.80773758728355,33.726911622175294,207.99999999999946,0.575437649363644,93.70012926060458,23.98736825780365,6.060045036029652,599.5493357325417,0.02337465495557023,1.8072924312662053e-05,False,True,RELEASE,RELEASED,
2.1800000000005717,LOWERING,0.11016479988744074,631.1978084453641,20.044261451093956,-0.049673344139626915,175.5164610712516,1.8527441865496213,-0.44997905399292226,1.7972701165270217,1.1269895790094246,-3.454354947425963,-228.32899291402325,136.79517500508425,546.3762767179585,84.08783106163327,7.701507026744045,-0.2555201794389177,136.79517500508896,130.86324168463113,234.89776146223303,33.77345258669837,210.9999999999994,0.5806704712664362,97.08978909793277,23.98739147207138,6.048913906207591,599.550158966324,0.02138761176603765,1.8087006694145202e-05,False,True,RELEASE,RELEASED,
2.190000000000593,LOWERING,0.11162510405426368,639.5647350017963,20.317021085645347,-0.049308577777789325,177.7949385884094,1.8511930526201237,-0.4554558783824434,1.7942897371706414,1.1259167272805517,-3.4632916685346027,-231.9541757222637,140.2575771557147,552.5512858560553,84.06131930914863,7.902760046914068,-0.26748078951345633,140.25757715571825,134.17879615577752,237.9543365957109,33.88058045783363,213.99999999999937,0.5845476230535699,100.29821569794389,23.98741443975974,6.037900988794261,599.5509123742065,0.01950414422791802,1.809894505555576e-05,False,True,RELEASE,RELEASED,
2.200000000000614,LOWERING,0.11306981617499942,647.8423257147515,20.58724612786945,-0.048937971420004396,180.0476659703472,1.8495628094323053,-0.4605044976975363,1.7913174463604888,1.1248320415902047,-3.4706596539386894,-235.4561094461008,143.6091128798912,558.6254002823351,84.01853899123606,8.10429050534243,-0.27583293036994405,143.60911287989495,137.39167627633924,240.98364296504468,34.037867050136484,216.99999999999926,0.587307161903751,103.35380922620276,23.98743686689466,6.027147244294018,599.5516014445022,0.01781887463801901,1.811113429539546e-05,False,True,RELEASE,RELEASED,
2.210000000000635,LOWERING,0.11450158440122134,656.0457533750964,20.85537937211,-0.04856360505310769,182.27910358705213,1.8478741053282204,-0.4651849869968019,1.788362837070642,1.1237421212987146,-3.476728464832523,-238.8545506536899,146.8666543638206,564.6159571159191,83.96272452851673,8.306417901124822,-0.2812461397717243,146.86665436382475,140.51767086751863,243.99069412400473,34.236349336883364,219.99999999999923,0.5891479362479335,106.28132153063527,23.987458548102452,6.016751150508628,599.5522344618046,0.016394807696247682,1.8122531223241367e-05,False,True,RELEASE,RELEASED,
2.220000000000656,LOWERING,0.1159225864372326,664.1874953093906,21.121783414685193,-0.04818720760041764,184.49289101981017,1.8461442799704146,-0.4695487592792933,1.7854334670120746,1.1226522368505636,-3.4817281124716093,-242.1665568413597,150.0448041633274,570.5371585171844,83.89663462609586,8.50940670921189,-0.28428865727536845,150.04480416333257,143.57043049671842,246.97953691180123,34.46843861458122,222.99999999999915,0.5902346148487033,109.1019918821372,23.987479361743766,6.0067710353455235,599.5528213978605,0.015264432965898855,1.8132319645758344e-05,False,True,RELEASE,RELEASED,
2.230000000000677,LOWERING,0.11733460163091622,672.2777464300325,21.386753286413594,-0.04781019887531934,186.69198455510644,1.8443876879720245,-0.47363937240920506,1.7825351857527538,1.1215665573161286,-3.4858522765329636,-245.4066529267306,153.15602870095364,576.4005823268899,83.82258707306825,8.71347427428103,-0.285437121572528,153.15602870095768,146.56159847066428,249.95342512950887,34.72779365239617,225.9999999999991,0.5907025641020227,111.8338048182681,23.98749926051476,5.997229583161854,599.5533728790786,0.014432858510714297,1.8142601405202186e-05,False,True,RELEASE,RELEASED,
2.2400000000006983,LOWERING,0.11873907621332526,680.3247930305762,21.650527811345416,-0.04743372995902831,188.8787773588435,1.8426160555555267,-0.4774934250928032,1.7796724297421,1.120488346511525,-3.4892621832899877,-248.5870609859661,156.2108465888557,582.2156333290409,83.74250338984714,8.918798134142895,-0.2850871268795174,156.21084658885846,149.50099115618283,252.9149679570551,35.00917721601806,228.99999999999903,0.5906623802170651,114.49181394016477,23.98751825889142,5.988119854896569,599.5538992926688,0.013882401518801935,1.8150887250101277e-05,False,True,RELEASE,RELEASED,
2.2500000000007194,LOWERING,0.12013718089422104,688.3353427838575,21.913299544342014,-0.04705872247581394,191.0552026552661,1.8408388403489757,-0.48114146486095005,1.7768484817025965,1.1194201299951194,-3.492090701325536,-251.71795937050388,159.21804315409187,587.9899341449747,83.65795744411321,9.125522615411201,-0.28356384311157967,159.21804315409392,152.39680137333045,255.86625489897654,35.308309233148464,231.99999999999895,0.5902039724193506,117.08849214018198,23.98753641880241,5.979412157718449,599.5544100726786,0.013578046749988637,1.816023458189875e-05,False,True,RELEASE,RELEASED,
2.2600000000007405,LOWERING,0.12152986070660535,696.3148103301268,22.175223318157936,-0.04668590456382164,193.22282098518846,1.8390635746762245,-0.4846088584114065,1.774065693837206,1.118363835726092,-3.4944463635249994,-254.80774788353804,162.18489137987976,593.7296581803173,83.57022404260613,9.333764637368548,-0.2811321763171577,162.1848913798818,155.25580676722072,258.8089595969006,35.62172525107057,234.99999999999892,0.5894001549962128,119.63408151615015,23.987553834818996,5.971061146327542,599.554913186734,0.013473217157225825,1.81692134901823e-05,False,True,RELEASE,RELEASED,
2.2700000000007616,LOWERING,0.12291787743250979,704.2675603589158,22.436423472758012,-0.04631584324484327,195.38289303626902,1.837296180576149,-0.4879165946395243,1.7713256763890357,1.1173209113637346,-3.4964171351825275,-257.86330372517574,165.11736619588265,599.4398091267655,83.48032495556075,9.543618722805538,-0.27800614907269505,165.1173661958851,158.08357125313665,261.74442507322436,35.94664544163827,237.9999999999988,0.5883097470107804,122.13692581149839,23.98757061997301,5.9630126231984555,599.5554148257941,0.013515372002303572,1.8177624873771947e-05,False,True,RELEASE,RELEASED,
2.2800000000007827,LOWERING,0.12430184520233127,712.1971115782061,22.6969998932515,-0.04594897259228187,197.5364397252138,1.8355412505546653,-0.49108200489402976,1.7686294543959868,1.1162924211843952,-3.4980738277411882,-260.890218865327,168.02034403837033,605.1244526219896,83.3890709014484,9.755161254828257,-0.27435732932104884,168.02034403837345,160.88463221248367,264.67373298083265,36.280856974593775,240.99999999999878,0.5869802043945801,124.60377523788989,23.98758689308224,5.95520961605634,599.5559192836415,0.01365104423292074,1.8186473326409214e-05,False,True,RELEASE,RELEASED,
2.290000000000804,LOWERING,0.12568225999320218,720.1063057276399,22.95703297613677,-0.04558561854250567,199.68429124354086,1.833802292099563,-0.49411939480437794,1.765977596173793,1.1152791254641652,-3.499473113224161,-263.89301379327577,170.89778321172466,610.7869060819904,83.29709878100394,9.968454042358813,-0.27032224181130005,170.89778321172702,163.6626694282468,267.5977593069046,36.622610883009926,243.99999999999872,0.5854498241511921,127.04005854523687,23.98760276820433,5.947597434798197,599.5564290009743,0.013830038677551393,1.8195538146414947e-05,False,True,RELEASE,RELEASED,
2.300000000000825,LOWERING,0.12705952379816318,727.9974460576793,23.2165876717268,-0.045226020222078715,201.82712671057334,1.8320819366501495,-0.49704058854320454,1.7633703173016118,1.1142815449676304,-3.5006601317709567,-266.8753255932197,173.7528831241599,616.429892666778,83.20490396869974,10.183547269061457,-0.26600876870156753,173.75288312416245,166.42065407507985,270.5172187718556,36.970533403683675,246.99999999999864,0.5837495678051791,129.45012067139618,23.98761834657889,5.9401275353029614,599.556944741091,0.014008624817375193,1.8205024424844396e-05,False,True,RELEASE,RELEASED,
2.310000000000846,LOWERING,0.12843396422697234,735.872409633971,23.47571676050361,-0.04487034714956933,203.96550594983032,1.830382115353159,-0.49985539048394567,1.7608075638208867,1.113300012931117,-3.5016707086324077,-269.8400703162789,176.58822219813035,622.0556649936498,83.11286780631403,10.400481904342568,-0.2615015925080115,176.58822219813263,169.16097765714076,273.4326999173913,37.32355104581163,249.99999999999858,0.5819045534449645,131.83742661132914,23.987633711174578,5.93276013421684,599.5574658601176,0.014151663188521013,1.821438315374735e-05,False,True,RELEASE,RELEASED,
2.320000000000867,LOWERING,0.1298058502529611,743.732737560184,23.734463466227865,-0.044518713780143215,206.09989474639067,1.8287042048378983,-0.5025719715672713,1.758289078105985,1.1123347166578055,-3.502533211222037,-272.7895809131464,179.4058753759422,627.666103698222,83.02128064605354,10.61929165361833,-0.2568667624675527,179.405875375944,171.88556180721474,276.34469261797534,37.680828211755056,252.9999999999985,0.5799352645363282,134.2047335954597,23.987648923747173,5.925465619665014,599.5579906342405,0.014233696058413514,1.8223950263518418e-05,False,True,RELEASE,RELEASED,
2.3300000000008882,LOWERING,0.1311754047539653,751.5797068322527,23.992863513141693,-0.044171192016586175,208.23068477267861,1.8270491466321341,-0.5051971888176443,1.7558144505100646,1.111385730569703,-3.503270084216455,-275.7257227557309,182.20751281607016,633.2627953506544,82.93036089868579,10.840004520224664,-0.25215547924966586,182.20751281607264,174.59595047253836,279.2536094958183,38.04171597721901,255.99999999999847,0.5778585204352985,136.55423449531935,23.987664024148415,5.918224882756357,599.5585166088256,0.014239106015752512,1.823418563873247e-05,False,True,RELEASE,RELEASED,
2.3400000000009094,LOWERING,0.1325428144198072,759.414387104066,24.25094675886274,-0.04382782062798001,210.35820920142442,1.825417543886611,-0.5077368467426878,1.7533831594916214,1.110453042299885,-3.5038991033907103,-278.6499891638662,184.99448173166118,638.8470936235956,82.84027058497594,11.062644044607561,-0.24740719737837935,184.9944817316657,177.2933863325412,282.1598024819457,38.40571056990865,258.9999999999984,0.575688249139727,138.88767576263254,23.987679031506644,5.911028751518669,599.5590409389704,0.014161498375183434,1.8247038404695104e-05,False,True,RELEASE,RELEASED,
2.3500000000009305,LOWERING,0.13390823752142808,767.23768520132,24.50873846538985,-0.04348861296251401,212.4827548654816,1.823809738907551,-0.5101959090926264,1.7509946025271403,1.1095365731655336,-3.5044343884629403,-281.56357948113356,187.76787345619897,644.4201670188485,82.75112788869288,11.287230278806089,-0.24265214256593026,187.7678734562025,179.9788734095391,285.0635755513041,38.772420115999296,261.9999999999983,0.5734360979374395,141.2064532935398,23.987693946831374,5.903876742048419,599.5595606971754,0.014002494284193645,1.8258127695958137e-05,False,True,RELEASE,RELEASED,
2.3600000000009516,LOWERING,0.13527180996223084,775.050379793155,24.766260284301502,-0.04315356308145478,214.6045716793994,1.8222258747021598,-0.5125786688650245,1.7486481197366757,1.108636194142549,-3.5048872128641078,-284.46746219856385,190.52857780455315,649.9830359147593,82.663017182566,11.513780546424622,-0.23791333498081713,190.52857780455625,182.6532278120644,287.9651944709836,39.14153831628147,264.9999999999983,0.5711119126717317,143.51168949578292,23.987708756570232,5.89677535298791,599.560073130705,0.013770132695158033,1.8270625119498618e-05,False,True,RELEASE,RELEASED,
2.3700000000009727,LOWERING,0.13663364996334665,782.8531482367578,25.023531004282855,-0.042822651078259215,216.72387990943113,1.8206659433861052,-0.5148888836634751,1.7463430118066146,1.1077517382680329,-3.505266644883011,-287.3624254710839,193.27732668491,655.5366012086233,82.5759969564339,11.742310030749385,-0.23320820100963147,193.27732668491365,185.31711844133787,290.86489423796684,39.51282384171091,267.9999999999982,0.5687241116312467,145.80429459962696,23.987723436662495,5.889736121855073,599.5605758581762,0.013477073505217874,1.8284252021771863e-05,False,True,RELEASE,RELEASED,
2.3800000000009938,LOWERING,0.13799386167288327,790.6465872568301,25.280567151390176,-0.04249584608093263,218.84087576756787,1.8191298239267566,-0.5171298826629384,1.7440785534937373,1.1068830102279044,-3.5055800506461527,-290.2491171552506,196.01472874756323,661.081666402834,82.49010602742933,11.972832226679023,-0.22854984642185627,196.01472874756496,187.97109933083217,293.76288474524205,39.886084382598455,270.9999999999981,0.5662799757459018,148.08501494823372,23.9877379566806,5.882773639183817,599.5610670014225,0.013138774697826427,1.8299314504588438e-05,False,True,RELEASE,RELEASED,
2.390000000001015,LOWERING,0.1393525379353201,798.431228813054,25.537383420993496,-0.042173109712156695,220.95573571073237,1.8176173113283958,-0.5193046505715758,1.7418540037372245,1.106029793742456,-3.5058334852771775,-293.128076251202,198.7412966587894,666.6189546194447,82.40536836069167,12.205359285867756,-0.22394805414705843,198.74129665879076,190.61563510272873,296.6593551006869,40.26116443341232,273.99999999999807,0.5637858729178679,150.3544706693164,23.987752283720265,5.875903683191856,599.5615452543723,0.012771787121122813,1.8314830832366624e-05,False,True,RELEASE,RELEASED,
2.400000000001036,LOWERING,0.14070976241104777,806.207552244159,25.793993024820676,-0.04185439799668764,223.0686197472475,1.8161281390231607,-0.5214158931550834,1.739668613189597,1.1051918572408905,-3.5060319946008236,-295.99975737948824,201.45746838160946,672.1491217220769,82.32179677933269,12.439902278985526,-0.2194100604394862,201.45746838161043,193.25112083145038,299.55447692933495,40.63793603743838,276.999999999998,0.5612474309652963,152.613184794012,23.98776638578194,5.869141598332156,599.5620098950869,0.01239227571118029,1.8329618590939845e-05,False,True,RELEASE,RELEASED,
2.410000000001057,LOWERING,0.14206561119719516,813.9759935545773,26.050407952251042,-0.041539662957230404,225.17967398754536,1.8146619959228694,-0.5234660881320133,1.7375216297999112,1.10436895821466,-3.5061798460664013,-298.8645496792265,204.16362364315074,677.6727664712464,82.23939579623166,12.676471394284308,-0.2149411544409645,204.16362364315208,195.8778974155075,302.44840691380665,41.01629184695804,279.99999999999795,0.5586696707982051,154.86160556854946,23.98778023447319,5.862500999479198,599.5624607504135,0.012014839014370615,1.834660621113926e-05,False,True,RELEASE,RELEASED,
2.420000000001078,LOWERING,0.14342015406867015,821.736952525082,26.306639155317264,-0.04122885440117419,227.28903262311712,1.8132185393166427,-0.5254575245737745,1.735412302938521,1.1035608465563294,-3.506280704261951,-301.72279128795253,206.86009657975066,683.1904384331408,82.15816375893147,12.915076087688103,-0.21054513841784228,206.86009657975012,198.49626338244178,305.3412887671954,41.39613997227892,282.99999999999784,0.556057109049462,157.10012341016287,23.987793806945067,5.855992843389066,599.5628981245463,0.011651663157373093,1.8366284933790666e-05,False,True,RELEASE,RELEASED,
2.4300000000010993,LOWERING,0.1447734554320217,829.4907981780166,26.56269672465454,-0.040921919909475864,229.39681947516328,1.8117974045658316,-0.5273923333535051,1.7333398864364222,1.1027672671232165,-3.5063377634930455,-304.57478035960503,209.54718537966698,688.7026441956334,82.07809446266018,13.155725196330165,-0.20622467905235453,209.54718537967054,201.10648389188563,308.2332547850404,41.777400195431255,285.99999999999784,0.5534138374049502,159.32908369645438,23.98780708705089,5.849624873050051,599.5633227035537,0.011312014311473106,1.838695587963457e-05,False,True,RELEASE,RELEASED,
2.4400000000011204,LOWERING,0.14612557506350118,837.2378730060724,26.818589986475082,-0.04061880636814593,231.50314922065837,1.8103982123531752,-0.529272510685064,1.7313036408223434,1.101987961710891,-3.5063538474250437,-307.4207833986626,212.225159592458,694.2098523139756,81.99917835570338,13.398427024770609,-0.20198157426938224,212.22515959245956,203.70879756088263,311.12442708592084,42.16000121180866,288.9999999999977,0.5507435842654161,161.54879634907397,23.987820065777672,5.843401410763874,599.563735447517,0.011002047143960247,1.8408518386081596e-05,False,True,RELEASE,RELEASED,
2.4500000000011415,LOWERING,0.14747656868578887,844.97849627669,27.074327605329504,-0.040319460060949996,233.60812837710156,1.8090205740796463,-0.5310999363708773,1.7293028349685613,1.1012226705786177,-3.5063314837039554,-310.26104153496624,214.89426564387537,699.7124973047131,81.92140343530374,13.643189410963092,-0.1978169551763358,214.89426564387819,206.30342161420697,314.01491862169945,42.543878636359636,291.99999999999767,0.5480497630770176,163.75954297784733,23.98783274104775,5.837323453271883,599.5641374808424,0.010724886671967582,1.8431859707845888e-05,False,True,RELEASE,RELEASED,
2.4600000000011626,LOWERING,0.14882648842455073,852.7129666479357,27.329917661352756,-0.04002382689667758,235.7118561067132,1.8076640958702705,-0.532876388027679,1.7273367473023482,1.100471133635004,-3.506272959747172,-313.0957752342766,217.5547309846172,705.2109829262815,81.84475591085253,13.890019777317972,-0.19373143851083796,217.5547309846195,208.8905557592473,316.90483401678324,42.9289735708914,294.9999999999976,0.5453355106388248,165.9615821883559,23.987845117018786,5.83138900737723,599.5645299894649,0.01048092770371234,1.8457401530724837e-05,False,True,RELEASE,RELEASED,
2.4700000000011837,LOWERING,0.15017538317563575,860.4415642723878,27.58536770292233,-0.03973185293839029,237.81442488513434,1.8063283815428337,-0.5346035522745344,1.7254046666978164,1.0997330913657661,-3.5061803644915344,-315.9251878322438,220.20676720938945,710.7056849229596,81.76922069364674,14.138925170861802,-0.1897252416526385,220.20676720939449,211.4703850994049,319.79427027952056,43.31523157782155,297.99999999999756,0.5426037178881743,168.15515352158334,23.98785720302599,5.825593597158489,599.5649141316023,0.01026828954568515,1.8483931192747605e-05,False,True,RELEASE,RELEASED,
2.480000000001205,LOWERING,0.1515232989057763,868.1645525200225,27.840684796729867,-0.039443484548670485,239.91592106777597,1.8050130348091251,-0.5362830336385874,1.7235058931324378,1.0990082855652485,-3.5060556197590467,-318.74946819181605,222.85057240731032,716.1969533624645,81.69478175854435,14.38991229544983,-0.18579826948842992,222.850572407312,214.04308232956296,322.6833174168056,43.7026019443623,300.9999999999975,0.5398570550382511,170.34048038520066,23.987869012311776,5.8199308731023285,599.5652909664345,0.010083363045409577,1.851236758199093e-05,False,True,RELEASE,RELEASED,
2.490000000001226,LOWERING,0.15287027890359925,875.8821794164023,28.095875570231563,-0.0391586684754377,242.0164253780476,1.8037176609104804,-0.5379163617522736,1.7216397381681139,1.0982964599178304,-3.5059005040053943,-321.5687927133443,225.48633294374025,721.6851146619881,81.62142241166673,14.64298753819202,-0.18195018025159015,225.48633294374173,216.6088094003313,325.5720589741463,44.09103715140216,303.9999999999974,0.5370979924616307,172.51777224892913,23.98788056067835,5.814393258202432,599.5656614029665,0.009921391352508913,1.8543301521845024e-05,False,True,RELEASE,RELEASED,
2.500000000001247,LOWERING,0.15421636399322056,883.5946788664812,28.350946252217252,-0.03887735175373854,244.11601333508167,1.8024418678386918,-0.5395049972732284,1.7198055253007667,1.097597360463582,-3.50571667051765,-324.3833268705907,228.1142248249967,727.1704733719955,81.54912548971451,14.898156991653446,-0.17818043577290155,228.11422482499907,219.16771879245704,328.46057251707845,44.480492484715086,306.9999999999974,0.5343288183486403,174.68722630774195,23.987891865180167,5.80897257494302,599.5660261693222,0.009777033807431224,1.857648021541536e-05,False,True,RELEASE,RELEASED,
2.510000000001268,LOWERING,0.15556159271931444,891.3022717149752,28.60590269993304,-0.03859948191399144,246.21475563372553,1.8011852672529756,-0.5410503368480526,1.7180025902092761,1.0969107359737835,-3.505505661587304,-327.19322640185703,230.7344147592923,732.6533137677545,81.47787350973337,15.155426472943798,-0.17448834011401004,230.73441475929303,221.71995450719078,331.348930065256,44.87092574386676,309.9999999999973,0.5315516538955185,176.84902876332401,23.987902942949095,5.803660608648301,599.5663858011637,0.009644872809139393,1.8610613906844264e-05,False,True,RELEASE,RELEASED,
2.520000000001289,LOWERING,0.15690600150969614,899.0051666778911,28.8607504205607,-0.03832500723592929,248.31271848568963,1.7999474752450968,-0.5425537174625407,1.7162302809672065,1.0962363382562177,-3.505268920341064,-329.9986383041555,233.3470610427509,738.1339013015283,81.40764879266929,15.41480154043834,-0.17087307170299937,233.34706104275406,224.265652893016,334.23719848461263,45.262297065763846,312.9999999999972,0.5287684665645082,179.00335582725216,23.987913810218227,5.798449575582637,599.5667406466489,0.009519835042791414,1.8648277908539512e-05,False,True,RELEASE,RELEASED,
2.5300000000013103,LOWERING,0.15824962481891797,906.7035611652724,29.115494603098863,-0.03805387649590621,250.40996392852549,1.7987281131957036,-0.5440164208390619,1.7144879582715165,1.0955739224039442,-3.5050078035558476,-332.7997019400555,235.95231454563046,743.612483959289,81.3384336033827,15.676287508671363,-0.16733371762836668,235.9523145456342,226.80494356590884,337.1254398331577,45.654569065106244,315.99999999999716,0.5259810817822682,181.1503745008026,23.987924481583168,5.793332477178444,599.5670908845818,0.009397510167074685,1.868343392885663e-05,False,True,RELEASE,RELEASED,
2.5400000000013314,LOWERING,0.1595924952332182,914.397641882511,29.370140145008094,-0.037786038663633406,252.5065500707421,1.7975268082049078,-0.5454396766504277,1.7127749955410956,1.0949232470088577,-3.504723588162864,-335.5965495225775,238.55031922998094,749.0892933652833,81.27021021339726,15.939889457157053,-0.16386937795607537,238.5503192299812,229.33794988988944,340.0137116420532,46.047706964968484,318.9999999999971,0.5231911926973585,183.29024292492096,23.987934969514516,5.788303333820704,599.5674365519469,0.009274361425537947,1.8684559016435287e-05,False,True,RELEASE,RELEASED,
2.5500000000013525,LOWERING,0.16093464367282534,922.0875859894669,29.624691639921952,-0.037521444607905546,254.60253145491055,1.7963431883572942,-0.5468246566647272,1.711090776440909,1.0942840742442352,-3.504417434144357,-338.38930262691537,241.14120886133213,754.5645450940613,81.20296025089593,16.20561225581218,-0.16047874112427962,241.14120886133549,231.86478590373196,342.90206755113786,46.44167386648954,321.99999999999716,0.5204003718013146,185.42311203724242,23.987945284113465,5.7833573020352835,599.5677775772006,0.009147837915890022,1.868573402674656e-05,False,True,RELEASE,RELEASED,
2.5600000000013736,LOWERING,0.16227609943974125,929.7735613742435,29.879153452889618,-0.037260044688810695,256.69795923230873,1.7951768933337906,-0.5481724951087643,1.7094347001174954,1.0936561701050729,-3.5040904799512207,-341.17808110224894,243.72511508345036,760.0384417885011,81.13666619740033,16.47346056850801,-0.15716074711025385,243.72511508345445,234.3855638668368,345.79055713162074,46.83643864527727,324.9999999999973,0.5176100784960327,187.54912522155954,23.98795543308606,5.778490686848551,599.5681138154712,0.009016372689355734,1.86872352685441e-05,False,True,RELEASE,RELEASED,
2.5700000000013947,LOWERING,0.16361689031325843,937.455727200463,30.133529697044896,-0.03700179017129485,258.7928813653748,1.7940275672984214,-0.5494842788249279,1.7078061773957078,1.0930393044915265,-3.50374378434494,-343.96299746935625,246.30216243195832,765.5111724156158,81.07131040249358,16.74343886134824,-0.15391422644421482,246.30216243196423,236.90038959323073,348.6792263803234,47.231970770137195,327.9999999999974,0.5148216665124015,189.66841882309353,23.98796542189729,5.773700867899584,599.5684450827068,0.008879326446422198,1.8687666518246715e-05,False,True,RELEASE,RELEASED,
2.580000000001416,LOWERING,0.16495704265351352,945.1342345005827,30.38782424694333,-0.036746633366544754,260.88734285112173,1.7928948602166286,-0.5507610518855698,1.706204631196711,1.0924332512626864,-3.503378342817979,-346.74415843657255,248.87246969503437,770.9829134018985,81.00687529378008,17.015551414979683,-0.1507379672215734,248.87246969503673,239.4093637218354,351.5681179400172,47.62824109990581,330.99999999999756,0.5120363914686079,191.7811226219296,23.987975254061684,5.768986160093336,599.568771186536,0.008736861446174693,1.86884697370715e-05,False,True,RELEASE,RELEASED,
2.590000000001437,LOWERING,0.1662965814901637,952.8092266839744,30.642040780947028,-0.0364945266922555,262.98138591194544,1.7917784282544307,-0.5520038179673595,1.7046294966670548,1.0918377882929082,-3.502995093110647,-349.5216653766709,251.43615033123456,776.4538295428567,80.94334343655706,17.289802334041894,-0.14763072516228704,251.43615033123675,241.91258210432161,354.4572713209467,48.02522187710113,333.9999999999976,0.5092554176618941,193.88736022722048,23.987984931523687,5.764345631220226,599.5690919519118,0.008589777417667754,1.8689092087242898e-05,False,True,RELEASE,RELEASED,
2.600000000001458,LOWERING,0.16763553060318886,960.4808399998873,30.896182768485925,-0.03624542358198891,265.0750501730516,1.7906779339584462,-0.553213542432315,1.703080221139092,1.091252697517495,-3.5025949194976302,-352.2956146908113,253.9933127986363,781.9240747922883,80.88069756850498,17.56619555606146,-0.14459123238788152,253.9933127986392,244.41013610996617,357.3467231095866,48.4228866792609,336.9999999999978,0.5064798243008499,195.98724943070528,23.987994455082376,5.759778898284321,599.5694072405595,0.00843932872950326,1.868928227821698e-05,False,True,RELEASE,RELEASED,
2.610000000001479,LOWERING,0.16897391259744896,968.1492039646279,31.15025348608433,-0.035999278354857944,267.1683728273905,1.7895930463222824,-0.5543911542182915,1.701556264003509,1.0906777649630672,-3.502178656396312,-355.066098111937,256.544060835542,787.3937929675772,80.81892062158376,17.844734859808888,-0.14161820499731448,256.5440608355446,246.9021128851437,360.23650716374493,48.82121035006722,339.99999999999784,0.5037106112671828,198.0809025350765,23.988003824820193,5.755285921928933,599.5697169638581,0.008287040058853279,1.8690015288314044e-05,False,True,RELEASE,RELEASED,
2.6200000000015002,LOWERING,0.1703117489719436,975.8144417583906,31.40425605321359,-0.035756045406607304,269.2613887888405,1.7885234408040196,-0.5555375475901779,1.7000570965479191,1.0901127807629796,-3.5017470915739706,-357.8332029740278,259.0884937118615,792.8631183966233,80.75799573807126,18.125423873123786,-0.13871034902882684,259.08849371186284,249.3885955853336,363.12665479398646,49.220168923414036,342.999999999998,0.5009487044570038,200.16842666191957,23.988013040502157,5.750866815003954,599.5700210893683,0.008134534861353515,1.8689656272385946e-05,False,True,RELEASE,RELEASED,
2.6300000000015213,LOWERING,0.1716490601843202,983.4766705948607,31.658193405022985,-0.03551568047764772,271.3541308345687,1.787468799323782,-0.5566535837824522,1.698582201784228,1.0895575391597896,-3.5013009691014654,-360.5970124612296,261.6267064623537,798.3321765194205,80.69790628395913,18.40826608024606,-0.13586636532789953,261.62670646235443,251.8696635900704,366.0171949320396,49.61973954990978,345.99999999999807,0.49819496073559577,202.2499240401606,23.98802210192054,5.74652167729295,599.5703196416607,0.007983387400040343,1.868953928862993e-05,False,True,RELEASE,RELEASED,
2.6400000000015424,LOWERING,0.17298586571099947,991.1360020657092,31.9120683339397,-0.03527813959920025,273.44662973748126,1.7864288102489916,-0.5577400925471018,1.6971310742700985,1.089011838496822,-3.500840992106205,-363.3576058416277,264.1587901059496,803.8010844496342,80.63863586061109,18.693264828696798,-0.13308495362957729,264.15879010595455,254.34539270485047,368.9081542871726,50.01990042927878,348.99999999999824,0.49545017253479956,204.3254922755717,23.988031009168523,5.742250464277614,599.5706126984187,0.007835005409969398,1.8689193169052487e-05,False,True,RELEASE,RELEASED,
2.6500000000015635,LOWERING,0.17432218410323283,998.7925424617773,32.16588348713363,-0.03504337948756058,275.5389143895811,1.7854031683677996,-0.5587978736135927,1.6957032199246145,1.0884754812004456,-3.5003678253390227,-366.1150586866691,266.68483185226575,809.2699514988656,80.58016831476733,18.980423335747233,-0.1303648161111255,266.68483185226444,256.8158553510135,371.799557491548,50.420630748667634,351.9999999999983,0.4927150721206821,206.39522460234588,23.988039762834934,5.738052893770176,599.5709003829609,0.007690546846125024,1.868894082690531e-05,False,True,RELEASE,RELEASED,
2.6600000000015847,LOWERING,0.1756580330393922,1006.4463930726745,32.41964136722635,-0.034811357794260776,277.6310119169527,1.7843915748499557,-0.5598276980657341,1.6942981558373738,1.0879482737543327,-3.499882097561704,-368.86944307648264,269.2049152956745,814.7388796655459,80.52248774683642,19.269744694507786,-0.1277046605358123,269.2049152956737,259.2811207440133,374.69142723546423,50.821910625966666,354.99999999999847,0.4899903355576943,208.45921011804666,23.988048364119457,5.733928390655514,599.5711828544306,0.007550870934520226,1.8688524789922667e-05,False,True,RELEASE,RELEASED,
2.6700000000016058,LOWERING,0.17699342937377976,1014.0976504664393,32.673344356624334,-0.0345820325764895,279.7229477870126,1.7833937371959359,-0.5608303096403543,1.6929154100717465,1.0874300266667463,-3.4993844037649566,-371.62082779168753,271.7191205974445,820.2079640908521,80.46557851756802,19.561231879663946,-0.12510320298571287,271.7191205974429,261.7412550604741,377.58378439328584,51.223721057208536,357.9999999999985,0.48727658639358395,210.51753400326555,23.988056814874117,5.729876067005378,599.5714602968064,0.007416521061045955,1.868834306151257e-05,False,True,RELEASE,RELEASED,
2.680000000001627,LOWERING,0.17832838918222185,1021.7464067507718,32.926994715141134,-0.03435536261369594,281.8147459086113,1.7824093691753768,-0.5618064259528429,1.6915545214630998,1.0869205544317666,-3.498875307228521,-374.3692784925082,274.22752465665684,825.6772934838913,80.40942525323004,19.85488775288379,-0.12255917026271845,274.22752465666014,264.19632159478334,380.47664814077496,51.62604386759136,360.9999999999987,0.4845743990871595,212.57027772719198,23.988065117581197,5.7258947326577765,599.5717329078057,0.007287735080306668,1.868755509804032e-05,False,True,RELEASE,RELEASED,
2.690000000001648,LOWERING,0.17966292780469992,1029.3927498172914,33.180594578993095,-0.03413130764993227,283.9064287255178,1.7814381907565735,-0.56275673965462,1.690215039413434,1.0864196754852764,-3.4983553414366035,-377.1148578862265,276.7302012707367,831.1469505185621,80.3540128494879,20.150715067919382,-0.12007130191744864,276.73020127074284,266.64638090596566,383.3700360644703,52.02886166579589,363.99999999999875,0.4818843021989773,214.61751924016977,23.988073275281018,5.721982929860591,599.5720008885537,0.007164477280015014,1.868636628898912e-05,False,True,RELEASE,RELEASED,
2.700000000001669,LOWERING,0.180997059885237,1037.0367635700695,33.434145992688215,-0.0339098275924873,285.99801730377874,1.7804799280282482,-0.563681919527159,1.6888965236833353,1.0859272121564518,-3.497825011860386,-379.8576258838645,279.2272212863678,836.6170122041358,80.29932647412323,20.44871647542314,-0.11763835204999396,279.227221286373,269.0914909555914,386.2639642637096,52.43215780140275,366.9999999999989,0.47920678136317685,216.65933315418863,23.988081291464198,5.718138984921656,599.5722644346763,0.007046485647249412,1.8686300094827857e-05,False,True,RELEASE,RELEASED,
2.71000000000169,LOWERING,0.18233079940924746,1044.6785281396283,33.68765089290822,-0.03369088320684824,288.0895314134023,1.7795343131147312,-0.5645826115167147,1.6875985441821417,1.0854429906154128,-3.4972847976176102,-382.5976397468562,281.7186527414335,842.0875502314728,80.24535156872932,20.748894527498432,-0.11525909080415886,281.71865274143664,271.5317072373288,389.1584474458401,52.8359163251331,369.999999999999,0.47654228205714955,218.69579091219572,23.9880891699433,5.714361069763088,599.5725237292368,0.006933328042518561,1.8686464713368878e-05,False,True,RELEASE,RELEASED,
2.7200000000017113,LOWERING,0.18366415973853964,1052.31812008349,33.9411111190417,-0.03347443595535532,290.18098960477954,1.7786010840859428,-0.565459439713774,1.6863206807574518,1.08496684081763,-3.4967351530198436,-385.334954224562,284.2045609986797,847.5586312968082,80.19207384953123,21.0512516820023,-0.1129323056510998,284.2045609986792,273.96708289872254,392.05349901511994,53.240121951703856,372.99999999999915,0.4738912121842482,220.72696094701868,23.98809691471746,5.710647266834819,599.5727789377465,0.006824461388631242,1.868662758397477e-05,False,True,RELEASE,RELEASED,
2.7300000000017324,LOWERING,0.18499715364414002,1059.955612574246,34.1945284153487,-0.03326044808431001,292.272409280226,1.7776799848627753,-0.5663130072807859,1.6850625229843288,1.0844985964456284,-3.4961765090156582,-388.0696216832417,286.685008871664,853.0303174045796,80.13947930741533,21.35579030661699,-0.11065680245212661,286.68500887166743,276.39766885585544,394.9491311557708,53.64476002520135,375.9999999999992,0.4712539444835196,222.7529088306541,23.988104529841834,5.706995631713725,599.573030205243,0.0067192887676199575,1.8685569685317205e-05,False,True,RELEASE,RELEASED,
2.7400000000017535,LOWERING,0.1863297933370989,1067.5910755760613,34.44790445036479,-0.0330488821793009,294.3638067609913,1.776770765118805,-0.5671438973314932,1.683823669954936,1.0840380948484545,-3.4956092745378724,-390.8016922271328,289.1600567435276,858.5026661508384,80.08755420726834,21.662512682705557,-0.10843140636859516,289.1600567435285,278.82351390128946,397.84535490960627,54.049816486687234,378.9999999999994,0.46863081877924656,224.77369741460222,23.988112019311103,5.703404248972559,599.5732776553032,0.006617210449920918,1.8683910454342367e-05,False,True,RELEASE,RELEASED,
2.7500000000017746,LOWERING,0.18766209049742152,1075.2245760104365,34.70124080657289,-0.032839701615486314,296.4551973500618,1.7758731801790224,-0.5679526737648856,1.6826037300691072,1.0835851769793268,-3.4950338377619428,-393.53121381217926,291.62976267906424,863.9757309886265,80.03628508671572,21.971421008966022,-0.10625496256568567,291.6297626790649,281.2446648057916,400.74218024862984,54.455277843879145,381.99999999999943,0.4660221440820935,226.78938696191247,23.988119386963522,5.699871278186273,599.5735213907183,0.0065176660357941785,1.8682909185940844e-05,False,True,RELEASE,RELEASED,
2.7600000000017957,LOWERING,0.18899405630125815,1082.8561779119952,34.95453898836074,-0.03263287043834071,298.5465953910455,1.774986990916291,-0.5687398820565479,1.6814023208263906,1.083139687331843,-3.4944505672819606,-396.25823235291017,294.09418253050006,869.4495614766074,79.98565875433052,22.28251740489616,-0.10412633681795569,294.09418253050336,283.6611664142267,403.6396161429532,54.86113114271296,384.9999999999996,0.46342820055263034,228.80003527151376,23.988126636409312,5.6963949882715665,599.5737614954769,0.006420166084131651,1.8679834226986713e-05,False,True,RELEASE,RELEASED,
2.770000000001817,LOWERING,0.19032570144647515,1090.4859425749971,35.207800440918746,-0.032428352920363106,300.6380143234193,1.7741119636462055,-0.5695060500103738,1.680219068619975,1.0827014738750904,-3.493859813212034,-398.9827918231386,296.55337003758916,874.9242035121425,79.9356622874106,22.59580391408213,-0.1020444159435101,296.55337003758933,286.07306173614495,406.5376706243693,55.267363940769826,387.99999999999966,0.4608492413371404,230.80569779537512,23.988133770984586,5.692973779577685,599.5739980376823,0.006324312704284019,1.867772148500535e-05,False,True,RELEASE,RELEASED,
2.780000000001838,LOWERING,0.19165703617671778,1098.1139286912064,35.46102652825477,-0.032226114319474114,302.72946673438474,1.7732478700205403,-0.5702516884726039,1.6790536085326542,1.0822703879879472,-3.493261908216258,-401.7049343506521,299.00737692216165,880.3996995497864,79.88628302933682,22.911282507321243,-0.10000810816870853,299.0073769221665,288.4803920312793,409.43635084588465,55.67396428226712,390.99999999999983,0.4582854942848598,232.80642774901216,23.988140793729876,5.689606194192055,599.5742310730093,0.00622980952795249,1.8676138353157512e-05,False,True,RELEASE,RELEASED,
2.790000000001859,LOWERING,0.19298807030407128,1105.7401924797298,35.71421854095172,-0.03202612073753613,304.82096440756436,1.7723944869200121,-0.5709772920108241,1.677905584135305,1.081846284392832,-3.4926571684743504,-404.4247003065278,301.456252977679,885.8760888062848,79.83750858660926,23.228955085589412,-0.0980163433507073,301.4562529776813,290.88319689035797,412.3356631374873,56.080920674564794,393.9999999999999,0.4557371635550235,234.80227621579317,23.988147707390528,5.686290915745001,599.5744606483429,0.006136462216172589,1.8674290615194877e-05,False,True,RELEASE,RELEASED,
2.80000000000188,LOWERING,0.19431881323041109,1113.3647878093457,35.96737773485907,-0.031828338090832714,306.9125183687537,1.7715515963467108,-0.5716833395598269,1.676774647288151,1.0814290210891453,-3.4920458945867967,-407.1421283893413,303.90004615402466,891.3534074530096,79.78932682559606,23.54882348286265,-0.09606807314446542,303.9000461540266,293.28151431156095,415.23561305841076,56.488222066090174,397.00000000000006,0.45320443112144354,236.79329224547078,23.988154514435166,5.683026760555571,599.5746868052911,0.006044171158784195,1.8672657418505878e-05,False,True,RELEASE,RELEASED,
2.810000000001901,LOWERING,0.19564927396753298,1120.9877663138407,36.19740138716384,-0.03229119895823994,309.0041389289248,1.7707189853163696,-0.572370295036377,1.6756604579448087,1.0810184592866052,-3.4914283724240995,-409.85725570465223,306.33880263788467,896.8316887965649,79.74172586903165,23.870889468801572,-0.09416227106800079,306.3388026378874,295.6753807728796,418.1362054461313,56.89585782555247,400.0,0.4506874581817361,238.7795229473271,23.988161217087626,5.679812662322046,599.5749095833382,0.005952918349986902,1.8670054799940772e-05,False,True,RELEASE,RELEASED,
2.8200000000019223,LOWERING,0.19696748117386037,1128.5405372584696,36.42975383113329,-0.03261795517451069,311.01818307259555,1.7752378946546588,-0.5759297812383195,1.679218410362597,1.0808753923176975,-3.5107180976945913,-414.8983804886342,310.2529672144443,904.5937740811769,80.2400430443311,24.183077550444644,0.22229267941469288,310.25296721444204,299.45546201561706,420.8653330717327,49.055155231814354,400.0,0.46651164417637214,250.4003067838027,23.988167547530505,5.676777046728551,599.5749558364028,-0.005731510219817437,1.8687382365101257e-05,False,True,RELEASE,RELEASED,
2.8300000000019434,LOWERING,0.19820426524848123,1135.6267880229464,36.634169062804624,-0.033303804503803325,312.77103156501323,1.7848428920309696,-0.5887041734615207,1.6849603987579238,1.081100421835889,-3.576032698180267,-425.27096006841816,318.92184250409093,912.8025571122079,81.47210841431205,24.45642954656063,0.42057960345880474,318.92184250408906,307.6996957454564,423.02755066908566,36.482428435192446,400.0,0.5001427413819941,271.21726731026394,23.98817164753717,5.674810983719425,599.5744678303583,-0.02198877368936003,1.875075422219652e-05,False,True,RELEASE,RELEASED,
2.8400000000019645,LOWERING,0.1992843815515657,1141.8153985779477,36.805341928060706,-0.034102966909646634,314.1713673316623,1.7958618119313472,-0.6078931152846565,1.6898478061478959,1.08146177465483,-3.671400952549714,-438.99172095401934,330.79158599605285,919.5488842242562,83.05959962386129,24.67591201276158,0.46462332134291273,330.7915859960521,318.9327538533927,424.5598238378182,24.829650358422555,400.0,0.5384380694298748,294.1031034949701,23.988171153169006,5.675048046530008,599.5734636345596,-0.03414596408013448,1.8844801331852068e-05,False,True,RELEASE,RELEASED,
2.8500000000019856,LOWERING,0.2001739644057279,1146.9123328850173,36.942914314225256,-0.0348509803799162,315.21895288370325,1.8061146809554727,-0.6287746899371978,1.6931310138489788,1.0817610480089839,-3.773420641847357,-453.204341549395,343.2954134410926,924.4076148600641,84.6668359424811,24.84074706427459,0.40134510154405234,343.2954180686704,330.7326472607668,425.56739953765805,15.793731564808581,400.0,0.5738568428495167,314.9389156959582,23.988164778403807,5.678104916768695,599.5721427431015,-0.03972504745112637,1.8949305612636635e-05,False,True,RELEASE,RELEASED,
2.8600000000020067,LOWERING,0.20087738374066702,1150.9426287970084,37.05051530143207,-0.03547154421765209,315.96155761377946,1.8145257777138712,-0.6479870081995998,1.6948795341240808,1.0818907583868735,-3.8659015325652977,-465.9433113964512,354.6183233128339,927.5422670560417,86.08136465817516,24.95792647243142,0.2856969530106426,354.6183249476231,341.39567230728966,426.18982653759804,9.435218077901027,400.0,0.6031066718924394,331.96045422938863,23.988152602842334,5.6839434192907206,599.5707392882962,-0.03891339903284763,1.9046514040610418e-05,False,True,RELEASE,RELEASED,
2.870000000002028,LOWERING,0.20142115278892836,1154.0581959465305,37.1337357169236,-0.03594765753716101,316.4640987623401,1.8207750650644012,-0.6639127683286272,1.6954178463170937,1.0818185723250584,-3.941294368703264,-476.3160331348338,363.91176569612423,929.3126017130255,87.20826820303415,25.037381451365036,0.1586177843083192,363.9117662017392,350.13293723155937,426.55096671330796,5.262276381391985,400.0,0.6255014604048214,344.8706608501674,23.988135811016306,5.691995532568683,599.569458065059,-0.033035275896062366,1.913159933053521e-05,False,True,RELEASE,RELEASED,
2.880000000002049,LOWERING,0.20183970981682578,1156.4563510649366,37.198499750304926,-0.036293003595713476,316.7905369525831,1.8249941754795758,-0.6762012681928844,1.6950975150205108,1.0815575319392257,-3.9982140660849987,-484.19902013048835,371.0298137377066,930.0954388123218,88.0363780704559,25.089061075676486,0.04376724664922449,371.02981387022817,356.8161707173014,426.74583512237115,2.694442057074923,400.0,0.6416939326146885,354.1217286602265,23.98811626755255,5.701367112838787,599.5684491113952,-0.023786287516625926,1.9192543220469815e-05,False,True,RELEASE,RELEASED,
2.89000000000207,LOWERING,0.20216651927174534,1158.328831312123,37.25010873430763,-0.036532841263264344,316.9952934091104,1.8275271332066054,-0.6852003025362753,1.694212491988697,1.0811412616235132,-4.038621905198164,-489.8844799371225,376.2105649510984,930.2106791240541,88.60126078138381,25.121504010882,-0.04884980623995716,376.21056497880664,361.67543904513127,426.84167037313085,1.227326101898825,400.0,0.6528645306241594,360.44811294323245,23.988096098276312,5.711038769845578,599.567802250162,-0.012832083146898654,1.9233436802323922e-05,False,True,RELEASE,RELEASED,
2.900000000002091,LOWERING,0.2024298327825066,1159.837506597662,37.29283687649216,-0.03669373150564741,317.1205877827201,1.828772088920577,-0.6915392037856488,1.6929798825864537,1.0806081008653827,-4.065782608536473,-493.821416145637,379.84102629260497,929.9013166196399,88.95677223466816,25.141366798914476,-0.11774918055090211,379.84102629680007,365.0779402878533,426.88326351142865,0.4716765282807387,400.0,0.6602673302013644,364.6062637595726,23.988077349478672,5.720029258328862,599.5675519779845,-0.0016093296358530296,1.9259129174997724e-05,False,True,RELEASE,RELEASED,
2.9100000000021122,LOWERING,0.20265147082803736,1161.1073990565064,37.32987972455037,-0.036798946424046755,317.19696939381623,1.8290956860489938,-0.6958849644180053,1.691548150369947,1.0799928366505391,-4.083082174733503,-496.46556493289154,382.32008113538654,929.3386969996134,89.15773344032229,25.1534793481554,-0.16572899097201343,382.32008113582054,367.4000078173757,426.89874532341963,0.14752602933680237,400.0,0.6650111429281254,367.2524817880389,23.98806174784804,5.727510595652171,599.5676872289894,0.008758177321965377,1.9273534803687653e-05,False,True,RELEASE,RELEASED,
2.9200000000021333,LOWERING,0.20284720391750322,1162.2288670502512,37.363484231232285,-0.036866957997044814,317.2452606867289,1.8287977593836575,-0.6988250317677125,1.6900132602147067,1.0793234871577686,-4.093469660737879,-498.2093250010855,383.9938096655576,928.6367841369272,89.25149905581927,25.161138857047654,-0.19712257733897331,383.99380966564735,368.96719089599384,426.90460776754327,0.06496449725995035,400.0,0.6679801107368227,368.9022263987339,23.98805055860286,5.73287608763246,599.5681629209653,0.01747986409305735,1.927934263790121e-05,False,True,RELEASE,RELEASED,
2.9300000000021544,LOWERING,0.20302780073745982,1163.263610607951,37.39514492165115,-0.03691144313446353,317.2788651426455,1.8281048721068565,-0.7008263295845336,1.6884341500875588,1.078620907660198,-4.099271169829884,-499.3596061422213,385.1342839499657,927.8673616274357,89.27515760586954,25.16646956655126,-0.21630498016281763,385.1342839501662,370.03494934467295,426.9096626637768,0.10266681867068428,400.0,0.6698293953371717,369.93228252600227,23.988044528157197,5.735767818405162,599.5689115742005,0.02408362717822321,1.9279395218063655e-05,False,True,RELEASE,RELEASED,
2.9400000000021755,LOWERING,0.20320022200331403,1164.2515116911259,37.425801472753896,-0.036941954370440275,317.3058987703065,1.827177809948685,-0.7022342877865267,1.6868449111361195,1.0778997009063158,-4.102196841938091,-500.14038538986824,385.94089883457855,927.0729904836459,89.25575126894849,25.170758348608004,-0.22702306226693736,385.94089883521974,370.7902675291667,426.9179607299817,0.18827897550005446,400.0,0.6710159333613838,370.6019885536667,23.988043893638146,5.736072084102603,599.5698540318888,0.028380560022975843,1.927639094390088e-05,False,True,RELEASE,RELEASED,
2.9500000000021966,LOWERING,0.20336870746006944,1165.2168622492677,37.45600802629822,-0.03696480542468013,317.3309246661558,1.8261243243159477,-0.7032898059153561,1.6852636282652982,1.0771695511347021,-4.103432493370416,-500.70585739583487,386.5514858642962,926.2769829730901,89.211835749182,25.174728937369366,-0.23219315501148685,386.55148586571295,371.3622773350231,426.9308157574315,0.28229300684228065,400.0,0.6718409371037618,371.07998432818084,23.988048440993154,5.733891528032431,599.5709086997622,0.030417252663744954,1.92711764697151e-05,False,True,RELEASE,RELEASED,
2.9600000000022177,LOWERING,0.20353565873360724,1166.1734225850728,37.48606521067076,-0.03698393525808151,317.3562515438774,1.825012510546384,-0.7041518712100692,1.6836985495991177,1.076436538716926,-4.103756198594294,-501.15643269780804,387.056194982805,925.4906231889923,89.15542336045824,25.178747598495203,-0.23393324395021864,387.05619498516353,371.83537330485643,426.94812300967544,0.365835459565119,400.0,0.6724916993186776,371.4695378452913,23.988057594462873,5.72950223681981,599.5719989637739,0.03042140869620269,1.9264746129010746e-05,False,True,RELEASE,RELEASED,
2.970000000002239,LOWERING,0.20370230313480978,1167.1282246719118,37.516116238758656,-0.03700164239115997,317.3828448557625,1.8238826164038462,-0.7049195498788239,1.682152260236503,1.075704250800048,-4.10364966473162,-501.55373277853255,387.5106396832783,924.7181448166295,89.09381935559027,25.182967552184262,-0.23369381252194898,387.51063968656183,372.2615800795934,426.9691613327366,0.4320677076634638,400.0,0.6730770461584822,371.8295123719299,23.98807052210056,5.723303142871903,599.573058633657,0.028745658620623615,1.9256969736147767e-05,False,True,RELEASE,RELEASED,
2.98000000000226,LOWERING,0.20386916273353592,1168.0842597497374,37.54621294369951,-0.03701915423647654,317.4109304399563,1.8227564532738414,-0.7056505739350091,1.6806243945202706,1.074974639436544,-4.103391389686621,-501.9329801900471,387.94682741307565,923.9599966473053,89.03114193369204,25.187424690689703,-0.23241384741038473,387.9468274171328,372.6708145934148,426.99304285999426,0.4805275879487567,400.0,0.673654751190957,372.190287005466,23.988086244459367,5.715763908081735,599.5740354228851,0.025813750681089154,1.9249616030947436e-05,False,True,RELEASE,RELEASED,
2.990000000002281,LOWERING,0.2040363675896154,1169.042273006482,37.57635865479872,-0.03703704036011709,317.4403721100359,1.8216443487248781,-0.7063757184843584,1.6791133009946027,1.0742486428373168,-4.103128164411272,-502.3124198526733,388.38151273386114,923.2148654417138,88.96947533441262,25.192097461339518,-0.23066567693808793,388.3815127384937,373.07871886077055,427.0189377770262,0.5136520751376565,400.0,0.6742513106764574,372.5650667856329,23.98810373631486,5.707376147075129,599.5748926097797,0.0220724241848691,1.9242228660232286e-05,False,True,RELEASE,RELEASED,
3.000000000002302,LOWERING,0.20420385326062176,1170.00189521424,37.60653453802532,-0.037055491895261805,317.470892910182,1.8205499620494783,-0.7071091935147245,1.6776169863128212,1.0735266106650825,-4.10292640906415,-502.7000294253992,388.82217438853843,922.48084226855,88.90968682329262,25.196941961297068,-0.22877374772946268,388.8221743935584,373.4922599533329,427.0461653381415,0.5347991537253733,400.0,0.6748753820262647,372.95746079960753,23.98812201412851,5.698611487347195,599.5756091249316,0.01795127403848884,1.9235033121844936e-05,False,True,RELEASE,RELEASED,
3.0100000000023233,LOWERING,0.20437147753825435,1170.962311579468,37.63671451770911,-0.03707450431900115,317.50219416369595,1.8194734240638295,-0.7078557246013778,1.6761335907449657,1.0728085797397708,-4.102806929059901,-503.09802848769596,389.27105035860745,921.7560312563265,88.85197157843646,25.201910824690327,-0.2269042740392706,389.2710503638626,373.91350793369253,427.074211928017,0.5472334447768503,400.0,0.6755264057447028,373.3662744889157,23.988140204695203,5.689888651409589,599.5761783746213,0.013831925750931617,1.9228738153742597e-05,False,True,RELEASE,RELEASED,
3.0200000000023444,LOWERING,0.20453908394727677,1171.9226255651004,37.66687307312333,-0.03709398555597959,317.5340115013006,1.8184132601816145,-0.708615109806906,1.6746615810239613,1.072094442546856,-4.102767134575367,-503.5057388130234,389.7277102568026,921.0388183866878,88.79619503902137,25.20696211502703,-0.22512859782796113,389.72771026218356,374.34204278834926,427.1027141109876,0.5536911681164725,400.0,0.6761998042391135,373.7883516202328,23.988157592895156,5.681550558204757,599.5766061407005,0.01002694416602612,1.922131562537288e-05,False,True,RELEASE,RELEASED,
3.0300000000023655,LOWERING,0.2047065321591754,1172.8820331479808,37.69698858382273,-0.03711381838009813,317.5661346221371,1.8173674852303245,-0.7093849774663414,1.6731997878667904,1.0713840431785795,-4.1027943861287195,-503.92128656792573,390.19059533686254,920.3279489749723,88.7420941800939,25.212062464711334,-0.22346541374241724,390.19059534228865,374.77639435211483,427.1314287266474,0.5562668148002103,400.0,0.6768898868771285,374.2201275373146,23.988173648576414,5.673851431561905,599.5769078986448,0.006768140817618118,1.9215592658383684e-05,False,True,RELEASE,RELEASED,
3.0400000000023866,LOWERING,0.20487370919088602,1173.8398869828352,37.72704425919984,-0.03713389164378291,317.5984080507885,1.8163341673054767,-0.7101623346902227,1.671747368985102,1.070677226862739,-4.102873415786966,-504.34253701977366,390.6578709521088,919.6225088766323,88.68938618021951,25.217187199098802,-0.22190731165352418,390.657870957537,375.21483861493476,427.160201737619,0.5564591868306934,400.0,0.6775913047688109,374.65837942810407,23.988188034259128,5.666953104925086,599.5771058725519,0.0042033451511178654,1.9209931338082242e-05,False,True,RELEASE,RELEASED,
3.0500000000024077,LOWERING,0.20504053040236578,1174.7957021179402,37.75702787314292,-0.03715411257567783,317.6307233721346,1.8153116720053208,-0.7109443486038235,1.6703037447443623,1.0699738616002923,-4.102990015977342,-504.7675494669633,391.127846950385,918.9218659913463,88.6378198181608,25.22231910747637,-0.22043640905849315,391.1278469557864,375.6557898302512,427.1889411950062,0.5552810082617725,400.0,0.678299645848972,375.1005088219894,23.988200596551025,5.6609291370726575,599.5772261045411,0.002400273585115187,1.9202885695790428e-05,False,True,RELEASE,RELEASED,
3.0600000000024288,LOWERING,0.2052069358090629,1175.7491348671306,37.78693094521253,-0.03717441053173939,317.66300885383777,1.8142987283453738,-0.7117286707552081,1.668868531341119,1.0692738442775183,-4.1031325240613015,-505.1947514886754,391.59914371735516,918.2256029626726,88.58719379629619,25.227446798518358,-0.21903282349444453,391.5991437227123,376.09795485624784,427.2175960740341,0.5533801359171662,400.0,0.6790115603910276,375.5445747203307,23.98821134490196,5.655774999279597,599.5772957624374,0.0013558681761374203,1.9196695745904435e-05,False,True,RELEASE,RELEASED,
3.07000000000245,LOWERING,0.20537288485284205,1176.6999528494082,37.81674785028666,-0.03719473490763474,317.69521945756316,1.813294405493918,-0.7125135104422679,1.667441482761172,1.068577099035208,-4.103292108384634,-505.62296261571174,392.07072057688504,917.533455976388,88.5373576384495,25.23256311654731,-0.21767871616759749,392.0707205822002,376.5403589642697,427.24614086966176,0.5511476285229264,400.0,0.6797246598802333,375.9892113357468,23.9882204216412,5.651422442897715,599.577340849582,0.001009374783350836,1.919011727125053e-05,False,True,RELEASE,RELEASED,
3.080000000002471,LOWERING,0.20553835125517736,1177.6480054999108,37.846475008220054,-0.03721505128648652,317.72732850469345,1.8122980531180521,-0.713297585609184,1.6660224451367969,1.067883572481838,-4.103462479995537,-506.05134754545827,392.5418388088045,916.8452652930421,88.48820469331052,25.237663819682357,-0.216359776338777,392.5418388140704,376.9823107017311,427.274565035323,0.5488037337512992,400.0,0.6804373306059817,376.4335069679798,23.988228067192466,5.647756179574929,599.577384419488,0.0012574708427424142,1.9182844241072416e-05,False,True,RELEASE,RELEASED,
3.090000000002492,LOWERING,0.20570331866118102,1178.593199112034,37.87611022816837,-0.03723533736006238,317.7593213069268,1.811309234194411,-0.714080026596538,1.6646113232505153,1.0671932282391148,-4.103639392116017,-506.47934492820974,393.01200106589533,916.1609382435074,88.43966264748873,25.24274656935969,-0.21506535453420383,393.0120010711158,377.4233448570842,427.30286613093574,0.5464611991051811,400.0,0.6811485372089797,376.876883657979,23.98823458402168,5.644631169331605,599.5774453405784,0.0019699092780731675,1.9177216643129213e-05,False,True,RELEASE,RELEASED,
3.100000000002513,LOWERING,0.2058677772720408,1179.535477542719,37.90565220602056,-0.03725557966205113,317.7911906048998,1.8103276642437873,-0.714860273145083,1.6632080572812609,1.0665060420111598,-4.103820119353749,-506.90659577738245,393.48088923174237,915.4804231562166,88.39168431892563,25.247810206519944,-0.2137879798058293,393.48088923691995,377.8631641011555,427.3310456227641,0.5441690861949269,400.0,0.6818576509128697,377.3189950149606,23.988240302321756,5.641889075767736,599.5775376058264,0.0030043868369844517,1.917030249387608e-05,False,True,RELEASE,RELEASED,
3.1100000000025343,LOWERING,0.2060317214077242,1180.4748082477768,37.935100197257015,-0.03727577020532357,317.82293347614046,1.809353162266322,-0.7156379835671316,1.661812607449802,1.0658219976201753,-4.1040030046847225,-507.3328822305994,393.94831072565586,914.8036919228657,88.34423992128869,25.252854260844806,-0.21252267719160045,393.9483107307836,378.30158862471177,427.35910647181083,0.54194144313891,400.0,0.6825643140799785,377.75964718157286,23.988245549758386,5.639372773965575,599.5776701413633,0.0042196398596816564,1.9163129394428324e-05,False,True,RELEASE,RELEASED,
3.1200000000025554,LOWERING,0.20619514783721546,1181.4111727148509,37.964453774697674,-0.037295904677927,317.8545493446816,1.8083856140121928,-0.7164129626622702,1.6604249443728927,1.0651410840569757,-4.104187103105403,-507.75807988584694,394.4141564380445,914.1307289162639,88.29731111172792,25.257878634777654,-0.21126629870229863,394.4141564431292,378.7385167175632,427.38705186353565,0.5397750398793733,400.0,0.6832683408055664,378.1987416776838,23.98825062686624,5.636938148824669,599.5778470382515,0.005486087020408981,1.9155967549977504e-05,False,True,RELEASE,RELEASED,
3.1300000000025765,LOWERING,0.20635805469142907,1182.3445602348702,37.99371267473959,-0.0373159811614137,317.88603876711454,1.807424946065394,-0.717185108512611,1.6590450433268065,1.0644632934150327,-4.104371920398367,-508.1821231341191,394.87836998471744,913.4615243180199,88.25088669830926,25.26288341076187,-0.21001695967174783,394.87836998975985,379.17389597394856,427.4148846244347,0.5376596627693857,400.0,0.6839696480569095,378.6362363111792,23.988255788962825,5.634462767985983,599.5780681130182,0.006693649346950714,1.9149531624407246e-05,False,True,RELEASE,RELEASED,
3.1400000000025976,LOWERING,0.20652044079154563,1183.274964053697,38.022876721525385,-0.03733599881622959,317.91740273721666,1.8064711084834701,-0.7179543754248904,1.657672881057585,1.0637886195180228,-4.104557232239299,-508.60498131371185,395.3409264696037,912.7960703533626,88.20495970836183,25.267868740794412,-0.20877360504789522,395.3409264746041,379.60770341425786,427.4426070240714,0.535583621350213,400.0,0.6846682103967737,379.07211979290764,23.98826123478976,5.631851328741122,599.578329694461,0.007756660421693873,1.9143847438840567e-05,False,True,RELEASE,RELEASED,
3.1500000000026187,LOWERING,0.2066823052580463,1184.2023791320596,38.051945762480436,-0.03735595767237902,317.9486423193711,1.8055240637425327,-0.7187207494272342,1.6563084341680159,1.0631170570539943,-4.104742965247112,-509.02664312941306,395.8018185527092,912.1343593465616,88.1595254856563,25.272834788182852,-0.20753569713605202,395.8018185576724,380.03993245166095,427.47022077352216,0.5335363476852422,400.0,0.6853640317291239,379.5063961039757,23.988267101537055,5.629038044086252,599.5786255354842,0.008616017855550773,1.91361931456413e-05,False,True,RELEASE,RELEASED,
3.16000000000264,LOWERING,0.20684364729996957,1185.1268009380822,38.080919663642064,-0.0373758576963391,317.9797584791394,1.8045837800711142,-0.7194842328834129,1.6549516784268714,1.0624486010588312,-4.1049291227206,-509.44710699083595,396.261047774233,911.4763828541379,88.11458051872789,25.277781700612955,-0.20630300273592184,396.26104777915486,380.47058478049155,427.4977271087062,0.5315093454008775,400.0,0.686057128661732,379.9390754350907,23.98827346547885,5.625986337913763,599.5789477575049,0.009238910676446999,1.9128233006426854e-05,False,True,RELEASE,RELEASED,
3.170000000002661,LOWERING,0.2070044661138239,1186.0482248680973,38.10979827706164,-0.037395699172008856,318.0107520244041,1.8036502276855846,-0.7202448353669778,1.6536025885796914,1.061783246628293,-4.105115740876808,-509.86637536539496,396.7186194582298,910.8221313931938,88.07012176178314,25.28270960078176,-0.2050754554006744,396.71861946311395,380.899665614613,427.5251268975978,0.5294962835338879,400.0,0.6867475213955665,380.3701693310791,23.988280347158536,5.622686358648822,599.5792877491939,0.009616582065850032,1.9122631314871796e-05,False,True,RELEASE,RELEASED,
3.180000000002682,LOWERING,0.20716476084515018,1186.9666460264154,38.13858144387795,-0.03741548242346296,318.041623603048,1.8027233768479447,-0.7210025686166779,1.6522611384046435,1.0611209887720228,-4.105302864863645,-510.28445171783204,397.1745399316715,910.1715944672775,88.02614627094049,25.28761858601572,-0.20385307079675385,397.17453993651117,381.32718109140893,427.5524207414348,0.5274927083540888,400.0,0.6874352292373863,380.79968838305484,23.988287719904342,5.619150895814775,599.5796369589425,0.009760654121637735,1.911616504912672e-05,False,True,RELEASE,RELEASED,
3.190000000002703,LOWERING,0.2073245305829907,1187.8820591936326,38.167269006209445,-0.037435207463909985,318.0723737253639,1.8018031970057373,-0.7217574440164928,1.6509273008666598,1.060461822350757,-4.105490536931772,-510.7013390293739,397.6288151636362,909.5247607171327,87.98265103173051,25.292508731821894,-0.20263589781370683,397.6288151684417,381.7531370032588,427.57960905800456,0.5254956353034572,400.0,0.6881202687838467,381.22764136795536,23.988295520421744,5.615410300719249,599.5799875395917,0.009698556087167631,1.910809886851439e-05,False,True,RELEASE,RELEASED,
3.200000000002724,LOWERING,0.20748377436946167,1188.7944588814796,38.195860793138074,-0.03745487442542264,318.10300279377986,1.8008896565308725,-0.7225094715469599,1.6496010482916212,1.0598057420588871,-4.10567879164319,-511.11703922326774,398.08145022367444,908.8816181031077,87.93963289540119,25.29738009660488,-0.20142399241291287,398.0814502284352,382.17753829416876,427.60669214463564,0.5235031518642472,400.0,0.6888026535318237,381.6540351423045,23.988303660276387,5.611506980075844,599.5803328227423,0.009468568174643366,1.9102170540463703e-05,False,True,RELEASE,RELEASED,
3.2100000000027453,LOWERING,0.2076424912144662,1189.7038394171188,38.224356625500825,-0.037474483501988946,318.1335111313083,1.7999827227581735,-0.7232586595309141,1.6482823525238242,1.0591527424292695,-4.105867654843607,-511.5315530691747,398.5324491762231,908.2421540743255,87.89708857198313,25.302232726183572,-0.20021740521394804,398.53244918094623,382.60038896340205,427.63367022297643,0.5215140857911251,400.0,0.6894823941629322,382.07887487761093,23.98831203722741,5.607489961368527,599.5806676170894,0.0091149300005684,1.9094372873951215e-05,False,True,RELEASE,RELEASED,
3.2200000000027664,LOWERING,0.2078006801104739,1190.6101950278262,38.2527563386854,-0.03749403440482718,318.16389900522233,1.799082362149688,-0.7240050147618653,1.6469711850538773,1.0585028178470037,-4.106057144420531,-511.944880309834,398.9818151800522,907.6063557075917,87.85501464912707,25.30706665755134,-0.19901617689879458,398.98181518473996,383.021692159984,427.6605434692329,0.5195277517956924,400.0,0.690159499076655,382.5021644081883,23.988320545570343,5.60340993312042,599.5809883397858,0.008683376510054686,1.9086362385678513e-05,False,True,RELEASE,RELEASED,
3.2300000000027875,LOWERING,0.20795834004515779,1191.5135199133958,38.28105974942247,-0.037513527327198,318.1941666451782,1.7981885404899345,-0.7247485427793957,1.6456675171153086,1.0578559625651485,-4.106247271723312,-512.3570198655227,399.4295506620002,906.9742098129332,87.8134076193855,25.31188192175486,-0.19782033761771345,399.42955066664985,383.44145034619737,427.6873120336498,0.5175437704007209,400.0,0.6908339749514432,382.92390657579665,23.98832908487661,5.599315054031127,599.5812930008872,0.00821736596166378,1.9078818610296366e-05,False,True,RELEASE,RELEASED,
3.2400000000028086,LOWERING,0.2081154700112581,1192.413808302654,38.30926669111735,-0.03753296203494917,318.2243142562869,1.7973012230668575,-0.7254892481680514,1.6443713197542027,1.0572121707190714,-4.106438043062678,-512.7679700424601,399.87565749754697,906.3457030096581,87.77226390721962,25.316678545971016,-0.1966299082753835,399.87565750215566,383.85966546707795,427.71397605249024,0.515561945190143,400.0,0.6915058272347215,383.3441035218878,23.988337566750104,5.595247712963269,599.5815810686574,0.007755163744306515,1.907143251855814e-05,False,True,RELEASE,RELEASED,
3.2500000000028297,LOWERING,0.20827206901380857,1193.311054494864,38.33737699274178,-0.03755233847531043,318.2543420281034,1.7964203748206204,-0.7262271348226057,1.6430825638774236,1.0565714363382337,-4.106629461025022,-513.1777287124456,400.32013716791414,905.7208217788334,87.73157989196586,25.321456554935256,-0.19544490236933143,400.3201371724949,384.27633909768406,427.74053565504164,0.5135821835073671,400.0,0.6921750605299148,383.7627569141767,23.988345919441755,5.591242316085043,599.5818532475555,0.007327850688028548,1.906358207293124e-05,False,True,RELEASE,RELEASED,
3.260000000002851,LOWERING,0.20842813607517272,1194.2052528885813,38.36539049078987,-0.03757165647796243,318.28425014056256,1.7955459604575406,-0.7269622061602257,1.6418012202852235,1.0559337533552842,-4.106821525516134,-513.5862934540351,400.76299088420717,905.0995524983688,87.6913519257579,25.326215971885055,-0.1942653278173907,400.7629908887464,384.691472559342,427.7669909674791,0.5116044476396269,400.0,0.6928416788822866,384.1798681117024,23.988354090355735,5.587324085018899,599.5821112016768,0.006958241319465763,1.9054847015809173e-05,False,True,RELEASE,RELEASED,
3.270000000002872,LOWERING,0.2085836702535741,1195.096398087825,38.39330700978523,-0.0375909163744199,318.3140387763621,1.7946779414581582,-0.7276944611791122,1.6405272581477377,1.055299115564132,-4.107014214021835,-513.9936591265633,401.2042174298063,904.481880638398,87.65157592255403,25.330956820529842,-0.19309104632674234,401.2042174343076,385.1050649081317,427.7933422112571,0.5096262439160455,400.0,0.6935056863608593,384.59543866421564,23.988362046636357,5.583508775379052,599.5823572546942,0.00666063429684538,1.9076106696047646e-05,False,True,RELEASE,RELEASED,
3.280000000002893,LOWERING,0.20873867063094695,1195.9844848324647,38.42112641629659,-0.03761011747708643,318.343708129969,1.793816287764508,-0.7284239099190606,1.6392606509361067,1.0546675167520936,-4.107207559200125,-514.3998275476862,401.6438216953569,903.8677940568352,87.6122489684963,25.335679126484727,-0.19192224264986635,401.6438216998217,385.5171208964803,427.81958939712945,0.5076512032021583,400.0,0.6941670869339405,385.00946969327816,23.988369774137738,5.579803170814632,599.5825940935608,0.006441242452566165,1.9118498968850872e-05,False,True,RELEASE,RELEASED,
3.290000000002914,LOWERING,0.2088931362639252,1196.869507717412,38.44884854717732,-0.03762925977599814,318.3732583388049,1.7929609630167374,-0.7291505540747519,1.6380013688621842,1.0540389506657222,-4.107401551115162,-514.8047951446543,402.0818039041715,903.2572786361609,87.57336728505648,25.34038290631685,-0.19075895089088135,402.0818039085968,385.9276409182775,427.8457326288647,0.5056792501664518,400.0,0.6948258830821161,385.42196166811107,23.98837727514639,5.576206175071777,599.5828244976447,0.006299194268805763,1.9159685521685788e-05,False,True,RELEASE,RELEASED,
3.3000000000029353,LOWERING,0.20904706625914427,1197.751461624064,38.47647325404516,-0.03764834311067426,318.4026895633907,1.792111929967744,-0.7298743945700028,1.6367493814520853,1.0534134108842461,-4.107596175780342,-515.2085579544964,402.51816388815524,902.6503199297797,87.53492700583928,25.345068180300245,-0.18960111980004513,402.51816389254213,386.3366250031043,427.8717720585906,0.5037095506881428,400.0,0.6954820778297685,385.83291545241616,23.98838456525723,5.5727103100437425,599.5830511101658,0.006227875776533942,1.920021230716884e-05,False,True,RELEASE,RELEASED,
3.3100000000029564,LOWERING,0.2092004597579076,1198.6303416324524,38.5040003838437,-0.037667367618420516,318.43200196690503,1.791269152671632,-0.7305954336126705,1.6355046590264608,1.0527908909033172,-4.107791425431883,-515.6111128739643,402.9529021952385,902.0469039202012,87.49692443637718,25.34973496916276,-0.18844872681557945,402.9529021995874,386.7440738476321,427.89770781605586,0.5017418779791569,400.0,0.6961356743708651,386.2423319696529,23.988391669795615,5.569303431501761,599.5832762611233,0.006216471078638541,1.9237665114246738e-05,False,True,RELEASE,RELEASED,
3.3200000000029775,LOWERING,0.20935331592888404,1199.5061429794005,38.531429811903855,-0.03768633280670214,318.4611957142625,1.790432595568713,-0.7313136737894831,1.634267172099914,1.0521713841549185,-4.10798729390206,-516.0124570632715,403.3860195892564,901.4470166854069,87.45935594037536,25.354383293939456,-0.18730176029907852,403.3860195935795,387.1499883491021,427.92354002600126,0.4997762173904903,400.0,0.6967866758841403,386.6502121317116,23.988398620140487,5.565970492273797,599.5835018461605,0.006251550693839647,1.9275371684557285e-05,False,True,RELEASE,RELEASED,
3.3300000000029986,LOWERING,0.2095056339661561,1200.378861047341,38.55876138355484,-0.03770523911702373,318.4902709718004,1.789602223147155,-0.7320291177590467,1.633036891146722,1.0515548840062396,-4.108183775020181,-516.4125877410476,403.81751688029885,900.8506442688463,87.42221789894994,25.359013175922716,-0.1861602141227081,403.81751688457626,387.55436944699153,427.94926881404706,0.49781260056516885,400.0,0.6974350855275604,387.05655684642636,23.988405450248155,5.562695209206766,599.5837292606147,0.006318572401475819,1.9312124678094733e-05,False,True,RELEASE,RELEASED,
3.3400000000030197,LOWERING,0.2096574130891075,1201.2484913636722,38.58599499195438,-0.03772408582798531,318.51922790627333,1.7887779998670694,-0.7327417681618125,1.631813786557625,1.0509413837557773,-4.1083808621610505,-516.8115021272898,404.2473948737735,900.2577726528003,87.38550670067822,25.363624636502124,-0.18502408366373402,404.24739487802236,387.95721807555697,427.97489430714086,0.4958510452194105,400.0,0.6980809064598821,387.46136703033756,23.98841219360677,5.559461523610229,599.5839593837854,0.006403195749554946,1.9347726606611104e-05,False,True,RELEASE,RELEASED,
3.3500000000030408,LOWERING,0.20980865254267525,1202.115029602202,38.61313049849561,-0.037742873199603295,318.5480666841773,1.7879598901755143,-0.7334516276194329,1.6305978286563616,1.050330876631435,-4.108578548253837,-517.209197444927,404.6756543691791,899.6683877656619,87.34921874281028,25.36821769705677,-0.18389336412133162,404.67565437338425,388.35853516250023,428.00041663263255,0.49389155105865257,400.0,0.6987241418486326,387.8646436114416,23.988418880776813,5.556254780681182,599.5841926055555,0.006492343498935682,1.938150333558042e-05,False,True,RELEASE,RELEASED,
3.360000000003062,LOWERING,0.2099593515975019,1202.9784715840196,38.64016778805465,-0.03776160098689893,318.5767874715388,1.787147858531767,-0.7341586987507237,1.629388987720036,1.0497233557904873,-4.108776825871808,-517.605670931332,405.1022961686245,899.0824754926418,87.3133504339559,25.372792378921506,-0.18276805016961362,405.1022961728006,388.7583216370615,428.0258359176451,0.49193411083581395,400.0,0.6993647948668404,388.2663875262257,23.98842553760009,5.553062588359042,599.5844288856749,0.006574974545644707,1.941418521766991e-05,False,True,RELEASE,RELEASED,
3.370000000003083,LOWERING,0.2101095095499738,1203.8388132777163,38.66710674357902,-0.03778026912381057,318.6053904339716,1.7863418694220758,-0.734862984181458,1.6281872339906978,1.0491188143204335,-4.1089756872875345,-518.0009198452502,405.52732108228827,898.5000216823937,87.27789819561396,25.377348703395874,-0.18164813604442998,405.5273210864295,389.1565784349726,428.0511522889539,0.48997871851963737,400.0,0.7000028686876678,388.66659971645294,23.98843218409357,5.549875347790173,599.5846678352609,0.006642561313445761,1.9445343696133932e-05,False,True,RELEASE,RELEASED,
3.380000000003104,LOWERING,0.21025912572221847,1204.6960507993685,38.69394726728592,-0.037798877154005234,318.6338757368449,1.7855418873658755,-0.7355644865477118,1.626992537680457,1.048517245240104,-4.109175124493701,-518.3949414693203,405.9507299304663,897.92101215039,87.24285846272292,25.381886691770784,-0.18053361563966064,405.9507299345704,389.55330650047705,428.0763658731471,0.48802537257267886,400.0,0.700638366481653,389.06528112790437,23.98843883398893,5.546686474122951,599.58490881026,0.00668928845973582,1.947537013791134e-05,False,True,RELEASE,RELEASED,
3.390000000003125,LOWERING,0.21040819946210146,1205.550180412521,38.72068923225319,-0.037817425529651394,318.6622435454632,1.784747876918642,-0.7362632084967684,1.625804868974024,1.0479186415007808,-4.109375129210822,-518.7877331109537,406.3725235442866,897.3454326809028,87.20822768383314,25.386406365357026,-0.17942448252449594,406.37252354835897,389.94850678698356,428.1014767968552,0.48607407597836527,400.0,0.7012712914171186,389.4624327110052,23.988445494836544,5.543492346667722,599.5851510075674,0.0067120080162208495,1.9504031172346004e-05,False,True,RELEASE,RELEASED,
3.4000000000031463,LOWERING,0.21055673014323453,1206.401198528234,38.74733255607099,-0.037835913635654334,318.69049402523257,1.7839598026746963,-0.7369591526883627,1.6246241980310372,1.0473229959872892,-4.109575692896453,-519.1792921034366,406.7927027665987,896.7732690288353,87.17400232128703,25.3909077455117,-0.17832072996066017,406.79270277063387,390.3421802578795,428.1264851869565,0.48412483536191075,400.0,0.7019016466625732,389.85805542251757,23.988452168563825,5.540292041145747,599.5853935559433,0.006709998410178386,1.9532123218368724e-05,False,True,RELEASE,RELEASED,
3.4100000000031674,LOWERING,0.21070471716498432,1207.2491017051311,38.773877127653186,-0.03785434175228236,318.718627341808,1.7831776292702635,-0.7376523217967331,1.6234504949883153,1.0467303015190585,-4.109776806758042,-519.5696158074993,407.2112684532838,896.2045069214496,87.14017885145688,25.39539085366157,-0.17722235090303684,407.2112684572867,390.73432788781656,428.15139117073545,0.4821776602002501,400.0,0.7025294353899516,390.2521502276163,23.98845885236318,5.537086903898319,599.5856355957242,0.006684581250125277,1.9559516687195355e-05,False,True,RELEASE,RELEASED,
3.4200000000031885,LOWERING,0.21085215995247725,1208.0938866494303,38.80032286636605,-0.03787270947055511,318.74664366122033,1.7824013213871608,-0.7383427185131887,1.6222837299625643,1.0461405508511787,-4.1099784617684865,-519.9587016132272,407.62822147482757,895.639132060293,87.10675376505664,25.399855711323255,-0.1761293379804556,407.6282214787967,391.1249506641407,428.1761948760064,0.4802325621934074,400.0,0.7031546607779334,390.6447181019473,23.988465539781973,5.533880029201856,599.5858763432464,0.006638650905733456,1.9585058510074305e-05,False,True,RELEASE,RELEASED,
3.4300000000032096,LOWERING,0.2109990579565932,1208.9355502149042,38.82666967790944,-0.0378910168738405,318.7745431499911,1.7816308437563853,-0.7390303455488062,1.6211238730529205,1.0455537366754422,-4.110180648682097,-520.346546942005,408.04356271794705,895.077130122995,87.07372356744993,25.40430234012138,-0.1750416835161559,408.043562721884,391.51404958844586,428.20089643121474,0.47828955491394254,400.0,0.7037773260150528,391.0357600335319,23.988472221894607,5.530675697226892,599.5861151377956,0.006576168667623783,1.960966099545658e-05,False,True,RELEASE,RELEASED,
3.4400000000032307,LOWERING,0.21114541065395018,1209.7740894027952,38.852917486220015,-0.03790926368388028,318.8023259752341,1.7808661611616472,-0.7397152056370763,1.6199708943434514,1.0449698516213788,-4.110383358050287,-520.7331492484143,408.45729308717875,894.5184867650052,87.04108477895333,25.408730761804865,-0.17395937952102258,408.45729309108003,391.90162567804117,428.22549596552324,0.4763486535714492,400.0,0.7043974343024914,391.4252770244697,23.988478888452082,5.527478822774139,599.5863514706718,0.006501666606778755,1.963324467624261e-05,False,True,RELEASE,RELEASED,
3.450000000003252,LOWERING,0.21129121754687916,1210.6095013616698,38.87906620495807,-0.03792745002303764,318.8299923047474,1.7801072384428374,-0.7403973015362936,1.6188247639057047,1.0443888882572734,-4.110586580236031,-521.1185060219599,408.8694135063096,893.9631876213292,87.008833935121,25.41314099826133,-0.17288241773195523,408.8694135101781,392.2876799673189,428.2499936088881,0.4744098748633405,400.0,0.7050149888565669,391.8132700924556,23.988485528925118,5.52429445506042,599.5865849973534,0.006419797378606873,1.9655116403782813e-05,False,True,RELEASE,RELEASED,
3.460000000003273,LOWERING,0.21143647816338937,1211.4417833872203,38.90511576698054,-0.03794557562649399,318.8575423070978,1.7793540404992487,-0.7410766360318145,1.6176854518010513,1.043810839091184,-4.1107903054275585,-521.502614788684,409.2799249197302,893.4112183081302,86.97696758700914,25.41753307153067,-0.17181078958645912,409.2799249235597,392.6722135089992,428.27438949212905,0.4724732368586615,400.0,0.7056299929109575,392.19974027214056,23.988492133380216,5.521127357614284,599.5868155348944,0.0063349561262668885,1.967644601563734e-05,False,True,RELEASE,RELEASED,
3.470000000003294,LOWERING,0.21158119205712733,1212.2709329220293,38.93106610339571,-0.03796364040172928,318.88497615169854,1.7786065322926738,-0.7417532119380559,1.616552928083008,1.0432356965719387,-4.110994523650804,-521.8854731126157,409.6888282936354,892.8625644242991,86.94548230141524,25.421907003817346,-0.1707444862530565,409.68882829743825,393.05522737527525,428.2986837469946,0.47053875891094776,400.0,0.7062424497187095,392.5846886163643,23.988498693151726,5.517981685986558,599.5870430474085,0.006250990417594693,1.9695390022889114e-05,False,True,RELEASE,RELEASED,
3.480000000003315,LOWERING,0.21172535880732818,1213.0969475552918,38.95691715496592,-0.037981644123890546,318.912294008881,1.7778646788504668,-0.7424270321003885,1.6154271627995744,1.0426634530901322,-4.111199224781316,-522.2670785971402,410.09612461716097,892.3172115530167,86.91437466111269,25.426262817501755,-0.16968349863509502,410.09612462093094,393.4367226588548,428.3228765062218,0.46860646156858365,400.0,0.7068523625540768,392.96811619728624,23.98850520129536,5.514860770280948,599.5872676229278,0.006171004519839762,1.9715449440127486e-05,False,True,RELEASE,RELEASED,
3.490000000003336,LOWERING,0.21186897801876053,1213.9198250224988,38.982668848456406,-0.03799958706569874,318.93949604996163,1.7771284452683458,-0.7430980993967838,1.6143081259953989,1.0420941009791074,-4.111404398554949,-522.6474288862044,410.5018149033767,891.7751452632074,86.88364126505422,25.430600535150877,-0.16862781737756904,410.50181490711435,393.81670047389497,428.34696790359385,0.4666763664708924,400.0,0.7074597347142012,393.3500241074241,23.988511652827885,5.511767000199666,599.5874894449473,0.00609725593861743,1.9734341805133226e-05,False,True,RELEASE,RELEASED,
3.5000000000033573,LOWERING,0.21201204932166728,1214.7395632050982,39.008321141147185,-0.038017468811078294,318.96658244730435,1.7763977967132043,-0.7437664167394641,1.6131957877139604,1.041527632515935,-4.1116100345785265,-523.0265216655148,410.9059001902813,891.2363511109886,86.85327872857678,25.434920179528255,-0.16757743287115545,410.9059001939822,394.1951619569507,428.3709580739915,0.4647484963310262,400.0,0.708064569520678,393.7304134606197,23.988518044773294,5.5087018029018004,599.5877087617878,0.006031135488071548,1.9752362931058087e-05,False,True,RELEASE,RELEASED,
3.5100000000033784,LOWERING,0.2121545723717003,1215.5561601301206,39.03387397969385,-0.038035289351052354,318.9935533743799,1.7756726984258517,-0.7444319870763504,1.6120901179997669,1.0409640399223774,-4.111816122339569,-523.4043546636085,411.30838154167526,890.700814641119,86.82328368359204,25.439221773603343,-0.1665323352622181,411.30838154534274,394.57210826779783,428.39484715344406,0.46282287486508267,400.0,0.708666870320995,394.10928539293275,23.988524376046875,5.505665698596789,599.5879258565476,0.005973217322730484,1.9767035638551533e-05,False,True,RELEASE,RELEASED,
3.5200000000033995,LOWERING,0.2122965468498502,1216.3696139697768,39.05932732258647,-0.03805304848521058,319.0204090058196,1.774953115723617,-0.7450948133924765,1.610991086900423,1.0404033153658558,-4.11202265121578,-523.7809256528856,411.70926004801436,890.1685213883636,86.79365277876525,25.443505340560108,-0.16549251445735536,411.70926005165006,394.9475405901769,428.41863527917513,0.4608995266943907,400.0,0.7092666404898896,394.4866410634825,23.988530647215363,5.502658415559795,599.5881410198019,0.005923362449359537,1.9782280986646583e-05,False,True,RELEASE,RELEASED,
3.5300000000034206,LOWERING,0.2124379724623713,1217.179923041028,39.08468112347685,-0.038070746264755165,319.04714951746837,1.7742390140029063,-0.7457548987112357,1.6098986644687299,1.0398454509604016,-4.1122296104837615,-524.1562324505383,412.1085368271677,889.6394568788689,86.76438267968467,25.44777090380546,-0.1644579601223768,412.10853683077517,395.3214601325843,428.44232258964814,0.45897847734624975,400.0,0.7098638834306168,394.86248165523807,23.988536860173877,5.499679045045127,599.5883545266663,0.0058808581469671495,1.9798176055019212e-05,False,True,RELEASE,RELEASED,
3.5400000000034417,LOWERING,0.2125788489407036,1217.9870858051388,39.10993534078119,-0.038088382736431635,319.0737750864323,1.7735303587416207,-0.7464122460956504,1.6088128207646244,1.039290438767611,-4.112436989327753,-524.5302729194798,412.5062130251828,889.1136066314396,86.73547006901912,25.4520184869768,-0.16342866169765102,412.5062130287563,395.6938681289112,428.4659092246064,0.45705975315519254,400.0,0.7104586025761375,395.236808375756,23.988543017779485,5.496726217014648,599.5885666191857,0.0058445761207135405,1.9812519468587197e-05,False,True,RELEASE,RELEASED,
3.550000000003463,LOWERING,0.21271917604138849,1218.7911008671938,39.135089952711034,-0.03810595754340716,319.1002858911258,1.7728271155016762,-0.7470668586494915,1.6077335258573087,1.0387382707975823,-4.112644776847746,-524.9030449691835,412.9022898169658,888.5909561589125,86.70691164667873,25.456248113949567,-0.16240460841180493,412.9022898205007,396.0647658391467,428.48939532511315,0.45514338126901066,400.0,0.7110508013902328,395.60962245787766,23.988549123477227,5.493798279468636,599.588777494434,0.005813133897601297,1.9825608973178532e-05,False,True,RELEASE,RELEASED,
3.560000000003484,LOWERING,0.21285895354598192,1219.5919669756013,39.16014493176949,-0.038123470602191845,319.1266821113129,1.7721292499312093,-0.7477187395183177,1.6066607498270717,1.0381889390098584,-4.1128529620670715,-525.2745465564533,413.29676840691326,888.0714909693519,86.67870412995012,25.460459808843744,-0.16138578925387037,413.29676841042544,396.4341545499202,428.51278103358726,0.45322938954046776,400.0,0.7116404833685497,395.98092516037974,23.988555180948623,5.4908934669992275,599.5889872982032,0.005785046523139492,1.9837281456602796e-05,False,True,RELEASE,RELEASED,
3.570000000003505,LOWERING,0.2129981812609626,1220.3896830215656,39.18510025373527,-0.038140921863307295,319.1529639281477,1.771436727766996,-0.7483678918905295,1.6055944627673475,1.0376424353143525,-4.113061533940181,-525.6447756862101,413.68965002954894,887.5551965673678,86.65084425364493,25.464653596030395,-0.16037219301421146,413.68965003303106,396.8020355751068,428.53606649383767,0.45131780651780673,400.0,0.7122276520395833,396.350717768589,23.98856119380551,5.488010047611784,599.5891961237561,0.00575885869873094,1.984923486020307e-05,False,True,RELEASE,RELEASED,
3.580000000003526,LOWERING,0.21313685901763643,1221.1842480385408,39.20995588628707,-0.03815831161189565,319.1791315242128,1.7707495148365082,-0.7490143189982308,1.6045346347864686,1.0370987515722776,-4.113270481359354,-526.0137304121365,414.0809359500525,887.0420584552613,86.62332877021558,25.468829500137687,-0.1593638082695179,414.08093595350334,397.16841025634176,428.559251851096,0.4494086613824493,400.0,0.7128123109655988,396.7190015949593,23.988567165344463,5.485146440492773,599.5894040148294,0.005733250771486453,1.98602692194072e-05,False,True,RELEASE,RELEASED,
3.5900000000035472,LOWERING,0.21327498667203815,1221.9756612016668,39.234711833348605,-0.038175639292802134,319.2051850835531,1.7700675770602277,-0.749658024118174,1.60348123600967,1.036557879597064,-4.113479793161956,-526.3814088373887,414.4706274648296,886.5320621342989,86.59615444989412,25.47298754605635,-0.15836062339019463,414.4706274682498,397.53327996353863,428.5823372520447,0.44750198393364826,400.0,0.7133944637434873,397.085777979605,23.98857309836964,5.482301300955734,599.5896109718731,0.005707115183832379,1.987117701673924e-05,False,True,RELEASE,RELEASED,
3.6000000000035683,LOWERING,0.2134125641048281,1222.7639218271777,39.259368078925995,-0.03819290499783004,319.2311247917102,1.7693908804535923,-0.7502990105725322,1.602434236580777,1.0360198111552714,-4.113689458136688,-526.7478091151709,414.8587259019861,886.0251931058056,86.56931808079459,25.47712775894512,-0.1573626265535495,414.85872590538037,397.89664609533685,428.60532284484674,0.4455978045278357,400.0,0.7139741140055721,397.451048290809,23.98857899508527,5.4794735720047285,599.5898169604848,0.005679602879590462,1.9880157935858733e-05,False,True,RELEASE,RELEASED,
3.6100000000035894,LOWERING,0.21354959122118589,1223.5490293717926,39.28392461597766,-0.03821010870024552,319.2569508357504,1.7687193911291155,-0.7509372817296496,1.6013936066640937,1.0354845379675002,-4.113899465029859,-527.1129294493089,415.24523262178246,885.5214368723642,86.54281646902938,25.481250164235192,-0.15636980573754045,415.2452326251382,398.2585100795087,428.62820877916977,0.4436961540178572,400.0,0.7145512654203601,397.81481392549085,23.988584857053432,5.476662504582097,599.5900219209766,0.005650141525417318,1.9889444814680246e-05,False,True,RELEASE,RELEASED,
3.6200000000036106,LOWERING,0.21368606795070136,1224.3309834320912,39.308381447446116,-0.03822725022734856,319.28266340429667,1.7680530752983723,-0.7515728410048059,1.6003593164461525,1.0349520517092914,-4.114109802551688,-527.4767680948239,415.6301490171025,885.0207789389365,86.51664643881612,25.485354787635355,-0.1553821487321443,415.630149020432,398.61887337344547,428.65099520621146,0.4417970637987878,400.0,0.7151259216932379,398.1770763096467,23.988590685208536,5.473867650622313,599.5902257781536,0.005618429258092306,1.990006398955302e-05,False,True,RELEASE,RELEASED,
3.6300000000036317,LOWERING,0.21382199424726084,1225.1097837438613,39.33273857071647,-0.03824432967058893,319.30826268755095,1.7673918992738373,-0.7522056918607667,1.5993313361374015,1.0344223440120228,-4.114320459381508,-527.8393233583562,416.01347651379007,884.5232048139309,86.49080483256414,25.48944165513552,-0.1543996431334449,416.0134765170915,398.9777374644105,428.67368227872055,0.43990056565257873,400.0,0.7156980865671274,398.5378368987579,23.98859647991718,5.471088834347164,599.5904284505082,0.005584408849162337,1.9907042457134594e-05,False,True,RELEASE,RELEASED,
3.6400000000036528,LOWERING,0.21395737008893076,1225.8854301814329,39.356996001884056,-0.03826134674400178,319.33374887732106,1.7667358294709066,-0.7528358378084952,1.5983096359740285,1.033895406463803,-4.114531424173884,-528.2005935987041,416.39521657108025,884.0287000103543,86.46528851098111,25.493510793010987,-0.153422276369497,416.39521657435114,399.3351038699715,428.6962701510174,0.4380066918064358,400.0,0.7162677638230787,398.89709717816504,23.988602241070602,5.468326107938906,599.5906298582288,0.005548227809440753,1.9913436773322246e-05,False,True,RELEASE,RELEASED,
3.650000000003674,LOWERING,0.2140921954778395,1226.6579227570012,39.381153742787994,-0.03827830165390831,319.3591221670428,1.7660848324095764,-0.7534632824076528,1.59729418621951,1.0333712306103557,-4.114742685563524,-528.5605772272057,416.77537068190986,883.5372500468038,86.44009435314774,25.497562227826048,-0.15245003567639515,416.7753706851518,399.69097413830895,428.7187589790136,0.43611547488364977,400.0,0.7168349572808368,399.2548586634253,23.98860796819672,5.465579697801071,599.5908299296404,0.005510190022983252,1.991963290493004e-05,False,True,RELEASE,RELEASED,
3.660000000003695,LOWERING,0.21422647044005266,1227.4272616199103,39.40521181805504,-0.0382951941207573,319.3843827517993,1.7654388747162286,-0.7540880292670794,1.5962849571662936,1.0328498079558974,-4.114954232170238,-528.9192727081122,417.1539403732121,883.0488404485187,86.41521925659575,25.501595986436964,-0.15148290813380072,417.1539403764254,400.04534984845316,428.741148920228,0.43422694782196913,400.0,0.7173996707993512,399.6111229006312,23.988613660579734,5.462849947220226,599.5910286058447,0.005470704141652405,1.9924928977843592e-05,False,True,RELEASE,RELEASED,
3.670000000003716,LOWERING,0.21436019502544987,1228.19344705595,39.42917024414289,-0.038312024195162456,319.40953082834073,1.7647979231254425,-0.7547100820453267,1.5952819191374954,1.032331129964016,-4.115166052604133,-529.2766785589995,417.53092720623965,882.5634567484472,86.39066013739634,25.505612095995197,-0.15052088063077917,417.53092720942567,400.39823261062384,428.7634401338023,0.43234114391646017,400.0,0.7179619082772469,399.9658914667074,23.9886193173766,5.460137260492068,599.5912258435401,0.005430233297604836,1.9929058936440924e-05,False,True,RELEASE,RELEASED,
3.680000000003737,LOWERING,0.2144933693075955,1228.956479486613,39.453029045835635,-0.03832879182215998,319.43456659510116,1.7641619444815622,-0.7553294444510478,1.5942850424883992,1.0318151880585382,-4.115378135470037,-529.632793351067,417.9063327768074,882.0810844881917,86.3664139302175,25.50961058395004,-0.1495639399086599,417.9063327799604,400.7496240664194,428.78563278051587,0.4304580967373113,400.0,0.7185216736532527,400.3191659696821,23.988624937722232,5.45744205249251,599.5914216161486,0.005389249716576394,1.993296473301598e-05,False,True,RELEASE,RELEASED,
3.6900000000037583,LOWERING,0.214625993383607,1229.7163594683411,39.47678824802764,-0.03834549705697913,319.45949025221495,1.7635309057404265,-0.7559461202434008,1.5932942976081341,1.031301973624394,-4.115590469372107,-529.9876157094562,418.28015871554,881.6017092190548,86.34247758840095,25.513591478051257,-0.14861207253363773,418.2801587186663,401.0995258890748,428.8077270227984,0.4285778401383027,400.0,0.7190789709065974,400.6709480489365,23.988630520817225,5.4547647065943705,599.591615913442,0.0053481968419824,1.993649487985749e-05,False,True,RELEASE,RELEASED,
3.7000000000037794,LOWERING,0.21475806737402148,1230.4730876917613,39.50044790173227,-0.03836213938036515,319.4843020015295,1.7629047739707935,-0.7565601132323427,1.5923096549210767,1.030791478008475,-4.115803042917777,-530.3411443134831,418.6524066880549,881.1253165029225,86.31884808400608,25.517554806351132,-0.14766526492877574,418.6524066911497,401.44793978362,428.8297230247417,0.42670040818404686,400.0,0.7196338040573755,401.0212393754359,23.988636065994687,5.452105542628453,599.591808739986,0.005307460499449412,1.9938856041790132e-05,False,True,RELEASE,RELEASED,
3.7100000000038005,LOWERING,0.2148895914226599,1231.2266649809067,39.52400802465956,-0.03837871926073206,319.5090020466187,1.7622835163560537,-0.7571714272790026,1.5913310848885394,1.0302836925204881,-4.116015844722233,-530.6933778969329,419.023078395189,880.6518919133059,86.29552240788448,25.521500597206558,-0.14672350334734574,419.0230783982585,401.7948674870989,428.85162095210865,0.4248258351728964,400.0,0.7201861771668614,401.370041651926,23.988641572764724,5.449464795547878,599.5920001127315,0.005267349693688139,1.9941367838782753e-05,False,True,RELEASE,RELEASED,
3.7200000000038216,LOWERING,0.2150205656964869,1231.9770922924142,39.547468665406214,-0.038395236465180775,319.53359059279313,1.761667100195516,-0.757780066295922,1.5903585580100563,1.0297786084338012,-4.116228863412083,-531.044315248244,419.39217557314987,880.1814210361532,86.27249756971273,25.525428879280685,-0.1457867738994878,419.39217557619094,402.14031076870265,428.8734209723424,0.42295415558743343,400.0,0.7207360943377958,401.7173566131152,23.98864704083728,5.44684260447198,599.5921900580879,0.005228086747909089,1.994251459791485e-05,False,True,RELEASE,RELEASED,
3.7300000000038427,LOWERING,0.21515099038546937,1232.7243707147147,39.570829868115375,-0.038411690988227803,319.5580678471105,1.7610554929060815,-0.7583860342472921,1.5893920448251104,1.0292762169862895,-4.116442087629246,-531.3939552107169,419.759699993662,879.7138894709065,86.24977059805761,25.529339681544627,-0.14485506254658276,419.7596999966718,402.4842714299063,428.8951232545749,0.42108540406667316,400.0,0.7212835597146458,402.0631860258396,23.98865247012548,5.444239011084911,599.5923786088015,0.005189805861415486,1.9943002968147994e-05,False,True,RELEASE,RELEASED,
3.740000000003864,LOWERING,0.21528086570243424,1233.4685014672157,39.59409168160524,-0.038428082811039425,319.58243401838513,1.7604486620233954,-0.7589893351491968,1.588431515914282,1.0287765093811696,-4.1166555060345615,-531.7422966826877,420.1256534641184,879.249282831236,86.22733854040013,25.53323303327888,-0.14392835510966506,420.12565346710414,402.82675130462434,428.91672796963303,0.41921961542249164,400.0,0.7218285774838252,402.40753168920185,23.988657860732726,5.441653965827792,599.5925658009023,0.005152558682689268,1.9943833223123875e-05,False,True,RELEASE,RELEASED,
3.750000000003885,LOWERING,0.21541019188291957,1234.2094858994515,39.61725416527068,-0.03844441174605301,319.6066893171928,1.7598465752034451,-0.759589973069739,1.587476941900955,1.0282794767878327,-4.116869107311203,-532.089338617662,420.4900378276592,878.7875867460714,86.20519846319183,25.53710896407415,-0.1430066372637384,420.4900378306162,403.16775225925375,428.938235290044,0.41735682455436063,400.0,0.7223711518738978,402.7503954346994,23.988663212927488,5.439087339982908,599.5927516709603,0.00511632518420857,1.9945548473288e-05,False,True,RELEASE,RELEASED,
3.760000000003906,LOWERING,0.21553896918502793,1234.9473254902405,39.64031736915591,-0.03846067795877581,319.6308339558786,1.7592492002237015,-0.7601879521292149,1.5865282934525067,1.0277851103426705,-4.117082880167969,-532.4350800244379,420.85285496328044,878.328786860352,86.18334745187511,25.54096750383261,-0.14208989455084975,420.85285496621174,403.5072761928018,428.9596453900395,0.4154970664764619,400.0,0.7229112871557388,403.0917791263253,23.988668527109912,5.436538941684894,599.5929362537781,0.005081028072399185,1.994539229599468e-05,False,True,RELEASE,RELEASED,
3.770000000003927,LOWERING,0.21566719788927569,1235.682021846823,39.663281361254896,-0.038476881251265665,319.65486814856166,1.7586565049844902,-0.7607832765002263,1.5855855412817823,1.0272934011498978,-4.117296813342563,-532.7795199672207,421.21410678590604,877.8728688359313,86.16178261092213,25.544808682768586,-0.1411781123762239,421.21410678880756,403.84532503695135,428.9809584455601,0.4136403762908003,400.0,0.7234489876426766,403.43168466066055,23.988673803774322,5.434008533905761,599.5931195806495,0.005046548973804299,1.9944269354255084e-05,False,True,RELEASE,RELEASED,
3.780000000003948,LOWERING,0.2157948782984391,1236.41357670398,39.686146195560625,-0.03849302189848116,319.67879211113865,1.758068457510185,-0.7613759504077919,1.5846486561483815,1.0268043402823657,-4.117510895604657,-533.1226575657024,421.5737952464555,877.419818352371,86.14050106385781,25.54863253140915,-0.14027127602230394,421.5737952493306,404.18190075610414,429.00217463425656,0.41178678916151057,400.0,0.7239842576906058,403.77011396694263,23.988679043471212,5.431495852683545,599.5933016781835,0.005012744840528605,1.9943006378753125e-05,False,True,RELEASE,RELEASED,
3.7900000000039693,LOWERING,0.21592201073739986,1237.1419919231457,39.70891196321474,-0.03850909930848815,319.7026060612854,1.7574850259504395,-0.7619659781293169,1.5837176088600677,1.026317918782372,-4.117725115758485,-533.4644919950788,421.9319223318312,876.9696211077978,86.11949995328314,25.552439080594365,-0.1393693706297654,421.93192233468193,404.517005347392,429.023294135492,0.40993634027108783,400.0,0.7245171016980744,404.1070690071209,23.988684246771708,5.429000624157908,599.5934825677105,0.004979463282030139,1.9940495462833496e-05,False,True,RELEASE,RELEASED,
3.8000000000039904,LOWERING,0.21604859555298936,1237.8672694915176,39.73157871928248,-0.038525113938112296,319.7263102184605,1.7569061785813145,-0.7625533639947585,1.582792370273965,1.0258341276624714,-4.117939462646157,-533.8050224861603,422.288490065018,876.5222628196525,86.09877644089565,25.55622836147782,-0.13847238123162242,422.288490067841,404.85064084075236,429.0443171303423,0.4080890648565969,400.0,0.7250475241063445,404.44255177589577,23.988689414236823,5.426522579319384,599.5936622651843,0.004946555839337563,1.9937670202807567e-05,False,True,RELEASE,RELEASED,
3.8100000000040115,LOWERING,0.21617463311382856,1238.5894115211386,39.75414654724255,-0.038541065604513855,319.74990480390534,1.7563318838064956,-0.7631381123865785,1.5818729112979724,1.0253529579062683,-4.118153925150168,-534.1442483253663,422.6435005050573,876.0777292255432,86.0783277075123,25.560000405526637,-0.13758029272707972,422.6435005078475,405.18280929890886,429.065243801596,0.4062449981643681,400.0,0.7255755293994367,404.7765643007445,23.98869454639293,5.424061465768094,599.5938407815197,0.004913888567535274,1.9935207802745936e-05,False,True,RELEASE,RELEASED,
3.8200000000040326,LOWERING,0.21630012381016755,1239.3084202479768,39.77661552531413,-0.03855695436537068,319.7733900406437,1.755762110158247,-0.7637202277396719,1.580959202891904,1.024874400469216,-4.118368492195631,-534.4821688546848,422.99695574700814,875.6360060839512,86.05815095306693,25.563755244521417,-0.1366930899120007,422.99695574977903,405.51351281734765,429.086074333754,0.40440417541253737,400.0,0.7261011221041502,405.1091086419351,23.988699643714284,5.421617056100676,599.594018123249,0.00488134958415376,1.993216935147757e-05,False,True,RELEASE,RELEASED,
3.8300000000040537,LOWERING,0.21642506805372413,1240.0242980310013,39.79898574246193,-0.03857278009977624,319.7967661534799,1.7551968262985387,-0.7642997145414534,1.5800512160687434,1.024398446279407,-4.11858315275332,-534.8187834717354,423.3488579219954,875.1970791749948,86.03824339663326,25.56749291055588,-0.13581075744957616,423.34885792473756,405.84275352432496,429.1068089130259,0.4025666318073604,400.0,0.7266243067900554,405.4401868925176,23.988704706612555,5.419189152918665,599.5941942933898,0.004848853576555179,1.9928835882865314e-05,False,True,RELEASE,RELEASED,
3.840000000004075,LOWERING,0.2165494662775193,1240.7370473512403,39.82125728390473,-0.03858854288588822,319.82003336899845,1.7546360010201512,-0.764876577331692,1.5791489218960135,1.0239250862383462,-4.118797895841627,-535.1540916296843,423.6992091971173,874.7609343012605,86.01860227643198,25.57121343603682,-0.13493327990136095,423.6992091998337,406.170533580824,429.1274477273291,0.4007324025138246,400.0,0.7271450880694692,405.76980117831016,23.98870973543304,5.4167775906608675,599.5943692924329,0.00481634345077353,1.9923958291201416e-05,False,True,RELEASE,RELEASED,
3.850000000004096,LOWERING,0.21667331893571046,1241.4466708108232,39.84343024197699,-0.03860424271644731,319.8431919155603,1.754079603247448,-0.7654508207024753,1.5782522914967152,1.0234543112217445,-4.119012710528888,-535.4880928372025,424.048011775421,874.3275572883845,85.9992248498191,25.574916853683483,-0.13406064172011156,424.04801177811066,406.49685518051984,429.1479909662852,0.3989015226478614,400.0,0.7276634705974163,406.097953657872,23.988714730456504,5.41438223470543,599.5945431193231,0.004783789523911786,1.9918989494271955e-05,False,True,RELEASE,RELEASED,
3.860000000004117,LOWERING,0.21679662650342574,1242.153171132034,39.86550471048077,-0.03861987964536157,319.8662420232988,1.753527602037564,-0.7660224492981419,1.577361296050745,1.0229861120802795,-4.119227585935852,-535.8207866584459,424.3952678958626,873.8969339859068,85.98010839330732,25.5786031965269,-0.133192827250582,424.395267898523,406.82172054970897,429.16843882121475,0.39707402725304064,400.0,0.728179459071559,406.42464652245593,23.988719691905573,5.41200297831092,599.594715772402,0.004751186770652893,1.991416067426144e-05,False,True,RELEASE,RELEASED,
3.870000000004138,LOWERING,0.21691938947659453,1242.8565511563388,39.88748080121827,-0.03863545335623108,319.88918392411796,1.7529799665811618,-0.7665914678151377,1.57647590679589,1.0225204796403693,-4.119442511237543,-536.1521727129464,424.740979833222,873.4690502678866,85.96125020254931,25.582272497909543,-0.13232982073463972,424.7409798358634,407.14513194729614,429.1887914851352,0.39524995133257335,400.0,0.7286930582321228,406.74988199596356,23.98872461995437,5.409639737998228,599.5948872502045,0.004718550667462296,1.9908977918703386e-05,False,True,RELEASE,RELEASED,
3.8800000000041592,LOWERING,0.21704160837177622,1243.556813843405,39.909358610232985,-0.03865096404109268,319.91201785168244,1.7524366662033874,-0.7671578810018187,1.5755960950290664,1.0220574047049313,-4.1196574756650435,-536.4822506754915,425.0851498979826,873.0438920336385,85.9426475923353,25.585924791483798,-0.13147160630967392,425.08514990059706,407.46709166459203,429.20904915275264,0.39342932971561595,400.0,0.7292042728618,407.0736623348764,23.988729514740005,5.407292448037359,599.5950575521022,0.004685912230494971,1.990294356346567e-05,False,True,RELEASE,RELEASED,
3.8900000000041803,LOWERING,0.21716328372598961,1244.253962270124,39.931138237483545,-0.0386664118864986,319.9347440414174,1.7518976703647295,-0.7677216936584246,1.5747218321073744,1.0215968780541407,-4.119872468507979,-536.8110202760948,425.4277804363151,872.6214452083909,85.92429789659093,25.58956011121182,-0.1306181680241707,425.4277804389006,407.7876020253807,429.22921202045814,0.3916121971969915,400.0,0.7297131077856325,407.3959898281837,23.988734376374776,5.404961054593717,599.5952266787681,0.004653312747634253,1.9898826138842196e-05,False,True,RELEASE,RELEASED,
3.9000000000042014,LOWERING,0.217284416096539,1244.9479996296134,39.952819797621885,-0.03868179679248953,319.9573627304984,1.7513629486617621,-0.7682829106367864,1.5738530894491676,1.0211388904461813,-4.120087479115777,-537.1384812997998,425.7688738299015,872.2016957439246,85.90619846835551,25.593178491363933,-0.12976948982225167,425.76887383246475,408.10666538572605,429.24928028632024,0.3897985884325976,400.0,0.7302195678708783,407.71686679729345,23.988739204957977,5.402645510071006,599.5953946324391,0.004620798687386518,1.9892653170927588e-05,False,True,RELEASE,RELEASED,
3.9100000000042225,LOWERING,0.21740500606083943,1245.638929230218,39.974403414594974,-0.03869711851278096,319.9798741578442,1.7508324708280634,-0.7688415368401804,1.5729898385352432,1.020683432617989,-4.120302496899692,-537.4646335865815,426.1084324958432,871.7846296192895,85.88834667978054,25.59677996651746,-0.1289255555575437,426.10843249838064,408.4242841338536,429.2692541500772,0.38798853791894317,400.0,0.7307236580268639,408.03629559593463,23.988744000586482,5.40034576803189,599.5955614170311,0.0045884171273486984,1.988628159210748e-05,False,True,RELEASE,RELEASED,
3.9200000000042436,LOWERING,0.21752505421624233,1246.3267544945097,39.9958891932606,-0.03871237739145669,320.00227856411146,1.7503062067348953,-0.7693975772231775,1.5721320509097834,1.0202304952859944,-4.120517511334676,-537.7894770312308,426.44645888656964,871.3702328413847,85.87073992210878,25.6003645715558,-0.12808634900352445,426.446458889088,408.7404606901249,429.2891338131302,0.38618208007295607,400.0,0.7312253832048209,408.35427861005195,23.98874876336355,5.3980617789797405,599.5957270380807,0.0045562119584117156,1.9878998813283033e-05,False,True,RELEASE,RELEASED,
3.9300000000042647,LOWERING,0.2176445611798565,1247.0114789582615,40.01727725972253,-0.03872757331359051,320.0245761916837,1.749784126391941,-0.7699510367913143,1.5712796981814496,1.0197800691468566,-4.1207325119605205,-538.1130115831292,426.7829554896403,870.9584914456135,85.85337560565388,25.603932341666695,-0.12725185383283133,426.7829554921308,409.05519750679304,429.30891947853553,0.3843792490981741,400.0,0.7317247483977153,408.67081825769486,23.98875349340544,5.395793487176723,599.5958915025844,0.0045242210211569045,1.987169892458951e-05,False,True,RELEASE,RELEASED,
3.940000000004286,LOWERING,0.21776352758837256,1247.6931062694412,40.03856774590434,-0.038742706105807524,320.0467672846648,1.7492661999480743,-0.7705019206009861,1.5704327520244121,1.019332144878193,-4.120947488383993,-538.4352372461652,427.11792482767265,870.5493914965059,85.83625115978884,25.607483312341103,-0.12642205363727044,427.1179248301378,409.3684970679831,429.32861135099466,0.38258007909530534,400.0,0.7322217586400526,408.9859169888878,23.988758190845804,5.393540828553221,599.5960548187468,0.0044924742246728044,1.986335999504263e-05,False,True,RELEASE,RELEASED,
3.950000000004307,LOWERING,0.2178819540978806,1248.371640187169,40.059760767710976,-0.03875777610183434,320.0688520888682,1.74875239769191,-0.7710502337590717,1.5695911841792702,1.0188867131393018,-4.121162430279689,-538.7561540784656,427.4513694581198,870.1429190882822,85.81936403290797,25.611017519371455,-0.12559693193441035,427.45136946055715,409.6803618894548,429.34820963684734,0.3807846039509286,400.0,0.7327164190076793,409.29957728550386,23.988762855837813,5.391303729671381,599.5962169956786,0.004460992614290227,1.9855440314131556e-05,False,True,RELEASE,RELEASED,
3.960000000004328,LOWERING,0.217999841383692,1249.0470845806935,40.080856471046694,-0.03877278294769865,320.0908308518063,1.7482426900525596,-0.7715959814227212,1.568754966454136,1.01844376457188,-4.121377327391744,-539.0757621922467,427.78329197313496,869.7390603454924,85.80271169241357,25.614534998849923,-0.12477647215291654,427.78329197555206,409.990794518503,429.36771454405886,0.3789928573837642,400.0,0.7332087346175691,409.6118016611192,23.9887674885544,5.389082107619336,599.5963780430814,0.004429788276516966,1.98471849444104e-05,False,True,RELEASE,RELEASED,
3.970000000004349,LOWERING,0.21811719014729342,1249.7194434692374,40.10185496380224,-0.03878772739838856,320.11270383134047,1.7477370469543685,-0.7721391676633187,1.5679240705649535,1.0180032898045812,-4.121592164295735,-539.3940610855724,428.11369438126013,869.3378013580522,85.78629152388615,25.61803578855288,-0.12396060812682208,428.1136943836431,410.2997969593916,429.38712631724053,0.37720411214911564,400.0,0.7336987108414712,409.92259284724247,23.98877208918684,5.386875870693541,599.5965379709428,0.004398865331456392,1.9851025541584022e-05,False,True,RELEASE,RELEASED,
3.9800000000043703,LOWERING,0.2182340010966749,1250.3887209092852,40.122756415489086,-0.03880260864179807,320.1344712747587,1.7472354405981807,-0.772679800193322,1.5670984689085512,1.0175652794505028,-4.121806942306294,-539.7110524605323,428.4425807002296,868.9391285530863,85.770101257989,25.621519924592334,-0.12314942227556003,428.44258070258707,410.6073730837609,429.40644511287957,0.3754198116541829,400.0,0.7341863527992524,410.2319532721067,23.988776657942076,5.384684919664638,599.5966967892373,0.004368219256527084,1.9854190270507388e-05,False,True,RELEASE,RELEASED,
3.9900000000043914,LOWERING,0.21835027495927162,1251.0549210687325,40.14356094834006,-0.03881742718231529,320.15613342633446,1.746737841045094,-0.773217883126284,1.5662781332038647,1.0171297240984292,-4.12202164575813,-540.0267358436141,428.769952952946,868.543027962231,85.75413830364316,25.624987442625223,-0.12234285560180069,428.7699529552828,410.91352490643686,429.4256711564081,0.37363942949116336,400.0,0.7346716655676242,410.5398854769457,23.988781195039234,5.382509149471974,599.5968545077138,0.0043378416103339035,1.985619252309334e-05,False,True,RELEASE,RELEASED,
4.0000000000044125,LOWERING,0.2184660124852257,1251.718048245578,40.164268722664275,-0.038832182645339594,320.177690540058,1.7462442191999399,-0.7737534216676701,1.5654630355095513,1.016696614323115,-4.122236263993548,-540.3411114699987,429.09581378519226,868.1494858204588,85.73840019031282,25.62843837989129,-0.12154088539750774,429.0958137875128,411.21825502151745,429.44480466493627,0.3718629391035506,400.0,0.7351546543838278,410.8463920824139,23.988785700705847,5.380348451019973,599.5970111357301,0.004307719257892195,1.985709880614195e-05,False,True,RELEASE,RELEASED,
4.010000000004389,LOWERING,0.21858121444362105,1252.3781068463475,40.18487986352961,-0.038846875656965735,320.19914287228005,1.7457545461988573,-0.7742864211921671,1.5646531479952372,1.0162659406872916,-4.122450786996996,-540.6541797035188,429.4201659442684,867.7584884193416,85.72288447846407,25.631872774035713,-0.12074349325052935,429.4201659465606,411.5215661168383,429.46384585570627,0.3700903604950554,400.0,0.7356353245590549,411.15147575634325,23.98879017517399,5.378202713032102,599.5971666821267,0.004277836580328653,1.9857169291981336e-05,False,True,RELEASE,RELEASED,
4.020000000004366,LOWERING,0.21869588162174833,1253.0351013818845,40.20539454363919,-0.038861505696565345,320.22049068113625,1.745268793334747,-0.7748168871516917,1.5638484429038153,1.0158376937415328,-4.122665204960483,-540.965940978083,429.7430122272185,867.3700220846608,85.70758874960308,25.635290663016928,-0.11995066175552438,429.7430122294854,411.82346092577,429.48279494715354,0.368321721609675,400.0,0.7361136814576774,411.45513920416033,23.988794618676707,5.376071823768385,599.5973211551743,0.004248177112030405,1.9855834125337424e-05,False,True,RELEASE,RELEASED,
4.0300000000043426,LOWERING,0.21881001482478754,1253.6890364655299,40.225812910436574,-0.03887607298070771,320.2417342263402,1.7447869320437135,-0.7753448250533369,1.5630488925473587,1.01541186402417,-4.122879508183066,-541.2763957838096,430.0643554683226,866.984073173653,85.69251060420302,25.63869208507349,-0.1191623737864802,430.06435547056964,412.1239422155523,429.50165215906475,0.36655705087827073,400.0,0.7365897304891764,411.757385164674,23.98879903144492,5.373955672507489,599.5974745625635,0.004218724886601244,1.98538015183658e-05,False,True,RELEASE,RELEASED,
4.040000000004319,LOWERING,0.21892361487559503,1254.3399168119042,40.246135112399095,-0.03889057778160427,320.2628737690915,1.7443089339046844,-0.7758702404534116,1.5622544693098057,1.0149884420615805,-4.123093687047401,-541.5855446634974,430.3841985356617,866.6006280763256,85.67764766137239,25.642077078709264,-0.11837861224557855,430.38419853789264,412.42301278409434,429.5204177125698,0.3647963765449731,400.0,0.7370634771036634,412.05821640754937,23.98880341370497,5.371854150721114,599.5976269114419,0.004189465490152422,1.984999281035016e-05,False,True,RELEASE,RELEASED,
4.050000000004296,LOWERING,0.21903668261451453,1254.9877472358216,40.266361320516204,-0.038905019871918134,320.28390957205266,1.7438347706405948,-0.7763931389555767,1.561465145649381,1.0145674183687239,-4.123307732014783,-541.8933882115774,430.7025443300484,866.2196732168161,85.66299755881741,25.645445682689708,-0.11759935997724824,430.70254433225443,412.7206754589642,429.53909183014616,0.3630397272045798,400.0,0.7375349267891063,412.3576357317596,23.9888077656769,5.369767152905798,599.5977782084881,0.004160386806834282,1.9844739853169813e-05,False,True,RELEASE,RELEASED,
4.060000000004273,LOWERING,0.2191492188991908,1255.632532651225,40.28649168872308,-0.038919399545447236,320.3048418993528,1.7433644141190698,-0.7769135262097565,1.5606808941000874,1.0141487834497709,-4.123521633623202,-542.199927073464,431.0193957844203,865.8411950543032,85.64855795279001,25.648797936042353,-0.11682459978896986,431.0193957866038,413.01693309687386,429.5576747356444,0.3612871320937643,400.0,0.7380040850698155,412.6556459647801,23.98881208757342,5.367694577068829,599.5979284599898,0.004131479455155684,1.983994673082634e-05,False,True,RELEASE,RELEASED,
4.070000000004249,LOWERING,0.21926122460439162,1256.2742780701642,40.306526403633065,-0.03893371633311872,320.32567101659936,1.7428978363529906,-0.7774314079114575,1.5599016872728697,1.0137325277987677,-4.123735382487125,-542.5051619451517,431.3347558634722,865.4651800837613,85.63432651804676,25.652133878058667,-0.11605431442649206,431.3347558656336,413.31178858328656,429.5761666543177,0.3595386210060951,400.0,0.7384709575058067,412.95224996228046,23.988816379599594,5.365636324888706,599.5980776719632,0.0041027369322739204,1.9835048107097464e-05,False,True,RELEASE,RELEASED,
4.080000000004226,LOWERING,0.2193727006218293,1256.9129886017747,40.326465609978854,-0.03894797092487198,320.34639719088534,1.7424350095005863,-0.7779467898011531,1.5591274978562168,1.0133186419002937,-4.123948969297207,-542.8090935728026,431.64862756331854,865.0916148363922,85.62030094776993,25.65545354829512,-0.11528848658190327,431.64862756545983,413.60524483213504,429.59456781284274,0.3577942240510765,400.0,0.7389355496926702,413.24745060808397,23.988820641953062,5.3635923016036875,599.5982258502363,0.004074155514778965,1.9829250362590756e-05,False,True,RELEASE,RELEASED,
4.090000000004203,LOWERING,0.21948364785998029,1257.5486694512433,40.34630949699041,-0.03896216294169269,320.3670206907918,1.7419759058659365,-0.7784596776639469,1.558358298617104,1.012907116230117,-4.124162384821462,-543.1117227525182,431.9610139113001,864.7204858802263,85.60647895353584,25.65875698657355,-0.11452709889056223,431.9610139134229,413.89730478563797,429.6128784393291,0.3560539714264337,400.0,0.7393978672616331,413.54125081421154,23.988824874824704,5.361562415687908,599.5983730005532,0.004045733967521947,1.9822844080863433e-05,False,True,RELEASE,RELEASED,
4.100000000004179,LOWERING,0.21959406724390543,1258.181325918778,40.36605823507359,-0.038976292567137596,320.3875417863842,1.7415204978993506,-0.7789700773293565,1.5575940624017215,1.012497941255845,-4.124375619906889,-543.4130503301745,432.271917965855,864.3517798206001,85.59285826527709,25.66204423298052,-0.11377013393871493,432.2719179679557,414.1879714141502,429.631098763318,0.3543178932366118,400.0,0.7398579158796356,413.8336535209136,23.98882907839967,5.359546578369316,599.5985191286495,0.004017473110558001,1.981548371077224e-05,False,True,RELEASE,RELEASED,
4.110000000004156,LOWERING,0.21970395971506715,1258.8109633985607,40.385712000474605,-0.03899035991059365,320.40796074920627,1.741068758197722,-0.7794779946710835,1.556834762136208,1.012091107437563,-4.12458866548099,-543.7130772012347,432.5813428163727,863.9854833006136,85.57943663124547,25.665315327866228,-0.11301757425155756,432.58134281845014,414.4772477161033,429.64922901577535,0.3525860194581014,400.0,0.7403157012493263,414.1246616966452,23.988833252858544,5.357544703063775,599.5986642403204,0.003989375310625043,1.9808189847481117e-05,False,True,RELEASE,RELEASED,
4.120000000004133,LOWERING,0.21981332623114508,1259.4375873776921,40.40527097634553,-0.03900436497918407,320.42827785227104,1.740620659504919,-0.7799834356068683,1.55608037082737,1.0116866052284688,-4.124801512553669,-544.0118043106081,432.88929158309554,863.6215830015879,85.56621181797951,25.668570311843055,-0.11226940230903892,432.8892915851571,414.7651367178298,429.6672694290829,0.3508583798370637,400.0,0.7407712291089775,414.41427833799276,23.98883739837859,5.355556704778765,599.5988083414647,0.003961443945203591,1.9800694758487225e-05,False,True,RELEASE,RELEASED,
4.1300000000041095,LOWERING,0.219922167765848,1260.0612034351125,40.424735349119366,-0.03901830777028811,320.44849337004666,1.7401761747121676,-0.7804864060981389,1.5553308615635077,1.0112844250754955,-4.125014152218293,-544.3092326523891,433.19576741689525,863.2600656435586,85.55318161026375,25.67180922578321,-0.11152560055131744,433.1957674189376,415.05164147340264,429.68522023702417,0.3491350038531209,400.0,0.7412245052323284,414.7025064695495,23.988841515134954,5.353582499533179,599.5989514381122,0.0039336828809446445,1.979250873773708e-05,False,True,RELEASE,RELEASED,
4.140000000004086,LOWERING,0.22003048530872643,1260.681817240529,40.44410529750815,-0.0390321885533235,320.46860757844365,1.7397352768582555,-0.7809869121497133,1.5545862075150183,1.0108845574199343,-4.125226575652825,-544.605363269608,433.50077349908366,862.900917985652,85.54034381107755,25.67503211081664,-0.11078615136898406,433.500773501099,415.33676506444533,429.7030816747707,0.34741592069985927,400.0,0.7416755354283446,414.98934914374547,23.988845603301737,5.351622003852945,599.5990935364275,0.003906096020695138,1.978374814370909e-05,False,True,RELEASE,RELEASED,
4.150000000004063,LOWERING,0.22013827986498233,1261.2994345533236,40.463381018634294,-0.03904600719719641,320.4886207548009,1.7392979391298096,-0.7814849598094719,1.5538463819350972,1.010486992698045,-4.125438774120895,-544.9001972539652,433.804313041202,862.5441268265112,85.52769624154828,25.678239008328653,-0.11005103711408992,433.804313043199,415.62051059995974,429.72085397886843,0.3457011593059178,400.0,0.7421243255409384,415.2748094406538,23.988849663052864,5.34967513434367,599.599234642714,0.0038786869197062757,1.9774332201905054e-05,False,True,RELEASE,RELEASED,
4.16000000000404,LOWERING,0.22024555245527988,1261.9140612214724,40.48256270243956,-0.03905976382717728,320.50853317786783,1.7388641348615,-0.7819805551679719,1.553111358160394,1.0100917213416623,-4.125650738972585,-545.1937357455304,434.10638928477516,862.1896790046886,85.51523674089682,25.681429959957104,-0.10932024009457564,434.10638928675655,415.9028812160621,429.7385373872198,0.3439907482969602,400.0,0.7425708814486447,415.55889046776514,23.98885369456277,5.34774180737289,599.5993747633877,0.003851458500474969,1.976456732677434e-05,False,True,RELEASE,RELEASED,
4.170000000004016,LOWERING,0.22035230411555343,1262.5257031804413,40.50165054103921,-0.03907345858342113,320.52834512779015,1.7384338375362465,-0.7824737043580088,1.5523811096117008,1.0096987337787948,-4.1258624616450055,-545.4859799324076,434.4070055010393,861.8375613990656,85.50296316637991,25.68460500758994,-0.10859374260132881,434.40700550300033,416.183880075746,429.7561321390717,0.3422847159847038,400.0,0.7430152090642774,415.8415953597613,23.98885769800679,5.345821938866213,599.5995139049555,0.0038244128701432345,1.975503437279258e-05,False,True,RELEASE,RELEASED,
4.180000000003993,LOWERING,0.22045853589681524,1263.134366452087,40.520644738466096,-0.039087091370157985,320.5480568860911,1.7380070207852392,-0.7829644135541585,1.551655609794447,1.0093080204342222,-4.126073933662644,-545.7769310503678,434.7061649906528,861.4877609291499,85.49087339322179,25.68776419336217,-0.1078715268695305,434.706164992591,416.46351036862904,429.77363847499663,0.34058309036316814,400.0,0.7434573143345697,416.1229272782659,23.98886167356141,5.34391544420719,599.5996520739843,0.0037975512315338023,1.974507421209637e-05,False,True,RELEASE,RELEASED,
4.19000000000397,LOWERING,0.220564248864966,1263.740057143571,40.53954548560406,-0.03910066249783687,320.5676687356554,1.7375836583882254,-0.7834526889724163,1.5509348322994425,1.0089195717300796,-4.1262851466383355,-546.0665903825703,435.00387108346547,861.1402645555236,85.47896531456666,25.690907559653233,-0.1071535751140118,435.00387108538195,416.7417753107127,429.7910566368774,0.3388858991282291,400.0,0.7438972032397816,416.40288941158445,23.98886562140424,5.3420222382308,599.5997892770665,0.0037708738779391737,1.9734518360792208e-05,False,True,RELEASE,RELEASED,
4.200000000003946,LOWERING,0.2206694441006016,1264.3427814462514,40.55835299207444,-0.03911417186435737,320.58718096071186,1.737163724273516,-0.7839385368696524,1.5502187508034155,1.008533378086442,-4.126496092273257,-546.3549592591467,435.3001271381806,860.7950592801651,85.46723684140387,25.694035149084062,-0.1064398695212958,435.3001271400803,417.018678144096,429.8083868678916,0.3371931696470938,400.0,0.7443348817933187,416.6814849744489,23.988869541713886,5.340142235300936,599.5999255207907,0.003744380263961844,1.9724030892120936e-05,False,True,RELEASE,RELEASED,
4.210000000003923,LOWERING,0.22077412269881977,1264.942545634576,40.57706746463128,-0.03912761950836268,320.60659384681344,1.736747192518032,-0.7844219635431902,1.5495073390695224,1.0081494299219005,-4.12670676235747,-546.6420390568544,435.59493654208643,860.4521321467596,85.45568590250275,25.69714700451391,-0.10573039224971126,435.5949365439649,417.29422213668784,429.82562941249296,0.3355049289446015,400.0,0.7447703560413296,416.95871720774323,23.988873434669667,5.338275349438644,599.6000608117122,0.0037180691220397577,1.9714506265700038e-05,False,True,RELEASE,RELEASED,
4.2200000000039,LOWERING,0.22087828576903099,1265.5393560649989,40.595689099525664,-0.03914100580348385,320.62590768082134,1.7363340373474605,-0.7849029753303127,1.5488005709480337,1.0077677176541295,-4.126917148770247,-546.9278311987135,435.888302710747,860.1114702411068,85.44431044435277,25.700243169037645,-0.10502512542041131,435.8883027126042,417.56841058196704,429.8427845163961,0.3338212037376138,400.0,0.7452036320622891,417.23458937822943,23.988877300451254,5.336421494493021,599.6001951563348,0.003691938617002677,1.9704834130607196e-05,False,True,RELEASE,RELEASED,
4.230000000003876,LOWERING,0.22098193443476424,1266.1332191748666,40.61421812274632,-0.03915433042708954,320.6451227508861,1.7359242331362392,-0.7853815786078199,1.5480984203767953,1.0073882317004559,-4.127127243480493,-547.2123371536413,436.18022908772235,859.7730606914039,85.43310843109037,25.70332368598271,-0.10432405115420806,436.1802290895644,417.84124679869774,429.85985242655875,0.3321420204239871,400.0,0.7456347159665961,417.50910477827375,23.988881139238288,5.334580584329159,599.6003285610834,0.0036659865163937155,1.9693620686211943e-05,False,True,RELEASE,RELEASED,
4.240000000003853,LOWERING,0.22108506983347403,1266.7241414813134,40.63265473621844,-0.03916759373686913,320.6642393464278,1.7355177544074825,-0.7858577797914374,1.5474008613817116,1.0070109624784145,-4.127337038546503,-547.4955584360024,436.4707191442008,859.4368906685353,85.42207784442164,25.706388598905793,-0.10362715152541568,436.4707191460246,418.1127341305685,429.87683339116546,0.3304674050042422,400.0,0.746063613896148,417.7822667255643,23.988884951209986,5.332752533014602,599.6004610323043,0.0036402103594870283,1.968206495917002e-05,False,True,RELEASE,RELEASED,
4.25000000000383,LOWERING,0.22118769311635178,1267.3121295801807,40.6509991549708,-0.03918079581832702,320.6832577581187,1.735114575833188,-0.7863315853354628,1.5467078680774216,1.0066359004063028,-4.127546526116924,-547.7774966053283,436.7597763787679,859.1029473864749,85.41121668357019,25.709437951590008,-0.10293440860118608,436.75977638056963,418.38287594602747,429.8937276596083,0.3287973832062221,400.0,0.7464903320239143,418.05407856282125,23.988888736544784,5.330937254992839,599.6005925762527,0.003614607614098375,1.9671014172217838e-05,False,True,RELEASE,RELEASED,
4.2600000000038065,LOWERING,0.22128980544813115,1267.8971901449004,40.66925160603138,-0.03919393651268731,320.7021782778644,1.7347146722340714,-0.7868030017321865,1.5460194146676756,1.0062630359037281,-4.127755698430499,-548.0581532658598,437.0474043170474,858.7712181025195,85.4005229651925,25.712471788041782,-0.10224580442218212,437.04740431883585,418.6516756379083,429.9105354824719,0.32713198039266445,400.0,0.7469148765535126,418.3245436575156,23.988892495420025,5.329134665227325,599.6007231990972,0.003589175807555023,1.9659637899849258e-05,False,True,RELEASE,RELEASED,
4.270000000003783,LOWERING,0.22139140800689708,1268.4793299254022,40.68741230216034,-0.039207016087422775,320.72100119878365,1.7343180185795433,-0.7872720355113887,1.5453354754458422,1.0058923593921474,-4.127964547816243,-548.3375300661553,437.3336065113833,858.441690117592,85.3899947233044,25.71549015248755,-0.10156132101860749,437.33360651314973,418.9191366231433,429.92725711151405,0.3254712215689892,400.0,0.7473372537187728,418.5936654015743,23.988896228011733,5.327344679321824,599.6008529069179,0.003563912636074029,1.9648061680754836e-05,False,True,RELEASE,RELEASED,
4.28000000000376,LOWERING,0.22149250198389478,1269.0585557470183,40.70548145407589,-0.039220034922304116,320.7397268151906,1.733924589987667,-0.7877386932398452,1.5446560247953849,1.005523861295405,-4.128173066693645,-548.6156286987018,437.61838654052735,858.1143507765291,85.37963000920871,25.718493089370778,-0.10088094040509077,437.61838654227074,419.18526234249094,429.94389279964935,0.3238151313980211,400.0,0.7477574697833081,418.8614472110929,23.988899934494412,5.325567213597922,599.6009817057204,0.0035388160356166765,1.9637197567590192e-05,False,True,RELEASE,RELEASED,
4.290000000003737,LOWERING,0.22159308858333893,1269.6348745093906,40.72345930037979,-0.03923299274459391,320.75835542257494,1.7335343617251662,-0.7882029815208755,1.5439810371903802,1.005157532040262,-4.128381247573083,-548.8924508995544,437.90174800935074,857.7891874683944,85.36942689143001,25.721480643348734,-0.10020464457522849,437.9017480110803,419.45005626026193,429.96044280092997,0.32216373422920697,400.0,0.7481755310400673,419.1278925260327,23.988903615040982,5.323802185145804,599.6011096014386,0.0035138842286039917,1.962600953220317e-05,False,True,RELEASE,RELEASED,
4.300000000003713,LOWERING,0.22169316902222103,1270.2082931853668,40.74134606818707,-0.03924588963381561,320.77688731758155,1.7331473092072123,-0.7886649069937018,1.5433104871958898,1.004793362056919,-4.128589083055289,-549.1679984478436,438.1836945484453,857.466187626701,85.35938345562172,25.724452859289105,-0.09953241550965686,438.1836945501577,419.7135218639274,429.97690737052903,0.3205170539962978,400.0,0.7485914438109038,419.3930048099311,23.98890726982274,5.322049511829484,599.6012365999529,0.003489115729915504,1.961552791840404e-05,False,True,RELEASE,RELEASED,
4.31000000000369,LOWERING,0.22179274453012085,1270.77881881992,40.75914198278177,-0.03925872577391827,320.79532279799344,1.732763407997447,-0.7891244763331171,1.5426443494684414,1.0044313417795372,-4.128796565832257,-549.4422731654844,438.4642298139049,857.1453387297072,85.34949780450667,25.72740978226721,-0.09886423519435539,438.4642298155955,419.97566266394546,429.9932867647218,0.31887511435070337,400.0,0.7490052144461198,419.65678754959475,23.98891089900939,5.320309112276246,599.601362707094,0.0034645093384337855,1.9605871386829676e-05,False,True,RELEASE,RELEASED,
4.320000000003667,LOWERING,0.22189181634901478,1271.3464585290508,40.77684727702162,-0.03927150121246517,320.8136621627101,1.7323826338078065,-0.7895816962487746,1.541982598756478,1.004071461646749,-4.129003688686474,-549.7152769166543,438.7433574868863,856.8266283006824,85.3397680577885,25.730351457562374,-0.09820008558369864,438.7433574885588,420.2364821933431,430.009581240869,0.31723793853592497,400.0,0.7494168493240311,419.91924425480715,23.988914502769124,5.318580905844084,599.6014879286529,0.003440064108835017,1.959535777018573e-05,False,True,RELEASE,RELEASED,
4.330000000003643,LOWERING,0.2219903857330863,1271.9112194987006,40.794462168095805,-0.039284216452158974,320.83190571172855,1.7320049624983427,-0.7900365734848087,1.541325209900645,1.0037137121021662,-4.129210444491491,-549.9870116074528,439.0210812733608,856.5100439080904,85.33019235207334,25.73327793065488,-0.09753994864013293,439.0210812750213,420.495984007483,430.0257910573969,0.31560554946202046,400.0,0.749826354850517,420.180378458021,23.988918081268697,5.316864812569583,599.6016122703941,0.003415779306164879,1.9585203602900947e-05,False,True,RELEASE,RELEASED,
4.34000000000362,LOWERING,0.2220884539488509,1272.4731089854697,40.811986918329005,-0.03929687090207263,320.85005374249477,1.7316303687290113,-0.790489114647647,1.540672156407115,1.0033580835367153,-4.129416824462304,-550.2574789531238,439.2974048034135,856.1955723630772,85.3207687255832,25.736189246640453,-0.09688382251215444,439.2974048050524,420.75417159020833,430.0419164721862,0.3139778803496256,400.0,0.7502337374566412,420.4401937098587,23.988921634673595,5.315160753108492,599.6017357380342,0.0033916576515302665,1.957521581630317e-05,False,True,RELEASE,RELEASED,
4.350000000003597,LOWERING,0.22218602228771214,1273.0321343885548,40.8294217482583,-0.039309465151282995,320.86810651231747,1.7312588288925637,-0.790939325129832,1.5400234142965545,1.0030045662629177,-4.129622815904122,-550.5266802085907,439.5723309816025,855.8832017581899,85.31149531258299,25.739085444199983,-0.09623152979463612,439.5723309832278,421.011047747279,430.0579577119586,0.31235432192403323,400.0,0.7506390034312226,420.698693425355,23.988925163148135,5.313468648668537,599.6018583373941,0.0033676963654718506,1.9562758211577602e-05,False,True,RELEASE,RELEASED,
4.3600000000035735,LOWERING,0.22228309203158467,1273.5883030527862,40.84676689103143,-0.039321999421552824,320.8860643980553,1.7308903238302493,-0.7913872154095363,1.5393789619244267,1.0026531510631689,-4.1298284304125925,-550.7946198432343,439.8458657066911,855.5729217939523,85.30237081236812,25.74196658121822,-0.09558325704244908,439.84586570829947,421.2666180752203,430.07391506760587,0.3107369325423406,400.0,0.7510421590498949,420.955881142678,23.988928666855987,5.311788420774113,599.6019800740967,0.003343887385056199,1.955009665266516e-05,False,True,RELEASE,RELEASED,
4.37000000000355,LOWERING,0.22237966447024007,1274.1416223680103,40.864022601209385,-0.039334473425287696,320.90392770510937,1.73052482655463,-0.7918327905923414,1.5387387715478795,1.002303828371633,-4.130033651461179,-551.0612985976425,440.11801179800267,855.2647185822466,85.29339307479825,25.744832704141523,-0.0949389792990587,440.1180117995907,421.5208853027256,430.08978883892473,0.3091245569709713,400.0,0.7514432111648001,421.21176074575465,23.988932145959115,5.310119991764012,599.6021009537515,0.0033202372891008025,1.953728232706453e-05,False,True,RELEASE,RELEASED,
4.380000000003527,LOWERING,0.2224757409176097,1274.6920998624992,40.88118911621929,-0.03934688742274953,320.9216967236161,1.7301623131250683,-0.7922760569886169,1.5381028181759684,1.001956588614356,-4.1302384695122365,-551.3267182026894,440.3887727274521,854.9585797149517,85.28456025241037,25.747683856991163,-0.09429863416471562,440.3887727290227,421.77385276292966,430.10557928049724,0.3075167386488715,400.0,0.751842166608661,421.4663360242808,23.988935600618706,5.308463284348318,599.602220982069,0.0032967464528308454,1.9525374511886184e-05,False,True,RELEASE,RELEASED,
4.3900000000035035,LOWERING,0.22257132269974522,1275.2397431339696,40.89826667953193,-0.039359241575698894,320.93937175054776,1.7298027605497996,-0.7927170216920945,1.5374710774272546,1.0016114222502435,-4.130442878776911,-551.5908809190722,440.65815241573216,854.6544931324461,85.27587061020797,25.750520084909084,-0.09366219177695712,440.6581524172883,422.02552420572744,430.12128664088937,0.305913577956062,400.0,0.7522390319762196,421.7196106277714,23.988939030995446,5.3068182214795945,599.6023401647417,0.0032734138876442387,1.951290565216368e-05,False,True,RELEASE,RELEASED,
4.40000000000348,LOWERING,0.22266641115179162,1275.7845598322385,40.91525553900115,-0.03937153597565264,320.95695308910547,1.7294461459419497,-0.7931556918432662,1.5368435249595493,1.0012683197624948,-4.130646873603182,-551.8537890483532,440.9261548221176,854.3524468050961,85.26732242625218,25.753341434060566,-0.0930296340775385,440.9261548236516,422.2759034165075,430.1369111766118,0.30431525222775235,400.0,0.7526338137516541,421.97158816427975,23.98894243724945,5.305184726384426,599.6024585074256,0.0032502385884187746,1.9500124949445308e-05,False,True,RELEASE,RELEASED,
4.410000000003457,LOWERING,0.22276100761857243,1276.3265576625777,40.932155940914335,-0.039383770797836004,320.9744410462821,1.7290924464203565,-0.7935920744945218,1.5362201364281796,1.0009272716495567,-4.130850447852195,-552.1154448511116,441.19278386614417,854.0524287036021,85.25891397820389,25.756147951243307,-0.09240094447966385,441.19278386766734,422.5249941433084,430.15245315143704,0.3027218750245879,400.0,0.753026518432057,422.2222722682838,23.988945819540188,5.303562722597256,599.6025760157443,0.0032272196619693716,1.9487899407977238e-05,False,True,RELEASE,RELEASED,
4.420000000003434,LOWERING,0.22285511345529,1276.8657443897241,40.94896813927402,-0.03939594606869242,320.9918359311937,1.7287416391760297,-0.7940261766610915,1.5356008875349072,1.000588268421195,-4.1310535951533485,-552.3758505826698,441.4580434536151,853.7544268217994,85.25064355098675,25.758939683619605,-0.09177610555184401,441.4580434551207,422.7728001207453,430.1679128330574,0.3011334994270669,400.0,0.7534171525759086,422.4716666213182,23.988949178026445,5.301952133979769,599.6026926952914,0.0032043562332955133,1.9475631518162118e-05,False,True,RELEASE,RELEASED,
4.43000000000341,LOWERING,0.22294873002768595,1277.4021278388009,40.96569239044055,-0.03940806180286116,321.0091380542272,1.7283937015263235,-0.7944580053736529,1.5349857540620961,1.0002513005974571,-4.1312563091583705,-552.6350085274343,441.72193750465743,853.4584291934468,85.2425094434183,25.76171667857948,-0.09115509921991816,441.7219375061472,423.019325096112,430.18329049083957,0.29955014779886824,400.0,0.7538057228044095,422.71977494831316,23.988952512866298,5.30035288473694,599.6028085516252,0.0031816473830579284,1.946331011026814e-05,False,True,RELEASE,RELEASED,
4.440000000003387,LOWERING,0.22304185871186571,1277.935715894312,40.98232893178443,-0.03942011854381657,321.0263477266688,1.7280486109369144,-0.7948875677002649,1.5343747118864277,0.9999163587087038,-4.13145858364774,-552.8929210127304,441.9844699653886,853.1644238989305,85.23450997089046,25.764478983681016,-0.09053790722828126,441.98446996686397,423.26457284012076,430.19858639486773,0.29797183231193003,400.0,0.7541922357873989,422.96660100780883,23.988955824217054,5.298764899440127,599.6029235902731,0.0031590921386941417,1.94514448139671e-05,False,True,RELEASE,RELEASED,
4.450000000003364,LOWERING,0.22313450089401785,1278.4665164985317,40.99887803563311,-0.03943211599382921,321.0434652605662,1.7277063450256085,-0.7953148707486877,1.53376773698228,0.9995834332959438,-4.131660412544423,-553.1495904100029,442.24564480900403,852.8723990668504,85.22664346573626,25.7672266466281,-0.08992451136498403,442.2456448104562,423.5085471479373,430.2138008157046,0.2963985641556519,400.0,0.7545766982296469,423.21214858378164,23.988959112235232,5.29718810303572,599.6030378167275,0.0031366894763378284,1.9439526283804298e-05,False,True,RELEASE,RELEASED,
4.46000000000334,LOWERING,0.2232266579701463,1278.994537649974,41.01533995592036,-0.03944405436642632,321.06049096869293,1.727366881560096,-0.7957399216620679,1.5331648054217453,0.9992525149112259,-4.131861789896501,-553.4050191318855,442.50546603331077,852.5823428740007,85.21890827682452,25.769959715264548,-0.0893148935120962,442.50546603474675,423.7512518368981,430.2289340244261,0.29483035622718035,400.0,0.7549591168618994,423.45642148067094,23.988962377076533,5.295622420869005,599.6031512364407,0.0031144383441779055,1.94272108444693e-05,False,True,RELEASE,RELEASED,
4.470000000003317,LOWERING,0.22331833134584061,1279.5197874020744,41.03171494145138,-0.03945593404828069,321.0774251645456,1.7270301984552807,-0.7961627276142559,1.5325658933743482,0.998923594118056,-4.132062709858231,-553.6592096291474,442.763937658107,852.2942435452827,85.21130276910323,25.7726782375736,-0.08870903563695265,442.7639376595365,423.9926907440597,430.2439862927114,0.2932672231622746,400.0,0.7553394984361761,423.6994235208974,23.988965618895772,5.294067778702571,599.6032638548309,0.0030923376815810144,1.941616497447285e-05,False,True,RELEASE,RELEASED,
4.480000000003294,LOWERING,0.22340952243607587,1280.042273862042,41.048003263342125,-0.03946775490310091,321.09426816234793,1.726696273771176,-0.7965832958065385,1.5319709771067,0.9985966614918125,-4.13226316667734,-553.9121643885427,443.0210637233519,852.008089353588,85.20382532325345,25.775382261678452,-0.08810691974304063,443.0210637247618,424.2328677244989,430.25895789291286,0.29170918066233753,400.0,0.7557178497237318,423.94115854383654,23.988968837846887,5.292524102725388,599.6033756772792,0.00307038642990598,1.9404423767355183e-05,False,True,RELEASE,RELEASED,
4.4900000000032705,LOWERING,0.2235002326650289,1280.5620051898093,41.06420518914246,-0.03947951692682054,321.1110202770509,1.726365085711793,-0.7970016334657505,1.531380032982542,0.998271707620166,-4.132463154688755,-554.1638859315575,443.27684828809987,851.7238686198989,85.19647433547931,25.77807183584215,-0.08750852786579344,443.2768482894923,424.4717866503401,430.2738490980919,0.2901562448828372,400.0,0.7560941775143262,424.18163040545727,23.988972034082884,5.290991319570826,599.6034867091255,0.0030485835505436043,1.9392629326375754e-05,False,True,RELEASE,RELEASED,
4.500000000003247,LOWERING,0.22359046346590528,1281.0789895970397,41.080320969028605,-0.039491220595926725,321.1276818243293,1.7260366126245625,-0.7974177478433743,1.5307930374628946,0.9979487231034969,-4.132662668312734,-554.4143768137733,443.53129542997647,851.4415697134242,85.1892482173856,25.780747008466918,-0.08691384205428676,443.53129543135327,424.70945141027175,430.28866018203144,0.2886084320746818,400.0,0.7564684886159935,424.4208429781971,23.98897520775581,5.28946935633023,599.6035969556751,0.003026928038551091,1.9381400619522537e-05,False,True,RELEASE,RELEASED,
4.510000000003224,LOWERING,0.22368021628076715,1281.59323534614,41.09635087086496,-0.03950286597888578,321.1442531205716,1.7257108329999367,-0.7978316462149233,1.5302099671062532,0.9976276985553039,-4.132861702054277,-554.6636396244,443.7844092448059,851.1611810517579,85.18214539588116,25.783407828092443,-0.08632284438021998,443.7844092461736,424.94586590920045,430.3033914192329,0.28706575831881764,400.0,0.7568407898549497,424.65880015088163,23.988978359016784,5.2879581405444736,599.6037064222,0.0030054189165289458,1.9370335991197862e-05,False,True,RELEASE,RELEASED,
4.520000000003201,LOWERING,0.2237694925603601,1282.1047507492708,41.112295174591054,-0.03951445287804462,321.16073448286664,1.7253877254711432,-0.7982433358795551,1.529630798568846,0.9973086246026127,-4.133060250503575,-554.9116769859478,444.0361938463577,850.8826911010501,85.17516431310739,25.786054343393598,-0.0857355169098355,444.0361938477055,425.1810340679913,430.3180430849047,0.28552823939548944,400.0,0.757211088075441,424.8955058285958,23.988981488015966,5.286457600209606,599.6038151139387,0.0029840552408861853,1.9359108364369604e-05,False,True,RELEASE,RELEASED,
4.530000000003177,LOWERING,0.2238582937639414,1282.6135441673596,41.128154127028296,-0.0395259819716062,321.17712622898887,1.7250672688138458,-0.7986528241597052,1.5290555086047686,0.9969914918863708,-4.133258308336462,-555.1584915539011,444.2866533661075,850.6060883761152,85.16830342635654,25.788686603177965,-0.08515184174109436,444.28665336744484,425.4149598233027,430.332615454946,0.28399589079447196,400.0,0.7575793901395261,425.1309639325082,23.988984594902565,5.284967663779173,599.603923036092,0.0029628361053157803,1.934809509407387e-05,False,True,RELEASE,RELEASED,
4.540000000003154,LOWERING,0.2239466213591065,1283.1196240091099,41.14392801055929,-0.03953745307594886,321.1934286773802,1.724749441945862,-0.7990601184006635,1.5284840740662238,0.9966762910618425,-4.133455870314667,-555.4040860163609,444.5357919529559,850.3313614405821,85.16156120799668,25.791304656382838,-0.08457180097218497,444.5357919542787,425.64764712727526,430.3471088059309,0.28246872762343855,400.0,0.75794570292678,425.3651783996518,23.988987679824852,5.283488260157758,599.6040301938342,0.0029417606364274818,1.9337595830393184e-05,False,True,RELEASE,RELEASED,
4.550000000003131,LOWERING,0.2240344768216167,1283.6229987300103,41.15961709988561,-0.03954886623858462,321.2096421471339,1.7244342239268966,-0.7994652259702387,1.5279164719037206,0.9963630127989932,-4.13365293128641,-555.6484630937359,444.78361377300314,850.0584989070344,85.15493614539793,25.793908552072455,-0.08399537673597024,444.78361377430826,425.8790999473479,430.3615234150897,0.28094676468515445,400.0,0.7583100333339342,425.59815318266277,23.98899074293018,5.2820193186880395,599.6041365923068,0.002920827983194485,1.932659344561216e-05,False,True,RELEASE,RELEASED,
4.560000000003107,LOWERING,0.22412186163522413,1284.1236768313345,41.1752216590619,-0.03956022181180164,321.22576695797386,1.7241215939580425,-0.7998681542581112,1.5273526791661918,0.9960516477828688,-4.1338494861855795,-555.891625538236,445.0301230091426,849.787489437083,85.14842674083147,25.796498339434635,-0.08342255117281638,445.0301230104353,426.1093222658898,430.37585956029267,0.2794300163708954,400.0,0.7586723882745071,425.8298922495189,23.98899378436499,5.28056076915336,599.6042422366208,0.0029000373209129293,1.9315923452722927e-05,False,True,RELEASE,RELEASED,
4.570000000003084,LOWERING,0.22420877729150065,1284.6216668591599,41.19074196932241,-0.03957151974903036,321.2418034302371,1.7238115313814868,-0.8002689106755374,1.5267926730011434,0.995742186713972,-4.134045530032449,-556.1335761335814,445.2753238608525,849.5183217414748,85.14203151139725,25.79907406777778,-0.08285330644662281,445.2753238621297,426.33831807998934,430.39011752003,0.27791849675037383,400.0,0.7590327746783784,426.06039958323896,23.988996804274823,5.279112541761392,599.6043471318605,0.0028793878377699755,1.9305391134594174e-05,False,True,RELEASE,RELEASED,
4.580000000003061,LOWERING,0.22429522528966508,1285.1169774033776,41.20617829131215,-0.03958276055764007,321.2577518848537,1.7235040156800803,-0.8006675026547383,1.5262364306548273,0.9954346203086263,-4.134241057933021,-556.3743176945221,445.5192205438109,849.2509845802002,85.13574898892853,25.801635786527566,-0.0822876247448221,445.5192205450712,426.5660914011107,430.4042975733948,0.27641221952296746,400.0,0.7593911994913636,426.28967918158776,23.988999802804365,5.277674567138783,599.6044512830808,0.0028588787314109965,1.929437328840322e-05,False,True,RELEASE,RELEASED,
4.590000000003037,LOWERING,0.2243812071364118,1285.6096170967103,41.22153091799195,-0.03959394396289539,321.27361264332876,1.7231990264768882,-0.8010639376484333,1.5256839294723146,0.9951289392993434,-4.134436065078934,-556.6138530664366,445.7618172895915,848.985466762553,85.12957771990176,25.804183545223918,-0.08172548828065374,445.76181729083936,426.7926462548206,430.4184000000661,0.2749111980417638,400.0,0.759747669674785,426.51773505677886,23.989002780097422,5.276246776326167,599.604554695306,0.00283850920598816,1.9283581195850275e-05,False,True,RELEASE,RELEASED,
4.600000000003014,LOWERING,0.22446672434573975,1286.0995946137332,41.23680012522507,-0.03960507015432371,321.2893860277215,1.7228965435348327,-0.8014582231293211,1.5251351468976992,0.9948251344351801,-4.134630546747213,-556.8521851249092,446.0031183453289,848.7217571472562,85.12351626535236,25.80671739351756,-0.08116687928963984,446.00311834656475,427.0179866804463,430.4324250802891,0.273415445283149,400.0,0.760102192205027,426.74457123516316,23.989005736296967,5.274829100767857,599.6046573735343,0.002818278464078894,1.9273557256838103e-05,False,True,RELEASE,RELEASED,
4.610000000002991,LOWERING,0.22455177843878105,1286.586918669891,41.25198617937537,-0.03961613959260458,321.305072360626,1.7225965467560838,-0.8018503665895031,1.5245900604740488,0.9945231964820888,-4.134824498299591,-557.0893167752482,446.243127973351,848.4598446424482,85.11756320076687,25.809237381166785,-0.08061178003470104,446.24312797457475,427.2421167307765,430.44637309485864,0.2719249738512417,400.0,0.7604547740730948,426.97019175692526,23.989008671545133,5.273421472312043,599.6047593227352,0.0027981857086452067,1.926386275385994e-05,False,True,RELEASE,RELEASED,
4.6200000000029675,LOWERING,0.22463637094363578,1287.0715980205528,41.26708936740756,-0.03962715225002235,321.3206719651522,1.722299016181809,-0.802240375540053,1.5240486478436903,0.9942231162232636,-4.1350179151826785,-557.3252509521334,446.48185045089417,848.1997182058572,85.1117171160117,25.811743558034237,-0.08006017280706601,446.48185045210306,427.4650404717802,430.46024432509927,0.2704397960154665,400.0,0.7608054222841587,427.1946006757647,23.989011585983228,5.272023823198906,599.6048605478511,0.002778230133378301,1.9255290396813507e-05,False,True,RELEASE,RELEASED,
4.630000000002944,LOWERING,0.22472050339519964,1287.5536414600226,41.28210997597136,-0.03963810813728211,321.33618516490606,1.7220039319915357,-0.8026282575104344,1.52351088674813,0.9939248844594858,-4.135210792927225,-557.5599906191212,446.71929006973306,847.9413668447705,85.10597661522503,25.814235974083697,-0.07951203992035971,446.7192900709297,427.68676198226325,430.474039052849,0.26895992367354893,400.0,0.7611541438571069,427.4178020585897,23.989014479751738,5.270636086062903,599.6049610537934,0.002758410926551491,1.924648469753265e-05,False,True,RELEASE,RELEASED,
4.640000000002921,LOWERING,0.22480417733499888,1288.0330578205953,41.29704827597158,-0.03964900769112927,321.3516122839695,1.7217112745027543,-0.8030140200479865,1.5229767550282147,0.9936284920094559,-4.135403127147839,-557.793538768231,446.95545113584774,847.6847796161361,85.10034031672949,25.816714679376663,-0.07896736372492796,446.9554511370309,427.90728535356453,430.48775756044023,0.2674853683582228,400.0,0.7615009458241009,427.6397999852063,23.989017352990338,5.2692581939310585,599.6050608454455,0.0027387272707519728,1.9236839222003255e-05,False,True,RELEASE,RELEASED,
4.650000000002898,LOWERING,0.22488739431102514,1288.50985597161,41.31190455591166,-0.0396598509337154,321.3669536468817,1.7214210241704222,-0.8033976707174248,1.5224462306241755,0.9933339297101272,-4.135594913542631,-558.0258984195189,447.19033796909974,847.4299456266034,85.09480685294022,25.819179724069254,-0.07842612658964754,447.19033797027066,428.1266146892664,430.50140013068176,0.26601614126622053,400.0,0.7618458352301157,427.86059854800016,23.989020205837882,5.267890080220024,599.6051599276614,0.0027191783417004345,1.9227527218390605e-05,False,True,RELEASE,RELEASED,
4.660000000002874,LOWERING,0.22497015587756686,1288.984044818483,41.326679107863626,-0.039670637825510266,321.38220957861887,1.721133161586473,-0.8037792171002673,1.521919291575716,0.9930411884170305,-4.135786147892635,-558.2570726206127,447.4239549028655,847.1768540325795,85.0893748702677,25.821631158408834,-0.07788831093023418,447.4239549040227,428.3447541048293,430.5149670468416,0.26455225319830333,400.0,0.7621888191324981,428.080201851631,23.989023038432407,5.266531678739458,599.6052583052658,0.0026997633127621157,1.9218572447243787e-05,False,True,RELEASE,RELEASED,
4.670000000002851,LOWERING,0.22505246359504855,1289.4556333017886,41.341372213853134,-0.03968136860706602,321.3973804045753,1.7208476674792825,-0.8041586667943526,1.5213959160219992,0.9927502590045952,-4.135976826061485,-558.4870644463001,447.6563062837223,846.9254940402407,85.08404302902518,25.824069032730822,-0.07735389917820612,447.6563062848648,428.56170772733964,430.5284585926286,0.26309371462110676,400.0,0.7625299046005153,428.29861401271853,23.989025850911144,5.265182923687022,599.6053559830552,0.0026804813520087123,1.9209636292316645e-05,False,True,RELEASE,RELEASED,
4.680000000002828,LOWERING,0.2251343190298665,1289.9246303963164,41.35598414829721,-0.039692043736494785,321.4124664505442,1.72056452271322,-0.8045360274133544,1.5208760822017386,0.9924611323664678,-4.13616694399518,-558.7158769981193,447.88739647113243,846.6758549055941,85.07881000333931,25.826493397455554,-0.07682287380634989,447.88739647225907,428.7774796951805,430.54187505217453,0.2616405356508267,400.0,0.7628690987149037,428.51583915952966,23.989028643410503,5.263843749650745,599.6054529657949,0.002661331625689378,1.920126513255127e-05,False,True,RELEASE,RELEASED,
4.690000000002804,LOWERING,0.22521572375422638,1290.391045110141,41.37051521714094,-0.03970266290479311,321.42746804269837,1.7202837082880795,-0.8049113065861916,1.5203597684532093,0.9921737994158163,-4.136356497721279,-558.9435134038769,448.11722983706653,846.4279259344969,85.07367448104931,25.828904303084972,-0.0762952173240592,448.1172298381812,428.9920741577311,430.55521671001674,0.26019272605668675,400.0,0.7632064085674329,428.7318814316744,23.98903141606608,5.262514091611236,599.6055492582218,0.002642313301778998,1.9193107618775684e-05,False,True,RELEASE,RELEASED,
4.700000000002781,LOWERING,0.22529667934598252,1290.854886483702,41.3849656867539,-0.03971322682274333,321.4423855075702,1.7200052053385846,-0.8052845119565197,1.5198469532142953,0.9918882510856416,-4.136545483348527,-559.1699768172273,448.3458107656745,846.1816964826905,85.06863516361612,25.831301800199345,-0.07577091226244193,448.3458107667809,429.2054952750101,430.5684838510806,0.2587502952173395,400.0,0.7635418412604533,428.94674497979275,23.98903416901265,5.2611938849427675,599.6056448650411,0.002623425552409131,1.9185152211775858e-05,False,True,RELEASE,RELEASED,
4.710000000002758,LOWERING,0.22537718738847853,1291.3161635888905,41.39933586803193,-0.03972373510628316,321.4572191720336,1.719728995133865,-0.8056556511822877,1.519337615022473,0.9916044783290753,-4.1367338970666605,-559.3952704172783,448.57314365299277,845.9371559558112,85.06369076603022,25.833685939454213,-0.07524994119853545,448.5731436540811,429.41774721743224,430.5816767606614,0.25731325218373513,400.0,0.7638754039064589,429.1604339652485,23.989036902384175,5.259883065408683,599.6057397909321,0.0026046675511839368,1.9176865777126295e-05,False,True,RELEASE,RELEASED,
4.7200000000027345,LOWERING,0.22545724947038703,1291.774885528129,41.41362602739157,-0.039734188512198544,321.47196936328413,1.719455059076868,-0.8060247319351354,1.5188317325148069,0.9913224721196753,-4.136921735145553,-559.6193974081065,448.7992329065621,845.6942938093935,85.05884001671015,25.83605677157708,-0.07473228674473376,448.7992329076422,429.6288341654744,430.59479572440637,0.25588160565951057,400.0,0.7642071036276357,429.3729525598149,23.989039616313804,5.258581569163018,599.6058340405432,0.002586038476270147,1.9168187549212234e-05,False,True,RELEASE,RELEASED,
4.730000000002711,LOWERING,0.22553686718555346,1292.2310614334801,41.42783648192797,-0.0397445865472516,321.4866364088197,1.7191833787038724,-0.8063917618998934,1.5183292844280019,0.9910422234517164,-4.137108993934801,-559.842361018339,449.02408294510053,845.4530995489133,85.05408165741328,25.838414347364168,-0.07421793153912404,449.0240829461654,429.83876030933857,430.60784102829865,0.25445536396262014,400.0,0.7645369475554293,429.58430494537595,23.989042310933858,5.2572893327546675,599.6059276184913,0.0025675375154641245,1.9160750866831222e-05,False,True,RELEASE,RELEASED,
4.740000000002688,LOWERING,0.2256160421328396,1292.6847004657468,41.44196751133847,-0.039754929679331925,321.501220636423,1.718913935683977,-0.8067567487741786,1.5178302495983853,0.9907637233404757,-4.137295669863689,-560.0641645007885,449.2476981982346,845.213562729791,85.04941444314724,25.840758717677485,-0.07370685827140733,449.2476981992934,430.0475298487303,430.62081295863754,0.25303453512088936,400.0,0.7648649428300973,429.7944953136094,23.989044986375852,5.256006293121481,599.6060205293679,0.0025491638624002277,1.9153980417740968e-05,False,True,RELEASE,RELEASED,
4.7500000000026645,LOWERING,0.2256947759159673,1293.1358118135784,41.456019407251894,-0.039765218097913876,321.51572237414257,1.7186467118184696,-0.8071197002677717,1.5173346069618592,0.9904869628225166,-4.137481759440193,-560.2848111319538,449.4700831061067,844.9756729573792,85.04483714206586,25.843089933441682,-0.07319904966209378,449.47008310715086,430.2551469924753,430.6337118020252,0.2516191267770296,400.0,0.7651910966002853,430.0035278656983,23.989047642770487,5.254732387588776,599.6061127777346,0.002530916716816378,1.9146765737332316e-05,False,True,RELEASE,RELEASED,
4.760000000002641,LOWERING,0.22577307014336484,1293.5844046925902,41.46999246063151,-0.03977545202965879,321.53014195027254,1.7183816890402563,-0.8074806241021415,1.5168423355538505,0.9902119329559578,-4.137667259250549,-560.504304211607,449.6912421190598,844.7394198869393,85.04034853537419,25.84540804564061,-0.07269448846807336,449.6912421200899,430.46161595825396,430.64653784534505,0.2502091462379781,400.0,0.7655154160225882,430.211406812016,23.98905028024766,5.253467553870454,599.606204368125,0.002512795287063163,1.9140301560582884e-05,False,True,RELEASE,RELEASED,
4.770000000002618,LOWERING,0.2258509264280135,1294.0304883444837,41.48388697092591,-0.03978563150829169,321.54447969333614,1.718118849413392,-0.8078395280099749,1.5163534145093684,0.989938624820752,-4.137852165958973,-560.7226470623978,449.91117969733364,844.5047932236932,85.03594741724244,25.847713105314572,-0.07219315749568977,449.911179698351,430.6669409723031,430.65929137574796,0.24880460047336328,400.0,0.7658379082611183,430.41813637182975,23.989052898936468,5.252211730060896,599.6062953050439,0.0024947987841414943,1.9133467958454276e-05,False,True,RELEASE,RELEASED,
4.780000000002595,LOWERING,0.2259283463872952,1294.4740720361754,41.497703223550644,-0.039795756938454434,321.5587359320653,1.7178581751324258,-0.8081964197346151,1.515867823062901,0.9896670295189444,-4.138036476306824,-560.9398430293863,450.12990031070285,844.271782722773,85.0316325947036,25.850005163556933,-0.0716950395776621,450.1299003117103,430.87112626909334,430.6719726806334,0.24740549609401796,400.0,0.7661585804870775,430.6237207729993,23.989055498965214,5.2509648546382195,599.6063855929699,0.0024769264263104773,1.9126821200643462e-05,False,True,RELEASE,RELEASED,
4.790000000002571,LOWERING,0.226005331642843,1294.915165058938,41.51144153450029,-0.03980582797695245,321.572910995383,1.7175996485218605,-0.8085513070296304,1.5153855405483765,0.9893971381749394,-4.13822018711238,-561.1558954796648,450.34740843819105,844.0403781892093,85.02740288756254,25.852284271511135,-0.07120011760002853,450.34740843918865,431.0741760910596,430.6845820476326,0.24601183938739268,400.0,0.7664774398783231,430.8281642516722,23.989058080461398,5.24972686646466,599.6064752363507,0.0024591774408717626,1.9120990145893302e-05,False,True,RELEASE,RELEASED,
4.800000000002548,LOWERING,0.22608188382038982,1295.3537767275348,41.525102190126226,-0.039815845041269095,321.587005212385,1.7173432520355714,-0.8089041976582869,1.5149065463991216,0.9891289419357562,-4.138403295270182,-561.3708078019149,450.5637085677314,843.8105694779239,85.0232571283012,25.854550480367646,-0.07070837448634393,450.5637085687119,431.2760946882697,430.69711976459246,0.24462363627969808,400.0,0.7667944936189449,431.03147105199,23.98906064355173,5.248497704779113,599.606564239609,0.002441551059013669,1.9114604981496086e-05,False,True,RELEASE,RELEASED,
4.810000000002525,LOWERING,0.22615800454962257,1295.7899163793843,41.53868547126716,-0.039825808703631,321.6010189123228,1.717088968256259,-0.8092550993930885,1.5144308201478287,0.9888624319712789,-4.138585797750649,-561.5845834060167,450.7788051958647,843.582346493722,85.01919416198888,25.856803841361057,-0.07021979319620186,450.7788051968378,431.47688631820597,430.70958611955814,0.24324089241679303,400.0,0.7671097488988425,431.2336454257892,23.989063188362145,5.247277309193687,599.606652607142,0.0024240465140987766,1.9108035928638856e-05,False,True,RELEASE,RELEASED,
4.820000000002501,LOWERING,0.22623369546403105,1296.2235933736933,41.55219169137962,-0.03983571873587174,321.6149524245835,1.7168367798947624,-0.8096040200151903,1.5139583414264277,0.9885975994745061,-4.138767691599098,-561.7972257225606,450.99270282736666,843.3556991912303,85.01521284617417,25.859044405766785,-0.06973435674717621,450.99270282833135,431.67655524535036,430.7219814007584,0.24186361303480908,400.0,0.7674232129133137,431.43469163231555,23.98906571501781,5.246065619689631,599.6067403433171,0.0024066630396726296,1.9101549582956068e-05,False,True,RELEASE,RELEASED,
4.830000000002478,LOWERING,0.226308958200766,1296.654817090645,41.56562114255078,-0.03984557546064416,321.6288060786728,1.7165866697895518,-0.8099509673140445,1.5134890899660385,0.9883344356617902,-4.138948973935792,-562.008738202523,451.2054059750029,843.1306175748831,85.01131205080577,25.861272224898137,-0.06925204818116981,451.20540597595317,431.8751057409985,430.7343058965854,0.24049180308321638,400.0,0.7677348928626222,431.6346139379153,23.989068223643102,5.244862576625113,599.6068274524712,0.002389399877928078,1.909647329512154e-05,False,True,RELEASE,RELEASED,
4.840000000002455,LOWERING,0.22638379440049214,1297.0835969305556,41.578974134468815,-0.03985537877526908,321.6425802041982,1.716338620906114,-0.810295949086841,1.5130230455969125,0.9880729317730792,-4.139129641955075,-562.2191243168041,451.4169191591751,842.9070916989015,85.0074906581308,25.863487350103526,-0.06877285060500071,451.41691916011644,432.0725420829469,430.74655989558164,0.2391254671920251,400.0,0.768044795951592,431.83341661575486,23.989070714361628,5.243668120727254,599.6069139389222,0.0023722562740120523,1.9091010869942693e-05,False,True,RELEASE,RELEASED,
4.8500000000024315,LOWERING,0.22645820570724426,1297.5099423130507,41.592250962111336,-0.039865128959577716,321.65627513084894,1.7160926163363255,-0.8106389731380014,1.5125601882483293,0.9878130790721454,-4.139309692924714,-562.4283875558009,451.62724690758876,842.6851116672443,85.00374756260057,25.865689832763106,-0.06829674715106648,451.6272469085174,432.2688685551389,430.75874368642206,0.2377646096143735,400.0,0.7683529293891894,432.03110394552453,23.989073187296245,5.24248219308522,599.6069998069561,0.002355231471333319,1.908582504484002e-05,False,True,RELEASE,RELEASED,
4.860000000002408,LOWERING,0.22653219376828637,1297.9338626762576,41.605451908373524,-0.03987482660898985,321.6698911883802,1.715848639297888,-0.8109800472787912,1.5121004979485009,0.9875548688468173,-4.139489124185725,-562.6365314290528,451.8363937549952,842.4646676335693,85.00008167078158,25.867879724286095,-0.06782372100826706,451.83639375591275,432.4640894474665,430.7708575578974,0.23640923431935335,400.0,0.76865930038811,432.22768021314715,23.989075642569038,5.2413047351564295,599.607085060833,0.0023383247187078737,1.9080542529081868e-05,False,True,RELEASE,RELEASED,
4.870000000002385,LOWERING,0.22660576023396858,1298.3553674759862,41.618577300281046,-0.03988447122884429,321.6834287065954,1.7156066731336626,-0.8113191793267297,1.5116439548244667,0.9872982924092043,-4.139667933151337,-562.843559464764,452.044364242817,842.2457498011852,84.9964919012528,25.87005707610782,-0.06735375541313715,452.044364243721,432.6582090554257,430.7829017989003,0.23505934492629876,400.0,0.7689639161643789,432.4231497104994,23.989078080301333,5.240135688762002,599.6071697047855,0.0023215352677858903,1.9076297178344248e-05,False,True,RELEASE,RELEASED,
4.880000000002362,LOWERING,0.2266789067575899,1298.7744661849417,41.63162741721513,-0.039894063527836365,321.6968880153284,1.7153667013111227,-0.8116563771052351,1.5111905391020048,0.9870433410959134,-4.139846117306927,-563.0494752094725,452.251162918903,842.0283484230108,84.99297718452303,25.872221939686685,-0.06688683364018289,452.2511629198016,432.8512316798756,430.7948766984063,0.23371494475742338,400.0,0.7692667839369413,432.61751673511816,23.98908050061371,5.238974996082109,599.6072537430218,0.002304862370341887,1.9069427764861757e-05,False,True,RELEASE,RELEASED,
4.890000000002338,LOWERING,0.22675163499525644,1299.1911682919135,41.64460257351799,-0.0399036033528111,321.71026944442576,1.7151287074216925,-0.81199164844307,1.5107402311055038,0.9867900062682662,-4.140023674209088,-563.2542822275877,452.4567943371759,841.8124538015181,84.98953646292925,25.874374366501264,-0.06642293901632002,452.45679433805986,433.04316162670847,430.80678254546,0.23237603679172025,400.0,0.7695679109272554,432.81078558991675,23.989082903625988,5.237822599661648,599.607337179719,0.0022883052849467234,1.9065892445269128e-05,False,True,RELEASE,RELEASED,
4.900000000002315,LOWERING,0.2268239466057464,1299.6054833010003,41.65750306087424,-0.03991309112781167,321.7235733237309,1.7148926751801137,-0.81232500117389,1.5102930112578306,0.9865382793125086,-4.1402006014851045,-563.4579841010019,452.66126305733394,841.5980562886659,84.98616869054212,25.876514408047516,-0.0659620549228066,452.6612630582128,433.234003206602,430.8186196291591,0.23104262369582784,400.0,0.7698673043588966,433.00296058290616,23.98908528945723,5.236678442405533,599.6074200190328,0.0022718632742986244,1.906168290588539e-05,False,True,RELEASE,RELEASED,
4.910000000002292,LOWERING,0.22689584325037257,1300.0174207308232,41.67032918833323,-0.03992252685379111,321.7367999830657,1.714658588423908,-0.8126564431358204,1.509848860080275,0.9862881516400195,-4.140376896832628,-563.66058442872,452.8645736445724,841.3851462858831,84.9828728330838,25.878642115835813,-0.0655041647720509,452.86457364543554,433.4237607347303,430.8303882386377,0.22971470781919834,400.0,0.770164971457162,433.1940460269111,23.989087658225767,5.235542467572608,599.6075022650921,0.002255535601066505,1.9057461372540274e-05,False,True,RELEASE,RELEASED,
4.920000000002268,LOWERING,0.22696732659284746,1300.4269901137534,41.68308125005974,-0.039931910913207226,321.74994975221506,1.7144264311126294,-0.8129859821709478,1.5094077581923073,0.9860396146875089,-4.140552558018783,-563.8620868264194,453.06673066925435,841.173714243944,84.97964786781979,25.880757541388235,-0.06504925204319534,453.06673067010877,433.61243853049797,430.842088663052,0.22839229120478421,400.0,0.7704609194486726,433.3840462392932,23.989090010049186,5.234414618776291,599.6075839219968,0.0022393215303102565,1.905410050540013e-05,False,True,RELEASE,RELEASED,
4.930000000002245,LOWERING,0.2270383982991505,1300.834200995149,41.69575955883093,-0.039941243233401875,321.7630229609083,1.7141961873273388,-0.8133136261248964,1.508969686311543,0.9857926599172191,-4.140727582879822,-564.0624949260886,453.2677387066283,840.9637506629574,84.97649278347805,25.882860736235507,-0.06459730025198951,453.2677387074685,433.8000409172497,430.8537211915633,0.22707537558056856,400.0,0.770755155560981,433.57296554166913,23.989092345044334,5.233294839986827,599.6076649938234,0.002223220332766118,1.9051011634019233e-05,False,True,RELEASE,RELEASED,
4.940000000002222,LOWERING,0.2271090600373953,1301.2390629325976,41.70836441626719,-0.03995052402892867,321.7760199388052,1.7139678412699217,-0.8136393828463669,1.5085346252535468,0.9855472788171163,-4.140901969320463,-564.2618123756217,453.4676023365299,840.755246092272,84.97340658015067,25.88495175191459,-0.06414829297364122,453.46760233736404,433.9865722220086,430.8652861133253,0.22576396236451046,400.0,0.7710476870221885,433.7608082596441,23.98909466332732,5.232183075526916,599.6077454846197,0.0022072312825791585,1.904842554267816e-05,False,True,RELEASE,RELEASED,
4.950000000002198,LOWERING,0.22717931347769738,1301.6415854951558,41.72089611873732,-0.03995975365333709,321.7889410154768,1.7137413772624748,-0.8139632601866861,1.5081025559317058,0.9853034629010793,-4.141075715313329,-564.460042838428,453.66632614308514,840.5481911304141,84.97038826920408,25.887030639965502,-0.0637022138254224,453.6663261439097,434.17203677520837,430.8767837174661,0.22445805267807373,400.0,0.7713385210605558,433.9475787225303,23.98909696501352,5.231079270071548,599.6078253984101,0.0021913536585946858,1.9045947851736855e-05,False,True,RELEASE,RELEASED,
4.960000000002175,LOWERING,0.22724916029204495,1302.041778262611,41.73335497577774,-0.039968932139390366,321.80178652039,1.7135167797466333,-0.8142852659993096,1.5076734593570673,0.9850612037090852,-4.141248818898127,-564.6571899930134,453.8639147143873,840.342576425006,84.96743687318055,25.88909745192867,-0.06325904648224423,453.86391471520903,434.35643891038114,430.88821429307455,0.22315764730257115,400.0,0.7716276649041207,434.1332812630786,23.989099250217578,5.229983368646148,599.6079047391918,0.002175586744254332,1.9043434576815343e-05,False,True,RELEASE,RELEASED,
4.970000000002152,LOWERING,0.22731860215417107,1302.4396508247464,41.74574128620124,-0.03997805979413663,321.8145567828921,1.7132940332829973,-0.8146054081394805,1.5072473166381926,0.9848204928073895,-4.1414212781815225,-564.8532575326584,454.06037264226563,840.1383926727011,84.96455142571656,25.891152239342325,-0.06281877466608421,454.06037264307196,434.53978296396286,430.8995781291853,0.22186274675544837,400.0,0.7719151257803172,434.3179202172074,23.989101519053417,5.228895316620856,599.607983510939,0.0021599298239980413,1.9041625250793004e-05,False,True,RELEASE,RELEASED,
4.9800000000021285,LOWERING,0.22738764073942488,1302.8352127806063,41.75805535721417,-0.03998713672181493,321.8272521321936,1.7130731225503986,-0.8149236944637016,1.50682410898094,0.9845813217887022,-4.14159309133613,-565.0482491649744,454.25570452194563,839.935630619068,84.96173097144008,25.893195053739635,-0.06238138214803257,454.25570452274326,434.72207327496744,430.9108755147632,0.2205733512330994,400.0,0.7722009109155986,434.50149992373434,23.989103771634245,5.227815059710469,599.6080617175985,0.002144382184773974,1.903975919503864e-05,False,True,RELEASE,RELEASED,
4.990000000002105,LOWERING,0.22745627772464636,1303.2284737377756,41.77029748732534,-0.03999616324911534,321.83987289735325,1.7128540323453783,-0.8152401328293523,1.5064038176884051,0.9843436822723617,-4.141764256600226,-565.2421686115646,454.4499149517929,839.7342810585734,84.95897456588922,25.895225946646132,-0.061946852766368465,454.4499149525778,434.9033141847635,430.92210673868954,0.21928946065145283,400.0,0.7724850275350659,434.684024724112,23.989106008072536,5.226742543979867,599.6081393630907,0.0021289431222326627,1.9038291554807074e-05,False,True,RELEASE,RELEASED,
5.000000000002082,LOWERING,0.22752451478804134,1303.6194433116655,41.78246799950664,-0.040005139098898586,321.8524194072611,1.712636747581408,-0.8155547310941981,1.5059864241606207,0.9841075659045007,-4.141934772276805,-565.435019607598,454.6430085329948,839.5343348344196,84.95628127541103,25.897244969576874,-0.061515170385064266,454.6430085337749,435.08351003677365,430.93327208974694,0.21801107461249103,400.0,0.772767482862093,434.86549896216115,23.989108228480056,5.2256777158355545,599.6082164513141,0.0021136119349280946,1.9036029641483765e-05,False,True,RELEASE,RELEASED,
5.010000000002059,LOWERING,0.22759235360905844,1304.0081311248077,41.79456718104365,-0.04001406488724521,321.8648919906243,1.7124212532883905,-0.8158674971160468,1.5055719098945022,0.9838729643582113,-4.142104636733476,-565.6268059014996,454.83498986932835,839.3357828385327,84.9536501770821,25.899252174034068,-0.06108631894778682,454.83498987009773,435.2626651762541,430.94437185660536,0.21673819244074366,400.0,0.7730482841179659,435.04592698381333,23.989110432967856,5.224620522026279,599.6082929861373,0.002098387926125156,1.903471263631218e-05,False,True,RELEASE,RELEASED,
5.020000000002035,LOWERING,0.22765979586826468,1304.3945468061422,41.80659534081773,-0.040022940696632925,321.8772909759499,1.7122075346118464,-0.8161784387522236,1.505160256483528,0.9836398693337058,-4.142273848401306,-565.8175312544954,455.025863566821,839.1386160113866,84.95108035860343,25.901247611504086,-0.060660282434014334,455.0258635675787,435.44078395000344,430.95540632780705,0.21547081315588912,400.0,0.7733274385215152,435.22531313684755,23.98911262164628,5.223570909635918,599.608368971411,0.0020832703991544577,1.9034500894576922e-05,False,True,RELEASE,RELEASED,
5.030000000002012,LOWERING,0.22772684324722692,1304.7786999903374,41.81855277831704,-0.04003176684684809,321.88961669153076,1.7119955768123793,-0.8164875638592088,1.504751445617649,0.9834082725584727,-4.142442405774588,-566.0071994402971,455.2156342335088,838.9428253419708,84.9485709182199,25.90323133345516,-0.06023704488677595,455.21563423425545,435.6178707061277,430.9663757917531,0.21420893549498032,400.0,0.7736049532887532,435.4036617706327,23.98911479462498,5.222528826087536,599.6084444109562,0.002068258662478506,1.903389266999511e-05,False,True,RELEASE,RELEASED,
5.040000000001989,LOWERING,0.2277934974283905,1305.1606003170948,41.83043980770746,-0.04004054329562868,321.9018694654292,1.7117853652650503,-0.8167948802922258,1.5043454590831227,0.9831781657874267,-4.142610307410254,-566.195814244729,455.4043064791618,838.7484018677023,84.94612096463314,25.905203391334556,-0.05981659040230625,455.4043064799039,435.7939297937876,430.9772805366881,0.21295255791835643,400.0,0.7738808356325154,435.5809772358692,23.98911695201289,5.22149421914281,599.6085193085689,0.002053352030523037,1.9033355442843458e-05,False,True,RELEASE,RELEASED,
5.050000000001965,LOWERING,0.22785976009496253,1305.5402574304808,41.84225672729776,-0.040049270397621926,321.91404962546284,1.7115768854585864,-0.8171003959047877,1.5039422787621721,0.9829495408030607,-4.142777551927038,-566.3833794653347,455.5918849149913,838.5553366742533,84.94372961689945,25.907163836566244,-0.0593989031218598,455.59188491572576,435.9689655629337,430.9881208506882,0.21170167859486355,400.0,0.7741550927621061,435.75726388433884,23.98911909391825,5.220467036895407,599.6085936680249,0.00203854981959406,1.9032435943699966e-05,False,True,RELEASE,RELEASED,
5.060000000001942,LOWERING,0.2279256329307918,1305.9176809782382,41.85400385227026,-0.040057948089954803,321.9261574991892,1.7113701229948464,-0.817404118548294,1.5035418866329204,0.9827223894155854,-4.142944138004994,-566.5698989110211,455.77837415338024,838.3636208955197,84.94139600434846,25.909112720548187,-0.05898396725604016,455.77837415410676,436.14298236405193,430.9988970216458,0.21045629539821675,400.0,0.7744277318829532,435.9325260686537,23.98912122044862,5.219447227771042,599.6086674930705,0.0020238513491754873,1.903222369037394e-05,False,True,RELEASE,RELEASED,
5.070000000001919,LOWERING,0.2279911176202562,1306.2928806111415,41.86568147329039,-0.04006657692055401,321.9381934138911,1.711165063588129,-0.817706056071682,1.5031442647691076,0.9824967034630755,-4.1431100643851035,-566.7553764017348,455.9637788076493,838.1732457134767,84.93911926649542,25.91105009464999,-0.05857176706149403,455.96377880836775,436.3159845479714,431.0096093372557,0.20921640597293845,400.0,0.7746987601962461,436.1067681419985,23.989123331710854,5.218434740529027,599.6087407874329,0.002009255944934729,1.9032446118671942e-05,False,True,RELEASE,RELEASED,
5.080000000001895,LOWERING,0.22805621584814487,1306.6658659823217,41.87728991103921,-0.04007515669240514,321.95015769656095,1.710961693064505,-0.8180062163208918,1.5027493953399336,0.9822724748116003,-4.143275329868132,-566.9398157680201,456.1481034917138,837.9842023581007,84.93689855294447,25.91297601021012,-0.05816228684989255,456.1481034924216,436.4879764655148,431.0202580850029,0.20798200762340002,400.0,0.7749681848986009,436.2799944578914,23.989125427811132,5.217429524250958,599.6088135548109,0.00199476292996259,1.903183442664158e-05,False,True,RELEASE,RELEASED,
5.090000000001872,LOWERING,0.22812092929954741,1307.0366467466308,41.888829458934,-0.04008368788628422,321.96205067388826,1.710759997361199,-0.8183046071386298,1.5023572606098001,0.982049695355362,-4.143439933314729,-567.1232208507664,456.3313528199145,837.7964821072399,84.93473302331043,25.914890518533852,-0.05775551099270615,456.33135282062165,436.6589624673757,431.03084355214804,0.2067530974412648,400.0,0.775236013181716,436.45220936993445,23.98912750885495,5.21643152835006,599.6088857988834,0.001980371634815903,1.9032425143450382e-05,False,True,RELEASE,RELEASED,
5.100000000001849,LOWERING,0.22818525965973982,1307.405232559989,41.90030042957126,-0.040092170506478404,321.97387267224246,1.7105599625258627,-0.81860123636382,1.5019678429380925,0.98182835701682,-4.14360387364415,-567.3055955007563,456.5135314066654,837.6100762864971,84.93262184711799,25.91679367089035,-0.057351423920863454,456.5135314073601,436.8289469037661,431.0413660257144,0.2055296721947002,400.0,0.7755022522320336,436.6234172315714,23.98912957494712,5.215440702564802,599.6089575233018,0.0019660813932427246,1.903409332726369e-05,False,True,RELEASE,RELEASED,
5.1100000000018255,LOWERING,0.22824920861407574,1307.7716330787614,41.91170311952467,-0.04010060495452475,321.98562401766185,1.7103615747159977,-0.818896111831321,1.5015811247789888,0.9816084517468215,-4.143767149834151,-567.4869435783894,456.6946438662592,837.4249762691421,84.93056420372659,25.918685518510785,-0.05695001010690248,456.6946438669431,436.9979341242719,431.0518257924752,0.2043117284253526,400.0,0.775766909230404,436.79362239584657,23.989131626191785,5.2144569969576855,599.6090287316952,0.0019518915425127403,1.9035361049191124e-05,False,True,RELEASE,RELEASED,
5.120000000001802,LOWERING,0.22831277784787463,1308.135857959117,41.92303784019744,-0.04010899126273516,321.9973050358372,1.7101648201982245,-0.8191892413714753,1.5011970886811812,0.9813899715247176,-4.143929760920106,-567.667268953289,456.8746948125727,837.2411734759623,84.92855928223167,25.9205661125855,-0.056551254101236736,456.8746948132516,437.1659284775538,431.0622231389404,0.20309926238712706,400.0,0.7760299913517559,436.96282921516666,23.98913366269241,5.213480361913406,599.6090994276692,0.0019378014234234797,1.903699245531243e-05,False,True,RELEASE,RELEASED,
5.130000000001779,LOWERING,0.22837596904631421,1308.4979168564132,41.93430489570551,-0.04011732964277363,322.0089160520973,1.7099696853476476,-0.8194806328097278,1.5008157172876693,0.9811729083584849,-4.144091705994411,-567.8465755039603,457.0536888588131,837.0586593751556,84.92660628138213,25.922435504261664,-0.0561551404958891,457.0536888594744,437.33293431112276,431.0725583513426,0.20189227006267174,400.0,0.7762915057647641,437.1310420410601,23.98913568455179,5.212510748138133,599.6091696148062,0.0019238103810437224,1.9038379377889214e-05,False,True,RELEASE,RELEASED,
5.140000000001756,LOWERING,0.228438783894325,1308.8578194245906,41.9455045965857,-0.04012562014502473,322.02045739139805,1.709776156647273,-0.8197702939663197,1.5004369933355728,0.9809572542848415,-4.144252984206262,-568.0248671175035,457.2316306173094,836.8774254822454,84.92470440950115,25.924293744641307,-0.05576165394995769,457.2316306179707,437.498955971168,431.08283171562545,0.20069074722863434,400.0,0.7765514596315171,437.2982652239394,23.989137691872052,5.211548106657271,599.6092392966643,0.0019099177641246357,1.9040426252558973e-05,False,True,RELEASE,RELEASED,
5.150000000001732,LOWERING,0.22850122407648282,1309.2155753155575,41.95663722937747,-0.04013386341240785,322.0319293783059,1.709584220687199,-0.8200582326557816,1.500060899655788,0.9807430013693522,-4.1444135947603975,-568.2021476891804,457.4085246991867,836.6974633598924,84.92285288438333,25.92614088477855,-0.055370779168583795,457.40852469983673,437.6639978022138,431.09304351743214,0.19949468933299386,400.0,0.776809860107211,437.46450311288083,23.98913968475468,5.210592388809976,599.609308476781,0.0018961229218792397,1.904309044675756e-05,False,True,RELEASE,RELEASED,
5.160000000001709,LOWERING,0.22856329127690392,1309.57119417859,41.9677031201162,-0.040142059105508415,322.0433323369861,1.7093938641640858,-0.8203444566866719,1.4996874191728335,0.980530141706543,-4.144573536917079,-568.3784211221557,457.5843757141827,836.518764617824,84.92105093322269,25.927976975677627,-0.05498250092784929,457.584375714822,437.82806414700735,431.1031940420905,0.19830409162563,400.0,0.7770667143398189,437.6297600553817,23.98914166330048,5.209643546252127,599.609377158667,0.0018824252079561177,1.904569865018857e-05,False,True,RELEASE,RELEASED,
5.170000000001686,LOWERING,0.22862498717914337,1309.9246856597472,41.97870256449167,-0.04015020763391184,322.0546665911884,1.7092050738804139,-0.8206289738611234,1.4993165349045507,0.9803186674199983,-4.144732809991055,-568.5536913271078,457.75918827035366,836.3413209126768,84.91929779251737,25.929802068290382,-0.054596804052948755,457.7591882709878,437.99115934620704,431.1132835746026,0.19711894906521366,400.0,0.7773220294697848,437.7940403971418,23.98914362760961,5.208701530957843,599.6094453458115,0.0018688239834059317,1.9048670935717382e-05,False,True,RELEASE,RELEASED,
5.180000000001662,LOWERING,0.22868631346609208,1310.2760594012839,41.98963586305634,-0.04015830928261801,322.0659324642342,1.709017836743887,-0.8209117919745662,1.498948229961883,0.9801085706624676,-4.144891413351388,-568.7279622219534,457.93296697388087,836.1651239478833,84.91759270799267,25.93161621351417,-0.05421367343433303,457.9329669745068,438.1532877382293,431.12331239963083,0.19593925640140242,400.0,0.7775758126297015,437.9573484818279,23.98914557778157,5.207766295212679,599.6095130416811,0.0018553186120167098,1.9050572348078276e-05,False,True,RELEASE,RELEASED,
5.190000000001639,LOWERING,0.22874727181987606,1310.6253250410728,42.00050332477632,-0.04016636412380638,322.0771302790035,1.7088321397667021,-0.821192918815246,1.4985824875485978,0.9798998436159565,-4.145049346420317,-568.9012377314447,458.1057164287638,835.9901654735309,84.91593493450594,25.933419462189544,-0.05383309401531733,458.10571642937845,438.31445365894035,431.1332808014884,0.1947650080807648,400.0,0.7778280709440102,438.1196886508596,23.989147513915224,5.206837791608494,599.6095802497223,0.0018419084571368316,1.9050054561375873e-05,False,True,RELEASE,RELEASED,
5.200000000001616,LOWERING,0.22880786392175742,1310.9724922120356,42.011305252997985,-0.040174372364117236,322.08826035792197,1.70864797006496,-0.8214723621640057,1.4982192909610386,0.9796924784918245,-4.145206608673263,-569.0735217869288,458.2774412366581,835.8164372862325,84.91432373597314,25.935211865098136,-0.05345505079981194,458.27744123727035,438.4746614415479,431.143189064124,0.19359619836859565,400.0,0.7780788115286915,438.2810652431793,23.989149436108786,5.205915973047789,599.6096469733543,0.001828592887163083,1.9052915774864232e-05,False,True,RELEASE,RELEASED,
5.2100000000015925,LOWERING,0.2288680914520355,1311.3175705415786,42.022041954093915,-0.04018233413002592,322.0993230229479,1.708465314857951,-0.8217501297937931,1.4978586235878741,0.9794864675308738,-4.145363199637639,-569.2448183259418,458.44814599656297,835.6439312289978,84.91275838527379,25.93699347296034,-0.05307952885550549,458.4481459971655,438.63391541626623,431.1530374711133,0.19243282122607752,400.0,0.7783280414909653,438.44148259504016,23.989151344459827,5.205000792742568,599.609713215976,0.00181537127588971,1.9057039764902584e-05,False,True,RELEASE,RELEASED,
5.220000000001569,LOWERING,0.22892795608995056,1311.6605696510399,42.03271373047447,-0.040190249640454354,322.11031859556,1.7082841614675333,-0.8220262294694077,1.4975004689098237,0.9792818030034354,-4.1455191188926825,-569.4151312919487,458.6178353046409,835.4726391910917,84.91123816417563,25.938764336433298,-0.05270651330113196,458.6178353052425,438.79221991021853,431.1628263056444,0.19127487043766678,400.0,0.7785757679289884,438.60094503978087,23.989153239065285,5.2040922042084485,599.6097789809653,0.001802242998744319,1.9061309501466894e-05,False,True,RELEASE,RELEASED,
5.230000000001546,LOWERING,0.2289874595135874,1312.001499155137,42.04332087664558,-0.040198119303759716,322.121247396745,1.7081044973174517,-0.8223006689471475,1.4971448104993643,0.9790784772094554,-4.1456743660688025,-569.5844646340182,458.7865137539848,835.3025531078843,84.90976236324778,25.940524506108755,-0.05233598932500172,458.7865137545716,438.9495792471382,431.17255585050873,0.19012233951968938,400.0,0.7788219979315635,438.7594569076185,23.989155120021454,5.203190161266622,599.6098442716739,0.0017892074360741361,1.9065669050633005e-05,False,True,RELEASE,RELEASED,
5.2400000000015226,LOWERING,0.2290466033997818,1312.3403686614308,42.05386370160815,-0.04020594316303508,322.1321097469845,1.707926309932693,-0.8225734559743767,1.4967916320205281,0.9788764824785713,-4.145828940846628,-569.752822306461,458.95418593433567,835.1336649607449,84.90833028177605,25.942274032510817,-0.05196794216215039,458.954185934917,439.1059977471793,431.18222638808817,0.18897522174790993,400.0,0.7790667385778464,438.9170225254314,23.989156987424014,5.20229461803929,599.6099090914365,0.0017762639703553518,1.906978781107682e-05,False,True,RELEASE,RELEASED,
5.250000000001499,LOWERING,0.2291053894240261,1312.6771877697863,42.064342514966036,-0.04021372123966993,322.14290596624437,1.70774958693885,-0.8228445982893058,1.4964409172285833,0.9786758111701946,-4.145982842956926,-569.9202082685864,459.120856431926,834.9659667768804,84.90694122768599,25.944012966094146,-0.05160235711957739,459.1208564325009,439.261479726748,431.1918382003446,0.18783351019561678,400.0,0.7793099969370597,439.0736462165524,23.989158841367995,5.201405528951959,599.6099734435625,0.0017634119898204403,1.9075216073360934e-05,False,True,RELEASE,RELEASED,
5.260000000001476,LOWERING,0.22916381926037754,1313.011966071844,42.07475760944853,-0.04022145396506263,322.15363637396126,1.7075743160613708,-0.8231141036205613,1.4960926499697063,0.9784764556735787,-4.146136072179531,-570.086626484329,459.28652982919937,834.7994506291593,84.90559451745003,25.945741357241612,-0.051239219560898164,459.28652982976996,439.41602949824454,431.2013915688085,0.18669719768314508,400.0,0.779551780068211,439.2293323005614,23.989160681947826,5.200522848726716,599.6100373313404,0.0017506508840110513,1.908007538986567e-05,False,True,RELEASE,RELEASED,
5.270000000001453,LOWERING,0.22922189458136782,1313.344713150505,42.085109293553714,-0.0402291413728715,322.164301289031,1.7074004851250026,-0.8233819796868916,1.4957468141807924,0.9782784084078938,-4.146288628343005,-570.2520809219786,459.451210704611,834.6341086360195,84.90428947601464,25.947459256262395,-0.05087851491089168,459.45121070517007,439.56965136988146,431.21088677456765,0.18556627680686688,400.0,0.779792095019804,439.3840850930746,23.989162509257298,5.1996465323844205,599.6101007580362,0.0017379800469923268,1.908563052666068e-05,False,True,RELEASE,RELEASED,
5.280000000001429,LOWERING,0.22927961705791397,1313.6754385794186,42.09539786316054,-0.04023678380059633,322.1749010297976,1.7072280820531396,-0.8236482341968714,1.4954033938891598,0.9780816618222938,-4.146440511324139,-570.4165755538917,459.61490363242524,834.4699329613138,84.90302543672178,25.94916671338997,-0.05052022864526862,459.614903632977,439.7223496454949,431.2203240982566,0.1844407399504462,400.0,0.7800309488295647,439.53790890554444,23.989164323389595,5.198776535242316,599.6101637268953,0.0017253988766698924,1.9091208400823234e-05,False,True,RELEASE,RELEASED,
5.290000000001406,LOWERING,0.22933698835922842,1314.0041519224678,42.10562362336318,-0.04024438134938764,322.1854359140417,1.7070570948670716,-0.8239128748485335,1.495062373212178,0.9778862083959811,-4.1465917210471455,-570.5801143561572,459.77761318247593,834.3069158141182,84.90180174121647,25.950863778780274,-0.05016434631500033,459.7776131830253,439.8741286243546,431.2297038200462,0.18332057929518442,400.0,0.7802683485241685,439.69080804505944,23.989166124437283,5.197912812910323,599.610226241143,0.0017129067731671554,1.9097507617971132e-05,False,True,RELEASE,RELEASED,
5.300000000001383,LOWERING,0.22939401015273359,1314.330862733279,42.11578687009182,-0.0402519343379054,322.195906258968,1.7068875116854412,-0.8241759093290659,1.4947237363570984,0.9776920406382668,-4.146742257483188,-570.7427013083206,459.93934391995765,834.1450494486403,84.90061773937731,25.952550502509425,-0.04981085352255832,459.93934392049573,440.02499260091315,431.2390262196327,0.1822057867701119,400.0,0.7805043011189668,439.84278681414304,23.989167912492317,5.1970553212918755,599.6102883039773,0.0017005031406966964,1.910336828814252e-05,False,True,RELEASE,RELEASED,
5.310000000001359,LOWERING,0.22945068410397432,1314.6555805547214,42.12588791782179,-0.040259442617424285,322.2063123811955,1.7067193207235307,-0.8244373453144694,1.4943874676207038,0.9774991510886307,-4.146892120649669,-570.9043403930684,460.1001004052026,833.9843261640453,84.89947278922966,25.95422693457214,-0.0494597359358977,460.1001004057374,440.1749458646737,431.248291576228,0.1810963541122419,400.0,0.780738813617724,439.99384951056146,23.98916968764605,5.196204016582132,599.6103499185833,0.0016881873875522757,1.9111168001018086e-05,False,True,RELEASE,RELEASED,
5.320000000001336,LOWERING,0.2295070118765348,1314.9783149184304,42.13592704760213,-0.04026690685509521,322.2166545967452,1.706552510292591,-0.8246971904692947,1.494053551388971,0.9773075323167759,-4.1470413106098,-571.0650355959623,460.2598871934947,833.8247383042717,84.89836625686704,25.95589312487955,-0.049110979278225386,460.25988719402187,440.3239926999691,431.2575001685479,0.17999227284485642,400.0,0.7809718930123496,440.14400042712424,23.989171449989225,5.19535885526505,599.6104110881186,0.0016759589250439078,1.911869543391731e-05,False,True,RELEASE,RELEASED,
5.330000000001313,LOWERING,0.229562995131954,1315.2990753443228,42.145904573334,-0.040274326896696355,322.22693322102987,1.7063870687992917,-0.8249554524463193,1.4937219721368924,0.9771171769226831,-4.147189827472052,-571.2247909051534,460.41870883485717,833.6662782579476,84.89729751637901,25.95754912325751,-0.04876456933834561,460.4187088353775,440.47213738577614,431.26665227480345,0.17889353428137156,400.0,0.7812035462826379,440.29324385149476,23.989173199611994,5.1945197941096195,599.6104718157242,0.0016638171652667566,1.912501045353565e-05,False,True,RELEASE,RELEASED,
5.3400000000012895,LOWERING,0.2296186355296429,1315.617871340123,42.15582079685703,-0.040281702875545555,322.2371485688431,1.7062229847449408,-0.8252121388861932,1.4933927144280594,0.9769280775366588,-4.147337671389254,-571.3836103110522,460.57656987381773,833.5089384581684,84.89626594975928,25.959194979444668,-0.048420491969295654,460.57656987433154,440.61938419552456,431.27574817269067,0.17780012952096058,400.0,0.7814337803960156,440.4415840660036,23.989174936603913,5.193686790170657,599.6105321045175,0.0016517615234867833,1.913255505314737e-05,False,True,RELEASE,RELEASED,
5.350000000001266,LOWERING,0.22967393472680445,1315.9347124009048,42.16567600145792,-0.04028903537196541,322.24730095434813,1.7060602467249055,-0.8254672574172114,1.493065762914398,0.9767402268193827,-4.147484842558374,-571.5414978060976,460.73347484924705,833.3527113823587,84.8952709468371,25.960830743090565,-0.04807873307868249,460.7334748497566,440.76573739691906,431.2847881393795,0.17671204946481112,400.0,0.7816626023072808,440.58902534745425,23.98917666105394,5.192859800790173,599.6105919575944,0.0016397914207884057,1.9140425649766257e-05,False,True,RELEASE,RELEASED,
5.360000000001243,LOWERING,0.22972889437835345,1316.2496080086316,42.17547050605768,-0.040296324075845685,322.2573906910687,1.705898843428036,-0.8257208156549841,1.4927411023359607,0.9765536174619515,-4.1476313412198405,-571.6984573844646,460.88942829414304,833.1975895521763,84.89431190520317,25.962456463754023,-0.04773927863516292,460.88942829464327,440.9112012517686,431.29377245150596,0.17562928482374218,400.0,0.7818900189583574,440.73557196694486,23.989178373050436,5.19203878359476,599.6106513780314,0.0016279062828914448,1.9148812555158656e-05,False,True,RELEASE,RELEASED,
5.37000000000122,LOWERING,0.22978351613683667,1316.5625676316988,42.18520458698984,-0.040303569716268244,322.26741809187706,1.705738763635862,-0.825972821202137,1.492418717520449,0.9763682421859209,-4.147777167656838,-571.8544930417667,461.0444347354248,833.0435655332467,84.89338823011822,25.96407219090118,-0.047402114678106955,461.04443473591795,441.05578001578084,431.302701385161,0.17455182609853637,400.0,0.782116037278049,440.8812281896823,23.98918007268118,5.19122369649087,599.6107103688851,0.001616105537747714,1.9155294353367935e-05,False,True,RELEASE,RELEASED,
5.380000000001196,LOWERING,0.229837801652357,1316.8736007244993,42.19487855536633,-0.04031077215256025,322.2773834689849,1.7055799962220972,-0.826223281648044,1.4920985933830602,0.9761840937433439,-4.1479223221949,-572.0096087748093,461.1984986937535,832.8906319350965,84.89249933445024,25.965677973903787,-0.04706722729906687,461.19849869423973,441.1994779384022,431.3115752158816,0.17347966360011924,400.0,0.7823406641817936,441.0259982748021,23.989181760033365,5.190414497665399,599.61076893319,0.001604388617082897,1.916368796628376e-05,False,True,RELEASE,RELEASED,
5.390000000001173,LOWERING,0.22989175257249553,1317.182716726978,42.204492706850125,-0.04031793161299201,322.28728713393315,1.7054225301519335,-0.8264722045685439,1.4917807149261026,0.976001164916805,-4.148066805201312,-572.1638085813132,461.3516246833391,832.7387814109501,84.8916446385922,25.967273862037576,-0.046734602655646995,461.3516246838201,441.3422992626489,431.32039421864147,0.1724127874590522,400.0,0.7825639065714228,441.16988647518986,23.989183435193613,5.189611145582106,599.6108270739633,0.0015927549548155895,1.9172886482010654e-05,False,True,RELEASE,RELEASED,
5.40000000000115,LOWERING,0.22994537054223554,1317.489925064194,42.21404733382779,-0.04032504839405059,322.29712939758133,1.7052663544813498,-0.8267195975255737,1.4914650672386753,0.9758194485194566,-4.148210617084173,-572.3170964595934,461.50381721170226,832.5880066575592,84.89082357037817,25.968859904480325,-0.04640422696866153,461.5038172121809,441.4842482248784,431.3291586678428,0.1713511875661311,400.0,0.7827857713349341,441.31289703731227,23.98918509824796,5.188813598980274,599.6108847941982,0.0015812039872962202,1.9181987852334714e-05,False,True,RELEASE,RELEASED,
5.410000000001126,LOWERING,0.22999865720389207,1317.79523514592,42.22354273415162,-0.04033212264465699,322.30691057009886,1.705111458356609,-0.8269654680670782,1.491151635496404,0.9756389373950448,-4.148353758292637,-572.4694764084153,461.6550807795918,832.4383004150718,84.8900355650274,25.970436150310437,-0.04607608651360806,461.6550807800599,441.62532905472233,431.33786883730465,0.17029485369226904,400.0,0.7830062653462428,441.45503420103006,23.989186749281878,5.188021816876754,599.6109420968719,0.0015697351563783712,1.9191455066902563e-05,False,True,RELEASE,RELEASED,
5.420000000001103,LOWERING,0.23005161419703457,1318.0986563661972,42.23297920078465,-0.040339154621062946,322.31663096095537,1.7049578310135105,-0.8272098237265579,1.4908404049610986,0.9754596244179413,-4.148496229315585,-572.6209524266169,461.8054198806992,832.2896554668515,84.88928006505135,25.97200264850518,-0.04575016763806161,461.8054198811664,441.76554597483573,431.346525000257,0.16924377539527313,400.0,0.7832253954649666,441.59630219944046,23.989188388380256,5.187235758560216,599.6109989849369,0.0015583479057763583,1.9201022439574444e-05,False,True,RELEASE,RELEASED,
5.43000000000108,LOWERING,0.23010424315841718,1318.4001981029353,42.24235704256778,-0.040346144174971434,322.3262908789099,1.704805461776792,-0.8274526720228729,1.4905313609804356,0.9752815024931673,-4.148638030681359,-572.7715285128962,461.95483900151646,832.1420646393113,84.88855652018631,25.97355944793891,-0.04542645674564483,461.9548390019766,441.904903200728,431.3551274293301,0.16819794202774574,400.0,0.7834431685361908,441.7367052587002,23.98919001562743,5.186455383591808,599.6110554613306,0.00154704168298192,1.921085600997685e-05,False,True,RELEASE,RELEASED,
5.440000000001056,LOWERING,0.2301565457219082,1318.69986971751,42.251676535828025,-0.040353091945196685,322.3358906320033,1.704654340059521,-0.8276940204600045,1.490224488987654,0.9751045645564148,-4.148779162957337,-572.9212086655741,462.10334262117135,831.9955208017574,84.88786438732214,25.97510659738171,-0.04510494030103018,462.1033426216256,442.0434049406631,431.3636763965462,0.16715734280234074,400.0,0.7836595913902474,441.87624759786075,23.98919163110715,5.185680651804605,599.6111115289657,0.0015358159402580895,1.92206125575467e-05,False,True,RELEASE,RELEASED,
5.450000000001033,LOWERING,0.23020852351841964,1318.9976805543595,42.26093798662656,-0.04035999782411786,322.3454305275484,1.7045044553624171,-0.8279338765267386,1.4899197745012107,0.9749288035740683,-4.148919626749123,-573.069996882305,462.2509352112189,831.850016866209,84.88720313042211,25.97664414549763,-0.044785604832782155,462.2509352116707,442.1810553954454,431.37217217331164,0.16612196674020652,400.0,0.7838746708424975,442.0149334287052,23.989193234902636,5.184911523298074,599.6111671907404,0.0015246701309639121,1.923129121905731e-05,False,True,RELEASE,RELEASED,
5.46000000000101,LOWERING,0.23026017817583982,1319.293639940597,42.270141677773765,-0.040366862262257434,322.35491087212085,1.704355797273253,-0.8281722476964342,1.4896172031244743,0.9747542125432201,-4.149059422700109,-573.2178971598445,462.397621235482,831.7055457872405,84.88657222045322,25.978172140843245,-0.04446843693676783,462.39762123592396,442.31785875826375,431.3806150304083,0.16509180267524926,400.0,0.7840884136931168,442.1527669555885,23.98919482709652,5.184147958440922,599.6112224495309,0.0015136037135334846,1.924243053963437e-05,False,True,RELEASE,RELEASED,
5.4700000000009865,LOWERING,0.2303115113189641,1319.5877571856129,42.279287912336294,-0.040373685196798494,322.3643319715503,1.70420835546622,-0.8284091414267784,1.4893167605453936,0.9745807844916887,-4.1491985514909615,-573.364913493804,462.5434051498794,831.5621005618059,84.88597113531478,25.979690631865974,-0.044153423255124835,462.54340515031794,442.45381921456186,431.38900523798424,0.16406683928943266,400.0,0.7843008267268802,442.2897523752724,23.98919640777091,5.183389917862939,599.6112773081957,0.0015026161455740095,1.925324949070273e-05,False,True,RELEASE,RELEASED,
5.480000000000963,LOWERING,0.23036252456943143,1319.8800415807152,42.288376976846656,-0.040380466956963665,322.37369413091125,1.7040621197013306,-0.8286445651595225,1.4890184325362055,0.9744085124780276,-4.149337013839032,-573.5110498784071,462.6882914022515,831.4196742290892,84.88539935976476,25.98119966690259,-0.043840550512072696,462.68829140268133,442.588940941851,431.3973430655465,0.16304706508429945,400.0,0.7845119167129454,442.4258938767667,23.989197977007343,5.182637362460227,599.6113317695699,0.0014917068897739583,1.9264962361376092e-05,False,True,RELEASE,RELEASED,
5.49000000000094,LOWERING,0.2304132195456566,1320.1705023987372,42.29740916161999,-0.04038720776357398,322.3829976545161,1.703917079823793,-0.8288785263202639,1.48872220495309,0.9742373895915394,-4.1494748104979156,-573.6563103062568,462.8322844322074,831.2782598703288,84.8848563853524,25.98269929417794,-0.043529805479693096,462.83228443263846,442.72322810958957,431.40562878195357,0.16203246841058672,400.0,0.7847216904046556,442.561195641179,23.98919953488682,5.181890253394351,599.6113858364727,0.0014808754146153902,1.9276098498721694e-05,False,True,RELEASE,RELEASED,
5.500000000000917,LOWERING,0.23046359786276768,1320.4591488936808,42.3063847685832,-0.040393907536352205,322.39224284590483,1.7037732257632907,-0.8291110323181466,1.488428063735761,0.9740674089522808,-4.14961194225663,-573.8006987680621,462.9753886709261,831.137850608595,84.88434171033404,25.984189561803223,-0.043221175001008305,462.9753886713496,442.85668487899306,431.4138626554073,0.1610230374293451,400.0,0.7849301545393386,442.6956618415637,23.989201081489778,5.181148552086002,599.6114395117045,0.0014701211902643507,1.928782830873388e-05,False,True,RELEASE,RELEASED,
5.510000000000893,LOWERING,0.23051366113254268,1320.7459903003537,42.31530407507905,-0.040400566783895545,322.4014300078383,1.7036305475335376,-0.829342090545686,1.4881359949072974,0.9738985637110693,-4.149748409939422,-573.9442192524501,463.11760854103,830.9984396087141,84.88385483962065,25.985670517774768,-0.042914645974065024,463.11760854144563,442.98931540293415,431.4220449534447,0.16001876016736105,400.0,0.7851373158381044,442.8292966427668,23.989202616896137,5.1804122202169705,599.611492798045,0.001459443691225637,1.929974735048745e-05,False,True,RELEASE,RELEASED,
5.52000000000087,LOWERING,0.23056341096334745,1321.0310358340143,42.32416736495051,-0.040407185838688124,322.41055944228833,1.703489035231535,-0.8295717083785062,1.4878459845736831,0.9737308470494859,-4.149884214405052,-574.0868757457081,463.25894845640613,830.860020077017,84.88339528469501,25.987142209972337,-0.042610205364098874,463.2589484568195,443.12112382575856,431.43017594292957,0.15901962448413087,400.0,0.7853431810056448,442.9621042012744,23.989204141185255,5.17968121972624,599.6115456982559,0.0014488423945993034,1.9312644212732266e-05,False,True,RELEASE,RELEASED,
5.530000000000847,LOWERING,0.23061284896007608,1321.3142946900273,42.33297495326031,-0.04041376424948943,322.41963145043167,1.7033486790370334,-0.8297998931751239,1.487558018923551,0.973564252179876,-4.150019356546353,-574.2286722315697,463.3994128220603,830.7225852612173,84.882962563549,25.988604686158055,-0.04230784019910061,463.3994128224611,443.2521142831565,431.4382558900475,0.15802561808453675,400.0,0.7855477567300415,443.094088665072,23.989205654435978,5.178955512808407,599.6115982150811,0.0014383167797475949,1.932543432303646e-05,False,True,RELEASE,RELEASED,
5.540000000000823,LOWERING,0.23066197672408886,1321.5957760435124,42.34172710308283,-0.040420302826435675,322.42864633264105,1.7032094692118152,-0.8300266522766683,1.4872720842277585,0.9733987723453492,-4.150153837289442,-574.3696126909472,463.5390060339281,830.5861284501824,84.88255620060458,25.990057993974837,-0.042007537560380115,463.53900603432777,443.3822909020156,431.44628506029693,0.15703672851435613,400.0,0.7857510496825856,443.22525417350124,23.9892071567266,5.17823506191358,599.6116503512462,0.001427866329835048,1.933908248474836e-05,False,True,RELEASE,RELEASED,
5.5500000000008,LOWERING,0.2307107958531558,1321.875489049016,42.3504241124252,-0.04042680150412847,322.4376043884775,1.7030713960992248,-0.8302519930067559,1.4869881668391558,0.973234400819774,-4.150287657593653,-574.5097011017768,463.6777324787773,830.450642973817,84.88217572665832,25.991502180945083,-0.04170928460541745,463.6777324791736,443.51165780030124,431.45426371848157,0.1560529431865234,400.0,0.7859530665175837,443.3556048571147,23.989208648134902,5.1775198297448455,599.6117021094551,0.0014174905306054697,1.9352379410975118e-05,False,True,RELEASE,RELEASED,
5.560000000000777,LOWERING,0.2307593079413981,1322.153442840181,42.35906626960221,-0.04043326043834227,322.44650591668307,1.7029344501234949,-0.8304759226711732,1.4867062531922282,0.9730711309077742,-4.1504208184506,-574.6489414387389,463.81559653400257,830.3161222028775,84.88182067880594,25.99293729446938,-0.0414130685364853,463.81559653439496,443.64021908687755,431.46219212870443,0.15507424934060055,400.0,0.7861538138721749,443.48514483753695,23.989210128738137,5.176809779257074,599.6117534923966,0.0014071888707132274,1.936608180130861e-05,False,True,RELEASE,RELEASED,
5.5700000000007535,LOWERING,0.23080751457923143,1322.4296465294178,42.36765385565519,-0.040439679946152426,322.4553512151734,1.7027986217891244,-0.830698448557733,1.4864263298026974,0.9729089559447173,-4.150553320883908,-574.787337673074,463.95260256751703,830.1825595487613,84.88149060037324,25.994363381825213,-0.04111887664123515,463.9526025679014,443.76797886141634,431.47007055436046,0.1541006340870581,400.0,0.7863532983661558,443.6138782273293,23.98921159861302,5.1761048736601385,599.6118045027393,0.0013969608460868699,1.9380319315587258e-05,False,True,RELEASE,RELEASED,
5.58000000000073,LOWERING,0.23085541735331055,1322.7041092075879,42.37618716412667,-0.040446060020013566,322.4641405810296,1.7026639016802896,-0.8309195779359971,1.4861483832672333,0.9727478692967098,-4.150685165948481,-574.9248937723389,464.08875493756807,830.0499484633583,84.88118504085037,25.99578049016551,-0.04082669624654045,464.08875493794625,443.8949412142327,431.4778992581289,0.15313208438323045,400.0,0.7865515266017964,443.74180912984946,23.989213057835773,5.175405076404553,599.611855143138,0.0013868059482362582,1.939593374800097e-05,False,True,RELEASE,RELEASED,
5.590000000000707,LOWERING,0.2309030178464749,1322.976839943694,42.38466646131089,-0.040452401303601136,322.47287431049324,1.7025302804602989,-0.8311393180571666,1.485872400263122,0.9725878643605813,-4.150816354730383,-575.0616137002496,464.2240579926515,829.9182824388824,84.88090355583158,25.997188666517797,-0.04053651474998787,464.2240579930304,444.0211102262011,431.48567850196804,0.15216858707896108,400.0,0.7867485051636698,443.8689416391221,23.989214506482092,5.174710351187688,599.6119054162245,0.0013767236711510478,1.941234381774848e-05,False,True,RELEASE,RELEASED,
5.6000000000006835,LOWERING,0.23095031763769555,1323.2478477845732,42.39309205326985,-0.040458703446165846,322.4815526989567,1.7023977488709254,-0.8313576761537725,1.4855983675479025,0.9724289345638696,-4.150946888345877,-575.1975014164105,464.3585160713084,829.7875550076758,84.88064570693825,25.998587957782505,-0.04024831961817199,464.35851607168024,444.1464899685606,431.4934085471078,0.1512101288527674,400.0,0.7869442406184833,443.99527983970785,23.98921594462716,5.174020661958446,599.6119553246135,0.0013667135168553557,1.9426557969381975e-05,False,True,RELEASE,RELEASED,
5.61000000000066,LOWERING,0.2309973183020212,1323.5171417545903,42.401464211502855,-0.040464966927203826,322.4901760409583,1.7022662977318437,-0.8315746594395045,1.4853262719590432,0.9722710733648091,-4.151076767941072,-575.3325608761255,464.4921335020042,829.6577597420462,84.88041106175852,25.999978410732073,-0.039962098370665444,464.4921335023684,444.2710845028261,431.50108965404394,0.1502566962494143,400.0,0.7871387395149144,444.1208278065767,23.989217372345635,5.1733359729120165,599.612004870901,0.0013567749920007088,1.9441967594957532e-05,False,True,RELEASE,RELEASED,
5.620000000000637,LOWERING,0.23104402141052807,1323.784730855349,42.40978323147314,-0.04047119161956457,322.4987446301742,1.7021359179400637,-0.8317902751090588,1.4850561004136038,0.9721142742523073,-4.1512059946916,-575.4667960302231,464.62491460301686,829.5288902540879,84.8801991937849,26.00136007200958,-0.03967783859059182,464.62491460338015,444.3948978806664,431.5087220825304,0.14930827569048688,400.0,0.7873320083834401,444.2455896049759,23.989218789711686,5.17265624848491,599.612054057669,0.0013469076046757067,1.9456886434454645e-05,False,True,RELEASE,RELEASED,
5.630000000000614,LOWERING,0.23109042853027006,1324.050624065406,42.41804937004279,-0.04047737832447355,322.5072587594131,1.7020066004693017,-0.8320045303379194,1.48478783990786,0.9719585307459281,-4.151334569801998,-575.6002108248408,464.75686368228827,829.4009401954888,84.88000968234557,26.00273298812776,-0.03939552792212453,464.75686368264707,444.5179341437852,431.51630609157485,0.14836485347592543,400.0,0.7875240537361787,444.3695692903093,23.989220196798968,5.171981453354795,599.6121028874788,0.0013371108656299313,1.9473103179734608e-05,False,True,RELEASE,RELEASED,
5.64000000000059,LOWERING,0.23113654122422667,1324.314830339975,42.426262923387455,-0.040483526859607426,322.5157187206084,1.7018783363694219,-0.8322174322821281,1.484521477517012,0.9718038363958685,-4.151462494505074,-575.7328092012017,464.8879850372686,829.2739032573775,84.87984211253982,26.004097205467655,-0.03911515407457955,464.88798503762007,444.64019732377284,431.52384193943124,0.14742641575782045,400.0,0.7877148820667348,444.492770908015,23.98922159368063,5.171311552443231,599.6121513628734,0.001327384291936795,1.9487906115500664e-05,False,True,RELEASE,RELEASED,
5.650000000000567,LOWERING,0.23118236105125714,1324.5773586106618,42.434424184496876,-0.040489637101903495,322.5241248048135,1.7017511167658144,-0.8324289880781492,1.4842570003947715,0.971650184782934,-4.151589770061591,-575.8645950954506,465.0182829548177,829.1477731701093,84.87969607517425,26.005452770277728,-0.03883670481809531,465.0182829551656,444.7616914420266,431.53132988359516,0.14649294858077155,400.0,0.7879044998500427,444.6151984934458,23.989222980429325,5.170646510906569,599.6121994863815,0.0013177274002433847,1.950403287764857e-05,False,True,RELEASE,RELEASED,
5.660000000000544,LOWERING,0.2312278895660519,1324.8382177851856,42.442533413364025,-0.04049570971811126,322.532477302194,1.7016249328589235,-0.8326392048427115,1.4839943957731216,0.9714975695185147,-4.151716397759956,-575.9955724384835,465.1477617110884,829.0225437031424,84.87957116670853,26.00679972867258,-0.03856016798579276,465.1477617114264,444.8824205096087,431.53877018079646,0.1455644378614238,400.0,0.7880929135422134,444.7368560717473,23.98922435711723,5.1699862941395756,599.6122472605157,0.001308139711094114,1.952005510474919e-05,False,True,RELEASE,RELEASED,
5.67000000000052,LOWERING,0.23127312831908628,1325.097416747116,42.4505908880717,-0.040501744911681535,322.5407765020232,1.7014997759235324,-0.8328480896725307,1.4837336509618722,0.9713459842445548,-4.151842378915249,-576.125745155692,465.2764255713481,828.898208664806,84.87946698917807,26.00813812663203,-0.03828553146604463,465.2764255716857,445.0023885271527,431.54616308699525,0.1446408694055208,400.0,0.7882801295803893,444.85774765774715,23.989225723816013,5.169330867768028,599.6122946877665,0.0012986207437402086,1.953660222397957e-05,False,True,RELEASE,RELEASED,
5.680000000000497,LOWERING,0.2313180788565733,1325.3549643556012,42.458596900991225,-0.04050774251614526,322.54902269267455,1.7013756373082698,-0.8330556496442182,1.4834747533483579,0.9711954226335251,-4.151967714869134,-576.2551171668268,465.4042787899022,828.7747619021414,84.87938315014107,26.009468009999882,-0.03801278321736845,465.404278790236,445.1215994847141,431.5535088573752,0.14372222887362796,400.0,0.7884661543826005,444.9778772558405,23.989227080596862,5.1686801976572045,599.6123417706112,0.001289170025001951,1.9553030938368465e-05,False,True,RELEASE,RELEASED,
5.690000000000474,LOWERING,0.23136274272042193,1325.6108694451286,42.4665517258875,-0.04051370280125648,322.5572161616168,1.701252508435054,-0.8332618918140723,1.4832176903971308,0.9710458783883901,-4.152092406989254,-576.3836923858033,465.5313256099527,828.6521973007472,84.8793192626169,26.010789424483008,-0.0377419112521693,465.5313256102865,445.2400573617128,431.56080774633807,0.14280850183905613,400.0,0.7886509943476171,445.09724885987373,23.989228427530474,5.16803424990307,599.6123885115069,0.0012797870824998725,1.9569910818972858e-05,False,True,RELEASE,RELEASED,
5.7000000000004505,LOWERING,0.23140712144819067,1325.8651408252597,42.47445562838368,-0.040519626216034214,322.5653571954086,1.701130380798448,-0.8334668232179423,1.482962449649506,0.9708973452425774,-4.152216456668841,-576.5114747205254,465.65757026349877,828.5305087845388,84.87927494502043,26.012102415650393,-0.03747290364378841,465.6575702638198,445.3577661267846,431.5680600074993,0.14189967374454682,400.0,0.7888346558548132,445.21586645304006,23.989229764687064,5.167392990834818,599.612434912897,0.001270471448489019,1.958639404620044e-05,False,True,RELEASE,RELEASED,
5.710000000000427,LOWERING,0.23145121657304635,1326.1177872803928,42.482308900287975,-0.040525512547650536,322.5734460796922,1.701009245965154,-0.8336704508709992,1.4827090187233252,0.9707498169599391,-4.152339865326019,-576.6384680726799,465.7830169711838,828.4096903156274,84.87924982110192,26.01340702893203,-0.037205748536621286,465.783016971507,445.4747297377037,431.5752658936817,0.1409957299351845,400.0,0.78901714526403,445.3337340077685,23.989231092136375,5.166756387009075,599.6124809772077,0.0012612226555424044,1.960386185828611e-05,False,True,RELEASE,RELEASED,
5.720000000000404,LOWERING,0.23149502962372154,1326.3688175695208,42.49011179021423,-0.0405313626208541,322.58148309918835,1.7008890955734466,-0.8338727817676393,1.4824573853125615,0.970603287334718,-4.152462634403622,-576.764676337598,465.90766994221815,828.2897358941145,84.8792435198909,26.014703309617985,-0.0369404341279278,465.9076699425355,445.59095214124136,431.58242565691114,0.140096655621619,400.0,0.7891984689154423,445.45085548561974,23.989232409947657,5.16612440521399,599.6125267068455,0.0012520402417779408,1.9621890146481746e-05,False,True,RELEASE,RELEASED,
5.730000000000381,LOWERING,0.23153856212447457,1326.6182404260007,42.49786460112138,-0.04053717590867366,322.58946853769123,1.7007699213325997,-0.8340738228813112,1.4822075371869665,0.970457750191508,-4.15258476536864,-576.890103404072,466.03153337425914,828.1706395579098,84.87925567563381,26.015991302857522,-0.03667694867715454,466.03153337457024,445.70643727312665,431.5895395484107,0.1392024359467996,400.0,0.7893786331294256,445.56723483717985,23.9892337181897,5.16549701246438,599.6125721042038,0.0012429237475526378,1.9640262564735167e-05,False,True,RELEASE,RELEASED,
5.740000000000357,LOWERING,0.2315818155950477,1326.866064557314,42.50556759748092,-0.04054295280598371,322.5974026780632,1.7006517150223324,-0.8342735811643383,1.4819594621917394,0.9703131993852151,-4.1527062597117,-577.0147531541731,466.1546114532893,828.0523953825588,84.87928592773393,26.01727105365812,-0.036415280509686454,466.15461145359643,445.82118905789434,431.59660781859685,0.13831305593367915,400.0,0.7895576442064285,445.68287600196066,23.989235016930813,5.164874176000498,599.6126171716573,0.001233872715722839,1.965888839094987e-05,False,True,RELEASE,RELEASED,
5.750000000000334,LOWERING,0.23162479155063093,1327.1122986448602,42.51322103262816,-0.04054869395908978,322.60528580222996,1.7005344684922794,-0.8344720635477841,1.4817131482471975,0.970169628801013,-4.152827118946686,-577.1386294631,466.27690835351706,827.9349974810721,84.87933392069633,26.018542606884623,-0.036155417997633776,466.27690835382367,445.9352114088015,431.6036307170744,0.1374285004980038,400.0,0.7897355084268556,445.7977829083035,23.98923630623884,5.164255863288272,599.6126619115666,0.0012248866929791546,1.9677721581956575e-05,False,True,RELEASE,RELEASED,
5.760000000000311,LOWERING,0.23166749150182,1327.3569513437153,42.520825206112,-0.040554398861885214,322.6131181911754,1.7004181736613813,-0.834669276941297,1.4814685833483607,0.9700270323543061,-4.152947344610215,-577.2617361989958,466.39842823726906,827.8184400037098,84.87939930406242,26.019806007258325,-0.03589734959234647,466.39842823757226,446.0485082277452,431.61060849263185,0.13654875446417236,400.0,0.7899122320509434,445.911959473281,23.989237586181176,5.163642042012298,599.612706326275,0.0012159652249126296,1.9696902995747223e-05,False,True,RELEASE,RELEASED,
5.770000000000287,LOWERING,0.23170991695458285,1327.6000312824394,42.528380364327376,-0.040560068287971256,322.62090012493695,1.700302822517395,-0.8348652282329739,1.481225755564669,0.9698854039906772,-4.1530669382612935,-577.3840772228087,466.5191752548901,827.7027171378347,84.87948173235911,26.021061299356145,-0.03564106379610621,466.5191752551868,446.1610834051494,431.61754139323676,0.13567380255022954,400.0,0.7900878213186392,446.02540960259915,23.989238856824716,5.163032680088067,599.6127504181063,0.001207107868165025,1.9716211852482957e-05,False,True,RELEASE,RELEASED,
5.780000000000264,LOWERING,0.23175206941022,1327.8415470628513,42.535886798307956,-0.04056570189705626,322.6286318826002,1.7001884071163376,-0.8350599242891871,1.4809846530396344,0.9697447376858453,-4.153185901480712,-577.505656388103,466.63915354462466,827.5878231077306,84.87958086503849,26.02230852760959,-0.03538654917099393,466.6391535449153,446.2729408198775,431.6244296660306,0.1348036293739483,400.0,0.7902622824494862,446.1381371905035,23.989240118235923,5.162427745644679,599.6127941893742,0.0011983141760181226,1.9734971658635914e-05,False,True,RELEASE,RELEASED,
5.790000000000241,LOWERING,0.2317939503653305,1328.081507259832,42.54334476193468,-0.040571300236304494,322.63631374229584,1.7000749195819178,-0.8352533719545068,1.4807452639904304,0.969605027445619,-4.153304235870854,-577.6264775409393,466.7583672325534,827.4737521743926,84.87969636642188,26.023547736304295,-0.03513379433888986,466.7583672328455,446.3840843391813,431.63127355732547,0.13393821949580342,400.0,0.7904356216425031,446.2501461196855,23.9892413704808,5.161827207033346,599.6128376423719,0.0011895837074424875,1.9754752599965286e-05,False,True,RELEASE,RELEASED,
5.800000000000217,LOWERING,0.23183556131177763,1328.319920421129,42.55075452873093,-0.040576863350508995,322.64394598119367,1.6999623521050142,-0.8354455780515019,1.4805075767075977,0.9694662673058427,-4.153421943055015,-577.7465445196881,466.8768204324576,827.3604986353705,84.87982790564084,26.02477896957886,-0.03488278798886313,466.87682043273924,446.49451781854015,431.6380733125998,0.13307755734183502,400.0,0.7906078450760854,446.3614402611983,23.98924261362489,5.161231032820734,599.61288077938,0.001180916022208045,1.9775324460624688e-05,False,True,RELEASE,RELEASED,
5.810000000000194,LOWERING,0.23187690373665376,1328.556795067153,42.5581163656893,-0.04058239142232197,322.65152887550033,1.6998506969431755,-0.8356365493806559,1.480271579554708,0.9693284513323496,-4.1535390246771815,-577.8658611549033,466.99451724575533,827.2480568246012,84.879975156588,26.026002271424463,-0.03463351886375676,466.99451724603813,446.60424510165154,431.6448291764944,0.13222162728447984,400.0,0.7907789589078912,446.47202347436706,23.989243847733285,5.160639191791019,599.6129236026611,0.0011723106838763542,1.979525370643387e-05,False,True,RELEASE,RELEASED,
5.820000000000171,LOWERING,0.23191797912224776,1328.7921396907936,42.56543053560051,-0.0405878847150623,322.65906270045207,1.699739946419996,-0.835826292720188,1.4800372609679384,0.9691915736209078,-4.153655482401364,-577.9844312691416,467.11146176137527,827.1364211121778,84.88013779785095,26.02721768568357,-0.03438597576882785,467.1114617616481,446.71327002027795,431.6515413928073,0.13137041357680346,400.0,0.7909489692747405,446.58189960670114,23.989245072870634,5.160051652943885,599.6129661144623,0.0011637672593867165,1.981600325962063e-05,False,True,RELEASE,RELEASED,
5.8300000000001475,LOWERING,0.23195878894601385,1329.0259627572404,42.57269730420778,-0.04059334339764204,322.6665477303142,1.6996300929246868,-0.8360148148259959,1.479804609455801,0.9690556282971674,-4.153771317911488,-578.102258676862,467.2276580557093,827.02558590422,84.88031551266914,26.028425256049793,-0.034140147565040024,467.2276580559854,446.82159639424685,431.6582102044911,0.13052390043691275,400.0,0.7911178822925051,446.69107249380994,23.98924628910114,5.159468385491546,599.6130083170174,0.0011552853174148225,1.9836240085169266e-05,False,True,RELEASE,RELEASED,
5.840000000000124,LOWERING,0.23199933468053882,1329.2582727037943,42.579916940999944,-0.040598767525119046,322.67398423837517,1.6995211289115155,-0.8362021224314874,1.4795736135987787,0.9689206095166043,-4.153886532910793,-578.2193471842523,467.34311019249463,826.9155456426811,84.8805079888734,26.029625026066807,-0.033896023183388024,467.3431101927666,446.9292280312877,431.6648358536497,0.12968207196138337,400.0,0.7912857040560201,446.79954595932634,23.98924749648856,5.158889358855677,599.6130502125427,0.0011468644267988992,1.9857327970385086e-05,False,True,RELEASE,RELEASED,
5.850000000000101,LOWERING,0.23203961779351162,1329.4890779396935,42.58708969730141,-0.04060415757402532,322.68137249694246,1.6994130468992246,-0.8363882222474349,1.4793442620489263,0.9687865114644655,-4.154001129121267,-578.3357005890687,467.45782222271373,826.8062948051387,84.88071491882849,26.03081703912763,-0.03365359160170556,467.4578222229809,447.0361687269921,431.6714185815331,0.12884491216897231,400.0,0.7914524406389846,446.90732381482314,23.98924869509622,5.158314542671992,599.6130918032393,0.0011385041619824676,1.987856336427285e-05,False,True,RELEASE,RELEASED,
5.860000000000078,LOWERING,0.23207963974769485,1329.71838684595,42.59421585754184,-0.04060951318934127,322.6887127773402,1.6993058394706022,-0.8365731209619324,1.4791165435295828,0.968653328355707,-4.154115108283595,-578.451322680548,467.57179818455137,826.6978279046521,84.88093599938773,26.032001338474192,-0.033412841868539545,467.571798184815,447.14242226475415,431.6779586285346,0.1280124050204563,400.0,0.7916180980938645,447.0144098597337,23.989249884986997,5.157743906785166,599.6131330912942,0.0011302040994722873,1.990033683796355e-05,False,True,RELEASE,RELEASED,
5.870000000000054,LOWERING,0.23211940200089407,1329.9462077751746,42.601295665090355,-0.040614834996673156,322.69600534990434,1.699199499271882,-0.8367568252402079,1.478890446834972,0.968521054434942,-4.154228472156399,-578.5662172392186,467.68504210326773,826.5901394895475,84.88117093183244,26.033177967196373,-0.03317376307768427,467.68504210352694,447.2479924156626,431.6844562341876,0.1271845343863447,400.0,0.7917826824518015,447.1208078812763,23.989251066223343,5.1571774212494415,599.6131740788762,0.0011219638196902082,1.9921928981148085e-05,False,True,RELEASE,RELEASED,
5.880000000000031,LOWERING,0.23215890600593095,1330.1725490514223,42.60832938544038,-0.040620123058187164,322.70325048398007,1.699094019012319,-0.8369393417245851,1.4786659608299138,0.9683896839763724,-4.154341222516179,-578.6803880368187,467.7975579911608,826.4832241432772,84.88141942182688,26.034346968231606,-0.032936344402855866,467.797557991415,447.3528829384567,431.6909116371616,0.12636128407910974,400.0,0.7919461997225234,447.22652165437756,23.989252238867262,5.156615056326284,599.613214768143,0.0011137829058753823,1.994443329067508e-05,False,True,RELEASE,RELEASED,
5.890000000000008,LOWERING,0.23219815321061482,1330.3974189700293,42.615317275117356,-0.040625377632183476,322.7104484479178,1.6989893914636043,-0.8371206770342899,1.4784430744494432,0.9682592112837343,-4.154453361156521,-578.7938388361052,467.9093498474365,826.3770764842161,84.8816811793599,26.03550838436406,-0.03270057505449131,467.9093498476903,447.4570975794237,431.6973250752598,0.12554263781998998,400.0,0.7921086558942616,447.3315549416037,23.98925340298036,5.156056782477754,599.6132551612368,0.0011056609393396144,1.9966452157405e-05,False,True,RELEASE,RELEASED,
5.899999999999984,LOWERING,0.23223714505771834,1330.6208257974745,42.62225960230848,-0.04063059866915659,322.71759950907096,1.698885609459387,-0.8373008377654556,1.4782217766984282,0.9681296306902286,-4.154564889888176,-578.9065733907984,468.0204216581967,826.271691165469,84.88195591869739,26.03666225822429,-0.03246644432033463,468.02042165845023,447.560640072379,431.7036967854153,0.1247285792936168,400.0,0.7922700569336643,447.43591149308537,23.989254558623784,5.15550257037651,599.6132952602811,0.0010975975097649027,1.998910835254719e-05,False,True,RELEASE,RELEASED,
5.909999999999961,LOWERING,0.2322758829849486,1330.8427777712127,42.62915661149949,-0.04063578667517686,322.7247039337915,1.6987826658947376,-0.8374798304909109,1.4780020566512575,0.9680009365584628,-4.1546758105381825,-579.018595445378,468.1307773962976,826.1670628747028,84.88224335832629,26.037808632288346,-0.03223394153519621,468.13077739654653,447.66351413853084,431.71002700368894,0.12391909207588014,400.0,0.7924304087857212,447.53959504645496,23.989255705858273,5.154952390897076,599.6133350673877,0.0010895922083555831,2.001221923819685e-05,False,True,RELEASE,RELEASED,
5.919999999999938,LOWERING,0.23231436842492434,1331.063283099544,42.63600856988122,-0.040640941578686224,322.7317619874282,1.6986805537257414,-0.8376576617601525,1.4777839034515523,0.9678731232803792,-4.154786124949837,-579.1299087350161,468.2404210213206,826.0631863340069,84.88254322091335,26.0389475488775,-0.03200305609254883,468.2404210215699,447.76572348649313,431.71631596526544,0.12311415971862516,400.0,0.7925897173736837,447.6426093267745,23.98925684474414,5.154406215115194,599.6133745846537,0.0010816446282939651,2.003533387551215e-05,False,True,RELEASE,RELEASED,
5.9299999999999145,LOWERING,0.23235260280515038,1331.2823499614688,42.64281574062419,-0.04064606338304157,322.73877393432247,1.6985792659688468,-0.8378343380992267,1.477567306311661,0.9677461852771958,-4.154895834982126,-579.2405169854253,468.3493564794855,825.9600562996216,84.882855233241,26.04007905015743,-0.031773777458965924,468.3493564797304,447.8672718121432,431.7225639044509,0.12231376567206098,400.0,0.7927479885989872,447.74495804647114,23.98925797534129,5.153864014305319,599.6134138141617,0.0010737543639702807,2.0058326811067673e-05,False,True,RELEASE,RELEASED,
5.939999999999891,LOWERING,0.23239058754799527,1331.499986506559,42.6495783621652,-0.0406511526717646,322.7457400378067,1.6984787957005134,-0.8380098660106435,1.477352254512474,0.967620116999332,-4.155004942509459,-579.3504239127584,468.45758770358657,825.8576675618501,84.883179126172,26.041203178137884,-0.03154609513842388,468.4575877038285,447.9681627986336,431.7287710546702,0.1215178933608172,400.0,0.7929052283411776,447.8466449052728,23.989259097709198,5.1533257599448286,599.6134527579779,0.0010659210155337107,2.0082210426153324e-05,False,True,RELEASE,RELEASED,
5.949999999999868,LOWERING,0.23242832407066655,1331.7162008548155,42.656296692266224,-0.04065620953311803,322.75266056020064,1.6983791360566578,-0.8381842519732684,1.4771387374030145,0.9674949129263438,-4.155113449421172,-579.4596332234696,468.56511861291267,825.7560149448445,84.88351463459134,26.04231997467203,-0.031319998709250285,468.5651186131452,448.06840011626673,431.7349376484643,0.12072652611976764,400.0,0.7930614424578424,447.94767359014696,23.989260211906924,5.152791423710607,599.6134914181553,0.0010581441871124753,2.010645658856447e-05,False,True,RELEASE,RELEASED,
5.9599999999998445,LOWERING,0.2324658137851908,1331.9310010965544,42.66297099313554,-0.04066123392333344,322.7595357628085,1.6982802802321195,-0.8383575024422448,1.4769267444000356,0.9673705675668502,-4.1552213576211905,-579.5681486142091,468.67195311318767,825.6550933063932,84.88386149735726,26.04342948145592,-0.031095477791154735,468.6719531134157,448.16798742248125,431.7410639174866,0.11993964724695161,400.0,0.7932166367845362,448.0480477752343,23.989261317993137,5.1522609774689005,599.6135297967353,0.0010504234789561195,2.0130507778048923e-05,False,True,RELEASE,RELEASED,
5.969999999999821,LOWERING,0.23250305809839159,1332.1443952922814,42.669601509971045,-0.04066622618992222,322.766365905919,1.698182221480307,-0.8385296238489622,1.4767162649877965,0.9672470754584668,-4.155328669027921,-579.6759737717465,468.77809509653906,825.5548975378183,84.8842194572624,26.044531740028404,-0.030872522083313925,468.7780950967681,448.2669283617935,431.747150092503,0.11915723999567263,400.0,0.7933708171347186,448.1477711217978,23.989262416026087,5.151734393286162,599.6135678957401,0.0010427584979142424,2.0154823971552105e-05,False,True,RELEASE,RELEASED,
5.979999999999798,LOWERING,0.23254005841186812,1332.356391472568,42.67618849236728,-0.04067118654927239,322.77315124879954,1.6980849531125388,-0.8387006226008678,1.4765072887175767,0.96712443116773,-4.155435385573378,-579.7831123727863,468.88354844137075,825.4554225637087,84.8845882609703,26.04562679177011,-0.030651121326741304,468.8835484415928,448.36522656569736,431.7531964033878,0.11837928753180904,400.0,0.7935239892996971,448.24684727816555,23.98926350606362,5.151211643421542,599.6136057171827,0.001035148852292167,2.0180059550511942e-05,False,True,RELEASE,RELEASED,
5.989999999999775,LOWERING,0.23257681612197573,1332.566997637941,42.68273219635111,-0.04067611503703163,322.7798920496966,1.6979884684977382,-0.8388705050814879,1.4762998052074738,0.9670026292900252,-4.155541509203312,-579.8895680839297,468.9883170123626,825.3566633418293,84.88496765898503,26.04671467790346,-0.03043126531838425,468.9883170125857,448.46288565267986,431.75920307912156,0.11760577300674413,400.0,0.7936761590485631,448.3452798796731,23.98926458816318,5.150692700326742,599.6136432630574,0.0010275941523536503,2.0205078669732757e-05,False,True,RELEASE,RELEASED,
5.999999999999751,LOWERING,0.23261333261980674,1332.7762217587724,42.68923287284608,-0.04068101178937627,322.7865885658315,1.6978927610618195,-0.8390392776502907,1.4760938041419345,0.9668816644495132,-4.155647041876547,-579.995344561527,469.09240466037596,825.25861486287,84.8853574055893,26.047795439491857,-0.030212943929200264,469.09240466059254,448.55990922809605,431.7651703477892,0.1168366794869371,400.0,0.7938273321281282,448.4430725486091,23.989265662381815,5.150177536647398,599.6136805353485,0.0010200940130040692,2.023033090381432e-05,False,True,RELEASE,RELEASED,
6.009999999999728,LOWERING,0.23264960929117162,1332.9840717751717,42.69569076196755,-0.0406858771819089,322.7932410533998,1.6977978242872964,-0.8392069466426426,1.4758892752714925,0.9667615312990534,-4.155751985564759,-580.1004454515911,469.19581522241316,825.1612721503147,84.8857572588084,26.048869117439573,-0.02999614706891407,469.1958152226296,448.65630088418646,431.77109843657735,0.11607199002520474,400.0,0.7939775142628692,448.54022889416126,23.989266728776162,5.149666125218274,599.6137175360236,0.0010126480503860336,2.0255621507203614e-05,False,True,RELEASE,RELEASED,
6.019999999999705,LOWERING,0.23268564751658183,1333.1905555968863,42.70210611807376,-0.04069071121889428,322.79984976756873,1.69770365171278,-0.8393735183697398,1.4756862084123816,0.9666422245201288,-4.155856342252157,-580.2048743897018,469.29855252156585,825.0646302602427,84.88616698035955,26.049935752491244,-0.029780864715007738,469.2985525217826,448.75206419997863,431.77698757177353,0.11531168761013078,400.0,0.7941267111548723,448.6367525123685,23.989267787402486,5.149158439062167,599.6137542670378,0.001005255882061462,2.0281388401599543e-05,False,True,RELEASE,RELEASED,
6.029999999999681,LOWERING,0.2327214486712315,1333.3956811031985,42.70847919186289,-0.04069551396969904,322.8064149624751,1.6976102369324924,-0.8395389991184876,1.4754845934462082,0.9665237388227693,-4.1559601139348885,-580.3086350008701,469.4006203669285,824.9686842811535,84.88658633560341,26.05099538523142,-0.029567086892029693,469.40062036714494,448.8472027412535,431.7828379787636,0.11455575517845773,400.0,0.7942749284837904,448.73264698607505,23.98926883831664,5.148654451391594,599.6137907303332,0.0009979171296032874,2.0307174224853952e-05,False,True,RELEASE,RELEASED,
6.039999999999658,LOWERING,0.2327570141249819,1333.5994561428352,42.71481020588266,-0.04070028616536117,322.8129368912245,1.6975175735958943,-0.8397033951515532,1.4752844203196365,0.9664060689454721,-4.156063302621239,-580.4117308995184,469.5020225536184,824.8734293338182,84.88701509351074,26.052048056084427,-0.02935480369524157,469.50202255382675,448.94172006052145,431.78864988203,0.11380417564208756,400.0,0.794422171906786,448.82791588487936,23.989269881574096,5.148154135606181,599.6138269278367,0.0009906314171770347,2.0333363693225692e-05,False,True,RELEASE,RELEASED,
6.049999999999635,LOWERING,0.23279234524234435,1333.8018885338702,42.72109943072052,-0.040705027342016524,322.8194158058884,1.6974256554070708,-0.8398667127071593,1.4750856790439641,0.9662892096551257,-4.1561659103306265,-580.5141656892897,469.60276286263985,824.7788605710438,84.8874530265997,26.05309380531377,-0.029144005266971362,469.60276286284744,449.03561969696517,431.7944235051496,0.11305693187574661,400.0,0.7945684470584862,448.9225627650894,23.989270917229934,5.147657465290305,599.6138628614633,0.000983398370832056,2.0359659913538053e-05,False,True,RELEASE,RELEASED,
6.0599999999996115,LOWERING,0.2328274433824669,1334.002986063648,42.72734709766765,-0.04070973796893879,322.8258519575028,1.6973344761244238,-0.8400289579991226,1.4748883596948896,0.9661731557469241,-4.1562679390937465,-580.6159429630269,469.70284506089365,824.684973177565,84.88789991090829,26.05413267302188,-0.028934681798091333,469.70284506110386,449.1289051763677,431.80015907079274,0.11231400669095137,400.0,0.794713759550934,449.01659116967676,23.989271945338857,5.1471644142133615,599.6138985331133,0.0009762176194056948,2.038634460177491e-05,False,True,RELEASE,RELEASED,
6.069999999999588,LOWERING,0.2328623098991176,1334.2027564886887,42.733553454022356,-0.0407144181009712,322.8322455960672,1.6972440295601186,-0.8401901372167667,1.4746924524120744,0.9660579020442942,-4.156369390952065,-580.7170663026518,469.8022729011151,824.5917623698169,84.8883555259394,26.055164699149866,-0.02872682355143752,469.80227290131046,449.2215800111148,431.8058568007217,0.11157538287767466,400.0,0.7948581149735492,449.1100046282371,23.989272965955177,5.146674956326839,599.6139339446752,0.0009690887933002656,2.0412990920704033e-05,False,True,RELEASE,RELEASED,
6.079999999999565,LOWERING,0.2328969461406726,1334.4012075346186,42.739718741932265,-0.040719067893964386,322.83859697054356,1.697154309579693,-0.8403502565248737,1.4744979473988775,0.9659434433988076,-4.15647026795757,-580.8175392790926,469.9010501218305,824.4992233957958,84.88881965462413,26.056189923477273,-0.02852042083929973,469.9010501220274,449.3136477001595,431.8115169157887,0.11084104321002997,400.0,0.7950015188930908,449.20280665694946,23.989273979132832,5.14618906576714,599.6139690980215,0.0009620115278021757,2.0440179298475414e-05,False,True,RELEASE,RELEASED,
6.089999999999542,LOWERING,0.23293135345009996,1334.5983468960776,42.74584320154447,-0.04072368752794242,322.84490632885365,1.6970653101015665,-0.8405093220636106,1.4743048349219696,0.9658297746901009,-4.156570572172316,-580.9173654521724,469.99918044730435,824.4073515348624,84.88929208327443,26.057208385621575,-0.028315464028082715,469.9991804475031,449.4051117289311,431.81713963593484,0.11011097039812512,400.0,0.7951439768536103,449.295000758533,23.98927498492538,5.145706716850581,599.6140039950144,0.0009549854598107643,2.046775210828855e-05,False,True,RELEASE,RELEASED,
6.099999999999518,LOWERING,0.23296553316495036,1334.7941822366663,42.75192705907886,-0.04072827749738239,322.8511739178785,1.696977025096612,-0.8406673399485032,1.4741131053110055,0.965716890825793,-4.156670305668235,-581.0165483705505,470.0966675875094,824.316142097573,84.88977260154215,26.058220125038062,-0.028111943539215645,470.0966675877008,449.4959755693362,431.82272518018885,0.10938514712415781,400.0,0.7952854943764214,449.38659042221207,23.98927598338601,5.145227884070106,599.6140386375027,0.0009480102258532241,2.0495129774644738e-05,False,True,RELEASE,RELEASED,
6.109999999999495,LOWERING,0.23299948661734282,1334.988721188865,42.757970572724474,-0.04073283749382078,322.85739998345804,1.6968894485877268,-0.8408243162703911,1.473922748958299,0.965604786741399,-4.156769470526826,-581.1150915716366,470.1935152380895,824.2255904255123,84.89026100237851,26.059225181019663,-0.027909849850971113,470.19351523827925,449.5862426797469,431.828273766666,0.10866355606759726,400.0,0.7954260769600632,449.4775791236793,23.989276974567527,5.144752542098541,599.6140730273212,0.0009410854660947265,2.05235166959028e-05,False,True,RELEASE,RELEASED,
6.119999999999472,LOWERING,0.23303321513395306,1335.181971353965,42.763973966989596,-0.04073736800405868,322.8635847703884,1.696802574649343,-0.8409802570953315,1.473733756318457,0.965493457400247,-4.156868068838612,-581.212998581477,470.28972708029096,824.1356918911038,84.89075708198597,26.060223592696456,-0.027709173496532458,470.2897270804787,449.67591650489675,431.8337856125665,0.10794617983651733,400.0,0.7955657300802702,449.56797032506023,23.98927795852238,5.144280665789635,599.6141071662896,0.0009342108262870852,2.055132875966592e-05,False,True,RELEASE,RELEASED,
6.129999999999448,LOWERING,0.2330667200360036,1335.3739403020147,42.76993749245751,-0.040741868855515985,322.8697285224226,1.6967163974070776,-0.8411351684646347,1.4735461179080969,0.9653828977933925,-4.15696610270321,-581.3102729147316,470.38530678097175,824.0464418974686,84.89126063978723,26.061215399035714,-0.027509905063311635,470.38530678116103,449.76500047592776,431.83926093417483,0.10723300104916689,400.0,0.7957044591899384,449.6577674748786,23.989278935302632,5.143812230171074,599.6141410562223,0.0009273859524556727,2.058034897345351e-05,False,True,RELEASE,RELEASED,
6.139999999999425,LOWERING,0.23310000263925323,1335.564635571756,42.77586137006964,-0.04074634057223473,322.87583148226815,1.6966309110372022,-0.8412890563947678,1.4733598243054302,0.9652731029395318,-4.157063574228722,-581.4069180745552,470.48025799253287,823.9578358782072,84.89177147837421,26.062200638841517,-0.027312035192949224,470.4802579927113,449.8534980102967,431.84469994685884,0.10652400227155567,400.0,0.7958422697190985,449.7469740080251,23.989279904960007,5.143347210442786,599.6141746989117,0.0009206104905112866,2.0604183134764753e-05,False,True,RELEASE,RELEASED,
6.149999999999402,LOWERING,0.23313306425398733,1335.754064670571,42.781745838402514,-0.04075078322426931,322.88189389158805,1.696546109766329,-0.8414419268773694,1.4731748661500321,0.9651640678849138,-4.15716048553174,-581.502937552565,470.57458435291585,823.8698692972847,84.89228940347863,26.06317935075469,-0.027115554584611345,470.57458435309593,449.9414125118118,431.8501028650681,0.10581916608759911,400.0,0.795979167074888,449.8355933457242,23.989280867545848,5.142885581981344,599.6142080961445,0.0009138840910845047,2.0634658710605436e-05,False,True,RELEASE,RELEASED,
6.159999999999378,LOWERING,0.23316590618500752,1335.9422350744228,42.78759114264583,-0.04075519669603973,322.88791599099886,1.6964619878708331,-0.8415937858791264,1.4729912341423823,0.9650557877032553,-4.157256838736599,-581.5983348287032,470.66828948552063,823.7825376487924,84.89281422391704,26.064151573252587,-0.02692045398703158,470.6682894856989,450.0287473705273,431.85546990233524,0.10511847501396687,400.0,0.7961151566415343,449.92362889551333,23.989281823111142,5.142427320334861,599.6142412496915,0.0009072064061594887,2.0663268742282526e-05,False,True,RELEASE,RELEASED,
6.169999999999355,LOWERING,0.23319852973162494,1336.1291542278154,42.793397495805266,-0.04075958162999859,322.8938980200698,1.6963785396765583,-0.8417446393418143,1.4728089190436389,0.9649482574956489,-4.157352635975447,-581.6931133712217,470.76137699921594,823.695836456832,84.89334575156352,26.06511734464881,-0.026726724206127983,470.761376999391,450.11550596277164,431.86080127127235,0.10442191156442959,400.0,0.7962502437803296,450.0110840512072,23.98928277170652,5.141972401224083,599.6142741613111,0.000900577090801491,2.0691999054633925e-05,False,True,RELEASE,RELEASED,
6.179999999999332,LOWERING,0.23323093618759905,1336.3148295434446,42.79916513911996,-0.040763937956666246,322.89984021694613,1.6962957595397932,-0.8418944932016139,1.4726279116428158,0.9648414723884265,-4.157447879451668,-581.7872766453966,470.85385049858183,823.6097612562173,84.89388380076494,26.06607670303234,-0.0265343569825518,470.8538504987578,450.2016916605925,431.8660971826666,0.10372947088200135,400.0,0.7963844338273507,450.0979621897105,23.989283713382253,5.141520800541788,599.6143068327503,0.0008939958754989874,2.0721061162021215e-05,False,True,RELEASE,RELEASED,
6.1899999999993085,LOWERING,0.23326312683843536,1336.499268386715,42.80489432249419,-0.040768265358834196,322.9057427922144,1.6962136408316115,-0.8420433541423409,1.4724482011561386,0.9647354274123343,-4.15754257360211,-581.8808284094064,470.9457139670559,823.5243066306103,84.89442814431061,26.067029682047934,-0.02634338400616798,470.94571396722574,450.28730818446104,431.8713577943172,0.10304173333082645,400.0,0.7965177318931597,450.1842664511302,23.989284648188203,5.141072494373379,599.6143392657277,0.0008874661200852785,2.073544408176531e-05,False,True,RELEASE,RELEASED,
6.199999999999285,LOWERING,0.23329510296981038,1336.682478124009,42.81058523654871,-0.04077256496121774,322.9116059810638,1.69613218024543,-0.8421912261531942,1.4722697821577042,0.9646301178600555,-4.157636714714397,-581.9737712822156,471.03696991776854,823.4394702218285,84.8949786940169,26.06797631931746,-0.026153648884815084,471.0369699179382,450.3723578946852,431.8765833514086,0.10235788916207866,400.0,0.7966501428171017,450.2700000055231,23.98928557617406,5.140627458893048,599.6143714620268,0.000880979412721139,2.0740676177410933e-05,False,True,RELEASE,RELEASED,
6.209999999999262,LOWERING,0.23332686585804605,1336.8644660681143,42.81623813073322,-0.040776836415965315,322.9174300772713,1.6960513717789742,-0.842338116583008,1.472092644185389,0.9645255390409312,-4.1577303107039185,-582.0661094877272,471.1276228292118,823.3552470032221,84.89553529514833,26.068916661927354,-0.02596529856032248,471.1276228293826,450.45684497724096,431.8817741142429,0.1016784293609021,400.0,0.7967816723094608,450.35516654788006,23.989286497389013,5.140185670510485,599.6144034232645,0.0008745386608888239,2.074567510135239e-05,False,True,RELEASE,RELEASED,
6.219999999999239,LOWERING,0.2333584167738918,1337.0452394998877,42.821853237615926,-0.04078107976060948,322.92321529848834,1.6959712085336127,-0.8424840312879752,1.4719167765874963,0.964421686102186,-4.157823362946289,-582.1578463215866,471.2176762349273,823.2716316467283,84.89609766294075,26.069850744678472,-0.025778320960625933,471.21767623509095,450.54077273590264,431.88693026688657,0.10100316499102746,400.0,0.7969123260018758,450.4397695709116,23.989287411881673,5.139747105913854,599.614435151133,0.000868147422672827,2.0744590472077107e-05,False,True,RELEASE,RELEASED,
6.229999999999215,LOWERING,0.23338975698333927,1337.224805672927,42.827430789399045,-0.04078529502009943,322.928961818672,1.6958916851739054,-0.8426289745141089,1.4717421714251757,0.9643185541950358,-4.157915867122037,-582.2489842708695,471.3071327049151,823.1886202290696,84.89666556338987,26.07077859532134,-0.025592592758584942,471.307132705079,450.6241435778745,431.89205196452616,0.1003315357359611,400.0,0.7970421087015541,450.52381204213856,23.989288319700467,5.139311741878509,599.6144666473967,0.0008618033271998726,2.072493145988119e-05,False,True,RELEASE,RELEASED,
6.239999999999192,LOWERING,0.23342088775220277,1337.4031718398148,42.83297098343989,-0.04078948306502967,322.93466994089783,1.695812798680163,-0.8427729534104413,1.4715688217570013,0.9642161388272166,-4.158007832902598,-582.3395277820423,471.3959966221611,823.1062097129309,84.89723907088498,26.071700262459164,-0.02540817346186941,471.39599662231973,450.70696160094127,431.89713948444404,0.09966413097140503,400.0,0.7971710257201573,450.60729746996986,23.989289220893788,5.138879555200259,599.6144979136923,0.0008555018047653462,2.0705389829345222e-05,False,True,RELEASE,RELEASED,
6.249999999999169,LOWERING,0.23345181033221168,1337.5803451724312,42.83847406690856,-0.04079364349228946,322.94033989592714,1.6957345419829595,-0.8429159733963777,1.4713967169554905,0.9641144352754454,-4.1580992599208635,-582.4294798617331,471.4842712975803,823.0243948137672,84.89781786445603,26.072615783024244,-0.02522508332799589,471.4842712977414,450.78922990329147,431.90219303764894,0.09900053693490918,400.0,0.7972990826182346,450.69022936635656,23.98929011550932,5.138450523010061,599.6145289516587,0.0008492467085075006,2.0685630602201854e-05,False,True,RELEASE,RELEASED,
6.259999999999145,LOWERING,0.23348252597443325,1337.7563328388642,42.84394025850157,-0.04079777658748525,322.9459719005055,1.6956569097290177,-0.8430580400180212,1.4712258482886755,0.9640134388490763,-4.158190149598268,-582.5188437661261,471.5719600933157,822.9431712704044,84.898401767098,26.073525191690532,-0.025043285979563734,471.5719600934751,450.8709516291987,431.9072128132218,0.09834056850309025,400.0,0.7974262847124656,450.7726110606956,23.98929100359452,5.138024622549868,599.6145597629747,0.0008430377903216879,2.066600097805349e-05,False,True,RELEASE,RELEASED,
6.269999999999122,LOWERING,0.23351303592377862,1337.931141971929,42.84936978508779,-0.040801882409908743,322.951566176227,1.6955798969531453,-0.8431991591399596,1.4710562072800972,0.963913144902605,-4.15828050494067,-582.6076229588153,471.65906655754736,822.8625349758553,84.89899064623114,26.074428523919487,-0.024862768879984287,471.6590665577023,450.95213009553504,431.91219900073236,0.09768434755142152,400.0,0.7975526370781703,450.8544457479836,23.989291885196653,5.137601831153111,599.6145903493025,0.0008368743048201566,2.0646204006879998e-05,False,True,RELEASE,RELEASED,
6.279999999999099,LOWERING,0.2335433414183361,1338.104779665349,42.85476286747861,-0.040805961135304616,322.95712294775365,1.6955034986248054,-0.8433393365229381,1.4708877854282447,0.9638135488260333,-4.158370328587576,-582.6958208359241,471.74559418566844,822.7824818158664,84.89958435930097,26.075325815672624,-0.024683524717943328,471.74559418581725,451.0327685703771,431.9171517960984,0.09703198842379379,400.0,0.7976781446924621,450.9357365819533,23.98929276036272,5.137182126282145,599.6146207122767,0.0008307556624265189,2.062639197220051e-05,False,True,RELEASE,RELEASED,
6.289999999999075,LOWERING,0.2335734436902485,1338.2772529787828,42.86011972055799,-0.0408100130565539,322.96264244090673,1.695427709659205,-0.8434785778094196,1.4707205742277678,0.9637146460394395,-4.1584596227602315,-582.7834407209754,471.8315464094066,822.7030076759212,84.90018275425518,26.07621710310325,-0.02450554578979336,471.8315464095578,451.11287026279047,431.9220713992169,0.09638354141651462,400.0,0.797802812524907,451.01648672137395,23.989293629139365,5.136765485565714,599.614650853516,0.0008246814165007166,2.060614127685767e-05,False,True,RELEASE,RELEASED,
6.299999999999052,LOWERING,0.23360334396625668,1338.448568940937,42.86544055940634,-0.040814038437334804,322.96812488148595,1.6953525249764225,-0.8436168885814412,1.4705545652046033,0.9636164319906848,-4.158548389524313,-582.8704859030224,471.9169266274541,822.6241084578917,84.90078567688477,26.07710242236578,-0.024328823682935763,471.91692662760175,451.19243835104777,431.9269580111848,0.09573901174934463,400.0,0.7979266455641537,451.0966993392984,23.989294491572892,5.1363518867982165,599.6146807746218,0.000818651185324093,2.058631622503526e-05,False,True,RELEASE,RELEASED,
6.309999999999029,LOWERING,0.2336330434678286,1338.6187345503085,42.87072561890273,-0.040818037036816045,322.97357049462084,1.6952779395337267,-0.8437542743960136,1.4703897499330492,0.9635189021543835,-4.158636630947889,-582.9569596590915,472.00173822431327,822.5457800879516,84.9013929749872,26.07798180951096,-0.02415334971954053,472.0017382244613,451.27147600010437,431.93181183269644,0.09509838328631304,400.0,0.798049648812818,451.17637761681806,23.98929534770925,5.135941307947247,599.6147104771853,0.0008126646213897359,2.0566581440562004e-05,False,True,RELEASE,RELEASED,
6.3199999999990055,LOWERING,0.23366254341110212,1338.7877567748535,42.87597510076279,-0.040822009395370104,322.9789795044571,1.6952039483364367,-0.8438907407964515,1.4702261200419007,0.9634220520313731,-4.158724349151743,-583.0428652610859,472.0859845761647,822.4680185192211,84.90200449973733,26.078855300435126,-0.023979115251790972,472.0859845763095,451.3499863669435,431.93663306338635,0.09446163289652532,400.0,0.7981718272739807,451.25552473404696,23.98929619759401,5.135533727155782,599.6147399627803,0.0008067214001066247,2.0545674487948418e-05,False,True,RELEASE,RELEASED,
6.329999999998982,LOWERING,0.23369184500678725,1338.955642551429,42.881189227850186,-0.040825955515410496,322.9843521340392,1.6951305464389976,-0.8440262933119776,1.4700636672160217,0.9633258771484208,-4.15881154630789,-583.1282059753323,472.1696690504672,822.390819732363,84.9026201057558,26.079722930861273,-0.02380611175692593,472.1696690506067,451.42797260023485,431.9414219016724,0.09382873706209693,400.0,0.7982931859394955,451.33414386317276,23.989297041272405,5.135129122736095,599.6147692329769,0.0008008212110235391,2.0526016953681392e-05,False,True,RELEASE,RELEASED,
6.339999999998959,LOWERING,0.2337209494600914,1339.1223987853652,42.886368223978316,-0.04082987535158454,322.98968860528885,1.6950577289429736,-0.8441609374539126,1.4699023831963274,0.963230373058054,-4.158898224623041,-583.2129850600712,472.25279500378423,822.3141797355286,84.90323965077972,26.080584736335368,-0.02363433082678057,472.2527950039242,451.5054378383356,431.9461785448002,0.09319967398147355,400.0,0.7984137297825887,451.4122381643541,23.989297878789316,5.134727473159806,599.6147982893292,0.0007949637491462269,2.0506161376943055e-05,False,True,RELEASE,RELEASED,
6.349999999998936,LOWERING,0.23374985797067535,1339.2880323502122,42.891512287571885,-0.04083376944975065,322.9949891390192,1.6949854909946245,-0.8442946787121237,1.4697422597791359,0.9631355353384482,-4.15898438632302,-583.2972057631573,472.3353657798108,822.2380945640507,84.90386299530577,26.081440752228787,-0.023463764187567904,472.335365779949,451.58238520740963,431.9509031889341,0.09257442361410995,400.0,0.7985334637541383,451.4898107837955,23.989298710189303,5.134328757063105,599.6148271333809,0.0007891487212834392,2.0485549896420707e-05,False,True,RELEASE,RELEASED,
6.359999999998912,LOWERING,0.23377857173263447,1339.4525500876323,42.89662164847839,-0.04083763756808963,323.00025395495646,1.6949138277831426,-0.8444275225526674,1.469583288815598,0.9630413595933329,-4.159070033642348,-583.3808713205449,472.4173847080754,822.1625602801878,84.90449000234615,26.082291013741596,-0.023294403616205273,472.4173847082078,451.65881782026696,431.9555960292321,0.09195296718405643,400.0,0.7986523927812432,451.5668648530829,23.989299535516572,5.13393295324249,599.6148557666654,0.0007833758436808225,2.0465755028453714e-05,False,True,RELEASE,RELEASED,
6.371999999998884,LOWERING,0.23381277285185217,1339.6485080662121,42.90270735720131,-0.040842245620620686,323.0065248943933,1.6948285838701165,-0.844585758229271,1.4693940335047884,0.9629292163532246,-4.159172134594245,-583.4805417345824,472.5150836490422,822.0726408062892,84.90524705592698,26.08330378108808,-0.023092751475587647,472.5150836491741,451.74986183974227,431.9611857298977,0.09121220211636683,400.0,0.7987940519889462,451.6586496376259,23.989300517955094,5.133461803233948,599.6148898505398,0.0007765036359490551,2.044189045591338e-05,False,True,RELEASE,RELEASED,
6.381999999998861,LOWERING,0.23384106234260615,1339.8105949086898,42.90774108872344,-0.04084605785411896,323.0117118993821,1.6947581683505735,-0.8447166468677498,1.4692375695221982,0.9628364816025056,-4.159256658155295,-583.5629972991552,472.59590015890575,821.9983047455387,84.90588164984942,26.08414150604236,-0.02292601564204233,472.59590015903586,451.82517287704724,431.9658092840384,0.09059902933705644,400.0,0.7989112273635457,451.7345738477102,23.98930133007647,5.133072332532123,599.6149180254884,0.0007708225072882158,2.0422253214746888e-05,False,True,RELEASE,RELEASED,
6.391999999998838,LOWERING,0.2338691608684241,1339.9715876026808,42.91274080256383,-0.04084984439137616,323.016863882583,1.694688312451032,-0.8448466554103684,1.4690822322797457,0.9627443949289288,-4.159340674500255,-583.6449079867679,472.6761753751168,821.9245071500429,84.90651948349247,26.084973588134794,-0.022760459978030667,472.6761753752456,451.8999790246232,431.970401652528,0.08998959368841497,400.0,0.799027613400033,451.80998943093476,23.989302136264502,5.132685707268056,599.6149459945104,0.000765182641218054,2.040234426203824e-05,False,True,RELEASE,RELEASED,
6.401999999998814,LOWERING,0.233897069600032,1340.1314928559505,42.91770668645106,-0.040853605907313705,323.02198105929807,1.6946190115324944,-0.8449757892166885,1.4689280138539818,0.9626529520425829,-4.159424185869284,-583.7262769789946,472.7559125641837,821.8512441929233,84.90716042942425,26.08580006186838,-0.0225960764815909,472.7559125643156,451.9742833359375,431.9749630266179,0.08938387761435251,400.0,0.7991432149261499,451.88489945832316,23.989302936562115,5.1323019068610884,599.6149737590983,0.0007595837612290879,2.0382155753395637e-05,False,True,RELEASE,RELEASED,
6.411999999998791,LOWERING,0.23392478970260433,1340.2903173444568,42.92263895386401,-0.04085734242721827,323.02706364378906,1.694550260995973,-0.8451040536209683,1.4687749063743323,0.9625621486786288,-4.159507194503451,-583.8071074444136,472.8351149776342,821.7785120733207,84.90780436240945,26.086620961582142,-0.022432857211470036,472.83511497775766,452.04808885036607,431.9794935966454,0.08878186357685536,400.0,0.7992580367465226,451.9593069867892,23.989303731011912,5.131920910877595,599.6150013207316,0.0007540255936353546,2.0362298016607383e-05,False,True,RELEASE,RELEASED,
6.421999999998768,LOWERING,0.23395232233576993,1340.4480677123838,42.9275378244355,-0.040861053802286926,323.0321118492784,1.6944820562820866,-0.8452314539322373,1.468622902022696,0.962471980597201,-4.1595897026447375,-583.8874025386145,472.913785852051,821.7063070161844,84.90845115937898,26.087436321451182,-0.02227079426813816,472.9137858521756,452.12139859322593,431.9839935520325,0.08818353404689105,400.0,0.7993720836427584,452.03321505917904,23.989304519656216,5.131542699020317,599.6150286808852,0.0007485078591127348,2.0342211996648984e-05,False,True,RELEASE,RELEASED,
6.4319999999987445,LOWERING,0.23397966865361366,1340.6047505721506,42.93240346891715,-0.04086474104401645,323.0371258879495,1.694414392870789,-0.8453579954343278,1.4684719930332142,0.9623824435833079,-4.159671712535932,-583.9671654041802,472.99192840908194,821.6346252721597,84.90910069940699,26.08824617548675,-0.022109879796175846,472.9919284091989,452.19421557576146,431.9884630812869,0.08758887146495908,400.0,0.7994853603735064,452.1066267042965,23.98930530253707,5.131167251130776,599.6150558410195,0.0007430302754904972,2.032210630886766e-05,False,True,RELEASE,RELEASED,
6.441999999998721,LOWERING,0.23400682980468449,1340.7603725044582,42.93723613187784,-0.040868403349200146,323.04210597095044,1.6943472662810302,-0.8454836833859872,1.4683221716919153,0.9622935334467304,-4.159753226420815,-584.0463991707256,473.06954585549784,821.5634631174069,84.90975286368445,26.089050557536698,-0.02195010599439229,473.069545855619,452.26654279524286,431.9929023720025,0.08699785832800444,400.0,0.7995978716744957,452.17954493691485,23.98930607969621,5.130794547190312,599.6150828025857,0.0007375925597354893,2.0301866868521756e-05,False,True,RELEASE,RELEASED,
6.451999999998698,LOWERING,0.23403380693199743,1340.9149400582999,42.94203600639754,-0.040872041138221515,323.0470523083933,1.6942806720704575,-0.845608523020844,1.4681734303364935,0.9622052460219187,-4.1598342465437455,-584.1251069548379,473.1466413831655,821.4928168534902,84.91040753549252,26.089849501285446,-0.021791465103206065,473.14664138328754,452.338383234898,431.99731161086044,0.08641047710750627,400.0,0.7997096222585738,452.2519727577905,23.989306851175098,5.130424567317989,599.6151095670266,0.0007321944266678315,2.0281612250983017e-05,False,True,RELEASE,RELEASED,
6.461999999998675,LOWERING,0.23406060117304042,1341.068459751002,42.9468032725833,-0.04087565512093523,323.0519651093569,1.6942146058350276,-0.8457325195475172,1.468025761355892,0.9621175771678953,-4.159914775149828,-584.2032918601093,473.2232181691037,821.4226828071639,84.91106460017197,26.090643040254292,-0.021633949419879173,473.2232181692221,452.40973986397694,432.00169098363017,0.08582671030688971,400.0,0.7998206168157339,452.32391315367005,23.9893076170149,5.130057291768732,599.6151361357709,0.0007268355884511024,2.0261527254206158e-05,False,True,RELEASE,RELEASED,
6.471999999998651,LOWERING,0.23408721365977786,1341.2209380682423,42.9515381661658,-0.04087924463417849,323.0568445818884,1.6941490632087213,-0.8458556781495703,1.4678791571901006,0.9620305227681498,-4.1599948144844285,-584.2809569770706,473.2992793754526,821.3530573302737,84.9117239450975,26.09143120780161,-0.021477551281350316,473.29927937557017,452.48061563776355,432.00604067517065,0.08524654046237856,400.0,0.7999308600131475,452.39536909730117,23.989308377256513,5.129692700936551,599.6151625102411,0.0007215157580553466,2.0241710501522903e-05,False,True,RELEASE,RELEASED,
6.481999999998628,LOWERING,0.2341136455186584,1341.3723814640966,42.95624087167447,-0.04088281023103784,323.0616909330046,1.6940840398632115,-0.8459780039855931,1.4677336103298213,0.9619440787305394,-4.160074366793246,-584.3581053832148,473.3748281495125,821.2839367995848,84.91238545965078,26.092214037123053,-0.021322263072192982,473.37482814963136,452.55101349756535,432.0103608694319,0.08466995012219058,400.0,0.8000403564951966,452.46634354744316,23.98930913194051,5.1293307753582145,599.6151886918444,0.0007162346535380948,2.0221787508489797e-05,False,True,RELEASE,RELEASED,
6.491999999998605,LOWERING,0.23413989787061923,1341.5227963610612,42.96091158953013,-0.04088635205465829,323.0665043686937,1.6940195315075208,-0.8460995021892248,1.467589113316158,0.9618582409871853,-4.160153434322089,-584.4347401429678,473.44986762375004,821.2153176166241,84.91304903519192,26.09299156125181,-0.02116807722620706,473.44986762386407,452.6209363707282,432.0146517494561,0.08409692185171025,400.0,0.8001491108835029,452.5368394488765,23.9893098811072,5.128971495705621,599.6152146819829,0.0007109919919772167,2.020168091121377e-05,False,True,RELEASE,RELEASED,
6.501999999998581,LOWERING,0.2341659718310928,1341.6721891500938,42.96555053089609,-0.040889869963232524,323.0712850939171,1.6939555338876757,-0.846220177869146,1.4674456587403124,0.9617730054943715,-4.160232019316556,-584.5108643076546,473.52440091579115,821.1471962075279,84.91371456502887,26.093763813058768,-0.021014986223804044,473.52440091590125,452.69038717067235,432.0189134973793,0.08352743825565767,400.0,0.8002571277769652,452.6068597324167,23.98931062479661,5.128614842782288,599.6152404820475,0.000705787487213172,2.018122717117876e-05,False,True,RELEASE,RELEASED,
6.511999999998558,LOWERING,0.23419186851001358,1341.8205661906502,42.9701578860924,-0.04089336429530176,323.07603331261134,1.6938920427864523,-0.8463400361091609,1.467303239243342,0.9616883682324425,-4.160310124022084,-584.5864809155149,473.5984311284585,821.0795690229197,84.91438194439775,26.0945308252529,-0.020862982595303947,473.5984311285737,452.75936879687526,432.02314629443265,0.08296148194983743,400.0,0.8003644117517906,452.6764073149254,23.989311363048476,5.128260797533744,599.6152660934156,0.0007006208598658858,2.0161177644695272e-05,False,True,RELEASE,RELEASED,
6.521999999998535,LOWERING,0.2342175890118251,1341.9679338107264,42.9747338364023,-0.0408968355835751,323.0807492276891,1.6938290540229581,-0.8464590819681933,1.4671618475157646,0.9616043252057014,-4.1603877506836096,-584.661592991667,473.6719613497668,821.0124325377062,84.91505107042806,26.095292630381234,-0.020712058906951825,473.6719613498669,452.8278841348915,432.0273503209442,0.08239903556602712,400.0,0.8004709673615328,452.7454850993255,23.989312095902243,5.127909341043095,599.6152915174573,0.0006954918343842209,2.0140484934927372e-05,False,True,RELEASE,RELEASED,
6.531999999998511,LOWERING,0.23424313443548653,1342.1142983068937,42.97927861400562,-0.04090028310335572,323.0854330410425,1.6937665634523995,-0.8465773204803291,1.467021476297364,0.9615208724423053,-4.160464901545455,-584.7362035481011,473.7449946529396,820.9457832509831,84.91572184212107,26.09604926082949,-0.020562207788884734,473.7449946530492,452.89593605640016,432.0315257563397,0.08184008178869817,400.0,0.8005767991371248,452.81409597461146,23.98931282339708,5.127560454526999,599.6153167555339,0.000690400136025282,2.0122199089200876e-05,False,True,RELEASE,RELEASED,
6.541999999998488,LOWERING,0.23426850587448111,1342.25966594435,42.98379237954744,-0.04090370783804576,323.09008495354254,1.6937045669657136,-0.8466947566548767,1.4668821183768153,0.9614380059941646,-4.160541578851266,-584.8103155836844,473.8175340964382,820.8796176858419,84.9163941603237,26.096800748821842,-0.020413421898524575,473.81753409653965,452.96352741915734,432.03567277914436,0.08128460329226073,400.0,0.8006819115869162,452.8822428158651,23.98931354557187,5.127214119337061,599.6153418089916,0.000685345493116607,2.0101671168504254e-05,False,True,RELEASE,RELEASED,
6.551999999998465,LOWERING,0.23429370441682262,1342.404042956955,42.988275345701,-0.04090710948638617,323.09470516504365,1.6936430604892885,-0.8468113954763425,1.46674376659147,0.9613557219368389,-4.1606177848436,-584.883932084113,473.8895827239432,820.8139323892636,84.91706792770013,26.097547126421624,-0.020265693951159847,473.88958272404955,453.0306610670756,432.0397915669849,0.08073258280637674,400.0,0.8007863091967076,452.9499284842692,23.989314262465218,5.1268703169627186,599.6153666791729,0.0006803276402438385,2.0081293143903167e-05,False,True,RELEASE,RELEASED,
6.5619999999984415,LOWERING,0.23431873114506502,1342.547435547286,42.992727693309476,-0.04091048849347071,323.0992938743835,1.693582039984605,-0.8469272419045437,1.4666064138269608,0.9612740163694353,-4.160693521764059,-584.9570560219478,473.961143564414,820.748723931915,84.91774304870705,26.09828842553131,-0.020119016703802117,473.96114356451324,453.0973398301893,432.04388229659037,0.08018400306548301,400.0,0.8008899964297923,453.0171558271238,23.989314974115445,5.126529029023157,599.6153913674091,0.000675346312045022,2.0060796259713243e-05,False,True,RELEASE,RELEASED,
6.571999999998418,LOWERING,0.23434358713630882,1342.6898498866744,42.99714964191377,-0.040913844343002534,323.1038512793858,1.6935215014479685,-0.8470423008745551,1.4664700530170134,0.9611928854145028,-4.160768791852785,-585.0296903565525,474.032219632052,820.6839889080563,84.91841942956725,26.09902467789287,-0.01997338295893769,474.03221963215185,453.1635665247016,432.04794514379444,0.07963884684016875,400.0,0.800992977726992,453.0839276778614,23.98931568056061,5.126190237270864,599.6154158750182,0.0006704012469906928,2.0040588083247712e-05,False,True,RELEASE,RELEASED,
6.581999999998395,LOWERING,0.23436827346221312,1342.8312921152747,43.001541356944145,-0.04091717780439212,323.1083775768627,1.693461440910233,-0.8471565772968629,1.4663346771431234,0.9611123252179307,-4.160843597348766,-585.1018380341604,474.102813926385,820.6197239353788,84.919096978252,26.09975591508812,-0.019828785564641294,474.1028139264805,453.2293439530038,432.0519802835361,0.07909709694223466,400.0,0.8010952575066947,453.1502468560616,23.98931638183848,5.125853923589107,599.6154402033148,0.000665492185875749,2.0020195506731397e-05,False,True,RELEASE,RELEASED,
6.591999999998372,LOWERING,0.2343927911890008,1342.9717683420934,43.00590302949196,-0.040920489001343055,323.1128729626163,1.693401854436348,-0.8472700760572883,1.4662002792341637,0.9610323319488454,-4.160917940489142,-585.1735019877832,474.1729294322186,820.5559256547992,84.91977560443988,26.100482168538957,-0.01968521741105178,474.1729294323217,453.2946749036699,432.055987889863,0.0785587361965554,400.0,0.8011968401649004,453.21611616747333,23.98931707798657,5.125520069991702,599.6154643535988,0.0006606188727706908,2.0000201516268135e-05,False,True,RELEASE,RELEASED,
6.601999999998348,LOWERING,0.2344171413774711,1343.111284645063,43.01023486340594,-0.0409237777245215,323.1173376314409,1.6933427381253119,-0.8473828020171289,1.4660668523663336,0.9609529017995054,-4.160991823509598,-585.2446851372904,474.24256911971145,820.4925907304458,84.920455219515,26.101203469507645,-0.01954267144651567,474.24256911981155,453.35956215150304,432.05996813593185,0.07802374747120666,400.0,0.8012977300752627,453.28153840403183,23.989317769042113,5.125188658620931,599.6154883271629,0.0006557810533420749,1.9979999933639192e-05,False,True,RELEASE,RELEASED,
6.611999999998325,LOWERING,0.2344413250830067,1343.2498470710807,43.01453704481273,-0.040927044169336894,323.1217717771248,1.6932840881096018,-0.8474947600131136,1.4659343896626071,0.9608740309852009,-4.161065248643697,-585.3153903893275,474.3117359443454,820.4297158493663,84.9211357365212,26.101919849097094,-0.01940114063677356,474.31173594443663,453.4240084575182,432.06392119401073,0.07749211364085795,400.0,0.8013979315891309,453.34651634387734,23.989318455042078,5.124859671748545,599.6155121252925,0.0006509784770791782,1.9959027497407078e-05,False,True,RELEASE,RELEASED,
6.621999999998302,LOWERING,0.23446534335558403,1343.3874616360683,43.01880974814274,-0.04093028878998419,323.1261755924531,1.6932259005550583,-0.8476059548574943,1.4658028842926338,0.9607957157441461,-4.161138218123036,-585.3856206373565,474.3804328469739,820.3672977214858,84.92181707015038,26.10263133825121,-0.0192606180180519,474.38043284706794,453.4880165690177,432.0678472354804,0.07696381764571925,400.0,0.8014974490355908,453.411052751372,23.98931913602318,5.124533091768313,599.6155357492623,0.0006462108910234576,1.9938468312830082e-05,False,True,RELEASE,RELEASED,
6.631999999998278,LOWERING,0.23448919723978484,1343.5241343250384,43.02305317218367,-0.04093351142706806,323.130549269209,1.6931681716605043,-0.8477163913380947,1.465672329472346,0.9607179523373783,-4.161210734177063,-585.455378761653,474.4486627538449,820.3053330794053,84.92249913671448,26.10333796775518,-0.01912109666318429,474.4486627539367,453.5515892195523,432.0717464308366,0.07643884242935428,400.0,0.8015962867215105,453.47515037712293,23.989319812021858,5.1242089012025245,599.6155592003379,0.0006414780465986425,1.9918076475278212e-05,False,True,RELEASE,RELEASED,
6.641999999998255,LOWERING,0.23451288777480553,1343.6598710921476,43.027267502665886,-0.04093671221309216,323.1348929981771,1.693110897657523,-0.847826074218338,1.4655427184637728,0.9606407370486527,-4.161282799032893,-585.5246676292977,474.5164285766128,820.2438186783099,84.92318185412712,26.104039768235854,-0.018982569680702,474.5164285767001,453.61472912898677,432.0756189496924,0.07591717098421213,400.0,0.8016944489315857,453.53881195800255,23.989320483074312,5.123887082694183,599.6155824797758,0.0006367796931234793,1.9897645017863397e-05,False,True,RELEASE,RELEASED,
6.651999999998232,LOWERING,0.23453641599446756,1343.7946778607568,43.03145291585441,-0.04093989148547663,323.1392069691453,1.693054074810094,-0.8479350082373152,1.465414044574655,0.9605640661843408,-4.1613544149152295,-585.5934900941834,474.583733212374,820.1827512957718,84.92386514187473,26.10473677016203,-0.018845030227225834,474.5837332124676,453.6774390035178,432.0794649607789,0.07539878634787556,400.0,0.8017919399283874,453.60204021716993,23.989321149216465,5.123567619014719,599.6156055888227,0.0006321155857609284,1.987684288451419e-05,False,True,RELEASE,RELEASED,
6.6619999999982085,LOWERING,0.2345597829272283,1343.9285605234925,43.03560960142917,-0.040943049233087316,323.14349137090664,1.6929976994143476,-0.8480431981097818,1.4652863011582435,0.9604879360733237,-4.161425584046018,-585.6618489969889,474.6505795436607,820.1221277316497,84.92454892099401,26.1054290038448,-0.018708471511104108,474.65057954375635,453.7397215356593,432.0832846319492,0.07488367156219056,400.0,0.8018887639524102,453.66483786409714,23.989321810483997,5.123250493054624,599.6156285287202,0.0006274854776604499,1.9856465883094643e-05,False,True,RELEASE,RELEASED,
6.671999999998185,LOWERING,0.23458298959619248,1344.0615249423129,43.039737736097884,-0.04094618573464206,323.14774639126165,1.6929417677982932,-0.848150648526281,1.4651594816129943,0.9604123430668907,-4.161496308644634,-585.7297471652265,474.71697043850577,820.0619448079335,84.92523311405571,26.106116499437793,-0.018572886771494268,474.7169704385898,453.80157940430314,432.0870781301774,0.07437180971601265,400.0,0.8019849252221215,453.7272075945871,23.989322466912324,5.122935687828176,599.6156513006952,0.0006228891250064095,1.9835940577195288e-05,False,True,RELEASE,RELEASED,
6.681999999998162,LOWERING,0.23460603701912358,1344.1935769485733,43.04383751720457,-0.04094930074585843,323.1519722170218,1.6928862763214962,-0.8482573641531224,1.4650335793822808,0.960337283538634,-4.161566590927427,-585.7971874132006,474.7829087504296,820.0021993686009,84.92591764513392,26.10679928693771,-0.018438269301327637,474.7829087505147,453.86301527475223,432.09084562156323,0.07386318395469971,400.0,0.8020804279340025,453.78915209079753,23.989323118536614,5.122623186469253,599.6156739059711,0.0006183262840799841,1.9815267364720057e-05,False,True,RELEASE,RELEASED,
6.6919999999981385,LOWERING,0.23462892620845538,1344.3247223430922,43.04790910720597,-0.04095239484237803,323.15616903401065,1.6928312213748207,-0.8483633496324756,1.4649085879541193,0.9602627538843462,-4.1616364331077715,-585.8641725420376,474.84839731848865,819.9428882794773,84.92660243978963,26.107477396184514,-0.018304612424003608,474.8483973185757,453.92403179870365,432.094587271333,0.07335777743634253,400.0,0.8021752762626042,453.8506740212673,23.98932376539179,5.122312972231287,599.6156963457611,0.0006137967118604593,1.9795793207322276e-05,False,True,RELEASE,RELEASED,
6.701999999998115,LOWERING,0.23465165817130418,1344.4549668962204,43.05195269436603,-0.04095546795191159,323.1603370270676,1.692776599380159,-0.8484686095824394,1.4647845008608933,0.9601887505219151,-4.161705837396019,-585.9307053397031,474.91343896731235,819.8840084280974,84.92728742504809,26.108150856861982,-0.018171909522948226,474.9134389673921,453.98463161431533,432.0983032438426,0.07285557337257842,400.0,0.8022694743605984,453.91177604094275,23.989324407512523,5.122005028489157,599.6157186212661,0.0006093001685156807,1.9774934003180533e-05,False,True,RELEASE,RELEASED,
6.711999999998092,LOWERING,0.23467423390947978,1344.584316347906,43.05596846041759,-0.040958520136424585,323.1644763800492,1.6927224067901496,-0.8485731485970227,1.4646613116791105,0.9601152698912203,-4.161774805999064,-585.9967885809625,474.97803650708704,819.8255567235836,84.92797252937649,26.108819698497854,-0.018040153999322683,474.97803650717424,454.0448173462076,432.1019937025783,0.07235655500494431,400.0,0.8023630263588326,453.97246079120265,23.989325044933224,5.12169933873879,599.6157407336825,0.0006048364177324572,1.9754627942347724e-05,False,True,RELEASE,RELEASED,
6.721999999998069,LOWERING,0.2346966544194983,1344.7127764077652,43.05995657892879,-0.04096155163162635,323.1685872758318,1.6926686400878952,-0.8486769712462562,1.4645390140290855,0.960042308454031,-4.161843341120459,-586.0624250274232,475.04219273361764,819.767530096483,84.92865768266113,26.10948395046423,-0.017909339319885476,475.0421927337029,454.104591605481,432.1056588101597,0.0718607055974303,400.0,0.8024559363663771,454.0327308998836,23.989325677688072,5.121395886589542,599.6157626841978,0.0006004052206245447,1.973350231310178e-05,False,True,RELEASE,RELEASED,
6.731999999998045,LOWERING,0.2347189206925957,1344.8403527551618,43.06391722963304,-0.04096456250056247,323.17266989631526,1.69261529578673,-0.8487800820762768,1.4644176015746966,0.9599698626939001,-4.161911444960419,-586.1276174275624,475.105910428374,819.7099254986492,84.92934281619364,26.11014364197819,-0.0177794589833411,475.10591042845425,454.16395698979886,432.10929872834174,0.07136800849320935,400.0,0.8025482084705782,454.09258898130565,23.98932630581099,5.121094655770746,599.6157844739882,0.0005960063423264828,1.971322734561909e-05,False,True,RELEASE,RELEASED,
6.741999999998022,LOWERING,0.23474103371473928,1344.9670510392723,43.067850575672594,-0.040967553183776824,323.17672442242423,1.6925623704298913,-0.8488824856092738,1.4642970680231084,0.9598979291160601,-4.161979119715229,-586.1923685166681,475.1691923584548,819.6527399030982,84.93002786263928,26.110798802101886,-0.01765050652682021,475.16919235853726,454.22291608334126,432.1129136180172,0.07087844703994506,400.0,0.8026398467371126,454.1520376363013,23.98932692933567,5.120795630129023,599.6158061042236,0.0005916395503211547,1.9691610248173674e-05,False,True,RELEASE,RELEASED,
6.751999999997999,LOWERING,0.23476299446664078,1345.0928768791616,43.07175681614589,-0.040970523229226286,323.180751034112,1.6925098605903237,-0.8489841863436792,1.4641774071245044,0.9598265042473244,-4.162046367577702,-586.2566810169278,475.2320412766944,819.5959703038777,84.93071275602767,26.111449459743177,-0.01752247553918096,475.23204127677724,454.28147145690417,432.1165036392189,0.07039200465720796,400.0,0.8027308552100494,454.21107945224696,23.989327548295552,5.120498793627216,599.6158275760663,0.000587304614118267,1.967105998801344e-05,False,True,RELEASE,RELEASED,
6.761999999997975,LOWERING,0.23478480392376969,1345.217835863857,43.075636105817836,-0.04097347323302851,323.18474991036186,1.6924577628703166,-0.8490851887540937,1.4640586126717816,0.9597555846359768,-4.1621131907364735,-586.3205576373589,475.29445992161834,819.5396137159075,84.93139743172053,26.112095643655792,-0.01739535963633898,475.2944599217031,454.3396256678606,432.12006895112165,0.06990866477372037,400.0,0.8028212379118976,454.2697170030869,23.989328162723837,5.120204130340745,599.6158488906669,0.0005830013028562675,1.9650272633953136e-05,False,True,RELEASE,RELEASED,
6.771999999997952,LOWERING,0.23480646305636702,1345.3419335524313,43.07948863260528,-0.040976402966702186,323.18872122919055,1.6924060739013735,-0.8491854972914735,1.4639406785003595,0.9596851668516724,-4.162179591376491,-586.3840010739052,475.3564510175466,819.4836671748909,84.93208182640575,26.112737382439867,-0.017269152487301653,475.35645101762543,454.39738126023843,432.1236097120447,0.06942841087493434,400.0,0.8029109988436645,454.3279528493635,23.989328772653494,5.119911624461423,599.6158700491726,0.0005787293892138834,1.9629430710210727e-05,False,True,RELEASE,RELEASED,
6.781999999997929,LOWERING,0.2348279728294581,1345.4651754740719,43.083314551148426,-0.04097931298263055,323.1926651676514,1.692354790343851,-0.849285116383086,1.46382359848786,0.9596152474853338,-4.162245571678407,-586.4470140093777,475.4180172745658,819.4281277371485,84.9327658780665,26.11337470454241,-0.01714384779552347,475.41801727464053,454.4547407647551,432.12712607945446,0.06895122650644225,400.0,0.8030001419849137,454.3857895382487,23.98932937811725,5.119621260292915,599.6158910527165,0.0005744886461584997,1.960958957170078e-05,False,True,RELEASE,RELEASED,
6.7919999999979055,LOWERING,0.234849334202867,1345.587567128165,43.087114049783196,-0.04098220299574369,323.1965819018357,1.6923039088867473,-0.8493840504326138,1.4637073665538651,0.9595458231490459,-4.162311133818683,-586.5095991134989,475.47916138858545,819.3729924794969,84.93344952596601,26.114007638257515,-0.017019439310502094,475.4791613886582,454.5117066987851,432.13061820996626,0.06847709521014167,400.0,0.8030886712938271,454.44322960357493,23.989329979147605,5.119333022250306,599.6159119024312,0.000570278847237482,1.9588788404689694e-05,False,True,RELEASE,RELEASED,
6.801999999997882,LOWERING,0.2348705481312302,1345.7091139843756,43.09088728512338,-0.040985073464295814,323.20047160687767,1.6922534262474331,-0.8494823038202535,1.4635919766596188,0.9594768904759543,-4.162376279969615,-586.5717590429366,475.5398860413941,819.3182584991008,84.93413271063089,26.114636211727035,-0.016895920813112753,475.53988604147264,454.56828156649954,432.13408625934716,0.06800600063860429,400.0,0.8031765907072519,454.50027556586093,23.98933057577682,5.119046894862164,599.6159325994324,0.0005660997691387948,1.9567952506349684e-05,False,True,RELEASE,RELEASED,
6.811999999997859,LOWERING,0.23489161556400992,1345.8298214827207,43.09463444040327,-0.04098792418029448,323.2043344569544,1.6922033391713898,-0.8495798809026816,1.4634774228078091,0.9594084461201619,-4.1624410122988555,-586.6334964412627,475.600193900635,819.2639229133595,84.93481537382415,26.115260452940714,-0.016773286138459298,475.6001939007109,454.62446785877205,432.13753038251843,0.06753792642098233,400.0,0.8032639041407735,454.55692993235107,23.989331168036916,5.118762862771036,599.6159531448332,0.0005619511928074417,1.9547235297068255e-05,False,True,RELEASE,RELEASED,
6.821999999997836,LOWERING,0.23491253744550994,1345.9496950336631,43.09835567154803,-0.040990755572461,323.208170625291,1.692153644432005,-0.8496767860132054,1.4633636990423073,0.9593404867566244,-4.162505332969657,-586.6948139390215,475.660087619891,819.2099828597811,84.93549745853755,26.115880389736816,-0.016651529143814514,475.66008761995965,454.6802680533147,432.1409507335572,0.06707285627567217,400.0,0.8033506154887655,454.61319519703903,23.989331755959697,5.11848091072768,599.6159735397378,0.0005578328988242731,1.9526575158579362e-05,False,True,RELEASE,RELEASED,
6.831999999997812,LOWERING,0.23493331471488982,1346.0687400181905,43.10205115506427,-0.040993567549383006,323.2119802841634,1.6921043388302728,-0.8497730234618087,1.463250799447863,0.959273009081049,-4.162569244140711,-586.7557141537384,475.71956983870996,819.1564354958255,84.93617890896513,26.116496049802617,-0.016530643739315565,475.7195698387788,454.7356846146695,432.14434746570055,0.06661077396250903,400.0,0.8034367286244531,454.669073840707,23.98933233957673,5.11820102359047,599.6159937852426,0.0005537446678154367,1.9505301111166773e-05,False,True,RELEASE,RELEASED,
6.841999999997789,LOWERING,0.23495394830617772,1346.18696178789,43.10572105276421,-0.040996360351695474,323.21576360489996,1.692055419194597,-0.8498685975351757,1.463138718149922,0.959206009809791,-4.162632747965879,-586.8161996899065,475.77864318261436,819.1032779988167,84.93685967048872,26.11710746067465,-0.01641062387159309,475.7786431826862,454.79071999422683,432.14772073134674,0.06615166326992039,400.0,0.8035222473999799,454.7245683309569,23.98933291891937,5.117923186327188,599.6160138824353,0.0005496862824161397,1.9484302356431726e-05,False,True,RELEASE,RELEASED,
6.851999999997766,LOWERING,0.23497443914828714,1346.3043656650439,43.10936553428755,-0.0409991340081656,323.21952075788477,1.6920068823804597,-0.8499635124967838,1.463027449314254,0.9591394856797522,-4.162695846594179,-586.8762731390228,475.83731026315326,819.0505075657475,84.93753968965387,26.11771464973918,-0.016291463521383776,475.83731026322044,454.84537663027754,432.151070682058,0.06569550803266111,400.0,0.8036071756464661,454.7796811222449,23.989333494018727,5.117647384013925,599.6160338323966,0.0005456575272981823,1.9463784724393918e-05,False,True,RELEASE,RELEASED,
6.861999999997742,LOWERING,0.23499478816503117,1346.420956942711,43.1129847575988,-0.04100188880675152,323.2232519125611,1.691958725270298,-0.850057772586984,1.4629169871468262,0.9590734334482753,-4.162758542169798,-586.9359370796193,475.89557367794583,818.9981214132258,84.93821891416113,26.118317644232746,-0.016173156721833948,475.89557367801,454.8996569480528,432.15439746856276,0.06524229214227262,400.0,0.8036915171740677,454.8344146559105,23.989334064905698,5.117373601835609,599.6160536361983,0.0005416581899861939,1.9442644486389327e-05,False,True,RELEASE,RELEASED,
6.871999999997719,LOWERING,0.23501499627513758,1346.5367408848147,43.1165788966627,-0.04100462462637453,323.2269572374345,1.6919109447731777,-0.8501513820230397,1.462807325893462,0.9590078498930439,-4.16282083683186,-586.9951940772628,475.95343601070346,818.9461167772987,84.93889729284265,26.11891647124258,-0.01605569752643987,475.95343601077633,454.95356335976464,432.1577012407589,0.06479199955083459,400.0,0.8037752757720399,454.8887713602138,23.989334631610966,5.117101825079317,599.6160732949074,0.0005376880557044217,1.9422044147177076e-05,False,True,RELEASE,RELEASED,
6.881999999997696,LOWERING,0.2350350643922647,1346.6517227262304,43.12014811016462,-0.041007341692306604,323.2306369000739,1.691863537824601,-0.850244344999203,1.4626984598396389,0.9589427318119793,-4.162882732714376,-587.0540466845821,476.010899831268,818.894490913349,84.93957477564621,26.11951115770686,-0.015939080037469466,476.0108998313322,455.0070982645881,432.1609821477155,0.06434461421878268,400.0,0.803858455208802,454.9427536503693,23.989335194164973,5.116832039142665,599.616092809578,0.0005337469154573782,1.9400830410631897e-05,False,True,RELEASE,RELEASED,
6.891999999997672,LOWERING,0.23505499342501582,1346.7659076728721,43.123692551802016,-0.04101004032766092,323.23429106711814,1.6918165013862545,-0.8503366656868127,1.4625903833101939,0.9588780760231392,-4.162944231946274,-587.1124974413034,476.0679676956714,818.8432410959548,84.94025131361927,26.120101730415612,-0.01582329840141483,476.0679676957417,455.06026404879015,432.1642403376765,0.06390012020705171,400.0,0.8039410592320021,454.9963639285831,23.989335752597963,5.1165642295247515,599.6161121812627,0.0005298345586854936,1.9380038679628342e-05,False,True,RELEASE,RELEASED,
6.901999999997649,LOWERING,0.2350747842769558,1346.879300901785,43.1272123930138,-0.041012720404782925,323.23791990427577,1.6917698324457866,-0.850428348234308,1.4624830906691237,0.9588138793646144,-4.163005336651106,-587.1705488742447,476.1246421461377,818.7923646187819,84.9409268588906,26.120688216010755,-0.01570834679444033,476.1246421461992,455.1130630856663,432.1674759580632,0.06345850157612176,400.0,0.8040230915685848,455.04960458409016,23.989336306939954,5.116298381828155,599.616131411002,0.0005259507755051018,1.9359017983333615e-05,False,True,RELEASE,RELEASED,
6.911999999997626,LOWERING,0.2350944378466261,1346.9919075612324,43.13070779448938,-0.04101538203316283,323.24152357632937,1.69172352801651,-0.8505193967673236,1.462376576319238,0.9587501386944289,-4.163066048947018,-587.2282034973443,476.1809257111373,818.7418587944094,84.94160136464947,26.121270640986683,-0.015594219429544864,476.18092571119627,455.1654977356457,432.1706891554753,0.06301974246042619,400.0,0.8041045559248525,455.1024779931853,23.989336857220746,5.116034481762696,599.6161504998308,0.000522095361045416,1.9338294350745855e-05,False,True,RELEASE,RELEASED,
6.9219999999976025,LOWERING,0.23511395502756088,1347.1037327707882,43.134178921072525,-0.04101802519971904,323.24510224713924,1.6916775851373342,-0.8506098153887806,1.4622708347020899,0.9586868508904342,-4.163126370946845,-587.2854638117095,476.2368209054388,818.6917209543067,84.94227478514247,26.121849031690882,-0.01548091056326939,476.2368209054992,455.2175703463243,432.17388007569576,0.06258382706079146,400.0,0.804185455986531,455.1549865192635,23.989337403469925,5.115772515140216,599.6161694487757,0.0005182681109410225,1.931756798967399e-05,False,True,RELEASE,RELEASED,
6.931999999997579,LOWERING,0.23513333670830378,1347.214781621432,43.13762590445352,-0.0410206506692539,323.24865607964546,1.6916320008723449,-0.8506996081789379,1.4621658602975163,0.9586240128502127,-4.163186304757842,-587.3423323056147,476.29233023013506,818.6419484485857,84.94294707564131,26.122423414324235,-0.015368414486488291,476.2923302301937,455.26928325244603,432.17704886369245,0.062150739589299064,400.0,0.8042657954188386,455.20713251285673,23.98933794571687,5.115512467871918,599.6161882588569,0.0005144688200484637,1.9296717709949007e-05,False,True,RELEASE,RELEASED,
6.941999999997556,LOWERING,0.23515258377242274,1347.3250591756353,43.14104892817751,-0.04102325793291191,323.2521852358715,1.6915867723107305,-0.8507887791954472,1.4620616476235733,0.958561621490974,-4.163245852481632,-587.398811454527,476.3474561726754,818.5925386459853,84.94361819243798,26.122993814941548,-0.015256725527933668,476.347456172735,455.3206387760063,432.1801956636207,0.0617204643341438,400.0,0.8043455778665556,455.2589183116722,23.989338483990743,5.115254325971969,599.6162069310872,0.000510697285953654,1.92756431260932e-05,False,True,RELEASE,RELEASED,
6.951999999997533,LOWERING,0.23517169709852664,1347.4345704674565,43.14444814462312,-0.04102584721195495,323.25568987692714,1.6915418965664455,-0.8508773324734408,1.4619581912361548,0.9584996737494521,-4.163305016214126,-587.454903721131,476.40220120691333,818.5434889336666,84.94428809282078,26.12356025945203,-0.015145838054309024,476.4022012069751,455.37163922624717,432.18332061882643,0.06129298562035501,400.0,0.8044248069540842,455.3103462406268,23.989339018320493,5.114998075555968,599.6162254664706,0.0005069533084984812,1.9254355038356152e-05,False,True,RELEASE,RELEASED,
6.961999999997509,LOWERING,0.23519067756028217,1347.5433205026366,43.14782370395796,-0.04102841875894824,323.2591701630119,1.6914973707780785,-0.8509652720256324,1.4618554857288368,0.9584381665818085,-4.1633637980456,-587.5106115553766,476.4565677931628,818.4947967171431,84.94495673506644,26.124122773619778,-0.015035746473245126,476.45656779322326,455.42228689972666,432.1864238718484,0.060868287839923596,400.0,0.8045034862855204,455.36141861188673,23.98933954873487,5.114743702840383,599.6162438660044,0.0005032366897212981,1.9233520617945032e-05,False,True,RELEASE,RELEASED,
6.971999999997486,LOWERING,0.2352095260264306,1347.6513142586964,43.15117576462388,-0.041030972604865205,323.2626262534178,1.691453192108576,-0.8510526018423175,1.4617535257326089,0.958377096963526,-4.163422200060323,-587.5659373944644,476.51055837819865,818.4464594201436,84.94562407841835,26.124681383064225,-0.014926445216929096,476.51055837826357,455.47258408032235,432.18950556442144,0.06044635541798016,400.0,0.8045816194447184,455.41213772490437,23.989340075262405,5.114491194137411,599.6162621306814,0.0004995472298867654,1.9212440179217083e-05,False,True,RELEASE,RELEASED,
6.981999999997463,LOWERING,0.23522824336080353,1347.758556685027,43.15450448370751,-0.04103350879153887,323.26605830653295,1.6914093577451033,-0.851139325891525,1.4616523059156792,0.9583164618893129,-4.163480224336816,-587.620883662916,476.56417539534243,818.3984744845197,84.94629008307905,26.125236113260698,-0.014817928765637589,476.5641753954036,455.52253303930513,432.19256583747915,0.06002717284559367,400.0,0.8046592099953634,455.46250586645954,23.989340597931438,5.114240535860893,599.6162802614829,0.0004958847333416116,1.9191470812529587e-05,False,True,RELEASE,RELEASED,
6.991999999997439,LOWERING,0.23524683042234024,1347.8650527029872,43.15781000902577,-0.0410360275626454,323.26946647984516,1.691365864898706,-0.8512254481190689,1.4615518209831075,0.9582562583730018,-4.163537872947636,-587.6754527725822,476.6174212644902,818.3508393700515,84.94695471018585,26.125786989540938,-0.014710191633525938,476.6174212645415,455.57213603536826,432.1956048311567,0.059610724670619675,400.0,0.8047362614810392,455.51252531069764,23.989341116770092,5.1139917145224585,599.616298259386,0.000492249005928258,1.917046807875522e-05,False,True,RELEASE,RELEASED,
7.001999999997416,LOWERING,0.23526528806510444,1347.970807206002,43.16109249509286,-0.041038528978583934,323.27285092994487,1.6913227108041862,-0.85131097244857,1.4614520656766992,0.9581964834474465,-4.163595147959154,-587.7296471226489,476.6702983921258,818.303551554407,84.94761792179995,26.126334037093592,-0.01460322837192507,476.67029839218077,455.6213953146626,432.19862268479415,0.059196995488321136,400.0,0.8048127774253043,455.5621983191743,23.989341631806294,5.113744716727289,599.6163161253621,0.0004886398515466794,1.9148871501784015e-05,False,True,RELEASE,RELEASED,
7.011999999997393,LOWERING,0.23528361713830104,1348.0758250596575,43.16435209201728,-0.04104101318440153,323.2762118125269,1.6912798927198935,-0.8513959027815854,1.4613530347747403,0.9581371341644244,-4.163652051431687,-587.7834690996929,476.7228091713914,818.2566085330005,84.94827968089547,26.12687728096445,-0.014497033558768635,476.72280917144735,455.67031311081377,432.20161953693776,0.05878596992710072,400.0,0.8048887613317532,455.61152714088666,23.989342143067777,5.113499529178668,599.6163338603712,0.00048505707679513677,1.9128580902361136e-05,False,True,RELEASE,RELEASED,
7.0219999999973695,LOWERING,0.23530181848629336,1348.180111101798,43.16758895074771,-0.041043480283329936,323.2795492823961,1.691237407927446,-0.8514802429976877,1.4612547230916804,0.9580782075945374,-4.163708585419431,-587.8369210777105,476.77495598213505,818.2100078188365,84.94893995133808,26.127416746057293,-0.014391601820761935,476.77495598218934,455.71889164501107,432.20459552534425,0.058377632693463966,400.0,0.8049642166840881,455.6605140123176,23.98934265058206,5.113256138678472,599.6163514653695,0.00048150049231843184,1.910682567540789e-05,False,True,RELEASE,RELEASED,
7.031999999997346,LOWERING,0.23531989294862107,1348.2836701426327,43.17080322907494,-0.041045930192146106,323.28286349346945,1.6911952537316126,-0.851563996954511,1.4611571254780202,0.9580197008271095,-4.163764751970306,-587.8900054181364,476.8267411909352,818.1637469424581,84.94959869787819,26.127952457134306,-0.01428692780905294,476.82674119098704,455.7671331260234,432.2075507869835,0.0579719685465534,400.0,0.805039146946191,455.70916115747684,23.989343154376467,5.113014532122418,599.6163689413029,0.00047796990878179457,1.9085787585026992e-05,False,True,RELEASE,RELEASED,
7.041999999997323,LOWERING,0.23533784136001568,1348.3865069648205,43.1739950553697,-0.04104836351569524,323.286154598779,1.691153427460054,-0.8516471684878232,1.461060236820016,0.9579616109700898,-4.163820553125866,-587.9427244698647,476.8781671511414,818.1178234517947,84.95025588613052,26.128484438816415,-0.014183006222879158,476.8781671511902,455.81503975021303,432.2104854580408,0.057568962270750035,400.0,0.8051135555621993,455.7574707879423,23.989343654478123,5.112774696502599,599.6163862891165,0.0004744651399164468,1.906477109514526e-05,False,True,RELEASE,RELEASED,
7.0519999999972995,LOWERING,0.23535566455041979,1348.4886263235817,43.17716460382672,-0.04105077973250981,323.2894227504763,1.6911119264631087,-0.8517297614116558,1.4609640520394096,0.9579039351499544,-4.16387599092144,-587.9950805693119,476.92923620294886,818.0722349120269,84.95091148256408,26.129012715584057,-0.014079831785124952,476.92923620299877,455.86261370164885,432.2133996739202,0.05716859875144564,400.0,0.8051874459565673,455.8054451028974,23.98934415091397,5.112536618900102,599.6164035097443,0.000470985996535056,1.904471258740159e-05,False,True,RELEASE,RELEASED,
7.061999999997276,LOWERING,0.23537336334500378,1348.590032946795,43.180312009530596,-0.04105317924299946,323.29266809983415,1.691070748113621,-0.8518117795183113,1.4608685660932705,0.9578466705116032,-4.163931067385804,-588.0470760404089,476.9799506734013,818.0269789055101,84.95156545448623,26.129537311777387,-0.013977399255281853,476.9799506734546,455.90985715206176,432.2162935692468,0.05677086288676492,400.0,0.8052608215341461,455.853086289175,23.98934464371074,5.112300286491017,599.6164206041153,0.0004675322923564096,1.9021977834654535e-05,False,True,RELEASE,RELEASED,
7.071999999997253,LOWERING,0.23539093856418344,1348.690731535096,43.18343740842844,-0.041055562405554656,323.29589079725196,1.6910298898067502,-0.851893226578502,1.4607737739737456,0.957789814218266,-4.16398578454138,-588.0987131946678,477.03031287647104,817.9820530316496,84.95221777003283,26.13005825159717,-0.013875703431722286,477.0303128765218,455.95677226095444,432.2191672778712,0.0563757396538449,400.0,0.8053336856802512,455.9003965213006,23.989345132894993,5.112065686543592,599.6164375731503,0.0004641038421171473,1.9001251246208994e-05,False,True,RELEASE,RELEASED,
7.08199999999723,LOWERING,0.2354083910236372,1348.7907267619785,43.186540960424495,-0.041057928979918654,323.29909099225705,1.6909893489597372,-0.8519741063413748,1.4606796707078153,0.9577333634514021,-4.16404014440394,-588.1499943311793,477.0803251130734,817.9374549067788,84.95286839814965,26.13057555910493,-0.013774739148857407,477.0803251131204,456.0033611756042,432.2220209328706,0.055983214071488874,400.0,0.8054060417607416,455.9473779615327,23.989345618493076,5.111832806418017,599.6164544177627,0.00046070046189772285,1.8970006919971638e-05,False,True,RELEASE,RELEASED,
7.091999999997206,LOWERING,0.2354257215343248,1348.8900232738988,43.18962280488952,-0.041060279199899664,323.30226883350974,1.690949123011704,-0.852054422534626,1.4605862513570484,0.9576773154106015,-4.164094148982711,-588.2009217366689,477.1299896711306,817.8931821640342,84.95351730858154,26.13108925822375,-0.01367450126838321,477.1299896711734,456.04962603113313,432.2248546665528,0.055593271227394325,400.0,0.8054778931220863,455.99403275990574,23.98934610053115,5.1116016335695775,599.6164711388608,0.0004573219726857758,1.8944704322620964e-05,False,True,RELEASE,RELEASED,
7.101999999997183,LOWERING,0.23544293090250412,1348.988625690375,43.19268308148326,-0.041062613271403564,323.3054244688055,1.6909092094235296,-0.8521341788645725,1.4604935110174593,0.9576216673134883,-4.1641478002803165,-588.2514976855279,477.1793088256138,817.8492324532901,84.95416447186363,26.131599372738627,-0.013574984688148106,477.17930882566657,456.0955689505286,432.2276686104588,0.05520589625859884,400.0,0.8055492430914376,456.04036305427,23.989346579035193,5.111372155542659,599.6164877373469,0.00045396819531084986,1.8924998016700556e-05,False,True,RELEASE,RELEASED,
7.11199999999716,LOWERING,0.23546001992975013,1349.0865386040932,43.195721948168334,-0.04106493093837493,323.308558045079,1.6908696056775503,-0.8522133790162204,1.460401444819167,0.9575664163956232,-4.164201100292623,-588.301724439833,477.2282848385819,817.8056034409813,84.95480985929983,26.13210592629706,-0.013476184343403474,477.2282848386359,456.1411920446875,432.23046289536643,0.054821074346023124,400.0,0.8056200949767127,456.0863709703415,23.98934705403099,5.1111443599678275,599.6165042141163,0.0004506389486147455,1.8903604313891265e-05,False,True,RELEASE,RELEASED,
7.121999999997136,LOWERING,0.2354769894129711,1349.1837665810012,43.19873953298213,-0.04106723264529727,323.31166970840655,1.690830309277464,-0.8522920266533517,1.4603100479262776,0.9575115599104043,-4.164254051008785,-588.3516042493907,477.2769199592298,817.76229281005,84.9554534429578,26.132608942409448,-0.013378095206348917,477.2769199592831,456.186497412473,432.23323765129135,0.05443879073965263,400.0,0.8056904520666546,456.13205862173334,23.989347525544144,5.110918234570123,599.6165205700565,0.0004473340572754836,1.8882455435687007e-05,False,True,RELEASE,RELEASED,
7.131999999997113,LOWERING,0.23549384014442923,1349.280314160427,43.20173597676246,-0.04106951850745377,323.3147596040107,1.6907913177480771,-0.8523701254186054,1.4602193155365912,0.9574570951289717,-4.164306654411155,-588.4011393517701,477.3252164239377,817.7192982597976,84.95609519565309,26.133108444449814,-0.013280712270784534,477.32521642398507,456.2314871407431,432.23599300749225,0.05405903073523177,400.0,0.8057603176309132,456.1774281100079,23.989347993600074,5.110693767158466,599.6165368060513,0.00044405334300989807,1.886091331471107e-05,False,True,RELEASE,RELEASED,
7.14199999999709,LOWERING,0.23551057291175653,1349.3761858551702,43.20471143299902,-0.041071788314687885,323.3178278762635,1.6907526286351582,-0.852447678933562,1.4601292428814239,0.9574030193401105,-4.1643589124752785,-588.4503319723393,477.37317645631776,817.6766175057983,84.956735090938,26.133604455656293,-0.013184030575530414,477.373176456358,456.2761633044237,432.2387290924731,0.053681779707801525,400.0,0.805829694920116,456.2224815247159,23.989348458224015,5.110470945628627,599.6165529229784,0.000440796627649398,1.883957799009295e-05,False,True,RELEASE,RELEASED,
7.1519999999970665,LOWERING,0.23552718849797388,1349.471386151609,43.207666025438954,-0.04107404255307684,323.3208746686898,1.6907142395052295,-0.8525246907987983,1.4600398252253806,0.957349329850154,-4.164410827169737,-588.499184324286,477.4208022672465,817.634248279785,84.95737310308895,26.13409699913166,-0.013088045180666086,477.42080226729087,456.3205279665115,432.24144603398634,0.05330702306457624,400.0,0.8058985871659524,456.26722094344694,23.98934891944103,5.110249757963692,599.6165689217041,0.00043756373420844596,1.8818050705249334e-05,False,True,RELEASE,RELEASED,
7.161999999997043,LOWERING,0.23554368768150943,1349.5659195098087,43.210599902758304,-0.041076281087580054,323.3239001239697,1.6906761479453951,-0.8526011645940225,1.4599510578661183,0.9572960239828874,-4.164462400456325,-588.5476986086842,477.46809605494036,817.5921883295288,84.9580092070953,26.134586097843687,-0.012992751194587981,477.468096054988,456.3645831781535,432.2441439590346,0.05293474628894046,400.0,0.8059669975812386,456.31164843186457,23.989349377275985,5.11003019223958,599.6165848030923,0.0004343544923246512,1.8797350094246212e-05,False,True,RELEASE,RELEASED,
7.17199999999702,LOWERING,0.23556007123621708,1349.659790363626,43.21351319931873,-0.041078504107756285,323.3269043839432,1.6906383515631018,-0.8526771038780933,1.4598629361340985,0.957243099079452,-4.16451363428973,-588.5958770144916,477.51506000497017,817.5504354187174,84.95864337864256,26.135071774625896,-0.012898143747179347,477.51506000501416,456.4083309786491,432.24682299387575,0.0525649348933257,400.0,0.8060349293599938,456.35576604375575,23.989349831753565,5.109812236614827,599.6166005679995,0.00043116872979265253,1.8776279887333658e-05,False,True,RELEASE,RELEASED,
7.181999999996997,LOWERING,0.23557633993139349,1349.7530031208053,43.21640605161975,-0.04108071173140074,323.3298875896134,1.690600847986096,-0.8527525121891436,1.45977545539251,0.9571905524982485,-4.1645645306177395,-588.6437217186173,477.56169629033013,817.5089873269227,84.95927559411258,26.13555405217802,-0.012804218006067458,477.56169629037055,456.451773395558,432.24948326402415,0.052197574484353026,400.0,0.8061023856775203,456.39957582107365,23.989350282898283,5.109595879337697,599.6166162172758,0.00042800627911887545,1.8754302914203436e-05,False,True,RELEASE,RELEASED,
7.191999999996973,LOWERING,0.23559249453179815,1349.8455621630958,43.21927860400442,-0.04108290386721682,323.3328498811495,1.6905636348620714,-0.8528273930446161,1.4596886110368823,0.9571383816148428,-4.164615091380903,-588.6912348859196,477.6080070714579,817.4678418493975,84.95990583055706,26.1360329530665,-0.012710969162071706,477.6080070715019,456.49491244467816,432.25212489425473,0.051832650695985194,400.0,0.8061693696904744,456.4430797939822,23.98935073073447,5.109381108736874,599.6166317517673,0.0004248669701008012,1.8733967124262563e-05,False,True,RELEASE,RELEASED,
7.20199999999695,LOWERING,0.235608535797671,1349.9374718463519,43.22213098478283,-0.04108508079007265,323.33579139789106,1.6905267098586174,-0.8529017499414326,1.459602398494961,0.9570865838218711,-4.164665318512947,-588.7384186693059,477.65399449633554,817.4269967970226,84.96053406569852,26.13650849972514,-0.012618392453077831,477.6539944963799,456.5377501301357,432.254748008606,0.05147014923460347,400.0,0.8062358845369424,456.4862799809011,23.989351175286284,5.109167913228028,599.6166471723121,0.00042175063604243945,1.871284649723748e-05,False,True,RELEASE,RELEASED,
7.211999999996927,LOWERING,0.23562446448475097,1350.0287365006388,43.22496332422291,-0.04108724270765218,323.33871227834965,1.6904900706629917,-0.8529755863559612,1.4595168132265113,0.9570351565289432,-4.164715213940216,-588.785275209695,477.6996607004657,817.3864499962035,84.96116027791172,26.136980714455348,-0.012526483137889954,477.6996607005086,456.5802884443984,432.2573527303816,0.051110055852291225,400.0,0.8063019333365145,456.5291783885461,23.989351616577718,5.108956281306062,599.6166624797427,0.0004186571073034884,1.8690843091917486e-05,False,True,RELEASE,RELEASED,
7.221999999996903,LOWERING,0.23564028134429535,1350.1193604303432,43.22777576266131,-0.04108938956522371,323.3416126602158,1.6904537149819538,-0.8530489057442157,1.4594318507230424,0.9569840971625498,-4.16476477958212,-588.8318066361257,477.7450078069927,817.3461992887406,84.96178444621773,26.137449619427258,-0.012435236511464609,477.7450078070358,456.62252936837166,432.2599391821563,0.050752356389352826,400.0,0.8063675191903652,456.5717770119823,23.989352054632565,5.108746201557349,599.6166776748828,0.0004155862229469065,1.8669351561584335e-05,False,True,RELEASE,RELEASED,
7.23199999999688,LOWERING,0.23565598712309718,1350.2093479142743,43.230568437088415,-0.04109152136886337,323.3444926803583,1.6904176405416087,-0.8531217115418169,1.4593475065076928,0.9569334031659665,-4.164814017350641,-588.8780150657263,477.79003792667584,817.3062425317646,84.9624065502689,26.13791523667958,-0.012344647898430594,477.7900379267167,456.66447487136054,432.26250748577615,0.05039703669433493,400.0,0.8064326451813323,456.6140778346662,23.98935248947447,5.10853766264651,599.6166927585564,0.0004125378191934814,1.8647861338649818e-05,False,True,RELEASE,RELEASED,
7.241999999996857,LOWERING,0.23567158256350465,1350.2987032057738,43.23334146739924,-0.041093638516611845,323.3473524748313,1.690381845087179,-0.8531940071642036,1.4592637761348786,0.9568830719991628,-4.1648629291507495,-588.9239026038183,477.83475315801354,817.2665775975645,84.96302657033993,26.138377588120704,-0.012254712654680588,477.8347531580517,456.7061269112114,432.2650577623631,0.050044082724411965,400.0,0.8064973143739826,456.656082828487,23.989352921126905,5.108330653314654,599.6167077315779,0.0004095117286224692,1.862683421904876e-05,False,True,RELEASE,RELEASED,
7.251999999996833,LOWERING,0.2356870684034395,1350.387430532822,43.236095007164316,-0.04109574057590831,323.35019217887555,1.6903463263828966,-0.8532657960065916,1.4591806551902307,0.956833101138704,-4.164911516879934,-588.9694713438925,477.87915558722034,817.2272023735584,84.96364448731566,26.13883669552894,-0.012165426174078675,477.8791555872596,456.747487434282,432.2675901323179,0.04969348046375899,400.0,0.806561529814699,456.69779395381823,23.989353349613168,5.1081251623902535,599.6167225947534,0.00040650779018669425,1.8605943694183225e-05,False,True,RELEASE,RELEASED,
7.26199999999681,LOWERING,0.23570244537641658,1350.4755340981494,43.23882915819908,-0.04109782834091676,323.35301192692236,1.6903110822118181,-0.8533370814441538,1.4590981392903155,0.9567834880776622,-4.164959782428532,-589.0147233676997,477.92324728832875,817.188114762153,84.96426028268519,26.139292580553107,-0.012076783868224084,477.92324728836434,456.78855837551725,432.2701047153226,0.04934521595720298,400.0,0.8066252945317529,456.73921315956005,23.989353774956385,5.107921178782044,599.6167373488884,0.00040352584349712117,1.8584159306556103e-05,False,True,RELEASE,RELEASED,
7.271999999996787,LOWERING,0.23571771421156115,1350.563018079336,43.241544070724764,-0.041099901420718225,323.35581185259804,1.6902761103756598,-0.8534078668320553,1.4590162240824571,0.9567342303255204,-4.165007727679527,-589.059660745264,477.9670303232133,817.1493126806574,84.9648739385282,26.139745264713202,-0.011988781190666487,477.9670303232542,456.82934165850685,432.2726016303441,0.0489992753236379,400.0,0.8066886115353767,456.7803423831832,23.989354197179523,5.107718691474825,599.6167519947776,0.0004005657254673167,1.8562875084171537e-05,False,True,RELEASE,RELEASED,
7.2819999999967635,LOWERING,0.23573287563362932,1350.649886628928,43.24423987359524,-0.04110195991954485,323.35859208872637,1.690241408694604,-0.8534781555055491,1.4589349052444958,0.9566853254080796,-4.165055354508533,-589.1042855349251,478.0105067416438,817.1107940611598,84.96548543750359,26.140194769400836,-0.011901413623832013,478.01050674168494,456.8698391955174,432.2750809956375,0.048655644737891635,400.0,0.8067514838178476,456.8211835507795,23.989354616305377,5.107517689538463,599.6167665332139,0.0003976272790424673,1.854180300142616e-05,False,True,RELEASE,RELEASED,
7.29199999999674,LOWERING,0.23574793036302535,1350.7361438745384,43.24691667930182,-0.04110400431622544,323.3613527673318,1.690206975007157,-0.853547950780038,1.4588541784846225,0.9566367708673695,-4.165102664783703,-589.1485997833678,478.05367858132206,817.0725568504484,84.96609476284107,26.14064111587971,-0.01181467667220204,478.05367858136026,456.9100528874973,432.27754292874823,0.04831431039275458,400.0,0.8068139143535614,456.8617385771045,23.989355032356578,5.107318162120212,599.6167809649808,0.0003947103466588331,1.8520943854127836e-05,False,True,RELEASE,RELEASED,
7.301999999996717,LOWERING,0.23576287911582186,1350.821793918961,43.24957463300545,-0.04110603428385753,323.3640940196452,1.6901728071700155,-0.853617255951234,1.4587740395411677,0.9565885642615531,-4.16514966036601,-589.1926055257069,478.0965478679755,817.0345990099072,84.9667018983348,26.141084325286496,-0.011728565889825404,478.0965478680137,456.9499846242453,432.2799875465159,0.04797525862278462,400.0,0.806875906099106,456.9020093656225,23.98935544535559,5.107120098446506,599.6167952908588,0.00039181477241001517,1.84992700269504e-05,False,True,RELEASE,RELEASED,
7.311999999996694,LOWERING,0.23577772260377805,1350.9068408402752,43.252213854673265,-0.04110805008293929,323.36681597610465,1.690138903057842,-0.8536860742951242,1.458694484182396,0.956540703164836,-4.165196343108727,-589.2363047854561,478.1391166153369,816.9969185154116,84.96730682832651,26.141524418630986,-0.011643076837799526,478.1391166153783,456.98963628430647,432.2824149650777,0.04763847574741931,400.0,0.8069374619933471,456.94199780855905,23.989355855324717,5.106923487818477,599.6168095116233,0.00038894039851733453,1.8477855405762966e-05,False,True,RELEASE,RELEASED,
7.32199999999667,LOWERING,0.23579246153435857,1350.9912886919553,43.25483446496436,-0.04111005193822831,323.36951876636016,1.6901052605631564,-0.8537544090681539,1.4586155082063064,0.9564931851673755,-4.1652427148578175,-589.2796995746274,478.18138682525085,816.9595133572313,84.9679095377017,26.14196141679684,-0.011558205119513332,478.18138682529064,457.0290097351083,432.28482529987053,0.04730394816670014,400.0,0.8069985849575003,456.9817057869416,23.989356262286105,5.106728319619196,599.6168236280414,0.00038608707231890804,1.8456710336067772e-05,False,True,RELEASE,RELEASED,
7.331999999996647,LOWERING,0.2358070966107522,1351.0751415029758,43.25743659497662,-0.041112039804251745,323.3722025192777,1.690071877596145,-0.8538222635072553,1.458537107440433,0.956446007875188,-4.165288777451676,-589.3227918937375,478.22336048769193,816.9223815399309,84.96851001187585,26.1423953405422,-0.01147394637234811,478.22336048772695,457.06810683299636,432.28721866563507,0.046971662347857546,400.0,0.8070592778952087,457.0211351706485,23.989356666261738,5.106534583304443,599.6168376408762,0.0003832546384732183,1.8435114952808362e-05,False,True,RELEASE,RELEASED,
7.341999999996624,LOWERING,0.23582162853189295,1351.158403277934,43.260020382449625,-0.04111401345686246,323.374867362942,1.6900387520845426,-0.8538896408299798,1.4584592777416603,0.9563991689100594,-4.165334532721303,-589.3655837318814,478.2650395808399,816.8855210822794,84.96910823679126,26.142826210500083,-0.011390296250965548,478.26503958087136,457.1069294232739,432.2895951764177,0.04664160482195712,400.0,0.8071195436926175,457.06028781845197,23.98935706727343,5.10634226841275,599.6168515508828,0.0003804429484306482,1.8413570501252252e-05,False,True,RELEASE,RELEASED,
7.3519999999966,LOWERING,0.23583605799247562,1351.2410779971378,43.26258592367094,-0.04111597365073507,323.3775134246606,1.6900058819734571,-0.8539565442345365,1.4583820149960334,0.956352665909454,-4.165379982490112,-589.408077066741,478.30642607110565,816.848930017157,84.96970419890333,26.14325404717914,-0.011307250445725003,478.30642607114214,457.1454793402473,432.2919549455753,0.04631376217531624,400.0,0.8071793852184596,457.09916557807196,23.989357465342845,5.106151364555578,599.6168653588154,0.00037765185210503205,1.8392276388112805e-05,False,True,RELEASE,RELEASED,
7.361999999996577,LOWERING,0.23585038568297717,1351.3231696167286,43.26513336373841,-0.04111791994714043,323.38014083096675,1.6899732652251922,-0.8540229768998878,1.458305315118529,0.9563064965264254,-4.16542512857393,-589.4502738646356,478.347521913184,816.8126063914392,84.97029788516926,26.143678870963978,-0.011224804683934053,478.34752191322093,457.1837584072494,432.2942980857772,0.04598812102966576,400.0,0.8072388053241304,457.13777028621973,23.989357860491488,5.105961861418822,599.6168790654206,0.00037488119973172473,1.8370517750554427e-05,False,True,RELEASE,RELEASED,
7.371999999996554,LOWERING,0.23586461228967529,1351.4046820687881,43.26766281852338,-0.04111985259211219,323.38274970762285,1.6899408998191119,-0.8540889419858428,1.4582291740528759,0.9562606584295232,-4.165469972781011,-589.4921760805664,478.38832905011003,816.7765482659073,84.97088928304373,26.14410070211577,-0.01114295470313209,478.3883290501377,457.2217684367281,432.2966247090078,0.045664668088136295,400.0,0.8072978068437597,457.17610376863996,23.989358252740715,5.105773748761593,599.6168926714386,0.0003721308412334423,1.83488683660471e-05,False,True,RELEASE,RELEASED,
7.3819999999965304,LOWERING,0.23587873849466737,1351.4856192614466,43.27017440318964,-0.041121771830145766,323.3853401796253,1.689908783751542,-0.8541544426331646,1.458153587771413,0.9562151493027085,-4.165514516912162,-589.5337856582787,478.4288494133219,816.7407537151846,84.97147838047188,26.144519560773006,-0.01106169628792486,478.42884941335234,457.25951123029193,432.2989349265705,0.04534339012957389,400.0,0.8073563925942948,457.21416784016236,23.98935864211172,5.105587016419871,599.616906177604,0.00036940062989998523,1.8328130636291462e-05,False,True,RELEASE,RELEASED,
7.391999999996507,LOWERING,0.23589276497588937,1351.5659850789905,43.272668239643004,-0.04112367772504827,323.3879123712068,1.689876915035514,-0.8542194819636272,1.4580785522747868,0.9561699668452612,-4.165558762760523,-589.5751045302748,478.469084922694,816.705220827578,84.97206516587276,26.14493546695184,-0.010981025247133402,478.4690849227217,457.29698857871335,432.3012288490914,0.045024273966191686,400.0,0.807414565375572,457.25196430474716,23.989359028625547,5.1054016543019465,599.6169195846489,0.0003666904189421061,1.830685164350143e-05,False,True,RELEASE,RELEASED,
7.401999999996484,LOWERING,0.23590669240713402,1351.6457833819682,43.27514446164419,-0.041125570037064074,323.3904664058397,1.689845291700708,-0.8542840630800322,1.4580040635919103,0.9561251087716905,-4.165602712111352,-589.6161346178255,478.5090374865483,816.6699477050659,84.97264962813568,26.145348440546638,-0.01090093740640441,478.50903748657714,457.33420226198905,432.3035065865213,0.04470730645294907,400.0,0.807472327970407,457.2894949555361,23.989359412303088,5.105217652387205,599.6169328932999,0.00036400006059356116,1.8285641431248223e-05,False,True,RELEASE,RELEASED,
7.4119999999964605,LOWERING,0.23592052145807269,1351.7250180073138,43.27760317595823,-0.04112744915768217,323.3930024062409,1.6898139117932733,-0.8543481890664826,1.4579301177796231,0.9560805728116509,-4.165646366742744,-589.6568778311245,478.548709001813,816.6349324631244,84.97323175661539,26.14575850133074,-0.01082142863504032,478.54870900184835,457.37115404945234,432.30576824813863,0.04439247456065232,400.0,0.8075296831446589,457.3267615748917,23.98935979316509,5.105035000727174,599.6169461042725,0.00036132940777733324,1.8264227037434466e-05,False,True,RELEASE,RELEASED,
7.421999999996437,LOWERING,0.23593425279427171,1351.8036927684418,43.280044502535006,-0.041129315142966846,323.39552049437435,1.6897827733756772,-0.8544118629882884,1.457856710922605,0.9560363567098488,-4.1656897284248835,-589.6973360692185,478.5881013539687,816.6001732306879,84.97381154111716,26.146165668956833,-0.010742494824512505,478.5881013539994,457.4078456997314,432.30801394255434,0.04407976527897972,400.0,0.8075866336473153,457.36376593445243,23.989360171232132,5.104853689452051,599.6169592182846,0.0003586783202891297,1.8242721012029506e-05,False,True,RELEASE,RELEASED,
7.431999999996414,LOWERING,0.23594788707721204,1351.8818114553585,43.28246856115832,-0.04113116803488517,323.39802079145426,1.6897518745265674,-0.8544750878920983,1.4577838391331683,0.9559924582259566,-4.165732798920233,-589.7375112200817,478.6272164171253,816.565668150044,84.9743889718905,26.14656996295747,-0.010664131892326623,478.6272164171565,457.4442789608264,432.31024377771286,0.043769165650019204,400.0,0.8076431822105723,457.4005097951764,23.989360546524658,5.104673708758498,599.6169722360423,0.0003560466542751328,1.8221031723442138e-05,False,True,RELEASE,RELEASED,
7.441999999996391,LOWERING,0.23596142496430905,1351.9593778347771,43.28487547072777,-0.04113300787867234,323.4005034179497,1.6897212133406145,-0.8545378668060312,1.457711498551025,0.955948875134526,-4.165775579983688,-589.7774051606832,478.6660560541005,816.5314153767204,84.97496403962205,26.146971402745834,-0.010586335788730139,478.66605605412485,457.4804555701895,432.31245786089664,0.04346066280152172,400.0,0.8076993315499054,457.436994907388,23.989360919062957,5.104495048917709,599.616985158251,0.0003534342700310944,1.8199664964413387e-05,False,True,RELEASE,RELEASED,
7.451999999996367,LOWERING,0.23597486710893176,1352.0363956502256,43.28726534066455,-0.041134834929621764,323.40296849358776,1.6896907879284324,-0.8546002027397358,1.4576396853431954,0.9559056052248995,-4.165818073362507,-589.8170197570222,478.7046221164536,816.4974130794415,84.97553673543237,26.147370007616132,-0.010509102478863497,478.70462211647737,457.516377254745,432.31465629872855,0.04315424391984379,400.0,0.8077550843641501,457.47322301082517,23.98936128886716,5.104317700272462,599.6169979856102,0.000350841029658433,1.8177944525632483e-05,False,True,RELEASE,RELEASED,
7.461999999996344,LOWERING,0.23598821416042043,1352.11286862215,43.28963829623026,-0.041136649044177555,323.40541613735684,1.6896605964163367,-0.8546620986844445,1.4575683957037182,0.9558626463011256,-4.165860280796117,-589.856356864142,478.7429164445191,816.4636594399823,84.9761070508558,26.147765796744242,-0.01043242797777566,478.7429164445535,457.55204573092215,432.3168391971759,0.04284989622919966,400.0,0.8078104433355873,457.50919583469295,23.989361655957275,5.1041416532287815,599.6170107188141,0.0003482667901746339,1.8156937926505634e-05,False,True,RELEASE,RELEASED,
7.471999999996321,LOWERING,0.23600146676410766,1352.1888004480338,43.29199444654398,-0.04113845044929895,323.4078464675098,1.6896306369462986,-0.8547235576131124,1.4574976258535515,0.9558199961818692,-4.165902204016362,-589.8954183262141,478.7809408674857,816.4301526531189,84.97667497784659,26.148158789188095,-0.010356308303244077,478.78094086751315,457.5874627047301,432.3190066615521,0.0425476070280979,400.0,0.8078654111300112,457.544915097702,23.989362020353152,5.103966898267815,599.6170233585501,0.00034571141448047626,1.8136268977286818e-05,False,True,RELEASE,RELEASED,
7.481999999996297,LOWERING,0.23601462556133612,1352.2641948024998,43.294333908987646,-0.04114023915554279,323.4102596015689,1.6896009076757599,-0.8547845824804858,1.4574273720403401,0.9557776527003276,-4.165943844747408,-589.9342059765676,478.81869720344116,816.3968909265182,84.97724050876269,26.14854900388855,-0.01028073952579689,478.81869720346765,457.62262987180367,432.3211587965212,0.042247363682179184,400.0,0.8079199903968106,457.5803825081215,23.9893623820745,5.103793425937477,599.6170359055052,0.0003431747644144778,1.8114716340278392e-05,False,True,RELEASE,RELEASED,
7.491999999996274,LOWERING,0.23602769118947692,1352.3390553374154,43.29665679079121,-0.04114201540001649,323.4126556563274,1.6895714067774696,-0.8548451762231102,1.4573576305382556,0.9557356137041444,-4.165985204705418,-589.9727216376841,478.85618725937366,816.3638724806524,84.97780363635678,26.148936459669557,-0.010205717716644358,478.85618725940304,457.6575489174158,432.3232957061001,0.04194915358982598,400.0,0.8079741837690498,457.61559976382597,23.989362741140884,5.103621226855281,599.6170483603539,0.0003406567036945418,1.809355774184951e-05,False,True,RELEASE,RELEASED,
7.501999999996251,LOWERING,0.2360406642819513,1352.4133856820167,43.298963202491564,-0.0411437793227919,323.41503474785446,1.689542132439438,-0.8549053417595782,1.4572883976478173,0.9556938770553242,-4.1660262855992265,-590.010967121347,478.8934128313187,816.3310955487173,84.9783643537796,26.149321175238978,-0.01013123899031143,478.89341283134564,457.69222151657493,432.3254174936616,0.04165296423701648,400.0,0.8080279938635374,457.6505685523379,23.98936309757172,5.10345029170888,599.617060723773,0.000338157098778602,1.8072031480187434e-05,False,True,RELEASE,RELEASED,
7.5119999999962275,LOWERING,0.2360535454682473,1352.487189443005,43.301253273130285,-0.04114553060158451,323.4173969914985,1.6895130828647367,-0.8549650819904349,1.4572196696957513,0.9556524406301447,-4.166067089129596,-590.0489442285731,478.93037570430585,816.2985583765618,84.97892265456147,26.149703169189145,-0.010057299481218251,478.9303757043327,457.72664933402854,432.32752426193855,0.04135878314633601,400.0,0.8080814232809124,457.6852905508822,23.989363451386293,5.103280611251164,599.6170729964308,0.00033567581490778764,1.8050451899398468e-05,False,True,RELEASE,RELEASED,
7.521999999996204,LOWERING,0.23606633537393967,1352.5604702046592,43.303527107455764,-0.04114726948095249,323.4197425018908,1.6894842562713532,-0.8550243997984154,1.4571514430347063,0.9556113023190776,-4.1661076169898,-590.0866547497432,478.96707765249664,816.2662592225417,84.97947853260985,26.150082459997343,-0.009983895360164752,478.9670776525263,457.7608340243686,432.3296161130259,0.04106659793808376,400.0,0.8081344746057205,457.7197674264305,23.989363802603744,5.103112176301107,599.6170851789927,0.0003332127174058286,1.8029177113021433e-05,False,True,RELEASE,RELEASED,
7.531999999996181,LOWERING,0.23607903462070853,1352.6332315289444,43.30578481020664,-0.0411489961884149,323.4220713929476,1.6894556508920995,-0.8550832980484042,1.4570837140431947,0.9555704600266989,-4.166147870865142,-590.1241004645777,479.0035204391613,816.2341963574984,84.98003198220101,26.150459066026233,-0.009911022810797476,479.00352043918457,457.79477723198465,432.3316931483842,0.04077639623403684,400.0,0.808187150406494,457.7540008357506,23.989364151243084,5.102944977743917,599.6170972721181,0.00033076767209205826,1.80077555569369e-05,False,True,RELEASE,RELEASED,
7.5419999999961576,LOWERING,0.23609164382635925,1352.7054769556244,43.30802649597047,-0.04115071069753817,323.42438377787596,1.6894272649744841,-0.8551417795876305,1.4570164791253617,0.9555299116716072,-4.166187852433405,-590.1612831422472,479.039705816795,816.2023680646414,84.98058299797717,26.15083300552471,-0.009838678050982708,479.03970581681676,457.8284805912232,432.33375546884247,0.040488165773751916,400.0,0.8082394532358207,457.78799242544943,23.989364497323177,5.102779006531172,599.6171092764612,0.00032834054591468487,1.79864480287506e-05,False,True,RELEASE,RELEASED,
7.551999999996134,LOWERING,0.2361041636048402,1352.7772100023637,43.31025226345424,-0.04115241334660103,323.42667976917517,1.6893990967805264,-0.8551998472456352,1.4569497347108105,0.955489655186339,-4.166227563364316,-590.198204541338,479.07563552709905,816.1707726394616,84.98113157493066,26.151204296628144,-0.009766857318027178,479.0756355271253,457.8619457263305,432.33580317460195,0.04020189430519849,400.0,0.8082913856304291,457.8217438320253,23.98936484086275,5.1026142536837185,599.6171211926699,0.0003259312099199718,1.796493552319589e-05,False,True,RELEASE,RELEASED,
7.561999999996111,LOWERING,0.23611659456626358,1352.8484341648489,43.31246223249998,-0.04115410394880455,323.42895947864196,1.689371144586734,-0.8552575038345166,1.456883477254459,0.955449688517287,-4.166267005320277,-590.2348664100053,479.11131130112375,816.1394083896657,84.98167770841093,26.15157295735926,-0.009695556889255386,479.111311301153,457.8951742516041,432.3378363652382,0.03991756969139715,400.0,0.8083429501112636,457.8552566819127,23.989365181880384,5.102450710286756,599.6171330213908,0.00032353953529717927,1.794336014881992e-05,False,True,RELEASE,RELEASED,
7.571999999996088,LOWERING,0.23612893731692136,1352.9191529168763,43.3146565173819,-0.04115578243433472,323.4312230173721,1.6893434066838422,-0.8553147521488037,1.4568177032363383,0.9554100096246148,-4.166306179955423,-590.2712704858776,479.14673485919775,816.1082736350692,84.98222139410092,26.15193900562828,-0.009624773048699353,479.14673485922316,457.92816777131384,432.33985513970543,0.039635179779850205,400.0,0.8083941491835652,457.888532591534,23.98936552039454,5.102288367491105,599.6171447632646,0.0003211653948920201,1.7921728954206628e-05,False,True,RELEASE,RELEASED,
7.581999999996064,LOWERING,0.23614119245930834,1352.9893697104867,43.31683521520981,-0.04115744912916496,323.43347049576585,1.689315881376786,-0.8553715949657664,1.4567524091614017,0.955370616482176,-4.166345088916578,-590.3074184962462,479.18190791110754,816.077366707507,84.98276262802523,26.152302459233862,-0.00955450212006781,479.1819079111356,457.9609278798959,432.3418595963376,0.03935471255817902,400.0,0.8084449853369402,457.9215731673377,23.989365856423547,5.102127216505846,599.6171564189276,0.0003188086571004334,1.790002625057241e-05,False,True,RELEASE,RELEASED,
7.591999999996041,LOWERING,0.23615336059213757,1353.0590879760537,43.318998423801496,-0.041159104325474045,323.43570202353027,1.6892885669845568,-0.8554280350453316,1.4566875915594326,0.9553315070774316,-4.1663837338425775,-590.3433121580056,479.21683215605117,816.0466859507901,84.98330140653641,26.152663335863465,-0.009484740445600437,479.216832156075,457.99345616187827,432.3438498328541,0.039076156021280894,400.0,0.8084954610454453,457.954380005857,23.98936618998558,5.101967248611825,599.6171679890087,0.000316469198223146,1.7878787389236095e-05,False,True,RELEASE,RELEASED,
7.601999999996018,LOWERING,0.23616544231036088,1353.1283111224,43.32114626856676,-0.04116074763562727,323.4379177096838,1.6892614618400785,-0.8554840751302515,1.4566232469848264,0.9552926794113672,-4.166422116364592,-590.3789531777481,479.25150928273786,816.016229720598,84.98383772631169,26.153021653094054,-0.009415484396868123,479.25150928276776,458.025754192007,432.34582594636146,0.038799498254434184,400.0,0.8085455787676652,457.9869546937526,23.989366521098706,5.10180845514947,599.6171794741363,0.00031414689205977453,1.7857122202258324e-05,False,True,RELEASE,RELEASED,
7.611999999995994,LOWERING,0.23617743820518733,1353.1970425369038,43.323278843163266,-0.041162379418602284,323.4401176625572,1.6892345642900337,-0.8555397179461349,1.4565593720163927,0.955254131498412,-4.166460238105893,-590.4143432517748,479.2859409694048,815.9859963843727,84.98437158434066,26.153377428392222,-0.009346730362494782,479.28594096942663,458.05782353521295,432.34778803335564,0.03852472735371748,400.0,0.8085953409467875,458.01929880785923,23.989366849780847,5.101650827521113,599.6171908749322,0.00031184161240993546,1.7835145513345196e-05,False,True,RELEASE,RELEASED,
7.621999999995971,LOWERING,0.23618934886410223,1353.2652855856081,43.325396247864354,-0.04116399985786995,323.44230198980074,1.6892078726948119,-0.855594966201605,1.4564959632572294,0.9552158613663579,-4.166498100682183,-590.4494840661861,479.3201288839124,815.9559843212689,84.98490297792665,26.15373067911537,-0.009278474769416789,479.3201288839396,458.08966574676714,432.34973618972657,0.038251831534466874,400.0,0.8086447500106758,458.0514139152327,23.9893671760498,5.101494357192802,599.6172021920142,0.0003095532350583241,1.7813623230722442e-05,False,True,RELEASE,RELEASED,
7.631999999995948,LOWERING,0.23620117487088552,1353.3330436133256,43.32749860702271,-0.04116560854186285,323.444470798384,1.689181385428374,-0.8556498225882857,1.4564330173345958,0.9551778670562769,-4.166535705701202,-590.4843772968708,479.3540746837366,815.9261919220853,84.9854319046769,26.154081422511673,-0.009210714055484459,479.3540746837628,458.12128237222305,432.3516705107602,0.03798079902395557,400.0,0.8086938083719528,458.0833015731991,23.98936749992323,5.101339035692079,599.6172134259946,0.0003072816361076036,1.778919772732479e-05,False,True,RELEASE,RELEASED,
7.6419999999959245,LOWERING,0.23621291680563242,1353.4003199437573,43.3295860060894,-0.0411672059775775,323.44662419460207,1.6891551008781138,-0.8557042897809998,1.4563705308996564,0.9551401466224438,-4.166573054763161,-590.5190246096162,479.3877800160851,815.8966175891383,84.98595836249848,26.15442967572104,-0.009143444688447744,479.3877800161111,458.1526749475364,432.353591091142,0.03771161813716617,400.0,0.8087425184280701,458.11496332939925,23.989367821418675,5.1011848546091,599.6172245774817,0.0003050266934812029,1.7766844734978804e-05,False,True,RELEASE,RELEASED,
7.651999999995901,LOWERING,0.23622457524476864,1353.4671178795786,43.33165854578904,-0.041168792288710475,323.44876228407776,1.6891290174447342,-0.8557583704377538,1.4563085006273684,0.9551026981322531,-4.166610149460357,-590.5534276600889,479.4212465178918,815.8672597362101,84.98648234958804,26.154775455775464,-0.0090766631653878,479.42124651791613,458.1838449990766,432.3554980249602,0.037444277236261314,400.0,0.808790882561392,458.14640072184034,23.989368140553538,5.101031805595965,599.61723564708,0.0003027882867101539,1.7745069840202632e-05,False,True,RELEASE,RELEASED,
7.661999999995878,LOWERING,0.23623615076107377,1353.5334407025755,43.33371634052771,-0.041170367254106804,323.45088517176555,1.6891031335421791,-0.855812067199899,1.456246923216336,0.955065519666141,-4.166646991377517,-590.5875880939401,479.4544758159088,815.8381167884761,84.9870038644333,26.155118779599675,-0.009010366003508352,479.4544758159349,458.2147940436892,432.3573914057086,0.03717876474922832,400.0,0.8088389031392672,458.17761527894,23.98936845734511,5.100879880363698,599.6172466353889,0.0003005662945350096,1.772325504134642e-05,False,True,RELEASE,RELEASED,
7.671999999995855,LOWERING,0.23624764392369596,1353.5992916737266,43.335759488423136,-0.0411719310279475,323.4529929619546,1.6890774475974522,-0.8558653826921445,1.456185795388608,0.9550286093175036,-4.166683582091457,-590.6215075467915,479.4874695267174,815.8091871824021,84.98752290579945,26.155459664011566,-0.008944549738544083,479.4874695267373,458.24552358872694,432.35927132628984,0.03691506915032505,400.0,0.8088865825141107,458.2086085195766,23.98936877181054,5.100729070685359,599.617257543003,0.0002983605981592419,1.7701768115330196e-05,False,True,RELEASE,RELEASED,
7.681999999995831,LOWERING,0.23625905529817237,1353.6646740333208,43.337788086398426,-0.04117348377713554,323.4550857582723,1.6890519580505468,-0.8559183195226797,1.456125113889551,0.9549919651926209,-4.166719923171295,-590.6551876443141,479.5202292568002,815.7804693656874,84.98803947272793,26.155798125722818,-0.008879210937038806,479.52022925681985,458.27603513211346,432.36113787901803,0.036653178977474,400.0,0.8089339230234792,458.239381953136,23.989369083966857,5.100579368394752,599.6172683705149,0.000296171080381491,1.7679982306617603e-05,False,True,RELEASE,RELEASED,
7.691999999995808,LOWERING,0.2362703854464473,1353.7295910010619,43.33980222685694,-0.04117502576125318,323.4571636636875,1.6890266633543183,-0.8559708802832577,1.4560648754876708,0.9549555854105769,-4.166756016178433,-590.688630002269,479.55275660258997,815.7519617971717,84.9885535645297,26.156134181339386,-0.008814346189410571,479.5527566026128,458.3063301623815,432.36299115562156,0.03639308282896536,400.0,0.8089809269901393,458.26993707955256,23.989369393830973,5.10043076538226,599.6172791185095,0.0002939976223457208,1.7658251294960792e-05,False,True,RELEASE,RELEASED,
7.701999999995785,LOWERING,0.23628163492689275,1353.7940457761856,43.341802035575135,-0.04117655642235473,323.45922678051426,1.68900156197439,-0.8560230675492978,1.4560050769744657,0.9549194681031783,-4.166791862666639,-590.7218362265677,479.58505315053054,815.7236629467677,84.9890651807826,26.15646784736204,-0.008749952106654746,479.5850531505524,458.33641015872394,432.3648312472466,0.03613476936345705,400.0,0.809027596722147,458.3002753893605,23.98936970141968,5.100283253595559,599.6172897875724,0.00029184010444538444,1.7636627262618276e-05,False,True,RELEASE,RELEASED,
7.711999999995761,LOWERING,0.2362928042943239,1353.8580415375495,43.34378758495525,-0.04117807646900794,323.4612752104161,1.6889766523890133,-0.8560748838799381,1.455945715164253,0.9548836114148825,-4.166827464181946,-590.754807913295,479.61712047711194,815.6955712953754,84.98957432132221,26.15679914018714,-0.00868602532841578,479.6171204771295,458.36627659104556,432.3666582444609,0.035878227302930554,400.0,0.8090739345129268,458.33039836374263,23.98937000674964,5.100136825044421,599.617300378279,0.0002896984111204759,1.7614523130760062e-05,False,True,RELEASE,RELEASED,
7.721999999995738,LOWERING,0.23630389410002026,1353.9215814437514,43.34575898062344,-0.041179585795991396,323.4633090544077,1.6889519330889646,-0.8561263318181104,1.455886786894028,0.9548480135027146,-4.166862822262591,-590.7875466487505,479.64896014891116,815.6676853348104,84.99008098623725,26.157128076106822,-0.008622562504797315,479.64896014893253,458.3959309199926,432.36847223725545,0.035623445416092636,400.0,0.8091199426413479,458.36030747457653,23.98937030983739,5.099991471793848,599.6173108912051,0.0002875724249973288,1.7593141819816083e-05,False,True,RELEASE,RELEASED,
7.731999999995715,LOWERING,0.23631490489174203,1353.9846686332269,43.34771631639827,-0.041181084566170416,323.46532841285966,1.6889274025774554,-0.8561774138906398,1.455828289023319,0.9548126725361924,-4.166897938439135,-590.820054009504,479.6805737226547,815.6400035677361,84.99058517586477,26.15745467130979,-0.008559560327284998,479.6805737226726,458.4253745970165,432.3702733150486,0.03537041253150619,400.0,0.8091656233718041,458.390004184485,23.989370610699364,5.0998471859673336,599.617321326919,0.00028546203018198213,1.757140682911995e-05,False,True,RELEASE,RELEASED,
7.741999999995691,LOWERING,0.236325837213751,1354.0473062243661,43.34965971153172,-0.0411825723160693,323.4673333855007,1.6889030593699916,-0.8562281326083434,1.45577021843399,0.9547775866972499,-4.166932814234487,-590.85233156245,479.71196274527415,815.6125245075613,84.99108689078591,26.157778941881677,-0.00849701549020665,479.71196274529206,458.4546090644046,432.3720615666876,0.035119117530541644,400.0,0.809210978954279,458.4194899468741,23.989370909351855,5.099703959749701,599.6173316859865,0.00028336711522403135,1.7549348171996826e-05,False,True,RELEASE,RELEASED,
7.751999999995668,LOWERING,0.23633669160682735,1354.1094973156112,43.35158923278398,-0.04118404982762546,323.46932407142265,1.6888789019943082,-0.8562784904661146,1.4557125720301287,0.9547427541801589,-4.1669674511639565,-590.884380864854,479.74312875396026,815.5852466783938,84.99158613182091,26.158100903805767,-0.008434924733819571,479.7431287539781,458.4836357553643,432.37383708045314,0.03486954937915243,400.0,0.809256011624424,458.4487662059851,23.98937120581105,5.099561785378289,599.6173419689701,0.00028128756552803225,1.7527979025544482e-05,False,True,RELEASE,RELEASED,
7.761999999995645,LOWERING,0.23634746860828762,1354.1712449855593,43.35350498690006,-0.04118551690706682,323.471300569082,1.6888549289902246,-0.8563284899429537,1.4556553467378868,0.9547081731914544,-4.167001850735038,-590.9162034643655,479.77407327617937,815.5581686149551,84.9920829000225,26.15842057296336,-0.008373284799517933,479.77407327619204,458.5124560940021,432.37559994406143,0.03462169706199347,400.0,0.8093007236036356,458.4778343969401,23.98937150009301,5.099420655149787,599.6173521764251,0.0002792232698594077,1.7506394442534656e-05,False,True,RELEASE,RELEASED,
7.7719999999956215,LOWERING,0.23635816875200485,1354.2325522930773,43.35540708252776,-0.04118697329975676,323.4732629763049,1.6888311389095616,-0.8563781335021023,1.4555985395053208,0.9546738419498573,-4.167036014447627,-590.9478008990964,479.80479782975453,815.5312888625054,84.9925771966715,26.15873796513444,-0.008312092467576804,479.80479782977363,458.5410714954511,432.37735024466735,0.03437554966200196,400.0,0.8093451170991299,458.5066959457891,23.98937179221368,5.099280561417921,599.6173623089064,0.0002771741186098353,1.7485144098827732e-05,False,True,RELEASE,RELEASED,
7.781999999995598,LOWERING,0.2363687925684257,1354.2934222774009,43.35729558640033,-0.04118841974251687,323.4752113902895,1.6888075303160262,-0.8564274235911222,1.45554214730223,0.9546397586862027,-4.167069943794018,-590.9791746976616,479.8353039229124,815.5046059767649,84.99306902327424,26.159053095998118,-0.008251344524296655,479.8353039229285,458.5694833658333,432.3790880688683,0.03413109627587119,400.0,0.8093891943040176,458.53535226955745,23.989372082188897,5.099141496589714,599.617372366964,0.0002751400008476068,1.746379325595626e-05,False,True,RELEASE,RELEASED,
7.791999999995575,LOWERING,0.23637934058458873,1354.353857958239,43.35917061792265,-0.041189855692190656,323.47714590760984,1.6887841017851197,-0.8564763626419518,1.4554861671200394,0.9546059216433591,-4.16710364025882,-591.0103263792115,479.86559305431774,815.4781185238546,84.99355838155459,26.159365981133277,-0.008191037793949363,479.86559305433093,458.5976931023895,432.38081350270573,0.03388832609761039,400.0,0.8094329573973807,458.5638047762919,23.989372370034374,5.0990034531264525,599.6173823511422,0.0002731208054695955,1.7442209241380624e-05,False,True,RELEASE,RELEASED,
7.801999999995552,LOWERING,0.2363898133241441,1354.413862335885,43.361032261918254,-0.04119128142112692,323.4790666242192,1.6887608519040054,-0.856524953071012,1.4554305959715979,0.9545723290761584,-4.167137105319048,-591.0412574534903,479.89566671313634,815.4518250801978,84.99404527344984,26.159676636019007,-0.008131169115017656,479.89566671315305,458.62570209347564,432.382526631669,0.0336472283682383,400.0,0.8094764085443467,458.5920548651074,23.98937265576572,5.098866423545248,599.6173922619828,0.00027111642304333827,1.7420221638531075e-05,False,True,RELEASE,RELEASED,
7.811999999995528,LOWERING,0.2364002113073688,1354.4734383913074,43.36288060324124,-0.041192697186008126,323.4809736354532,1.6887377792714788,-0.856573197279282,1.4553754308911206,0.954538979251318,-4.167170340444135,-591.071969420876,479.92552637908113,815.4257242324957,84.99452970111093,26.159985076035206,-0.008071735352245923,479.9255263791011,458.65351171859743,432.3842275406989,0.0334077923643008,400.0,0.8095195498961593,458.6201039262331,23.989372939398418,5.098730400418096,599.6174021000224,0.00026912674515244817,1.7398662635059736e-05,False,True,RELEASE,RELEASED,
7.821999999995505,LOWERING,0.2364105350511874,1354.5325890862655,43.364715737806605,-0.04119410296310313,323.482867036032,1.6887148824977245,-0.856621097652322,1.4553206689339069,0.9545058704473683,-4.1672033470956515,-591.1024637723891,479.9551735224255,815.3998145775791,84.99501166688452,26.160291316462796,-0.00801273338242936,479.9551735224416,458.68112334847456,432.38591631418836,0.033170007418505065,400.0,0.809562383590256,458.64795334105605,23.98937322094785,5.098595376371806,599.6174118657957,0.0002671516649535022,1.7376703681293293e-05,False,True,RELEASE,RELEASED,
7.831999999995482,LOWERING,0.2364207850691895,1354.5913173634108,43.36653776567004,-0.041195498614553606,323.4847469200661,1.6886921602044036,-0.8566686565604954,1.4552663071763365,0.9544730009545812,-4.167236126727973,-591.1327419898295,479.98460960413513,815.3740947224196,84.99549117332819,26.160595372484806,-0.007954160118742948,479.9846096041545,458.7085383451231,432.38759303598715,0.0329338629573499,400.0,0.8096049117503347,458.67560448216574,23.989373500429274,5.098461344086023,599.6174215598312,0.0002651910754316589,1.735524119794718e-05,False,True,RELEASE,RELEASED,
7.841999999995458,LOWERING,0.23643096187164844,1354.6496261463942,43.36834678011938,-0.04119688415037252,323.48661338105853,1.6886696110244466,-0.8567158763589453,1.455212342715653,0.954440369074893,-4.167268680787814,-591.162805545755,480.013836075857,815.3485632840191,84.99596822319467,26.160897259186612,-0.007896012484820858,480.01383607587167,458.7357580618599,432.38925778940575,0.0326993484533773,400.0,0.809647136486433,458.7030587134065,23.989373777857846,5.098328296293827,599.6174311826546,0.00026324487045936706,1.733281897031702e-05,False,True,RELEASE,RELEASED,
7.851999999995435,LOWERING,0.2364410659655371,1354.7075183399566,43.370142840233434,-0.04119826038727197,323.48846651190735,1.6886472336019178,-0.8567627593876398,1.4551587726698028,0.9544079731218335,-4.167301010714079,-591.1926559034981,480.04285437994565,815.3232188893248,84.99644281942179,26.161196991556352,-0.007838287425670387,480.04285437996066,458.7627838433322,432.3909106572166,0.032466453407550944,400.0,0.809689059895012,458.73031738992466,23.989374053248596,5.098196225785686,599.6174407347883,0.0002613129487070154,1.7311348301518592e-05,False,True,RELEASE,RELEASED,
7.861999999995412,LOWERING,0.23645109785454846,1354.7649968300461,43.37192607346058,-0.04119962648606096,323.4903064049101,1.6886250265920233,-0.8568093079715702,1.4551055941773403,0.9543758114204527,-4.167333117938401,-591.2222945172921,480.07166594958017,815.2980601751916,84.99691496514151,26.161494584485656,-0.00778098191585741,480.07166594959943,458.7896170256147,432.3925517216569,0.0322351674083734,400.0,0.8097306840590146,458.7573818582063,23.98937432661647,5.098065125396963,599.6174502167505,0.00025939520262596716,1.7289245192841918e-05,False,True,RELEASE,RELEASED,
7.8719999999953885,LOWERING,0.2364610580391114,1354.8220644839091,43.37369655124096,-0.041200982937777283,323.4921331517664,1.6886029886609302,-0.856855524420748,1.455052804397239,0.954343882307251,-4.167365003884784,-591.251722832257,480.1002722087653,815.2730857882843,84.99738466366625,26.161790052770044,-0.007724092944499716,480.1002722087807,458.8162589362075,432.39418106443327,0.03200548007674797,400.0,0.8097720110479469,458.7842534561307,23.989374597976283,5.097934988020134,599.6174596290541,0.0002574915299113911,1.7267136627197033e-05,False,True,RELEASE,RELEASED,
7.881999999995365,LOWERING,0.23647094701641064,1354.8787241502034,43.375454365582826,-0.041202329725342504,323.4939468435809,1.688581118485706,-0.8569014110302882,1.4550004005087902,0.9543121841301014,-4.167396669969635,-591.2809422844534,480.1286745723795,815.2482943850284,84.99785191848692,26.162083411109393,-0.007667617522429282,480.12867457239537,458.84271089410925,432.3957987667221,0.0317773810993458,400.0,0.8098130429179494,458.8109335130099,23.989374867342754,5.097805806597818,599.6174689722127,0.0002556018274848526,1.724544017633889e-05,False,True,RELEASE,RELEASED,
7.891999999995342,LOWERING,0.23648076528040265,1354.9349786590922,43.37719960531833,-0.04120366689367718,323.4957475708679,1.6885594147542584,-0.8569469700805518,1.454948379711461,0.9542807152481848,-4.167428117602057,-591.3099543009614,480.1568744462612,815.2236846315468,84.9983167332747,26.162374674108673,-0.007611552682647016,480.15687444627395,458.86897420985434,432.3974049091749,0.0315508602201362,400.0,0.8098537817118612,458.8374233496342,23.98937513473049,5.0976775741254,599.6174782467297,0.00025372599410999896,1.7223544205080543e-05,False,True,RELEASE,RELEASED,
7.9019999999953185,LOWERING,0.23649051332183457,1354.990830822349,43.3789323536104,-0.04120499460961196,323.49753542355324,1.6885378761651508,-0.8569922038371404,1.4548967392247045,0.9542494740319151,-4.167459348183456,-591.3387602998702,480.18487322720716,815.1992552035572,84.99877911186553,26.162663856278275,-0.00755589547964064,480.18487322721734,458.8950501855604,432.3989995719198,0.03132590723623707,400.0,0.809894229459309,458.8637242783242,23.98937540015399,5.0975502836468785,599.6174874531109,0.0002518639271817946,1.720203226796002e-05,False,True,RELEASE,RELEASED,
7.911999999995295,LOWERING,0.2365001916282618,1355.0462834334605,43.380652696319906,-0.041206312961117694,323.4993104909786,1.6885165014275996,-0.8570371145510502,1.4548454762878809,0.9542184588628684,-4.167490363107936,-591.3673616903766,480.2126723030624,815.1750047863417,84.99923905826714,26.162950972034643,-0.007500642988134132,480.21267230307745,458.9209401149827,432.40058283456466,0.03110251201377423,400.0,0.8099343881767659,458.88983760296895,23.989375663627655,5.097423928258458,599.6174965918538,0.00025001552612557987,1.718001931294566e-05,False,True,RELEASE,RELEASED,
7.921999999995272,LOWERING,0.23650980068406594,1355.1013392677287,43.38236073401146,-0.041207621669252174,323.5010728619036,1.688495289261332,-0.8570817044587186,1.4547945881600768,0.9541876681337148,-4.167521163762118,-591.3957598728031,480.2402730527497,815.1509320746543,84.99969657664965,26.16323603570067,-0.0074457922986539415,480.2402730527612,458.94664528352735,432.40215477620006,0.030880664454002726,400.0,0.8099742598676282,458.91576461907334,23.989375925165774,5.0972985011071446,599.6175056634561,0.0002481806915435314,1.7158077298518037e-05,False,True,RELEASE,RELEASED,
7.931999999995249,LOWERING,0.23651934097047086,1355.1560010823637,43.38405652954401,-0.041208921346116395,323.5028226245109,1.688474238396541,-0.8571259757820998,1.4547440721200282,0.9541571002481452,-4.167551751525189,-591.4239562386415,480.26767684631744,815.1270357726901,85.00015167134538,26.16351906150644,-0.007391340525259693,480.2676768463308,458.9721669683444,432.40371547540315,0.030660354535427814,400.0,0.8100138465222925,458.941506613809,23.989376184782532,5.097173995388158,599.6175146684091,0.0002463593230741523,1.713626522814593e-05,False,True,RELEASE,RELEASED,
7.941999999995225,LOWERING,0.23652881296556233,1355.2102716165944,43.38574018507067,-0.04121021164686094,323.50455986640657,1.6884533475737258,-0.8571699307287513,1.4546939254658997,0.9541267536208045,-4.167582127768902,-591.4519521706025,480.2948850449858,815.1033145939639,85.0006043468381,26.16380006358937,-0.007337284810773781,480.2948850449951,458.9975064383155,432.40526501023805,0.030441572264976458,400.0,0.8100531501182224,458.9670648660505,23.98937644249202,5.097050404347174,599.617523607202,0.0002445513219173634,1.711471179532964e-05,False,True,RELEASE,RELEASED,
7.951999999995202,LOWERING,0.23653821714430437,1355.2641535917653,43.38741177836063,-0.04121149279808689,323.5062846746265,1.6884326155436413,-0.8572135714918948,1.4546441455152017,0.954096626677219,-4.167612293857546,-591.4797490426492,480.3218990011917,815.0797672612838,85.00105460776513,26.164079055995128,-0.007283622302452386,480.3218990012045,459.02266495414995,432.4068034582615,0.030224307723244692,400.0,0.8100921726200201,458.9924406464267,23.98937669830822,5.096927721278458,599.6175324803196,0.0002427565893761141,1.7093062751882826e-05,False,True,RELEASE,RELEASED,
7.961999999995179,LOWERING,0.23654755397855673,1355.3176497114325,43.38907139962499,-0.041212764714101506,323.50799713563686,1.6884120410672303,-0.857256900250544,1.4545947296046553,0.9540667178537318,-4.16764225114817,-591.5073482200712,480.3487200586573,815.0563925066772,85.00150245891415,26.16435605267781,-0.007230350180179812,480.3487200586741,459.04764376840603,432.4083308965232,0.03000855104664879,400.0,0.810130915979497,459.0176352173594,23.989376952245006,5.09680593952488,599.617541288244,0.00024097502716458052,1.7070835383492522e-05,False,True,RELEASE,RELEASED,
7.971999999995155,LOWERING,0.2365568239370931,1355.3707626614719,43.390719119475904,-0.0412140277659164,323.50969733533867,1.6883916229155251,-0.8572999191695283,1.454545675090075,0.954037025597429,-4.167672000990368,-591.5347510594986,480.37534955240983,815.0331890713379,85.00194790521861,26.16463106750062,-0.007177465629865765,480.37534955242023,459.0724441255159,432.4098474015705,0.029794292403835243,400.0,0.8101693821357455,459.0426498331121,23.98937720431616,5.0966850524805345,599.6175500314514,0.00023920654004694342,1.704871215224557e-05,False,True,RELEASE,RELEASED,
7.981999999995132,LOWERING,0.23656602748561767,1355.4234951101723,43.39235503636819,-0.04121528164286005,323.511385359072,1.6883713598695445,-0.8573426303996353,1.4544969793461824,0.9540075483660767,-4.167701544726569,-591.561958908982,480.4017888088665,815.0101557055343,85.0023909517541,26.164904114236503,-0.007124965875050293,480.40178880887834,459.0970672619042,432.41135304945044,0.02958152207003195,400.0,0.8102075730152115,459.0674857398342,23.989377454535358,5.09656505358547,599.6175587104185,0.00023745103154748648,1.702727706742735e-05,False,True,RELEASE,RELEASED,
7.991999999995109,LOWERING,0.23657516508678234,1355.475849708333,43.393979223721914,-0.04121652662154229,323.5130612916169,1.688351250720174,-0.8573850360775918,1.454448639766493,0.953978284628048,-4.167730883691612,-591.5889731079745,480.4280391458233,814.98729116855,85.00283160372906,26.165175206568367,-0.007072848147117838,480.42803914583635,459.1215144059256,432.41284791571337,0.029370230315123536,400.0,0.8102454905317718,459.0921441756105,23.989377702916176,5.096445936329516,599.6175673256141,0.00023570840760989142,1.700482084743271e-05,False,True,RELEASE,RELEASED,
8.001999999995085,LOWERING,0.23658423720020377,1355.5278290893643,43.39559176741979,-0.04121776266612812,323.51472521719677,1.6883312942681556,-0.8574271383262048,1.454400653763234,0.9539492328622594,-4.167760019213091,-591.6157949874214,480.45410187253754,814.9645942286477,85.00326986649023,26.16544435808959,-0.007021109694278493,480.4541018725515,459.145786777965,432.4143320754135,0.02916040747294346,400.0,0.8102831365867885,459.11662637049204,23.98937794947209,5.096327694249466,599.6175758775069,0.0002339785743243894,1.698328640031832e-05,False,True,RELEASE,RELEASED,
8.011999999995062,LOWERING,0.23659324428248257,1355.5794358693943,43.39719274394623,-0.04121898995297993,323.51637721948384,1.6883114893239766,-0.8574689392544812,1.4543530187671563,0.9539203915581006,-4.1677889526115175,-591.6424258698293,480.47997828980317,814.9420636629795,85.00370574551752,26.16571158230485,-0.006969747796574666,480.47997828981545,459.1698855905224,432.41580560311394,0.028952043972424235,400.0,0.8103205130691892,459.14093354655,23.98937819421647,5.096210320931837,599.6175843665594,0.00023226144080101818,1.696188962796441e-05,False,True,RELEASE,RELEASED,
8.021999999995039,LOWERING,0.23660218678721862,1355.6306726473597,43.398782230121476,-0.04122020863715004,323.5180173816007,1.6882918347077818,-0.8575104409576421,1.4543057322274429,0.9538917592153693,-4.167817685200076,-591.6688670692688,480.5056696899577,814.9196982575403,85.00413924641983,26.165976892630425,-0.006918759739392044,480.5056696899724,459.19381204819325,432.4172685728893,0.028745130274955955,400.0,0.8103576218555343,459.1650669179183,23.989378437162603,5.0960938100083775,599.6175927932338,0.00023055691533890865,1.6939809029281605e-05,False,True,RELEASE,RELEASED,
8.031999999995016,LOWERING,0.23661106516502714,1355.6815420050946,43.40036031655042,-0.04122141852980223,323.51964578612296,1.6882723292492487,-0.8575516455171782,1.4542587916115428,0.9538633343442054,-4.167846218284549,-591.6951198914023,480.5311773569179,814.8974968070829,85.00457037492566,26.166240302394623,-0.006868142838129643,480.53117735693456,459.2175673477174,432.41872105832795,0.02853965687688742,400.0,0.8103944648100952,459.18902769084053,23.98937867832367,5.0959781551552235,599.6176011579882,0.00022886490510298785,1.691957618277229e-05,False,True,RELEASE,RELEASED,
8.041999999994992,LOWERING,0.23661987986355823,1355.7320465074458,43.401927084576386,-0.04122261965124299,323.52126251508287,1.6882529717875714,-0.8575925550009842,1.4542121944050845,0.9538351154650214,-4.167874553163591,-591.7211856335701,480.5565025662579,814.8754581150819,85.00499913688921,26.1665018248383,-0.006817894414211878,480.5565025662709,459.2411526780482,432.420163132534,0.02833561433999421,400.0,0.8104310437849163,459.2128170637082,23.989378917712767,5.095863350093744,599.617609461277,0.0002271853170325855,1.6896510146580113e-05,False,True,RELEASE,RELEASED,
8.051999999994969,LOWERING,0.23662863132751225,1355.7821887023586,43.4034826002238,-0.041223812376265885,323.5228676499731,1.6882337611713554,-0.8576331714634399,1.4541659381117216,0.9538071011084404,-4.167902691128768,-591.7470655848332,480.5816465852595,814.8535809936552,85.0054255382836,26.1667614731155,-0.006768011826920883,480.58164658527664,459.26456922040023,432.42159486813114,0.028132993295912456,400.0,0.8104673606198796,459.2364362271043,23.98937915534288,5.0957493885924015,599.6176177035495,0.00022551805990556062,1.6874673633537896e-05,False,True,RELEASE,RELEASED,
8.061999999994946,LOWERING,0.2366373199986572,1355.831971120977,43.405026952274724,-0.04122499652076344,323.5244612717484,1.6882146962585074,-0.8576734969454247,1.4541200202530087,0.9537792898152289,-4.167930633464298,-591.7727610259782,480.60661067292193,814.8318642635038,85.00584958519524,26.167019260293767,-0.0067184924331513685,480.60661067293296,459.28781814824737,432.4230163372654,0.027931784396287185,400.0,0.8105034171427831,459.2598863638511,23.989379391226915,5.095636264467268,599.6176258852538,0.00022386304508348331,1.685326867573167e-05,False,True,RELEASE,RELEASED,
8.071999999994922,LOWERING,0.23664594631584518,1355.881396277738,43.406560219983255,-0.041226172116356305,323.52604346083035,1.6881957759162112,-0.8577135334744505,1.4540744383683084,0.9537516801362312,-4.167958381447343,-591.7982732295989,480.63139608004127,814.8103067538691,85.00627128382547,26.16727519935478,-0.006669333624813589,480.6313960800503,459.3109006274337,432.42442761160686,0.027731978385247658,400.0,0.8105392151694031,459.28316864904843,23.98937962537767,5.095523971576815,599.6176340068341,0.00022222018204587357,1.683121729456616e-05,False,True,RELEASE,RELEASED,
8.081999999994899,LOWERING,0.23665451071502996,1355.9304666704736,43.40808246604275,-0.041227339579128684,323.52761429710984,1.6881769990207978,-0.857753283064712,1.454029190014621,0.9537242706323054,-4.167985936347886,-591.823603460121,480.65600404924237,814.788907302448,85.00669064048427,26.167529303194875,-0.006620532799047396,480.65600404925704,459.3338178161636,432.42582876235446,0.027533566038300705,400.0,0.8105747565035709,459.3062842501253,23.98937985780785,5.0954125038282285,599.6176420687304,0.00022058938447155896,1.6809358271530073e-05,False,True,RELEASE,RELEASED,
8.091999999994876,LOWERING,0.2366630136292822,1355.979184780495,43.40959379027857,-0.04122849842174887,323.5291738599484,1.6881583644576963,-0.8577927477171601,1.4539842727665004,0.9536970598742579,-4.168013299428787,-591.8487529738467,480.6804358150192,814.7676647553496,85.00710766158758,26.16778158462519,-0.006572087385620762,480.6804358150369,459.3565708650318,432.42721986023577,0.02733653815909065,400.0,0.8106100429372332,459.3292343268727,23.989380088530083,5.09530185516778,599.6176500713832,0.00021897056175568252,1.6787125446171558e-05,False,True,RELEASE,RELEASED,
8.101999999994852,LOWERING,0.2366714554888083,1356.0275530727035,43.41109425355783,-0.0412296490787553,323.530722228184,1.6881398711213438,-0.8578319294196167,1.4539396842158911,0.9536700464427817,-4.168040471945918,-591.87372301902,480.70469260380855,814.7465779670193,85.00752235365741,26.1680320563726,-0.006523994818394385,480.7046926038211,459.3791609171493,432.42860097551164,0.02714088566040118,400.0,0.8106450762505175,459.3520200314889,23.989380317556897,5.095192019585214,599.6176580152257,0.0002173636233395726,1.6765689565545472e-05,False,True,RELEASE,RELEASED,
8.11199999999483,LOWERING,0.2366798367209649,1356.0755739956728,43.41258393869208,-0.04123079144574271,323.53225948013323,1.6881215179151083,-0.8578708301467892,1.4538954219720437,0.9536432289283904,-4.168067455147973,-591.8985148358339,480.7287756339987,814.7256458002003,85.00793472331492,26.16828073108007,-0.006476252556922191,480.7287756340103,459.4015891080974,432.4299721779799,0.026946599465134113,400.0,0.8106798582118142,459.3746425086323,23.989380544900722,5.095082991121223,599.6176659006876,0.00021576848565008078,1.674391421602195e-05,False,True,RELEASE,RELEASED,
8.121999999994806,LOWERING,0.23668815775027688,1356.1232499817509,43.41406291455732,-0.04123192574006898,323.533785693593,1.6881033037512236,-0.8579094518603871,1.4538514836613836,0.9536166059313538,-4.16809425027665,-591.923129656501,480.75268611599665,814.7048671258615,85.00834477727977,26.168527621306954,-0.006428858082927036,480.75268611600916,459.4238565660135,432.4313335369751,0.02675367056082223,400.0,0.8107143905778352,459.3971028954527,23.989380770573906,5.094974763853246,599.6176737282015,0.00021418505961623424,1.6722214809306024e-05,False,True,RELEASE,RELEASED,
8.131999999994783,LOWERING,0.2366964189984525,1356.1705834471486,43.415531258061556,-0.04123305197402126,323.53530094584465,1.6880852275506935,-0.857947796509166,1.453807866927382,0.9535901760616383,-4.168120858566544,-591.9475687052737,480.7764252522585,814.6842408231423,85.00875252236716,26.168772739529572,-0.006381808881201323,480.77642525226423,459.4459644116096,432.4326851213734,0.026562089972344438,400.0,0.8107486750936791,459.4194023216373,23.98938099458871,5.094867331900567,599.6176814981886,0.00021261325555155253,1.670037170242722e-05,False,True,RELEASE,RELEASED,
8.14199999999476,LOWERING,0.23670462088440133,1356.2175767920398,43.416989049820366,-0.04123417005863763,323.53680531365745,1.6880672882432517,-0.8579858660290549,1.4537645694304482,0.9535639379388412,-4.168147281245394,-591.9718331985235,480.7999942373633,814.6637657792986,85.00915796548706,26.16901609814188,-0.006335102468824516,480.79999423737354,459.46791375827,432.4340269995943,0.026371848817461796,400.0,0.8107827134929007,459.44154190945255,23.98938121695729,5.094760689434335,599.6176892110736,0.0002110529924239657,1.667860465204285e-05,False,True,RELEASE,RELEASED,
8.151999999994736,LOWERING,0.23671276382424974,1356.2642324006542,43.41843635649041,-0.04123528022746092,323.5382988732902,1.6880494847672376,-0.8580236623431603,1.4537215888477983,0.9535378901921296,-4.168173519533811,-591.9959243447393,480.8233942580183,814.6434408896342,85.00956111363652,26.169257709455618,-0.0062887363706067845,480.8233942580283,459.4897057119998,432.4353592396041,0.02618293821046791,400.0,0.8108165074975802,459.46352277378935,23.98938143769173,5.094654830660441,599.617696867273,0.00020950418277809746,1.6657004152875743e-05,False,True,RELEASE,RELEASED,
8.161999999994713,LOWERING,0.23672084823135597,1356.3105526413597,43.41987325830019,-0.04123638237634706,323.5397817004952,1.6880318160695582,-0.8580611873618955,1.4536789228733364,0.9535120314601796,-4.168199574645531,-592.0198433446003,480.8466264931359,814.6232650574498,85.00996197390141,26.169497585701023,-0.00624270813750627,480.8466264931448,459.5113413715578,432.4366819089174,0.02599534935649217,400.0,0.8108500588183878,459.4853460222013,23.989381656804,5.094549749835341,599.617704467202,0.00020796674716727637,1.663474483848404e-05,False,True,RELEASE,RELEASED,
8.17199999999469,LOWERING,0.2367288745163298,1356.3565398667765,43.42129982651859,-0.041237476603907045,323.5412538705218,1.6880142811056351,-0.8580984429830558,1.4536365692175708,0.9534863603911103,-4.168225447787461,-592.0435913910302,480.8696921138787,814.603237194,85.01036055345625,26.16973573902737,-0.006197015331963485,480.86969211389516,459.53282182845254,432.43799507460113,0.025809073504206026,400.0,0.8108833691546476,459.50701275494833,23.989381874306012,5.094445441249726,599.617712011275,0.0002064405997801444,1.6612559875284205e-05,False,True,RELEASE,RELEASED,
8.181999999994666,LOWERING,0.23673684308704535,1356.4021964138517,43.42271613143963,-0.041238563020064865,323.5427154581172,1.6879968788392652,-0.858135431091829,1.4535945256074474,0.9534608756424277,-4.1682511401594216,-592.0671696691912,480.8925922836677,814.5833562184091,85.01075685955291,26.16997218150305,-0.0061516555344951485,480.89259228367655,459.55414816698107,432.43929880327573,0.025624101942469224,400.0,0.8109164401944097,459.5285240650386,23.989382090209563,5.094341899243461,599.6177194999011,0.00020492566216034902,1.659077622662153e-05,False,True,RELEASE,RELEASED,
8.191999999994643,LOWERING,0.23674475434865766,1356.4475246039526,43.4241222489219,-0.041239641589323965,323.5441665375316,1.6879796082425915,-0.8581721535608984,1.4535527897862752,0.9534355758809588,-4.168276652954296,-592.0905793565457,480.9153281582441,814.563621057639,85.01115089952384,26.1702069251165,-0.006106626338919341,480.9153281582586,459.575321464281,432.44059316111895,0.02544042600902685,400.0,0.8109492736145145,459.54988103827196,23.989382304526387,5.094239118190159,599.6177269334883,0.0002034218495463591,1.6568533965255483e-05,False,True,RELEASE,RELEASED,
8.20199999999462,LOWERING,0.23675260870362144,1356.4925267429749,43.42551823813922,-0.04124071266435802,323.54560718252014,1.687962468296054,-0.8582086122506034,1.453511359513575,0.9534104597827966,-4.168301987358433,-592.1138216229591,480.9379008857642,814.5440306464143,85.01154268078373,26.170439981776415,-0.006061925364747367,480.937900885771,459.59634279038363,432.4418782138676,0.025258037107334985,400.0,0.810981871080652,459.5710847532763,23.989382517268123,5.094137092509617,599.6177343124386,0.00020192908240801444,1.6546483834645187e-05,False,True,RELEASE,RELEASED,
8.211999999994596,LOWERING,0.2367604065517037,1356.5372051214144,43.426904186994264,-0.041241775897131606,323.5470374663465,1.6879454579882947,-0.8582448090088722,1.453470232565029,0.9533855260332326,-4.168327144551098,-592.136897630652,480.9603116067632,814.5245839272,85.01193221082036,26.170671363312366,-0.0060175502434276495,480.9603116067686,459.6172132082456,432.44315402682116,0.025076926690189794,400.0,0.8110142342474366,459.5921362815554,23.989382728446326,5.094035816659037,599.6177416371561,0.0002004472786580891,1.6524373222637223e-05,False,True,RELEASE,RELEASED,
8.221999999994573,LOWERING,0.23676814829000087,1356.5815620144667,43.42828016423973,-0.041242831387031366,323.54845746178444,1.6879285763160323,-0.8582807456713617,1.4534294067322562,0.953360773326704,-4.168352125704729,-592.1598085342785,480.98256145423665,814.5052798500849,85.01231949719013,26.170901081475037,-0.005973498624825879,480.98256145424546,459.63793377377954,432.444420664843,0.024897086253815814,400.0,0.811046364758468,459.6130366875257,23.98938293807247,5.093935285135415,599.6177489080351,0.00019897635631771493,1.65021168641033e-05,False,True,RELEASE,RELEASED,
8.23199999999455,LOWERING,0.23677583431295546,1356.6255996821208,43.429646224791064,-0.04124387955349754,323.5498672411218,1.6879118222841223,-0.8583164240615496,1.4533888798228436,0.9533362003667283,-4.168376931985118,-592.1825554809923,481.00465155369636,814.486117372808,85.01270454752763,26.171129147936888,-0.0059297681708585515,481.00465155370284,459.6585055358858,432.445678192364,0.024718507327634143,400.0,0.8110782642463932,459.6337870285582,23.98938314615794,5.093835492478224,599.6177561254735,0.00019751623587893619,1.6480642443639226e-05,False,True,RELEASE,RELEASED,
8.241999999994526,LOWERING,0.23678346501237102,1356.6693203692453,43.431002449379996,-0.041244920185359905,323.5512668761633,1.6878951949053567,-0.8583518459907588,1.4533486496601047,0.9533118058658473,-4.168401564551176,-592.2051396104496,481.02658302318787,814.4670954606313,85.01308736953021,26.17135557429257,-0.005886356560722561,481.02658302319793,459.6789295365481,432.4469266733846,0.024541181529741607,400.0,0.8111099343329742,459.65438835501834,23.98938335271404,5.093736433270019,599.61776328986,0.00019606684137762898,1.6458305594824196e-05,False,True,RELEASE,RELEASED,
8.251999999994503,LOWERING,0.23679104077742794,1356.7127263056796,43.43234890375186,-0.0412459534192046,323.55265643823327,1.6878786932005163,-0.8583870132582789,1.4533087140830792,0.9532875885455667,-4.168426024555225,-592.2275620548888,481.0483569733611,814.4482130863488,85.01346797096704,26.17158037205936,-0.005843261497943786,481.0483569733715,459.6992068108001,432.44816617147774,0.024365100491991143,400.0,0.8111413766291495,459.6748417103081,23.98938355775198,5.093638102127928,599.6177704015879,0.00019462809277293047,1.64366207400235e-05,False,True,RELEASE,RELEASED,
8.26199999999448,LOWERING,0.23679856199469926,1356.7558197063245,43.43368566657957,-0.04124697907020422,323.55403599817873,1.6878623161981605,-0.8584219276513849,1.4532690709462923,0.953263547136298,-4.168450313142722,-592.2498239391302,481.06997450748383,814.4294692301593,85.0138463596647,26.171803552677687,-0.005800480694006183,481.06997450748986,459.71933838683424,432.4493967497915,0.024190255925020665,400.0,0.8111725927351053,459.6951481309092,23.98938376128292,5.0935404937084385,599.6177774610408,0.00019319991077715315,1.64143641541159e-05,False,True,RELEASE,RELEASED,
8.271999999994456,LOWERING,0.23680602904816597,1356.7986027712284,43.435012790451204,-0.041247997567458894,323.55540562637185,1.6878460629347132,-0.8584565909454415,1.4532297181197966,0.9532396803772996,-4.168474431452526,-592.2719263806504,481.091436721505,814.4108628796977,85.01422254351698,26.172025127511507,-0.005758011884154257,481.09143672151396,459.73932528598385,432.4506184710512,0.024016639561523334,400.0,0.8112035842403377,459.71530864642233,23.989383963317906,5.093443602709307,599.617784468604,0.00019178221846338772,1.639212871396012e-05,False,True,RELEASE,RELEASED,
8.281999999994433,LOWERING,0.23681344231923246,1356.8410776856779,43.43633036360713,-0.04124900847402096,323.55676539271224,1.6878299324542567,-0.8584910049039431,1.4531906534889212,0.9532159870166188,-4.1684983806167,-592.2938704895921,481.1127447040776,814.3923930299015,85.01459653047229,26.172245107848656,-0.005715852806929433,481.1127447040873,459.7591685227884,432.4518313975614,0.02384424318671563,400.0,0.8112343527237079,459.7353242796017,23.98938416386791,5.093347423866929,599.6177914246575,0.00019037493956641782,1.6370387470487913e-05,False,True,RELEASE,RELEASED,
8.29199999999441,LOWERING,0.2368208021867432,1356.8832466202923,43.43763843694158,-0.04125001223695258,323.55811536663197,1.687813923808603,-0.8585251712786683,1.453151874954275,0.9531924658110348,-4.168522161760963,-592.3156573688689,481.1338995366528,814.3740586830256,85.01496832854399,26.172463504901682,-0.0056740012310001475,481.13389953666604,459.77886910506754,432.45303559120987,0.02367305866738434,400.0,0.8112648997535105,459.75519604640016,23.989384362943845,5.093251951952969,599.6177983295797,0.0001889779953305748,1.63482333164211e-05,False,True,RELEASE,RELEASED,
8.301999999994386,LOWERING,0.23682810902699636,1356.9251117311003,43.43893708310016,-0.04125100877066173,323.5594556170953,1.687798036057133,-0.8585590918096272,1.4531133804315972,0.9531691155260008,-4.168545776004175,-592.337288114125,481.1549022934489,814.3558588485596,85.01533794579709,26.172680329807772,-0.0056324549306054905,481.1549022934586,459.798428033877,432.4542311134687,0.02350307786804251,400.0,0.8112952268875385,459.77492495600893,23.98938456055651,5.093157181783278,599.6178051837442,0.0001875913129394391,1.6326092350027466e-05,False,True,RELEASE,RELEASED,
8.311999999994363,LOWERING,0.23683536321375945,1356.9666751596328,43.440226354781714,-0.041251998456544085,323.5607862126042,1.6877822682667178,-0.8585927682251977,1.4530751678515945,0.9531459349355871,-4.1685692244586,-592.3587638138112,481.1757540415349,814.337792543151,85.01570539034708,26.172895593629647,-0.005591211700107124,481.1757540415428,459.8178463036389,432.455418025398,0.023334292742333673,400.0,0.8113253356731434,459.79451201089654,23.989384756716653,5.093063108206657,599.6178119875271,0.00018621481578229293,1.6303772667924932e-05,False,True,RELEASE,RELEASED,
8.32199999999434,LOWERING,0.23684256511828655,1357.0079390330188,43.441506345265566,-0.041252980692209375,323.5621072211999,1.6877666195117627,-0.8586262022422142,1.4530372351599512,0.9531229228224225,-4.168592508230098,-592.3800855492531,481.1964558408818,814.3198587906159,85.01607067036733,26.17310930735582,-0.005550269351033421,481.1964558408877,459.8371249021285,432.45659638764727,0.023166695279144278,400.0,0.8113552276473004,459.81395820684935,23.989384951434932,5.092969726112371,599.6178187412936,0.00018484843017585462,1.6281779608107172e-05,False,True,RELEASE,RELEASED,
8.331999999994316,LOWERING,0.23684971510933087,1357.0489054640584,43.44277710263505,-0.04125395594760126,323.5634187104656,1.687751088874068,-0.8586593955660091,1.4529995803171516,0.9531000779776425,-4.16861562841798,-592.4012543946617,481.21700874438994,814.3020566218472,85.01643379408063,26.173321481901027,-0.005509625709464672,481.2170087443988,459.85626481052185,432.4577662604587,0.023000277511414424,400.0,0.8113849043366684,459.83326453301044,23.98938514472192,5.092877030427243,599.6178254454135,0.0001834920831553788,1.6259836456811172e-05,False,True,RELEASE,RELEASED,
8.341999999994293,LOWERING,0.23685681355316165,1357.0895765513199,43.44403869252519,-0.04125492426100132,323.56472074753003,1.6877356754427422,-0.8586923498904794,1.452962201298346,0.9530773992008287,-4.168638586115012,-592.4222714171752,481.2374137979284,814.2843850747503,85.01679476975481,26.17353212810678,-0.005469278614896211,481.2374137979335,459.8752670034513,432.4589277036694,0.022835031530803462,400.0,0.8114143672576555,459.8524319719205,23.989385336588125,5.0927850161136305,599.6178321002506,0.00018214570096919402,1.623725825083966e-05,False,True,RELEASE,RELEASED,
8.35199999999427,LOWERING,0.23686386081357783,1357.1299543792175,43.445291186998986,-0.04125588550575299,323.56601339906865,1.6877203783141759,-0.8587250668981322,1.4529250960933067,0.9530548852999551,-4.168661382407376,-592.4431376768865,481.25767204036464,814.2668431942202,85.01715360570279,26.173741256741575,-0.005429225922284786,481.2576720403748,459.8941324490124,432.4600807767135,0.022670949456767175,400.0,0.8114436179164783,459.8714614995556,23.989385527043968,5.092693678172638,599.6178387061666,0.00018080921206564682,1.6215205505432095e-05,False,True,RELEASE,RELEASED,
8.361999999994246,LOWERING,0.23687085725192433,1357.1700410181052,43.44653463769964,-0.041256840033800285,323.56729673130803,1.6877051965920145,-0.8587575482602064,1.4528882627063266,0.9530325350913312,-4.168684018374927,-592.4638542269194,481.27778450363576,814.2494300321007,85.01751031028569,26.173948878501587,-0.005389465503867541,481.2777845036437,459.9128621088268,432.46122553862483,0.02250802346270575,400.0,0.8114726578092204,459.8903540853641,23.989385716099804,5.092603011639445,599.6178452635204,0.00017948254314248402,1.619334148017515e-05,False,True,RELEASE,RELEASED,
8.371999999994223,LOWERING,0.2368778032271064,1357.209838524359,43.447769113862805,-0.041257787764693396,323.56857081002755,1.6876901293870274,-0.858789795636722,1.4528516991560558,0.9530103473995504,-4.168706495091103,-592.4844221134503,481.297752212779,814.2321446470927,85.01786489190496,26.174155004010963,-0.005349995244955608,481.2977522127871,459.93145693809373,432.462362048039,0.022346245787048247,400.0,0.8115014884218953,459.9091106923067,23.989385903765914,5.092513011584609,599.617851772671,0.0001781656206656379,1.6170434491868946e-05,False,True,RELEASE,RELEASED,
8.3819999999942,LOWERING,0.23688469909560464,1357.2493489404615,43.44899468924612,-0.04125872849895005,323.5698357005635,1.6876751758171127,-0.8588218106765257,1.4528154034754774,0.9529883210574297,-4.1687288136228995,-592.5048423757424,481.3175761859629,814.2149861047562,85.01821735900467,26.174359643822413,-0.005310813048254204,481.3175761859743,459.9499178856025,432.4634903631973,0.022185608701477122,400.0,0.8115301112305134,459.927732276901,23.9893860900525,5.0924236731130845,599.6178582339696,0.00017685837007164196,1.6148949953276315e-05,False,True,RELEASE,RELEASED,
8.391999999994177,LOWERING,0.236891545211489,1357.2885742950846,43.4502114234263,-0.04125966236633675,323.57109146780925,1.6876603350071844,-0.8588535950173682,1.4527793737117494,0.9529664549059604,-4.168750975030912,-592.5251160461845,481.3372574345294,814.1979534774209,85.01856772006605,26.174562808417352,-0.005271916826814049,481.33725743453675,459.9682458937606,432.46461054194674,0.022026104511269295,400.0,0.8115585277011331,459.9462197892493,23.989386274969686,5.092334991369787,599.6178646477695,0.00017556072108337872,1.6127281696753926e-05,False,True,RELEASE,RELEASED,
8.401999999994153,LOWERING,0.2368983419264346,1357.3275166031783,43.45141936861056,-0.041260589662667456,323.5723381762205,1.6876456060891465,-0.858885150285969,1.4527436079261375,0.9529447477942502,-4.168772980369369,-592.5452441503348,481.3567969630371,814.1810458441635,85.01891598360777,26.174764508206607,-0.0052333045165369185,481.356796963048,459.986441898675,432.46572264174426,0.021867725589402198,400.0,0.8115867392899276,459.9645741730856,23.989386458527527,5.092246961534799,599.6178710144168,0.00017427260363422903,1.6104784208437195e-05,False,True,RELEASE,RELEASED,
8.41199999999413,LOWERING,0.23690508958973663,1357.3661778660564,43.452618596948525,-0.041261510195366315,323.5735758898169,1.6876309882018299,-0.8589164780981418,1.4527081041938779,0.9529231985794726,-4.168794830686389,-592.5652277069939,481.37619576933463,814.1642622907365,85.0192621581881,26.174964753530773,-0.005194974059577362,481.37619576933804,460.00450683016743,432.4668267196583,0.02171046435938706,400.0,0.8116147474432392,459.98279636580804,23.989386640735997,5.092159578823492,599.6178773342592,0.00017299394821090885,1.608309776202077e-05,False,True,RELEASE,RELEASED,
8.421999999994107,LOWERING,0.23691178854832237,1357.404560071466,43.45380916277759,-0.04126242418828404,323.5748046721841,1.687616480490879,-0.8589475800587153,1.4526728606040997,0.9529018061268106,-4.168816527023395,-592.5850677281509,481.3954548445166,814.1476019095285,85.01960625239087,26.175163554660532,-0.005156923413323966,481.3954548445248,460.0224416117794,432.4679228323716,0.021554313256274327,400.0,0.8116425535976489,460.00088729852314,23.989386821605,5.0920728384869465,599.6178836076394,0.00017172468648229966,1.6060713846854924e-05,False,True,RELEASE,RELEASED,
8.431999999994083,LOWERING,0.23691843914677033,1357.4426651936963,43.454991125668286,-0.0412633317295153,323.57602458647847,1.6876020821088296,-0.8589784577618045,1.4526378752597664,0.9528805693094045,-4.168838070416042,-592.6047652191614,481.4145751730834,814.1310637995455,85.01994827484367,26.17536092179733,-0.005119150561995411,481.4145751730926,460.04024716089606,432.4690110361835,0.021399264818057873,400.0,0.8116701591800254,460.018847896078,23.989387001144365,5.091986735810278,599.6178898348987,0.00017046474984372395,1.6038475791901874e-05,False,True,RELEASE,RELEASED,
8.44199999999406,LOWERING,0.23692504172731974,1357.4804951936342,43.45616455450022,-0.041264232673794,323.5772356954271,1.6875877922149152,-0.8590091127906794,1.4526031462775306,0.952859487008299,-4.168859461893366,-592.6243211786503,481.4335577328662,814.1146470663314,85.02028823419849,26.175556865073496,-0.005081653487195581,481.4335577328719,460.0579243886681,432.47009138701225,0.02124531156385956,400.0,0.8116975656075953,460.0366790771042,23.989387179363856,5.091901266112509,599.6178960163754,0.00016921406971981412,1.601624535396695e-05,False,True,RELEASE,RELEASED,
8.451999999994037,LOWERING,0.2369315966298877,1357.5180520188603,43.45732950634125,-0.041265127148668486,323.5784380613318,1.6875736099750422,-0.8590395467179336,1.452568671787618,0.9528385581123915,-4.168880702478254,-592.6437365986202,481.4524034951262,814.0983508219109,85.02062613913547,26.175751394552783,-0.005044430193038352,481.452403495136,460.0754742001475,432.4711639403965,0.02109244609931693,400.0,0.8117247742879937,460.05438175404817,23.989387356273152,5.091816424750125,599.6179021524065,0.00016797258099199297,1.599422000708728e-05,False,True,RELEASE,RELEASED,
8.461999999994013,LOWERING,0.23693810419208344,1357.5553376037337,43.45848605077391,-0.04126601497166711,323.57963174607175,1.6875595345617878,-0.8590697611055563,1.4525344499337842,0.9528177815183774,-4.168901793187526,-592.6630124644977,481.47111342460005,814.0821741847769,85.02096199836666,26.175944520230857,-0.005007478697962142,481.4711134246102,460.09289749426875,432.47222875149873,0.020940661058432397,400.0,0.8117517866193211,460.0719568332103,23.989387531881878,5.091732207107922,599.6179082433252,0.00016674021380591597,1.597193102043093e-05,False,True,RELEASE,RELEASED,
8.47199999999399,LOWERING,0.23694456474922213,1357.5923538694688,43.459634228742445,-0.041266896636398084,323.58081681110644,1.6875455651542781,-0.8590997575049699,1.4525004788731652,0.9527971561307015,-4.16892273503181,-592.6821497551492,481.489688479523,814.066116279811,85.02129582062793,26.17613625203571,-0.004970797036662589,481.48968847952887,460.1101951639242,432.47328587510765,0.020789949138020347,400.0,0.8117786039902086,460.08940521478615,23.98938770619958,5.0916486086081685,599.6179142894614,0.00016551690227295524,1.5949783005453355e-05,False,True,RELEASE,RELEASED,
8.481999999993967,LOWERING,0.2369509786343387,1357.6291027242148,43.46077410706645,-0.041267772006445574,323.58199331747744,1.6875317009382134,-0.8591295374570702,1.4524667567762848,0.9527766808615017,-4.168943529015522,-592.7011494429128,481.50812961165326,814.0501762382952,85.02162761468301,26.176326599828013,-0.004934383251907093,481.5081296116593,460.12736809596527,432.47433536563983,0.020640303064055843,400.0,0.8118052277798748,460.1067277929012,23.98938787923573,5.09156562470862,599.617920291146,0.0001643025825819322,1.5927814843053056e-05,False,True,RELEASE,RELEASED,
8.491999999993944,LOWERING,0.23695734617820288,1357.6655860631433,43.46190575976072,-0.0412686407630566,323.58316132581155,1.6875179411057195,-0.8591591024923585,1.4524332818268144,0.9527563546305634,-4.168964176137113,-592.720012493669,481.52643776635114,814.0343531977853,85.02195738931792,26.17651557340155,-0.004898235401697093,481.5264377663571,460.14441717126573,432.47537727714223,0.0204917156186184,400.0,0.8118316593581825,460.1239254556471,23.989388050999736,5.091483250894435,599.6179262487044,0.00016309718633156223,1.5905630334600573e-05,False,True,RELEASE,RELEASED,
8.50199999999392,LOWERING,0.23696366770933158,1357.7018057685168,43.463029223851734,-0.041269503463750135,323.58432089632265,1.687504284855331,-0.859188454130912,1.4524000522215756,0.9527361763652635,-4.1689846773887185,-592.7387398668211,481.5446138825637,814.0186463021173,85.02228515333718,26.17670318248358,-0.004862351562451295,481.5446138825704,460.16134326472843,432.4764116632945,0.020344179607718615,400.0,0.8118579000856986,460.1409990851207,23.989388221500953,5.0914014826849066,599.6179321624627,0.0001619006464865791,1.588348425229924e-05,False,True,RELEASE,RELEASED,
8.511999999993897,LOWERING,0.23696994355400483,1357.7377637097823,43.464144563260625,-0.04127036001183298,323.58547208881515,1.6874907313919807,-0.8592175938825382,1.4523670661704442,0.952716145000521,-4.169005033756619,-592.7573325154008,481.56265889291603,814.0030547013649,85.02261091557095,26.176889436735348,-0.004826729822639209,481.56265889292456,460.17814724535515,432.4774385774113,0.020197687898246386,400.0,0.8118839513137464,460.1579495574569,23.98938839074864,5.091320315633786,599.6179380327387,0.00016071289800123623,1.586126916208741e-05,False,True,RELEASE,RELEASED,
8.521999999993874,LOWERING,0.23697617403627905,1357.7734617436467,43.46525183746597,-0.04127121040726729,323.58661496268587,1.687477279926882,-0.8592465232468123,1.4523343218961995,0.9526962594787491,-4.169025246221079,-592.7757913860764,481.58057372373503,813.9875775517585,85.02293468486761,26.17707434575239,-0.004791368278802111,481.58057372373764,460.194829976265,432.47845807244397,0.020052233399553643,400.0,0.8119098143844651,460.17477774286544,23.989388558752008,5.091239745329306,599.6179438598551,0.00015953387810352382,1.5839141042306437e-05,False,True,RELEASE,RELEASED,
8.53199999999385,LOWERING,0.23698235947800064,1357.808901714154,43.46635111443157,-0.04127205443702263,323.5877495769275,1.6874639296775473,-0.8592752437131072,1.452301817634534,0.9526765187498012,-4.169045315756314,-592.7941174191825,481.59835929506914,813.9722140157003,85.02325647009549,26.177257919065088,-0.004756265046353292,481.59835929507443,460.21139231474183,432.47947020098417,0.019907809072208238,400.0,0.8119354906308659,460.1914845056696,23.98938872552019,5.091159767387589,599.6179496441273,0.0001583635203941114,1.5817216421964986e-05,False,True,RELEASE,RELEASED,
8.541999999993827,LOWERING,0.23698850019881937,1357.844085452762,43.467442433435515,-0.04127289256559921,323.5888759901304,1.6874506798676439,-0.8593037567606924,1.4522695516338333,0.9526569217709233,-4.169065243330592,-592.8123115487657,481.61601652074773,813.9569632616478,85.02357628013667,26.177440166139,-0.00472141825810013,481.6160165207562,460.22783511225924,432.4804750152652,0.019764407915033644,400.0,0.8119609813768953,460.2080707043442,23.98938889106225,5.091080377461525,599.6179553858688,0.0001572017633204581,1.579478850999294e-05,False,True,RELEASE,RELEASED,
8.551999999993804,LOWERING,0.23699459651620303,1357.8790147784277,43.468525857251386,-0.041273724685027595,323.58999426048456,1.6874375297270043,-0.8593320638587582,1.4522375221551818,0.9526374675067038,-4.169085029906149,-592.8303747026099,481.63354630839507,813.9418244641216,85.0238941238891,26.177621096375116,-0.004686826049123738,481.63354630840104,460.2441592144985,432.4814725671642,0.01962202294924964,400.0,0.811986287937488,460.22453719154925,23.989389055387196,5.0910015712334395,599.617961085394,0.00015604854352968545,1.5772597066643357e-05,False,True,RELEASE,RELEASED,
8.56199999999378,LOWERING,0.23700064874544985,1357.9136914976764,43.46960144533517,-0.041274550757275985,323.59110444578295,1.687424478491576,-0.8593601664665147,1.4522057274722517,0.952618154929024,-4.169104676439366,-592.8483078022911,481.6509495594917,813.9267968036509,85.02421001026644,26.17780071911041,-0.004652486577242598,481.6509495595002,460.26036546142313,432.4824629082039,0.019480647261559625,400.0,0.8120114116186163,460.2408848141616,23.989389218503966,5.090923344417919,599.6179667430108,0.00015490379871963,1.5750415968796005e-05,False,True,RELEASE,RELEASED,
8.571999999993757,LOWERING,0.23700665719970312,1357.9481174046875,43.47066925522508,-0.04127537078077466,323.5922066034235,1.687411525403317,-0.8593880660332295,1.4521741658711649,0.9525989830170105,-4.169124183880665,-592.8661117631982,481.6682271693975,813.911879466705,85.02452394819198,26.177979043618187,-0.004618398007778524,481.6682271694044,460.276454687282,432.4834460895558,0.01934027396947613,400.0,0.8120363537173483,460.25711441331254,23.98938938042142,5.090845692761477,599.6179723590283,0.0001537674676228562,1.5728840594420035e-05,False,True,RELEASE,RELEASED,
8.581999999993734,LOWERING,0.23701262218996566,1357.9822942813755,43.471729330954695,-0.041276185068015364,323.59330079041257,1.6873986697102699,-0.8594157639983541,1.4521428356505135,0.952579950756984,-4.169143553174866,-592.8837874946194,481.6853800274261,813.8970716457109,85.02483594660974,26.178156079108618,-0.004584558524925342,481.6853800274292,460.2924277206804,432.4844221620418,0.019200896255199495,400.0,0.8120611155219061,460.2732268244252,23.989389541148373,5.090768612040369,599.6179779337524,0.00015263948800114946,1.5707592638136703e-05,False,True,RELEASE,RELEASED,
8.59199999999371,LOWERING,0.2370185440251106,1358.0162238974533,43.47278173826158,-0.04127699340223111,323.5943870633667,1.6873859106663442,-0.859443261791478,1.4521117351211346,0.9525610571424133,-4.169162785260689,-592.9013358996981,481.702409016823,813.8823725389352,85.0251460144661,26.178331834728997,-0.004550966319811778,481.70240901683286,460.30828538458377,432.48539117613717,0.019062507334183465,400.0,0.8120856983117204,460.2892228772496,23.989389700693565,5.090692098060885,599.6179834674858,0.0001515197974137905,1.568497145854053e-05,False,True,RELEASE,RELEASED,
8.601999999993687,LOWERING,0.23702442301189675,1358.0499080105192,43.47382653354718,-0.04127779578099413,323.59546547851426,1.687373247531369,-0.8594705608324464,1.4520808626061148,0.9525423011738662,-4.169181881071071,-592.918757875515,481.7193150148317,813.8677813504888,85.02545416071823,26.17850631956408,-0.004517619598118472,481.7193150148359,460.3240284963412,432.4863531819717,0.018925100441379072,400.0,0.8121101033574908,460.30510339589983,23.989389859065678,5.0906161466608335,599.6179889605305,0.00015040833456492209,1.566291905419348e-05,False,True,RELEASE,RELEASED,
8.611999999993664,LOWERING,0.23703025945498132,1358.0833483661306,43.474863761710274,-0.04127859246813683,323.59653609169965,1.6873606795710665,-0.859497662531453,1.4520502164407054,0.9525236818589606,-4.169200841533335,-592.9360543131436,481.7360988927526,813.8532972902927,85.0257603943368,26.178679542636672,-0.004484516583261211,481.7360988927613,460.3396578677732,432.4873082293325,0.01878866888802122,400.0,0.8121343319212334,460.3208691988852,23.989390016273326,5.090540753709358,599.6179944131839,0.0001493050392982198,1.5640890865142865e-05,False,True,RELEASE,RELEASED,
8.62199999999364,LOWERING,0.2370360536569339,1358.1165466978832,43.475893471844756,-0.041279383617810715,323.5975989583842,1.6873482060569154,-0.8595245682890454,1.4520197949721694,0.9525051982123194,-4.169219667568928,-592.9532260976474,481.75276151594574,813.8389195739935,85.02606472429545,26.17885151290782,-0.004451655501725327,481.7527615159538,460.3551743051494,432.48825636766566,0.018653206004046297,400.0,0.8121583852563365,460.33652109914533,23.98939017232506,5.090465915105725,599.6179998257414,0.0001482098518863495,1.5618800603078853e-05,False,True,RELEASE,RELEASED,
8.631999999993617,LOWERING,0.23704180591824753,1358.1495047274761,43.476915734188,-0.041280168868631575,323.59865413364946,1.6873358262661642,-0.8595512794962047,1.4519895965597533,0.9524868492555221,-4.1692383600935905,-592.9702741081304,481.7693037438811,813.8246474229579,85.02636715957497,26.179022239277323,-0.004419034603074579,481.7693037438847,460.37057860925205,432.48919764607933,0.018518705164012772,400.0,0.8121822646076178,460.35205990408804,23.98939032722936,5.090391626781705,599.6180051985002,0.00014712271521588605,1.559672341500118e-05,False,True,RELEASE,RELEASED,
8.641999999993594,LOWERING,0.23704751653735467,1358.1822241648008,43.477930593645155,-0.041280948456883015,323.5997016721987,1.6873235394817672,-0.8595777975344002,1.45195961957459,0.952468634017056,-4.169256920017331,-592.9871992177731,481.7857264301692,813.8104800642211,85.02666770916136,26.179191730584012,-0.004386652139942271,481.78572643016895,460.3858715754077,432.4901321133442,0.01838515978909072,400.0,0.8122059712113748,460.3674864156186,23.98939048099466,5.090317884692289,599.6180105317521,0.00014604356668357354,1.5574597000522772e-05,False,True,RELEASE,RELEASED,
8.65199999999357,LOWERING,0.2370531858106386,1358.2147067080084,43.47893809498148,-0.041281722613168155,323.60074162836105,1.6873113449923587,-0.8596041237756958,1.4519298623996069,0.9524505515322726,-4.169275348244664,-593.0040022938944,481.80203042262815,813.7964167304481,85.0269663820478,26.179359995606326,-0.004354506388722257,481.8020304226343,460.40105399353234,432.49105981789745,0.018252563354621998,400.0,0.8122295062954388,460.3828014301777,23.989390633629327,5.090244684827468,599.6180158257857,0.0001449723489166388,1.555238645778445e-05,False,True,RELEASE,RELEASED,
8.661999999993547,LOWERING,0.23705881403244605,1358.2469540435816,43.47993831376529,-0.04128249082142393,323.60177405609164,1.687299242092154,-0.8596302595827209,1.4519003234294363,0.9524326008433404,-4.169293645674249,-593.0206841979304,481.8182165632661,813.7824566598838,85.02726318722674,26.17952704306245,-0.004322595625694703,481.8182165632704,460.41612664812817,432.49198080784413,0.018120909351466707,400.0,0.8122528710792325,460.3980057387767,23.98939078514166,5.090172023205559,599.6180210808907,0.00014390900412575292,1.5530238556493714e-05,False,True,RELEASE,RELEASED,
8.671999999993524,LOWERING,0.23706440149510108,1358.2789678464135,43.48093128281842,-0.04128325358043429,323.60279900897547,1.6872872300809403,-0.8596562063087942,1.451871001070338,0.9524147809991962,-4.169311813199201,-593.0372457855138,481.8342856883556,813.7685990963191,85.02755813369373,26.17969288161085,-0.004290918146239164,481.83428568836,460.4310903183485,432.4928951309586,0.017990191320848226,400.0,0.8122760667738192,460.41310012702763,23.989390935539898,5.090099895874213,599.6180262973526,0.00014285347505094137,1.5508413184761594e-05,False,True,RELEASE,RELEASED,
8.6819999999935,LOWERING,0.23706994848891727,1358.3107497798787,43.48191704686095,-0.04128401109516549,323.6038165402293,1.6872753082640621,-0.85968196529799,1.4518418937401456,0.9523970910555036,-4.169329851707167,-593.0536879065139,481.85023862847333,813.7548432890679,85.02785123044899,26.179857519850593,-0.00425947226358403,481.85023862848004,460.4459457780376,432.4938028346872,0.017860402860605973,400.0,0.812299094581953,460.428085375177,23.98939108483223,5.090028298908547,599.6180314754542,0.0001418057034614506,1.5485362155231996e-05,False,True,RELEASE,RELEASED,
8.691999999993477,LOWERING,0.2370754553022116,1358.342301495912,43.482895681826584,-0.04128476281431504,323.6048267027034,1.6872634759522662,-0.8597075378851237,1.451812999868103,0.9523795300746032,-4.169347762079996,-593.0700114050231,481.8660762084951,813.741188492879,85.02814248648708,26.18002096632168,-0.0042282562787931965,481.86607620849753,460.4606937957135,432.4947039661506,0.01773153757210366,400.0,0.8123219556981345,460.4429622581414,23.989391233026776,5.0899572284138,599.6180366154788,0.00014076563290998934,1.5463478007404774e-05,False,True,RELEASE,RELEASED,
8.701999999993454,LOWERING,0.23708092222131508,1358.3736246350688,43.48386722068962,-0.04128550920662272,323.6058295488856,1.687251732461805,-0.8597329253959011,1.4517843178949026,0.95236209712547,-4.169365545194209,-593.0862171194515,481.8817992476828,813.7276339679672,85.02843191080702,26.18018322950561,-0.004197268543975952,481.8817992476837,460.4753351346766,432.4955985721458,0.017603589135489983,400.0,0.8123446513086634,460.4577315455411,23.989391380131597,5.089886680523263,599.6180417177043,0.00013973320676097245,1.5441566802110174e-05,False,True,RELEASE,RELEASED,
8.71199999999343,LOWERING,0.2370863495305883,1358.4047208266156,43.48483171100669,-0.041286250382936894,323.60682513090205,1.6872400771142815,-0.8597581291469317,1.4517558462724967,0.9523447912836687,-4.169383201920811,-593.1023058825364,481.8974085596945,813.7141789799141,85.02871951240587,26.180344317825558,-0.004166507389982144,481.8974085597012,460.48987055300285,432.4964866991474,0.017476551271386143,400.0,0.8123671825916898,460.47239400173146,23.989391526154694,5.089816651399441,599.6180467824104,0.00013870836971907607,1.5418985412907205e-05,False,True,RELEASE,RELEASED,
8.721999999993407,LOWERING,0.237091737512431,1358.4355916885834,43.48578921712305,-0.0412869860434646,323.60781350051946,1.6872285092366246,-0.8597831504457587,1.4517275834640628,0.9523276116313071,-4.169400733125187,-593.1182785213525,481.91290495260364,813.7008227996508,85.02900530027497,26.18050423964675,-0.004135971172786412,481.91290495260426,460.5043008035352,432.49736839331086,0.017350417695638498,400.0,0.8123895507172688,460.4869503858396,23.989391671104023,5.0897471372302,599.6180518098711,0.00013769106436889444,1.539649156256928e-05,False,True,RELEASE,RELEASED,
8.731999999993384,LOWERING,0.23709708644729693,1358.4662388278543,43.48673978686169,-0.041287716275508014,323.60879470914904,1.6872170281610726,-0.8598079905909812,1.4516995279439135,0.9523105572569933,-4.169418139667423,-593.134135857393,481.928289228972,813.68756470342,85.0292892834048,26.180663003277047,-0.004105658262801626,481.92828922897627,460.51862663401414,432.49824370047384,0.017225182219021917,400.0,0.8124117568474095,460.5014014517951,23.98939181498746,5.089678134233405,599.6180568003622,0.00013668123562915468,1.5374563190562185e-05,False,True,RELEASE,RELEASED,
8.74199999999336,LOWERING,0.237102396613705,1358.4966638402236,43.48768345706432,-0.04128844142079646,323.6097688078464,1.6872056332251277,-0.8598326508722498,1.4516716781974508,0.9522936272557899,-4.169435422402094,-593.149878706567,481.9435621858481,813.6744039727502,85.02957147078229,26.18082061696696,-0.004075567030099592,481.94356218584625,460.532848787004,432.4991126661579,0.01710083864287526,400.0,0.8124338021361257,460.51574794836114,23.989391957812842,5.089609638654274,599.6180617541515,0.00013567882839549128,1.5352392097156553e-05,False,True,RELEASE,RELEASED,
8.751999999993338,LOWERING,0.23710766828825205,1358.5268683104753,43.488620281970086,-0.04128916139601835,323.610735847316,1.6871943237714873,-0.8598571325703633,1.4516440327210385,0.9522768207291721,-4.169452582178408,-593.1655078792523,481.95872461482594,813.661339894395,85.0298518713877,26.180977088910335,-0.004045695872605393,481.9587246148322,460.54696800002205,432.4999753355711,0.016977380853177237,400.0,0.8124556877294866,460.52999061916887,23.989392099587935,5.089541646767468,599.6180666715118,0.00013468378977155027,1.5330144947256485e-05,False,True,RELEASE,RELEASED,
8.761999999993314,LOWERING,0.23711290174562527,1358.5568538124496,43.48955031990468,-0.041289876011627875,323.611695877912,1.68718309914801,-0.8598814369573186,1.4516165900219316,0.9522601367849829,-4.169469619840244,-593.1810241803296,481.973777302075,813.6483717602983,85.03013049419656,26.18113242724455,-0.004016043186652496,481.9737773020827,460.5609850054886,432.50083175360993,0.01685480273908979,400.0,0.8124774147656686,460.5441302027495,23.98939224032045,5.089474154875509,599.6180715527075,0.0001336960677775778,1.530774443381233e-05,False,True,RELEASE,RELEASED,
8.771999999993291,LOWERING,0.23711809725861416,1358.5866219091165,43.49047361412588,-0.04129058543052371,323.6126489496407,1.6871719587076914,-0.859905565296324,1.451589348618251,0.9522435745373882,-4.169486536226005,-593.196428409192,481.98872102835054,813.635498867585,85.03040734817658,26.18128664005085,-0.003986607386650576,481.98872102835725,460.5749005308037,432.50168196486095,0.016733098238660205,400.0,0.8124989843750031,460.558167432565,23.98939238001805,5.089407159303228,599.618076398009,0.00013271560643968172,1.5285481822502334e-05,False,True,RELEASE,RELEASED,
8.781999999993268,LOWERING,0.2371232550981238,1358.6161741526475,43.49139020880871,-0.041291289785347345,323.6135951121639,1.6871609018085962,-0.8599295188419442,1.4515623070388186,0.9522271331068378,-4.169503332168978,-593.2117213598291,482.0035565690795,813.6227205184782,85.03068244228996,26.1814397353549,-0.003957386895194759,482.00355656908357,460.5887152983896,432.50252601360336,0.016612261346438117,400.0,0.8125203976800305,460.5721030370432,23.989392518688334,5.089340656404077,599.618081207677,0.00013174235177437765,1.5262814144989534e-05,False,True,RELEASE,RELEASED,
8.791999999993244,LOWERING,0.23712837553318533,1358.645512084477,43.49230014511323,-0.04129198927267571,323.61453441480035,1.687149927813856,-0.8599532988400778,1.4515354638231777,0.9522108116200196,-4.1695200084970905,-593.2269038208169,482.0182846943479,813.6100360203133,85.03095578549154,26.181591721127,-0.003928380149545774,482.0182846943547,460.6024300256924,432.50336394381094,0.01649228608107478,400.0,0.8125416557955523,460.5859377396113,23.989392656338858,5.089274642558092,599.6180859819733,0.0001307762500015741,1.5240614970934985e-05,False,True,RELEASE,RELEASED,
8.801999999993221,LOWERING,0.2371334588309689,1358.6746372353778,43.49320350590074,-0.04129268308250038,323.61546690652665,1.6871390360915621,-0.8599769065280138,1.4515088175214348,0.9521946092098172,-4.169536566032894,-593.2419765753484,482.03290616893736,813.5974446854557,85.0312273867233,26.181742605282317,-0.0038995855943539937,482.0329061689386,460.6160454252084,432.504195799153,0.01637316648606202,400.0,0.8125627598286762,460.59967225872236,23.989392792977096,5.089209114176983,599.6180907211567,0.00012981725243044195,1.5218547446238517e-05,False,True,RELEASE,RELEASED,
8.811999999993198,LOWERING,0.2371385052567953,1358.7035511255256,43.49410028432392,-0.04129337254446548,323.6163926359818,1.6871282260147724,-0.8600003431345394,1.4514823666942107,0.952178525015269,-4.16955300559383,-593.2569404012994,482.04742175238806,813.5849458312823,85.03149725491969,26.181892395681487,-0.003871001690185949,482.04742175239505,460.62956220456016,432.5050216229974,0.016254896671398456,400.0,0.8125837108788638,460.61330730788876,23.989392928610496,5.089144067693632,599.6180954254876,0.0001288653060953493,1.519617251233285e-05,False,True,RELEASE,RELEASED,
8.821999999993174,LOWERING,0.2371435150741493,1358.7322552645771,43.49499057156883,-0.04129405663306686,323.61731165146756,1.6871174969614922,-0.8600236098799653,1.4514561099126089,0.9521625581815247,-4.169569327992153,-593.2717960712505,482.061832199014,813.5725387801651,85.03176539900733,26.18204110013078,-0.0038426269014735226,482.06183219901726,460.642981066474,432.5058414584119,0.016137470761236727,400.0,0.8126045100379814,460.6268435957128,23.989393063246432,5.089079499566189,599.6181000952215,0.00012792035758568687,1.5173347264862969e-05,False,True,RELEASE,RELEASED,
8.831999999993151,LOWERING,0.23714848854468903,1358.760751151723,43.49587438813424,-0.04129473600711249,323.61822400095184,1.6871068483145342,-0.860046707976155,1.451430045758038,0.9521467078598035,-4.169585534034802,-593.286544352492,482.0761382579255,813.5602228593827,85.03203182789535,26.18218872638257,-0.003814459710383744,482.0761382579291,460.6563027088531,432.5066553481668,0.01602088292992221,400.0,0.8126251583903541,460.6402818259232,23.98939319689224,5.089015406281194,599.6181047306113,0.00012698235619712506,1.5151563502513454e-05,False,True,RELEASE,RELEASED,
8.841999999993128,LOWERING,0.2371534259282599,1358.7890402757678,43.496751806463145,-0.04129541007386714,323.61912973207035,1.687096279461638,-0.8600696386266307,1.4514041728222902,0.9521309732073547,-4.169601624523728,-593.301186007104,482.0903406730895,813.547997401168,85.03229655048897,26.182335282135654,-0.00378649861249869,482.0903406731003,460.6695278247853,432.50746333473626,0.01590512738579264,400.0,0.8126456570128062,460.6536226973995,23.98939332955519,5.088951784349776,599.6181093319108,0.0001260512503211686,1.5129218240872433e-05,False,True,RELEASE,RELEASED,
8.851999999993104,LOWERING,0.23715832748290516,1358.8171241151906,43.497622840061815,-0.04129607964361681,323.6200288921274,1.6870857897952696,-0.8600924030265671,1.4513784897073243,0.9521153533874143,-4.169617600255581,-593.3157217919389,482.1044401833258,813.5358617425867,85.03255957567539,26.182480775035348,-0.003758742096692913,482.1044401833313,460.6826571025587,432.5082654602994,0.015790198355148277,400.0,0.8126660069747126,460.6668669042036,23.98939346124251,5.088888630307191,599.6181138993713,0.00012512698763611496,1.510669039817003e-05,False,True,RELEASE,RELEASED,
8.861999999993081,LOWERING,0.2371631934648787,1358.8450041382175,43.49848755558885,-0.041296744246324193,323.62092152810123,1.6870753787126753,-0.8601150023629225,1.451352995025244,0.9520998475691652,-4.1696334620221105,-593.330152458709,482.1184375223906,813.5238152255441,85.03282091233086,26.182625212674363,-0.003731188686629139,482.118437522395,460.6956912257662,432.5090617667442,0.015676090154272515,400.0,0.8126862093380428,460.68001513561194,23.989393591961367,5.088825940714806,599.6181184332393,0.00012420951676617165,1.5084406186360866e-05,False,True,RELEASE,RELEASED,
8.871999999993058,LOWERING,0.23716802412865534,1358.8726818028822,43.49934600254425,-0.041297403814916284,323.6218076866437,1.6870650456158185,-0.8601374378144221,1.451327687398247,0.9520844549276963,-4.169649210609893,-593.3444787539735,482.1323334189642,813.5118571967516,85.03308056931799,26.182768602592756,-0.003703836901649993,482.1323334189645,460.7086308732428,432.5098522956684,0.015562797091035918,400.0,0.8127062651574207,460.69306807615175,23.989393721718866,5.088763712164495,599.6181229337603,0.00012329879148786915,1.5062545003274863e-05,False,True,RELEASE,RELEASED,
8.881999999993035,LOWERING,0.23717281972694376,1358.900158557099,43.50019819994827,-0.04129805900418095,323.62268741408246,1.687054789911353,-0.8601597105516273,1.4513025654585543,0.9520691746439611,-4.169664846800425,-593.3587014191831,482.14612859669353,813.4999870076947,85.03333855548516,26.182910952278238,-0.0036766852740584,482.14612859669484,460.7214767191393,432.5106370883808,0.015450313514918435,400.0,0.8127261754801633,460.70602640562436,23.989393850522074,5.088701941269466,599.6181274011831,0.0001223947625765831,1.5040292055346072e-05,False,True,RELEASE,RELEASED,
8.891999999993011,LOWERING,0.2371775805106961,1358.9274358387177,43.50104421113617,-0.041298709400355925,323.62356075642407,1.6870446110105346,-0.8601818217370095,1.4512776278482646,0.9520540059047391,-4.1696803713702275,-593.3728211907188,482.1598237742377,813.4882040145608,85.03359487966327,26.18305226916673,-0.003649732349003898,482.1598237742373,460.7342294329604,432.51141618590395,0.015338633822523207,400.0,0.812745941346329,460.71889079913785,23.989393978378004,5.088640624664351,599.6181318357492,0.00012149737825151163,1.5018320368653804e-05,False,True,RELEASE,RELEASED,
8.901999999992988,LOWERING,0.23718230672912163,1358.9545150756012,43.50188408550391,-0.0412993549157139,323.6244277593558,1.6870345083292835,-0.8602037725249848,1.451252873219417,0.9520389479025939,-4.1696957850908305,-593.3868387999233,482.17341966528943,813.4765075782766,85.03384955067233,26.183192560642627,-0.0036229766809583452,482.1734196652904,460.74688967958525,432.5121896289759,0.015227752445866827,400.0,0.8127655637887675,460.7316619271394,23.989394105293616,5.0885797590141415,599.6181362376988,0.00012060659201740265,1.4995955098129343e-05,False,True,RELEASE,RELEASED,
8.911999999992965,LOWERING,0.2371869986296964,1358.9813976856842,43.50271785928161,-0.041299995770062166,323.62528846824665,1.6870244812880157,-0.8602255640619753,1.4512283002337554,0.9520239998358352,-4.169711088728782,-593.400754973126,482.18691697861124,813.4648970643825,85.03410257731109,26.183331834038967,-0.0035964168330337998,482.1869169786197,460.75945811928443,432.51295745805106,0.015117663845842344,400.0,0.8127850438331595,460.7443404554386,23.989394231275813,5.088519341005284,599.6181406072726,0.00011972235524027042,1.4973437032494985e-05,False,True,RELEASE,RELEASED,
8.921999999992941,LOWERING,0.23719165645817533,1359.008085077038,43.50354558034269,-0.041300631896934684,323.62614292815067,1.6870145293117305,-0.8602471974864587,1.4512039075628116,0.95200916090848,-4.1697262830457325,-593.4145704316845,482.200316418067,813.4533718430839,85.03435396836532,26.18347009663796,-0.0035700513866459005,482.2003164180702,460.7719354077604,432.5137197133035,0.015008362518017293,400.0,0.8128043824980675,460.7569270452424,23.989394356331456,5.088459367349434,599.6181449447076,0.00011884462031019893,1.495138837981358e-05,False,True,RELEASE,RELEASED,
8.931999999992918,LOWERING,0.23719628045860378,1359.03457864794,43.50436728000291,-0.04130126361867559,323.62699118380914,1.6870046518298918,-0.8602686739290084,1.4511796938877422,0.9519944303302103,-4.1697413687983635,-593.4282858920034,482.2136186826479,813.4419312891697,85.03460373260236,26.183607355671324,-0.0035438789180943786,482.21361868265376,460.7843221961959,432.5144764346279,0.014899843010084624,400.0,0.8128235807949856,460.7694223531858,23.989394480467343,5.088399834783486,599.6181492502412,0.00011797334104723944,1.4928672499081586e-05,False,True,RELEASE,RELEASED,
8.941999999992895,LOWERING,0.23720087087332764,1359.060879786929,43.50518300488261,-0.04130189088382171,323.6278332796518,1.68699484827643,-0.8602899945123821,1.4511556578992835,0.9519798073163374,-4.169756346738592,-593.4419020655874,482.22682446652345,813.4305747819878,85.03485187877283,26.183743618320527,-0.003517898029713251,482.22682446652556,460.7966191312534,432.51522766164203,0.014792099893838895,400.0,0.8128426397283809,460.78182703135957,23.989394603690243,5.088340740066252,599.6181535241069,0.00011710846979884337,1.4906748901921674e-05,False,True,RELEASE,RELEASED,
8.951999999992871,LOWERING,0.23720542794300495,1359.086989872875,43.50599281235335,-0.04130251337617068,323.62866925979915,1.6869851180896995,-0.8603111603515092,1.451131798297714,0.9519652910877601,-4.169771217613339,-593.4554196590381,482.2399344590374,813.419301705432,85.03509841560825,26.183878891717125,-0.003492107326678706,482.23993445903557,460.80882685511625,432.51597343368775,0.014685127775976525,400.0,0.8128615602957433,460.7941417273403,23.989394726006857,5.0882820799794155,599.6181577665393,0.00011624995840620045,1.4884735492159962e-05,False,True,RELEASE,RELEASED,
8.961999999992848,LOWERING,0.2372099519066173,1359.1129102750406,43.50679673907265,-0.04130313126795238,323.6294991680643,1.686975460712399,-0.8603321725535835,1.451108113792712,0.9519508808709304,-4.169785982164691,-593.4688393741039,482.2529493447614,813.4081114478649,85.035343351819,26.18401318294304,-0.003466505420874455,482.2529493447633,460.8209460055116,432.51671378983303,0.01457892129371885,400.0,0.8128803434876272,460.80636708421787,23.989394847423856,5.088223851325323,599.6181619777694,0.00011539775650248885,1.4861902855045628e-05,False,True,RELEASE,RELEASED,
8.971999999992825,LOWERING,0.23721444300148067,1359.138642353147,43.50759481446684,-0.04130374489713666,323.63032304795524,1.6869658755916133,-0.860353032218122,1.4510846031033686,0.9519365758978113,-4.169800641130016,-593.4821619077242,482.26586980353295,813.3970034021345,85.03558669609954,26.18414649903097,-0.0034410909385087507,482.265869803537,460.83297721575,432.51744876887403,0.014473475125953428,400.0,0.8128989902876945,460.81850374062407,23.98939496794785,5.088166050935999,599.6181661580235,0.00011455181965036587,1.484064864598622e-05,False,True,RELEASE,RELEASED,
8.981999999992802,LOWERING,0.23721890146325522,1359.1641874574273,43.50838708955124,-0.04130435407769715,323.631140942677,1.6869563621787202,-0.8603737404369912,1.4510612649580725,0.951922375405841,-4.169815195241851,-593.4953879520366,482.2786965104708,813.3859769655126,85.03582845712238,26.184278846964727,-0.0034158625211375693,482.2786965104716,460.8449211147481,432.5181784093368,0.014368783983286448,400.0,0.8129175016727666,460.8305523307648,23.989395087585397,5.088108675663189,599.6181703075322,0.00011371210058008785,1.4817597730143461e-05,False,True,RELEASE,RELEASED,
8.991999999992778,LOWERING,0.2372233275259593,1359.1895469287076,43.5091736228059,-0.04130495843775394,323.6319528951331,1.686946919929367,-0.8603942982944741,1.4510380980944433,0.9519082786378946,-4.169829645228015,-593.508518194428,482.2914301360159,813.3750315396621,85.03606864354035,26.18441023367942,-0.0033908188077020895,482.29143013602123,460.85677832706494,432.5189027494786,0.014264842621628304,400.0,0.8129358786128603,460.8425134844433,23.989395206343012,5.0880517223848205,599.6181744265193,0.00011287855518737899,1.4795406968914904e-05,False,True,RELEASE,RELEASED,
9.001999999992755,LOWERING,0.2372277214219759,1359.2147220984446,43.509954420465974,-0.04130555884862427,323.63275894792815,1.6869375483034705,-0.8604147068673001,1.4510151012593153,0.9518942848422458,-4.1698439918115575,-593.5215533175433,482.30407134595106,813.3641665306384,85.036307263987,26.18454066606195,-0.003365958454878637,482.3040713459528,460.8685494729074,432.5196218272908,0.014161645812123425,400.0,0.8129541220712405,460.85438782709525,23.989395324227154,5.087995188001105,599.6181785152094,0.00011205113904910746,1.4773414477531333e-05,False,True,RELEASE,RELEASED,
9.011999999992732,LOWERING,0.23723208338206747,1359.2397142888099,43.51072954480102,-0.04130615483342053,323.63355914337,1.686928246765139,-0.860434967224729,1.4509922732086082,0.9518803932725317,-4.169858235710922,-593.5344939993446,482.3166208014504,813.3533813488159,85.03654432707387,26.184670150951305,-0.003341280131280655,482.3166208014518,460.8802351681987,432.5203356804997,0.014059188382077537,400.0,0.8129722330044655,460.8661759798166,23.98939544124425,5.087939069432673,599.6181825738277,0.00011122980609101774,1.4750591049050854e-05,False,True,RELEASE,RELEASED,
9.021999999992708,LOWERING,0.23723641363538264,1359.264524812728,43.51149903356821,-0.041306746494824194,323.6343535234701,1.6869190147826312,-0.8604550804285236,1.4509696127072906,0.9518666031877132,-4.169872377639641,-593.5473409130847,482.32907915906554,813.3426754088744,85.03677984138791,26.18479869513862,-0.003316782505521587,482.32907915907066,460.8918360245518,432.5210443465681,0.0139574651649923,400.0,0.8129902123624244,460.87787855938683,23.98939555740067,5.087883363621318,599.618186602593,0.00011041450922100182,1.4728524206475413e-05,False,True,RELEASE,RELEASED,
9.031999999992685,LOWERING,0.23724071240947076,1359.2891549739609,43.51226292868332,-0.04130733382896248,323.6351421299471,1.686909851828365,-0.8604750475331123,1.450947118529302,0.951852913852042,-4.169886418306863,-593.5600947274179,482.34144707082055,813.3320481297624,85.03701381549732,26.184926305367775,-0.0032924642665648207,482.3414470708234,460.9033526493468,432.5217478626972,0.013856471048200092,400.0,0.8130080610883816,460.8894961782986,23.989395672702745,5.087828067534513,599.6181906017246,0.0001096052047024898,1.470601034725405e-05,False,True,RELEASE,RELEASED,
9.041999999992662,LOWERING,0.23724497993029026,1359.3136060671552,43.5130212737775,-0.041307916783924585,323.6359250042286,1.686900757378873,-0.8604948695855608,1.4509247894575183,0.9518393245350193,-4.169900358417041,-593.5727561063766,482.3537251841992,813.3214989346841,85.0372462579481,26.18505298833568,-0.0032683241081485903,482.3537251842009,460.91478564574874,432.52244626582905,0.013756200961381637,400.0,0.8130257801190222,460.90102944478735,23.98939578715674,5.087773178163664,599.6181945714393,0.00010880185053974145,1.4683875861010165e-05,False,True,RELEASE,RELEASED,
9.051999999992638,LOWERING,0.23724921642221877,1359.3378793778998,43.5137740975397,-0.04130849565843381,323.63670218745216,1.6868917309147458,-0.8605145476256032,1.4509026242836736,0.9518258345113627,-4.169914198669895,-593.5853257093902,482.3659141421627,813.3110272510559,85.03747717726151,26.185178750692405,-0.003244360726512241,482.3659141421654,460.9261356127047,432.5231395926474,0.013656649846552682,400.0,0.8130433703844948,460.91247896285813,23.98939590076889,5.0877186925223645,599.6181985119542,0.00010800440518998755,1.4661447607977607e-05,False,True,RELEASE,RELEASED,
9.061999999992615,LOWERING,0.2372534221080652,1359.3619761827954,43.51452143951197,-0.04130907048458719,323.637473720468,1.6868827719206063,-0.8605340826857671,1.4508806218082566,0.9518124430609698,-4.169927939760742,-593.5978041913619,482.37801458322474,813.3006325104583,85.03770658193595,26.185303599041656,-0.003220572840632485,482.37801458322673,460.93740314499445,432.52382787957987,0.013557812679152903,400.0,0.8130608328084576,460.9238453323153,23.98939601354538,5.087664607641808,599.6182024234847,0.00010721282359149598,1.4639277196693001e-05,False,True,RELEASE,RELEASED,
9.071999999992592,LOWERING,0.23725759720907844,1359.3858977495051,43.515263360907085,-0.04130964076905191,323.63823964384034,1.6868738798850977,-0.8605534757913325,1.4508587808405273,0.9517991494688814,-4.169941582380187,-593.6101922026473,482.39002714142924,813.290314148647,85.03793448044601,26.185427539940967,-0.003196959166984925,482.3900271414271,460.9485888332626,432.52451116279923,0.013459684475662925,400.0,0.8130781683081173,460.9351291487869,23.989396125492352,5.087610920579254,599.618206306242,0.00010642706478058983,1.4616998555538885e-05,False,True,RELEASE,RELEASED,
9.081999999992568,LOWERING,0.237261741944959,1359.4096453368206,43.5159998763515,-0.04131020712650811,323.6389999978502,1.6868650543008208,-0.8605727279604696,1.4508371001983602,0.9517859530252469,-4.169955127214486,-593.6224903891332,482.4019524464318,813.2800716054734,85.03816088124232,26.185550579902124,-0.003173518443759349,482.4019524464343,460.9596932640531,432.52518947822523,0.013362260303665607,400.0,0.8130953777942663,460.94633100374944,23.9893962366159,5.087557628410221,599.6182101604402,0.00010564708520899302,1.4594446838600561e-05,False,True,RELEASE,RELEASED,
9.091999999992545,LOWERING,0.2372658565338691,1359.4332201947186,43.51673103518674,-0.041310769334143294,323.63975482249646,1.6868562946643502,-0.8605918402042239,1.4508155787082826,0.9517728530252879,-4.1699685749453375,-593.6346993922339,482.41379112349205,813.2699043249081,85.03838579275376,26.185672725391406,-0.003150249403347516,482.4137911234985,460.97071701979735,432.525862861527,0.013265535233358605,400.0,0.8131124621713377,460.957451484564,23.989396346922074,5.087504728232737,599.6182139862879,0.00010487284247595596,1.4571826000064902e-05,False,True,RELEASE,RELEASED,
9.101999999992522,LOWERING,0.23726994119244174,1359.456623564415,43.51745687452968,-0.04131132745496069,323.64050415749745,1.686847600476121,-0.860610813526552,1.4507942152053181,0.9517598487692639,-4.169981926249854,-593.6468198489085,482.4255437934974,813.2598117549592,85.03860922337891,26.185793982829786,-0.003127150796785827,482.42554379349707,460.9816606788642,432.5265313481237,0.013169504366203455,400.0,0.8131294223374426,460.968491174498,23.989396456416888,5.087452217162898,599.6182177839937,0.00010410429169560587,1.4549660591001157e-05,False,True,RELEASE,RELEASED,
9.111999999992499,LOWERING,0.23727399613579192,1359.479856678428,43.518177432363764,-0.041311881524557864,323.6412480422944,1.6868389712404748,-0.8606296489244263,1.4507730085329829,0.9517469395624372,-4.169995181800822,-593.6588523917274,482.4372110730247,813.249793347677,85.03883118149461,26.185914358593486,-0.003104221385456185,482.4372110730284,460.9925248156231,432.52719497318657,0.013074162871475892,400.0,0.8131462591844086,460.9794506527516,23.9893965651063,5.08740009234428,599.6182215537629,0.00010334139396572795,1.4526881273013714e-05,False,True,RELEASE,RELEASED,
9.121999999992475,LOWERING,0.23727802157752642,1359.5029207606342,43.518892742239,-0.041312431677988856,323.64198651605074,1.6868304064655961,-0.8606483473878348,1.4507519575432168,0.9517341247150377,-4.1700083422665575,-593.6707976488735,482.44879357433956,813.2398485591164,85.03905167545196,26.186033859013893,-0.0030814599311952406,482.44879357434155,461.003310000384,432.52785377164025,0.012979505901341781,400.0,0.8131629735978207,460.99033049448263,23.98939667299623,5.087348350938623,599.6182252958022,0.00010258410815122687,1.4505195622405154e-05,False,True,RELEASE,RELEASED,
9.131999999992452,LOWERING,0.23728201772975435,1359.5258170263296,43.519602853116325,-0.04131297767497693,323.642719617657,1.6868219056635065,-0.8606669098998724,1.4507310610963249,0.9517214035422288,-4.1700214083111,-593.6826562441977,482.4602919054546,813.2299768493131,85.03927071357865,26.186152490378348,-0.003058865213915851,482.4602919054571,461.01401679953386,432.5285077781654,0.012885528697268,400.0,0.8131795664570642,461.0011312708366,23.98939678009255,5.087296990126715,599.6182290103168,0.00010183239179273329,1.4483222912531346e-05,False,True,RELEASE,RELEASED,
9.141999999992429,LOWERING,0.23728598480309512,1359.5485466822738,43.52030779054413,-0.041313519828912,323.64344738572936,1.6868134683499447,-0.860685337436697,1.4507103180608627,0.9517087753640744,-4.170034380593849,-593.6944287971857,482.4717066701035,813.220177682221,85.03948830416883,26.18627025892984,-0.0030364360160319848,482.47170667010585,461.02464577544754,432.5291570271988,0.01279222647434608,400.0,0.8131960386353719,461.0118535489732,23.989396886401106,5.087246007108268,599.6182326975072,0.0001010862012513769,1.4460618103839806e-05,False,True,RELEASE,RELEASED,
9.151999999992405,LOWERING,0.2372899230066917,1359.5711109267686,43.52100760345239,-0.04131405788723675,323.6441698586142,1.6868050940444896,-0.8607036309676921,1.4506897273136905,0.9516962395055022,-4.170047259770129,-593.7061159230717,482.4830384678362,813.2104505257505,85.03970445549905,26.186387170867885,-0.0030141711310989194,482.48303846783864,461.0351974865988,432.52980155293625,0.012699594510763745,400.0,0.8132123909998511,461.02249789208804,23.989396991927688,5.087195399106917,599.6182363575751,0.00010034549612392141,1.4438275456996053e-05,False,True,RELEASE,RELEASED,
9.161999999992382,LOWERING,0.23729383254821723,1359.5935109496932,43.5217023106143,-0.041314592312495076,323.64488707438903,1.6867967822703913,-0.8607217914554454,1.4506692877397918,0.9516837952962733,-4.17006004649088,-593.7177182328106,482.49428789401003,813.2007948516699,85.03991917581517,26.186503232348507,-0.002992069362790062,482.49428789401117,461.0456724875705,432.5304413893341,0.01260762812557914,400.0,0.8132286244115374,461.03306485944495,23.98939709667803,5.087145163368908,599.6182399907182,9.961023841231764e-05,1.4416165072361764e-05,False,True,RELEASE,RELEASED,
9.171999999992359,LOWERING,0.2372977136338866,1359.6157479325716,43.52239196889533,-0.041315122649405116,323.6455990708632,1.6867885325545906,-0.8607398198557692,1.450648998232284,0.9516714420709438,-4.170072741402601,-593.7292363330985,482.50545553980135,813.1912101356154,85.04013247333387,26.186618449484488,-0.0029701295219410895,482.5054555398088,461.056071329051,432.5310765701097,0.012516322653709722,400.0,0.81324473972543,461.0435550063973,23.989397200657844,5.087095297156279,599.6182435971366,9.888038640770702e-05,1.4393521837519074e-05,False,True,RELEASE,RELEASED,
9.181999999992335,LOWERING,0.23730156646846615,1359.6378230486287,43.52307660411785,-0.04131564917907573,323.64630588558106,1.686780344427726,-0.8607577171178141,1.4506288576923618,0.9516591791688368,-4.170085345147687,-593.7406708264442,482.51654199227374,813.1816958570657,85.04034435624888,26.186732828345775,-0.002948350427573132,482.5165419922733,461.0663945578606,432.53170712874453,0.012425673442692187,400.0,0.8132607377905329,461.0539688844179,23.989397303872796,5.087045797755205,599.6182471770251,9.815590230566329e-05,1.4371351994668657e-05,False,True,RELEASE,RELEASED,
9.191999999992312,LOWERING,0.23730539125528183,1359.659737462836,43.523756250092916,-0.04131617198514315,323.64700755582317,1.6867722174240336,-0.8607754841840477,1.450608865029202,0.9516470059340059,-4.170097858364125,-593.7520223111469,482.52754783436694,813.1722514992919,85.04055483272283,26.18684637495977,-0.002926730901094743,482.5275478343719,461.07664271702157,432.5323330984844,0.012335675901340437,400.0,0.8132766194498932,461.06430704112023,23.9893974063285,5.086996662468078,599.6182507305803,9.743674528905899e-05,1.434913724551734e-05,False,True,RELEASE,RELEASED,
9.201999999992289,LOWERING,0.2373091881962314,1359.6814923319832,43.52443095566652,-0.041316690785258084,323.6477041186082,1.6867641510813767,-0.8607931219903733,1.450589019159922,0.9516349217152039,-4.170110281685894,-593.7632913813824,482.5384736449679,813.1628765493411,85.04076391089272,26.186959095311547,-0.0029052697897213875,482.5384736449712,461.08681634574924,432.53295451234186,0.0122463254641616,400.0,0.813292385540638,461.0745700202851,23.98939750803055,5.086947888617597,599.6182542579936,9.67228753294691e-05,1.4326626228466921e-05,False,True,RELEASE,RELEASED,
9.211999999992265,LOWERING,0.23731295749179132,1359.7030888047154,43.525100744906325,-0.04131720588365652,323.64839561069454,1.6867561449411959,-0.8608106314660888,1.4505693190095528,0.9516229258658485,-4.170122615742582,-593.7744786271662,482.5493199988874,813.1535704980241,85.04097159886709,26.18707099534417,-0.0028839659335062606,482.54931999889124,461.09691597946784,432.53357140309777,0.012157617577770452,400.0,0.8133080368940234,461.08475836189007,23.98939760898447,5.086899473550644,599.6182577594584,9.60142566999167e-05,1.4304278352028632e-05,False,True,RELEASE,RELEASED,
9.221999999992242,LOWERING,0.2373166993410277,1359.7245280215973,43.52576564912464,-0.041317717405041664,323.64908206858195,1.6867481985484494,-0.8608280135339793,1.4505497635109186,0.9516110177439916,-4.170134861159635,-593.7855846344156,482.56008746691595,813.1443328398525,85.04117790472364,26.187182080958927,-0.002862818185803917,482.56008746691674,461.1069421498647,432.53418380330226,0.012069547735734432,400.0,0.8133235743354635,461.094872602129,23.989397709195764,5.086851414627694,599.6182612351658,9.531084874137008e-05,1.4282027223089244e-05,False,True,RELEASE,RELEASED,
9.231999999992219,LOWERING,0.23732041394160633,1359.7458111151702,43.52642572326697,-0.04131822490256442,323.6497635285138,1.686740311451665,-0.8608452691103806,1.4505303516046588,0.951599196712285,-4.17014701855847,-593.7966099849909,482.5707766158618,813.1351630730574,85.04138283651724,26.187292358015732,-0.0028418254040616375,482.570776615858,461.11689538490225,432.5347917452767,0.011982111462032208,400.0,0.8133389986845748,461.1049132734402,23.989397808669896,5.086803709230466,599.6182646853056,9.461261266974219e-05,1.4259940030569851e-05,False,True,RELEASE,RELEASED,
9.241999999992196,LOWERING,0.23732410148980043,1359.7669392099979,43.527080978030405,-0.04131872898186315,323.65044002647807,1.686732483202802,-0.8608623991051574,1.4505110822390856,0.9515874621379506,-4.170159088556218,-593.8075552566777,482.58138800853993,813.1260606995116,85.04158640226693,26.18740183233323,-0.0028209864627797288,482.5813880085442,461.12677620883716,432.53539526111496,0.011895304306790422,400.0,0.8133543107552127,461.11488090453037,23.98939790741228,5.086756354760952,599.618268110064,9.391951105452989e-05,1.423771152531117e-05,False,True,RELEASE,RELEASED,
9.251999999992172,LOWERING,0.2373277621805011,1359.7879134227228,43.52773146263143,-0.041319229320968424,323.6511115982097,1.6867247133573546,-0.8608794044218196,1.450491954370235,0.9515758133927464,-4.170171071766076,-593.8184210232628,482.59192220384125,813.1170252247657,85.04178860997068,26.187510509689197,-0.0028003002378227393,482.5919222038469,461.13658514224716,432.5359943826855,0.01180912184815952,400.0,0.8133695113555087,461.124776020399,23.9893980054283,5.08670934863819,599.618271509629,9.323150478657283e-05,1.421506681253959e-05,False,True,RELEASE,RELEASED,
9.261999999992149,LOWERING,0.2373313962072262,1359.8087348621214,43.528377203157696,-0.04131972614520551,323.6517782791921,1.686717001474174,-0.8608962859575063,1.450472966961674,0.9515642498529375,-4.170182968797034,-593.8292078545174,482.6023797567243,813.1080561579428,85.04198946758956,26.187618395820834,-0.002779765618925012,482.60237975672317,461.14632270205925,432.53658914163276,0.011723559691802166,400.0,0.8133846012879166,461.13459914236745,23.98939810272329,5.086662688304309,599.6182748841845,9.254855892848468e-05,1.4191726904755342e-05,False,True,RELEASE,RELEASED,
9.271999999992126,LOWERING,0.23733500376212938,1359.8294046291528,43.529018245610246,-0.04132021919752107,323.6524401046583,1.6867093471155499,-0.8609130446030271,1.450454118984572,0.9515527708992607,-4.170194780253956,-593.8399163162309,482.6127612182413,813.0991530117823,85.04218898305751,26.187725496424864,-0.0027593814952524554,482.61276121824466,461.1559894015627,432.5371795693777,0.011638613463958336,400.0,0.8133995813492447,461.14435078809873,23.989398199302546,5.0866163712167864,599.6182782339149,9.187063563143028e-05,1.4168055031404947e-05,False,True,RELEASE,RELEASED,
9.281999999992102,LOWERING,0.23733858503601038,1359.8499238170189,43.52965462071876,-0.04132070858025506,323.65309710959315,1.6867017498471728,-0.8609296812429782,1.4504354094175929,0.9515413759168975,-4.1702065067378795,-593.8505469702792,482.6230671356056,813.090315302584,85.04238716428227,26.18783181715794,-0.002739146767225975,482.62306713561026,461.16558575046696,432.5377656971199,0.011554278848336708,400.0,0.8134144523306879,461.1540314716186,23.989398295171338,5.0865703948521,599.6182815590031,9.119769760701502e-05,1.4145706813906145e-05,False,True,RELEASE,RELEASED,
9.291999999992079,LOWERING,0.23734214021832245,1359.8702935112071,43.53028635849125,-0.04132119440709313,323.65374932873516,1.6866942092380701,-0.8609461967557063,1.4504168372468387,0.9515300642954397,-4.170218148845722,-593.8611003746006,482.6332980521736,813.0815425501846,85.0425840191391,26.187937363636934,-0.002719060349136271,482.63329805217376,461.1751122548763,432.5383475558398,0.01147055152887333,400.0,0.8134292150178725,461.1636417033474,23.98939839033488,5.0865247567081395,599.6182848596297,9.052971048717495e-05,1.412339611306379e-05,False,True,RELEASE,RELEASED,
9.301999999992056,LOWERING,0.23734566949718264,1359.8905147895484,43.53091348248374,-0.0413216769401897,323.6543967965781,1.6866867248605888,-0.8609625920133863,1.4503984014657936,0.9515188354288616,-4.170229707170449,-593.871577083246,482.64345450749147,813.0728342779264,85.04277955547344,26.18804214143921,-0.002699121158343587,482.64345450748993,461.18456941735576,432.5389251762993,0.011387427235774794,400.0,0.8134438701908933,461.17318199012,23.989398484798357,5.086479454297093,599.6182881359748,8.986663649235282e-05,1.4101037663749594e-05,False,True,RELEASE,RELEASED,
9.311999999992032,LOWERING,0.23734917305938039,1359.9105887222677,43.53153603945817,-0.04132215588074495,323.6550395473723,1.686679296290363,-0.8609788678820479,1.4503801010752673,0.9515076887154875,-4.170241182301024,-593.8819776463924,482.6535370373101,813.0641900126307,85.04297378109925,26.18814615610279,-0.0026793281217578624,482.6535370373183,461.19395773694174,432.5394985890434,0.011304901729488392,400.0,0.8134584186243525,461.18265283521225,23.98939857856692,5.086434485151088,599.6182913882178,8.920843965043446e-05,1.407853881119081e-05,False,True,RELEASE,RELEASED,
9.32199999999201,LOWERING,0.23735265109038642,1359.9305163720337,43.53215406272176,-0.04132263124603341,323.65567761512517,1.6866719231063267,-0.8609950252216063,1.4503619350833914,0.9514966235579589,-4.170252574822433,-593.8923026103687,482.66354617360616,813.0556092846008,85.04316670380197,26.18824941312647,-0.002659680166175349,482.66354617360685,461.20327770912473,432.5400678244009,0.011222970767278184,400.0,0.8134728610873866,461.19205473835746,23.989398671645674,5.086389846818618,599.6182946165341,8.855508262772815e-05,1.4055983569960517e-05,False,True,RELEASE,RELEASED,
9.331999999991986,LOWERING,0.23735610377436248,1359.950298794016,43.53276758029221,-0.041323103174110414,323.65631103360676,1.6866646048906644,-0.861011064885973,1.450343902505507,0.9514856393632103,-4.170263885315955,-593.9025525177178,482.6734824446476,813.0470916275658,85.04335833133848,26.188351917970703,-0.0026401762379464344,482.67348244465165,461.2125298259791,432.54063291248815,0.011141630199801966,400.0,0.8134871983437119,461.2013881957793,23.989398764039688,5.086345536872063,599.6182978211004,8.79065336683027e-05,1.4034060654921632e-05,False,True,RELEASE,RELEASED,
9.341999999991963,LOWERING,0.23735953129416792,1359.9699370359208,43.533376625836546,-0.04132357166217347,323.65693983634645,1.68665734122874,-0.8610269877229801,1.4503260023641218,0.9514747355424348,-4.170275114358715,-593.9127279071502,482.6833463749507,813.038636578656,85.0435486714294,26.188453676057105,-0.002620815286945799,482.68334637495377,461.22171457604065,432.5411938832084,0.011060875826842675,400.0,0.8135014311516643,461.2106537002138,23.989398855754,5.086301552892696,599.6183010020923,8.726275330595001e-05,1.401144595547521e-05,False,True,RELEASE,RELEASED,
9.35199999999194,LOWERING,0.23736293383137158,1359.9894321380614,43.53398122912685,-0.041324036794921616,323.6575640566376,1.6866501317091416,-0.8610427945745245,1.4503082336888802,0.9514639115110549,-4.170286262524132,-593.922829313636,482.69313848536433,813.0302436783936,85.04373773176847,26.18855469276912,-0.0026015962674819093,482.6931384853652,461.2308324444582,432.5417507662531,0.010980703531856761,400.0,0.813515560264227,461.21985174092634,23.989398946793607,5.08625789248713,599.6183041596814,8.66237091008415e-05,1.3989195736030524e-05,False,True,RELEASE,RELEASED,
9.361999999991916,LOWERING,0.2373663115662583,1360.0087851333938,43.534581424666456,-0.04132449853824338,323.65818372753915,1.6866429759236368,-0.8610584862765558,1.4502905955165217,0.9514531666886931,-4.170297330381748,-593.9328572683976,482.70285929306715,813.0219124706753,85.04392552001934,26.18865497345238,-0.0025825181411391895,482.70285929307056,461.2398839129546,432.54230359110534,0.01090110921086307,400.0,0.8135295864290732,461.22898280374375,23.98939903716347,5.086214553273568,599.6183072940423,8.598936345904917e-05,1.396672882947314e-05,False,True,RELEASE,RELEASED,
9.371999999991893,LOWERING,0.2373696646778382,1360.0279970475704,43.53517724766461,-0.04132495683554938,323.65879888187504,1.686635873467126,-0.8610740636591393,1.450273086890794,0.9514425004991437,-4.170308318497328,-593.9428122989461,482.71250931160046,813.0136425027201,85.04411204381323,26.188754523414516,-0.002563579882803424,482.71250931160154,461.2488694598488,432.54285238703875,0.01082208878125357,400.0,0.8135435103885946,461.2380473710675,23.989399126868513,5.086171532890779,599.6183104053428,8.535968188816412e-05,1.3944589909442584e-05,False,True,RELEASE,RELEASED,
9.38199999999187,LOWERING,0.23737299334385442,1360.0470688989838,43.5357687168702,-0.041325412018403784,323.659409552238,1.6866288239376024,-0.8610895275464446,1.4502557068624076,0.9514319123703416,-4.170319227432654,-593.9526949290716,482.7220890508693,813.0054333250579,85.044297310747,26.188853347925846,-0.0025447804716804967,482.72208905086825,461.25778956009265,432.543397183121,0.010743638187761917,400.0,0.8135573328799434,461.2470459219049,23.98939921591362,5.086128828998674,599.6183134937526,8.473463356750699e-05,1.3922532275500998e-05,False,True,RELEASE,RELEASED,
9.391999999991846,LOWERING,0.23737629774079463,1360.066001698835,43.53635588087673,-0.04132586369900392,323.66001577099007,1.6866218269361941,-0.86110487875688,1.4502384544890141,0.9514214017343348,-4.17033005774599,-593.9625056789384,482.73159901721635,812.9972844915144,85.04448132839195,26.188951452219392,-0.0025261188887952812,482.73159901721374,461.2666446853011,432.5439380082135,0.010665753415423751,400.0,0.8135710546350626,461.2559789318857,23.989399304303635,5.086086439270481,599.6183165594416,8.411418441411911e-05,1.3899253076488094e-05,False,True,RELEASE,RELEASED,
9.401999999991823,LOWERING,0.23737957804389626,1360.0847964511597,43.5369387613486,-0.041326312128174766,323.66061757026483,1.6866148820670648,-0.8611201181030476,1.450221328835117,0.9514109680272547,-4.170340809991693,-593.9722450650411,482.7410397134009,812.9891955591701,85.04466410428319,26.189048841491314,-0.0025075941343857266,482.7410397134015,461.2754353037619,432.54447489097447,0.010588430472353139,400.0,0.8135846763807248,461.26484687328957,23.98939939204339,5.086044361393028,599.6183196025781,8.349829750198268e-05,1.3876996149519982e-05,False,True,RELEASE,RELEASED,
9.4119999999918,LOWERING,0.23738283442715605,1360.103454152886,43.537517394229475,-0.041326757209753005,323.6612149819679,1.6866079889374483,-0.8611352463917954,1.4502043289720814,0.9514006106892873,-4.170351484720358,-593.9819136002503,482.7504116386285,812.981166088365,85.04484564592622,26.189145520900908,-0.0024892052067571058,482.75041163862375,461.28416188043855,432.5450078598592,0.010511665369620005,400.0,0.8135981988385702,461.2736502150689,23.989399479137653,5.086002593074897,599.618322623325,8.288694038771638e-05,1.3854300959792454e-05,False,True,RELEASE,RELEASED,
9.421999999991776,LOWERING,0.23738606706333984,1360.121975793889,43.53809179622892,-0.04132719930221137,323.66180803777956,1.686601147157588,-0.8611502644243146,1.4501874539780104,0.9513903291646453,-4.170362082479027,-593.9915117938655,482.7597152886093,812.9731956426376,85.04502596079575,26.18924149557112,-0.0024709511130822648,482.7597152886097,461.29282487704853,432.54553694312136,0.010435454182868398,400.0,0.8136116227251332,461.28238942286566,23.989399565591178,5.085961132041997,599.6183256218476,8.228008138289056e-05,1.383200174132071e-05,False,True,RELEASE,RELEASED,
9.431999999991753,LOWERING,0.23738927612398908,1360.1403623570295,43.538662019579625,-0.04132763790901164,323.662396769156,1.6865943563407175,-0.8611651729961038,1.4501707029377435,0.9513801229015405,-4.170372603810929,-594.0010401515951,482.7689511555393,812.9652837887268,85.04520505633323,26.189336770588643,-0.0024528308656499576,482.76895115553816,461.3014247520383,432.54606216881535,0.010359792997746808,400.0,0.8136249487518842,461.29106495904057,23.989399651408668,5.085919976033799,599.6183285983097,8.167768620559457e-05,1.3809471056447364e-05,False,True,RELEASE,RELEASED,
9.44199999999173,LOWERING,0.23739246177942894,1360.1586148181982,43.5392280797511,-0.04132807340756904,323.6629812073299,1.6865876161030624,-0.8611799728970316,1.4501540749428237,0.9513699913521535,-4.1703830492556095,-594.0104991755943,482.7781197281364,812.9574300965548,85.04538293994821,26.189431351004103,-0.0024348434940293373,482.7781197281335,461.3099619605946,432.54658356479655,0.010284677903825923,400.0,0.8136381776252614,461.29967728269077,23.989399736594805,5.085879122808128,599.618331552874,8.107972235738004e-05,1.37873664698418e-05,False,True,RELEASE,RELEASED,
9.451999999991706,LOWERING,0.2373956241987791,1360.1767341463797,43.539790005510966,-0.0413285058519405,323.66356138331327,1.6865809260637579,-0.8611946649114164,1.4501375690913592,0.9513599339726091,-4.170393419349093,-594.0198893645152,482.78722149168925,812.9496341391567,85.04555961901764,26.189525241832456,-0.0024169880248336995,482.7872214916889,461.31843695473253,432.54710115872257,0.010210105063492847,400.0,0.8136513100466991,461.30822684966904,23.98939982115423,5.085838570139172,599.6183344857011,8.048615760891664e-05,1.3765027802037366e-05,False,True,RELEASE,RELEASED,
9.461999999991683,LOWERING,0.23739876354995995,1360.1947213036872,43.54034783196169,-0.041328935139411084,323.6641373278986,1.686574285844922,-0.8612092498180094,1.4501211844881137,0.9513499502229448,-4.1704037146237365,-594.0292112135011,482.79625692804905,812.9418954927364,85.04573510088996,26.189618448053203,-0.002399263492634418,482.79625692805024,461.3268501832475,432.54761497805634,0.01013607063271138,400.0,0.8136643467126721,461.31671411261476,23.989399905091545,5.085798315816207,599.6183373969509,7.9896958680159e-05,1.3742535429628333e-05,False,True,RELEASE,RELEASED,
9.47199999999166,LOWERING,0.23740187999970025,1360.212577245405,43.54090159598585,-0.04132936111946657,323.66470907165996,1.6865676950715338,-0.8612237283900496,1.4501049202443415,0.9513400395670855,-4.170413935608254,-594.0384652142089,482.80522651566196,812.9342137365736,85.04590939287796,26.18971097461057,-0.002381668942007309,482.80522651566696,461.3352020917639,432.5481250500661,0.010062570794218573,400.0,0.8136772883147237,461.3251395209697,23.989399988411336,5.085758357645164,599.6183402867823,7.931209301226261e-05,1.3720192100663553e-05,False,True,RELEASE,RELEASED,
9.481999999991636,LOWERING,0.23740497371354638,1360.2303029200457,43.5414513163246,-0.041329784070278854,323.6652766449537,1.6865611533714464,-0.8612381013952842,1.4500887754777878,0.9513302014728164,-4.170424082827717,-594.0476518548329,482.8141307295821,812.9265884530289,85.04608250226084,26.189802826413604,-0.002364203422985156,482.8141307295882,461.3434931227544,432.54863140182545,0.009989601757524724,400.0,0.8136901355394994,461.3335035209969,23.989400071118144,5.085718693445674,599.6183431553548,7.873152610393674e-05,1.3697571034754219e-05,False,True,RELEASE,RELEASED,
9.491999999991613,LOWERING,0.2374080448558711,1360.2478992693948,43.541997027944745,-0.04133020387681008,323.66584007792204,1.6865546603753876,-0.8612523695960779,1.4500727493126266,0.9513204354117557,-4.170434156803858,-594.0567716201684,482.8229700415362,812.9190192275169,85.04625443628899,26.189894008336754,-0.0023468659974241746,482.82297004154066,461.35172371557167,432.5491340602172,0.009917159766018813,400.0,0.8137028890687753,461.34180655580565,23.98940015321647,5.085679321057943,599.6183460028194,7.815522783882756e-05,1.3675544664693007e-05,False,True,RELEASE,RELEASED,
9.50199999999159,LOWERING,0.23741109358987977,1360.26536722855,43.542538752880304,-0.04133062072819515,323.66639940049333,1.686548215716935,-0.8612665337493604,1.4500568408794667,0.9513107408593253,-4.170444158054725,-594.0658249915784,482.83174491989655,812.9115056485099,85.0464252021815,26.189984525219923,-0.002329655716494017,482.8317449198964,461.359894306472,432.54963305193354,0.009845241098560109,400.0,0.8137155495794994,461.3500490653734,23.989400234710786,5.085640238338653,599.6183488293354,7.758316878980764e-05,1.3652543088937819e-05,False,True,RELEASE,RELEASED,
9.511999999991566,LOWERING,0.2374141200776196,1360.2827077259744,43.54307652456931,-0.04133103453575138,323.66695464238376,1.6865418190324402,-0.8612805946067231,1.4500410493152054,0.9513011172947277,-4.170454087094949,-594.0748124470558,482.8404558297359,812.9040473074614,85.04659480712064,26.19007438186873,-0.002312571669335739,482.8404558297383,461.36800532861923,432.55012840347746,0.009773842050492476,400.0,0.813728117743824,461.35823148656874,23.989400315605533,5.085601443158669,599.6183516350543,7.701531844706011e-05,1.3631016599902068e-05,False,True,RELEASE,RELEASED,
9.521999999991543,LOWERING,0.23741712447998709,1360.299921683536,43.54361037227647,-0.04133144530555314,323.66750583309795,1.6865354699610682,-0.8612945529143998,1.4500253737630886,0.9512915642009168,-4.170463944435545,-594.083734461211,482.8491032328185,812.8966437988419,85.04676325825898,26.19016358305463,-0.0022956129216709087,482.84910323281974,461.37605721209286,432.55062014116385,0.009702958922616745,400.0,0.8137405942291371,461.36635425317024,23.98940039590512,5.085562933404488,599.6183544201313,7.645164645264657e-05,1.3609021266347554e-05,False,True,RELEASE,RELEASED,
9.53199999999152,LOWERING,0.2374201069567355,1360.3170100165537,43.544140322752625,-0.04133185309877594,323.6680530019316,1.6865291681447445,-0.8613084094133642,1.450009813372594,0.9512820810645718,-4.170473730584163,-594.0925915053285,482.8576875876573,812.8892947200775,85.0469305627161,26.19025213351531,-0.002278778561958461,482.8576875876621,461.3840503839548,432.5511082911206,0.009632588068882342,400.0,0.8137529796980928,461.3744177958859,23.98940047561392,5.085524706975124,599.6183571847173,7.589211998659806e-05,1.3586938052867481e-05,False,True,RELEASE,RELEASED,
9.541999999991496,LOWERING,0.2374230676664832,1360.3339736338444,43.54466640336008,-0.04133225795698958,323.668596177972,1.6865229132281319,-0.8613221648393211,1.4499943672994082,0.9512726673760731,-4.170483446044956,-594.1013840473677,482.8662093495119,812.881999671542,85.0470967275783,26.190340037954783,-0.0022620676778615234,482.8662093495194,461.3919852682227,432.55159287929035,0.009562725847445108,400.0,0.8137652748086429,461.38242254237525,23.989400554736278,5.085486761789268,599.6183599289625,7.533671032700084e-05,1.3564386790676508e-05,False,True,RELEASE,RELEASED,
9.551999999991473,LOWERING,0.23742600676672151,1360.3508134377666,43.54518864448174,-0.04133265984458123,323.66913539009954,1.6865167048586105,-0.8613358199227671,1.4499790347053712,0.9512633226294723,-4.170493091318669,-594.1101125519949,482.87466897042196,812.8747582565286,85.04726175989893,26.19042730104365,-0.0022454793686392804,482.8746689704235,461.399862285911,432.55207393143115,0.009493368642210953,400.0,0.8137774802140703,461.3903689172688,23.989400633276507,5.085449095777514,599.6183626530178,7.478538592220474e-05,1.354160474420496e-05,False,True,RELEASE,RELEASED,
9.56199999999145,LOWERING,0.2374289244138224,1360.3675303242655,43.545707073562056,-0.041333058791296735,323.6696706669901,1.6865105426863019,-0.8613493753890189,1.4499638147584895,0.9512540463224695,-4.170502666902677,-594.1187774806082,482.88306689922825,812.8675700812612,85.0474256667014,26.190513927419467,-0.0022290127413953087,482.8830668992253,461.4076818550699,432.55255147311834,0.009424512882105773,400.0,0.8137895965630163,461.3982573421878,23.989400711238893,5.085411706886331,599.618365357031,7.423811595064223e-05,1.3519400795303227e-05,False,True,RELEASE,RELEASED,
9.571999999991426,LOWERING,0.23743182076304545,1360.3841251829133,43.54622171921403,-0.04133345479405615,323.6702020371161,1.6865044263639628,-0.8613628319582441,1.4499487066327943,0.9512448379563867,-4.170512173290933,-594.1273792913472,482.89140358159017,812.8604347548202,85.04758845497376,26.190599921686896,-0.0022126669032331847,482.8914035815935,461.415444390792,432.55302552974604,0.0093561550212371,400.0,0.813801624499523,461.40608823577077,23.98940078862768,5.085374593079123,599.6183680411477,7.369487162645072e-05,1.3496781548383296e-05,False,True,RELEASE,RELEASED,
9.581999999991403,LOWERING,0.23743469596854624,1360.4005988969561,43.54673260688272,-0.04133384792068938,323.670729528746,1.6864983555470106,-0.8613761903454741,1.4499337095083655,0.9512356970361415,-4.170521610973934,-594.1359184391085,482.8996794599942,812.8533518891556,85.04775013166966,26.19068528841767,-0.0021964409714883004,482.89967945999666,461.4231503051792,432.55349612652736,0.009288291491486689,400.0,0.8138135646630562,461.4138620136877,23.98940086544708,5.085337752336152,599.618370705516,7.315562601384329e-05,1.347441411780892e-05,False,True,RELEASE,RELEASED,
9.59199999999138,LOWERING,0.23743755018338436,1360.416952343361,43.54723976111701,-0.04133423825564431,323.671253169949,1.6864923298935324,-0.8613894512607301,1.449918822571269,0.951226623070223,-4.1705309804391115,-594.1443953756224,482.90789497382815,812.8463210990606,85.04791070371539,26.190770032151317,-0.002180334072477308,482.9078949738335,461.4308000074783,432.55396328849605,0.009220918818073187,400.0,0.8138254176885372,461.4215790886602,23.98940094170128,5.085301182648486,599.6183733502808,7.262034879840229e-05,1.3451793279273261e-05,False,True,RELEASE,RELEASED,
9.601999999991357,LOWERING,0.2374403835595293,1360.4331863928487,43.547743214945505,-0.04133462567581105,323.6717729885938,1.6864863490642223,-0.8614026154089408,1.4499040450135336,0.9512176155706651,-4.170540282170364,-594.1528105493993,482.91605055933616,812.8393420021583,85.04807017800184,26.190854157394952,-0.0021643453336537277,482.9160505593318,461.43839390397807,432.55442704050887,0.009154033488982805,400.0,0.8138371842063808,461.4292398704891,23.989401017394446,5.085264882020774,599.6183759755882,7.208900874555724e-05,1.3429757586891355e-05,False,True,RELEASE,RELEASED,
9.611999999991333,LOWERING,0.2374431962478689,1360.449301909943,43.548242991822065,-0.04133501028229167,323.67228901235086,1.6864804127223347,-0.8614156834900075,1.4498893760330611,0.9512086740530226,-4.170549516648203,-594.1611644057723,482.9241466496565,812.8324142188565,85.04822856138325,26.1909376686237,-0.002148473889747038,482.9241466496539,461.4459323981137,432.55488740724513,0.0090876320479083,400.0,0.8138488648425196,461.4368447660658,23.9894010925307,5.0852288484735,599.6183785815788,7.156157599830237e-05,1.3406971561380487e-05,False,True,RELEASE,RELEASED,
9.62199999999131,LOWERING,0.23744598839821773,1360.4652997530184,43.54873911581509,-0.041335392156780275,323.6728012686943,1.6864745205337632,-0.8614286561989212,1.4498748148336487,0.9511997980363457,-4.170558684350125,-594.1694573869715,482.93218367489055,812.8255373723641,85.04838586068811,26.191020570280926,-0.0021327188889017634,482.93218367489237,461.4534158904599,432.5553444132085,0.009021711063780913,400.0,0.813860460218437,461.4443941793961,23.98940116711414,5.08519308004302,599.6183811683948,7.103802203456411e-05,1.3383601867644757e-05,False,True,RELEASE,RELEASED,
9.631999999991287,LOWERING,0.2374487601593224,1360.4811807743301,43.54923162198108,-0.04133577111353649,323.67330978490196,1.6864686721668993,-0.861441534225696,1.4498603606248648,0.9511909870431564,-4.170567785750197,-594.1776899320769,482.9401620620655,812.8187110886239,85.04854208270703,26.19110286677828,-0.0021170794741465215,482.94016206206607,461.4608447787275,432.55579808272864,0.008956267109113014,400.0,0.8138719709511957,461.4518885116184,23.989401241148826,5.085157574779461,599.6183837361789,7.051831806759168e-05,1.3361525248001271e-05,False,True,RELEASE,RELEASED,
9.641999999991263,LOWERING,0.2374515116788704,1360.496945820065,43.549720521734066,-0.04133614752750711,323.67381458805755,1.6864628672926998,-0.8614543182554418,1.4498460126220873,0.9511822405994225,-4.170576821319267,-594.1858624770709,482.9480822351777,812.8119349963376,85.04869723419932,26.19118456249607,-0.002101554802038663,482.94808223517845,461.4682194578155,432.55624843996156,0.008891296792626235,400.0,0.8138833976534688,461.4593281610229,23.9894013146388,5.085122330747549,599.6183862850696,7.000243567123476e-05,1.333892453203589e-05,False,True,RELEASE,RELEASED,
9.65199999999124,LOWERING,0.23745424310349722,1360.5125957303824,43.5502058539595,-0.04133652111213257,323.6743157050522,1.6864571055846056,-0.8614670089684023,1.4498317700463872,0.9511735582345331,-4.1705857915249664,-594.1939754548564,482.95594461521745,812.8052087269059,85.04885132188959,26.19126566178345,-0.002086144033455639,482.95594461521733,461.4755403198202,432.55669550889166,0.00882679674919018,400.0,0.8138947409335682,461.466713523071,23.989401387588064,5.085087346028527,599.6183888152048,6.949034879699667e-05,1.331630971890263e-05,False,True,RELEASE,RELEASED,
9.661999999991217,LOWERING,0.23745695457879346,1360.5281313394553,43.55068765423613,-0.04133689165534786,323.67481316258596,1.6864513867186168,-0.8614796070400077,1.4498176321245857,0.9511649394812762,-4.170594696831852,-594.2020292952948,482.9637496201983,812.7985319144634,85.04900435247538,26.19134616895874,-0.002070846337801413,482.963749620204,461.48280775406425,432.55713931333264,0.00876276364806472,400.0,0.8139060013954769,461.4740449904162,23.989401460000586,5.085052618717082,599.6183913267237,6.898203086791455e-05,1.3293699339556042e-05,False,True,RELEASE,RELEASED,
9.671999999991193,LOWERING,0.23745964624931082,1360.543553475504,43.55116592226172,-0.0413372597984762,323.67530698716763,1.6864457103731305,-0.8614921131408275,1.4498035980890944,0.9511563838758135,-4.170603537701054,-594.2100244251699,482.9714976651328,812.79190419579,85.04915633261325,26.191426088309303,-0.0020556608852757563,482.97149766513434,461.49002214706735,432.55757987692874,0.008699194141343014,400.0,0.8139171796388838,461.481322952926,23.989401531880315,5.085018146918892,599.6183938197637,6.847745293825369e-05,1.3271023590277764e-05,False,True,RELEASE,RELEASED,
9.68199999999117,LOWERING,0.23746231825857173,1360.5588629608505,43.551640705124925,-0.041337625045162696,323.6757972051173,1.6864400762290548,-0.8615045279367043,1.4497896671779722,0.951147890957655,-4.170612314590739,-594.2179612682786,482.9791891621095,812.7853252103481,85.04930726893264,26.19150542409206,-0.002040586856992377,482.97918916210557,461.49718388262625,432.558017223155,0.008636084932561516,400.0,0.8139282762592043,461.4885477976937,23.989401603231176,5.084983928753588,599.6183962944604,6.797658621682245e-05,1.3248582945379894e-05,False,True,RELEASE,RELEASED,
9.691999999991147,LOWERING,0.23746497074907436,1360.5740606119507,43.552112017618704,-0.041337987666774885,323.67628384256875,1.6864344839697332,-0.8615168520887506,1.4497758386348392,0.9511394602696392,-4.170621027955971,-594.2258402454233,482.9868245202948,812.7787946002402,85.04945716803098,26.19158418053379,-0.002025623437361901,482.98682452029686,461.50429334183195,432.55845137532003,0.008573432769765077,400.0,0.8139392918476112,461.4957199090622,23.989401674057056,5.08494996235674,599.6183987509492,6.747940404938646e-05,1.3225833299657097e-05,False,True,RELEASE,RELEASED,
9.701999999991124,LOWERING,0.2374676038623,1360.5891472394314,43.5525798721539,-0.04133834798716328,323.67676692546735,1.6864289332808737,-0.8615290862533072,1.4497621117088164,0.9511310913579055,-4.170629678248422,-594.2336617743887,482.99440414590754,812.7723120101732,85.04960603646553,26.19166236183083,-0.0020107698156834886,482.9944041459107,461.5113509030036,432.5588823565661,0.008511234359787068,400.0,0.8139502269910704,461.5028396686438,23.98940174436182,5.084916245874824,599.6184011893629,6.698587753461993e-05,1.3203686535234738e-05,False,True,RELEASE,RELEASED,
9.7119999999911,LOWERING,0.2374702177387216,1360.6041236481442,43.5530443176509,-0.04133870545281044,323.6772464795746,1.6864234238506248,-0.8615412310821071,1.4497484856545262,0.9511227837718738,-4.170638265916934,-594.2414262700431,483.00192844231583,812.7658770874648,85.04975388076699,26.19173997214983,-0.0019960251893280656,483.0019284423135,461.5183569418186,432.55931018986985,0.008449486484551016,400.0,0.8139610822723625,461.50990745533403,23.989401814149293,5.0848827774731395,599.6184036098339,6.649598262953305e-05,1.3180500218368252e-05,False,True,RELEASE,RELEASED,
9.721999999991077,LOWERING,0.23747281251780863,1360.6189906371899,43.553505372274294,-0.04133906024117305,323.67772253046866,1.6864179553695398,-0.8615532872222283,1.449734959732072,0.9511145370642178,-4.170646791407239,-594.2491341443108,483.0093978100123,812.7594894820384,85.04990070743473,26.19181701562777,-0.0019813887629425153,483.0093978100131,461.5253118312822,432.55973489804484,0.008388185948206228,400.0,0.8139718582701125,461.516923645334,23.98940188342328,5.084849555326717,599.6184060124967,6.600969202441576e-05,1.3159055811229337e-05,False,True,RELEASE,RELEASED,
9.731999999991054,LOWERING,0.23747538833803566,1360.633748999969,43.55396305355396,-0.04133941254051034,323.6781951035447,1.6864125275305117,-0.8615652553161475,1.4497215332069364,0.9511063507908468,-4.17065525516204,-594.2567858062048,483.0168126466448,812.753148846365,85.05004652293383,26.19189349637209,-0.0019668597476538707,483.01681264664103,461.5322159417304,432.5601565037419,0.008327329561950592,400.0,0.8139825555588217,461.52388861216843,23.989401952187556,5.084816577624333,599.6184083974792,6.552697900197302e-05,1.3136020470483345e-05,False,True,RELEASE,RELEASED,
9.74199999999103,LOWERING,0.23747794533688796,1360.6483995242147,43.5544173873492,-0.04133976233558682,323.6786642240166,1.6864071400287244,-0.8615771360017095,1.4497082053499435,0.9510982245108783,-4.170663657620739,-594.2643816618018,483.02417334700044,812.7468548354452,85.05019133369102,26.191969418460918,-0.0019524373497006309,483.0241733470023,461.53906964085394,432.56057502945015,0.008266914146588533,400.0,0.8139931747089006,461.53080272670735,23.989402020445873,5.084783842568579,599.618410764913,6.504781750482636e-05,1.3113335285197536e-05,False,True,RELEASE,RELEASED,
9.751999999991007,LOWERING,0.2374804836508688,1360.6629429920329,43.55486840733808,-0.041340109419922666,323.6791299169181,1.686401792561735,-0.8615889299122531,1.449694975437278,0.9510901577866177,-4.170671999219928,-594.2719221143306,483.03148030308,812.7406071068269,85.05033514610474,26.19204478594329,-0.0019381207978312887,483.031480303081,461.5458732937331,432.56099049749815,0.008206936555723132,400.0,0.8140037162866869,461.5376663571774,23.98940208820195,5.084751348374564,599.6184131149284,6.457218103861351e-05,1.3090965239825891e-05,False,True,RELEASE,RELEASED,
9.761999999990984,LOWERING,0.2374830034155073,1360.6773801799482,43.55531613067531,-0.04134045397782099,323.6795922071042,1.6863964848294268,-0.8616006376766038,1.4496818427504419,0.9510821501835335,-4.170680280393204,-594.2794075641648,483.03873390409296,812.7344053205785,85.05047796654347,26.192119602839323,-0.0019239093131773188,483.03873390409035,461.5526272628518,432.56140293005467,0.008147393668650693,400.0,0.8140141808544785,461.54447986918314,23.989402155459484,5.084719093270367,599.6184154476507,6.410004308676776e-05,1.3068481052869174e-05,False,True,RELEASE,RELEASED,
9.77199999999096,LOWERING,0.23748550476536295,1360.6917118589297,43.55576057768185,-0.04134079611362491,323.6800511192527,1.6863912165339356,-0.861612259919093,1.4496688065761507,0.9510742012702385,-4.170688501571128,-594.2868384088288,483.04593453647266,812.7282491392419,85.05061980133972,26.192193873140518,-0.0019098021259651432,483.04593453647266,461.55933190811635,432.5618123491306,0.008088282392236579,400.0,0.8140245689705579,461.5512436257241,23.989402222222132,5.084687075499363,599.6184177632092,6.363137948284248e-05,1.3045746527495794e-05,False,True,RELEASE,RELEASED,
9.781999999990937,LOWERING,0.23748798783403535,1360.7059387944469,43.55620177536633,-0.04134113576757283,323.68050667786514,1.6863859873796618,-0.8616237972596134,1.4496558662063217,0.9510663106184638,-4.170696663181351,-594.2942150430387,483.05308258390806,812.7221382278229,85.05076065679334,26.19226760080989,-0.0018957984734697675,483.0530825839064,461.56598758685624,432.56221877657987,0.008029599641361074,400.0,0.8140348811892234,461.5579579872149,23.989402288493547,5.084655293313082,599.6184200617306,6.316616197477032e-05,1.3023323390370933e-05,False,True,RELEASE,RELEASED,
9.791999999990914,LOWERING,0.23749045275416758,1360.720061746488,43.55663975245898,-0.0413414728345514,323.6809589072681,1.686380797073284,-0.8616352503136205,1.4496430209380893,0.9510584778030392,-4.170704765648536,-594.3015378587012,483.0601784273457,812.7160722538051,85.05090053917317,26.192340789782154,-0.0018818975997874077,483.06017842734644,461.5725946538697,432.5626222341002,0.007971342366317913,400.0,0.8140451180608201,461.5646233115034,23.98940235427734,5.0846237449796785,599.6184223433381,6.270436583566408e-05,1.3000835565435409e-05,False,True,RELEASE,RELEASED,
9.80199999999089,LOWERING,0.23749289965745476,1360.7340814696113,43.55707452423998,-0.04134180752684858,323.68140783161374,1.6863756453236964,-0.8616466196921732,1.4496302700737056,0.9510507024018687,-4.17071280939439,-594.3088072449378,483.067222445014,812.7100508870963,85.05103945471379,26.192413443963872,-0.0018680987520838244,483.0672224450127,461.5791534614011,432.56302274323417,0.00791350751507025,400.0,0.8140552801317619,461.57123995388605,23.98940241957709,5.084592428779827,599.618424608157,6.224596636617008e-05,1.2978542713426577e-05,False,True,RELEASE,RELEASED,
9.811999999990867,LOWERING,0.2374953286746503,1360.7479987129782,43.55750611937461,-0.04134213973261294,323.68185347488225,1.6863705318420215,-0.8616579060019632,1.4496176129205434,0.9510429839959109,-4.1707207948377025,-594.3160235881073,483.07421501244323,812.7040738000354,85.05117740961776,26.19248556723379,-0.0018544011877565936,483.07421501244755,461.58566435921057,432.56342032537066,0.007856092082704436,400.0,0.814065367944561,461.57780826712786,23.98940248439636,5.084561343006514,599.6184268563115,6.179093876834685e-05,1.2955927559232805e-05,False,True,RELEASE,RELEASED,
9.821999999990844,LOWERING,0.23749773993557338,1360.7618142203978,43.557934556857674,-0.041342469567091436,323.68229586088177,1.6863654563415733,-0.8616691098453962,1.4496050487910026,0.951035322169157,-4.170728722394552,-594.3231872718525,483.08115650251045,812.6981406673403,85.05131441005757,26.192557163442853,-0.0018408041578368284,483.08115650251415,461.59212769454575,432.5638150017451,0.007799093071980678,400.0,0.8140753820378489,461.58432860147377,23.98940254873869,5.084530485965476,599.6184290879232,6.133925865370315e-05,1.2933284324390115e-05,False,True,RELEASE,RELEASED,
9.83199999999082,LOWERING,0.2375001335691125,1360.7755287303469,43.55835986328378,-0.04134279695975736,323.682735013251,1.686360418537857,-0.86168023182052,1.449592577002556,0.9510277165086076,-4.170736592477919,-594.3302986770545,483.0880472854029,812.6922511661398,85.0514504621703,26.192628236414613,-0.001827306933591899,483.0880472854061,461.59854381217593,432.5642067934424,0.007742507497425777,400.0,0.8140853229464177,461.5908013046785,23.98940261260757,5.084499855975304,599.6184313031135,6.089090209204784e-05,1.291052706164919e-05,False,True,RELEASE,RELEASED,
9.841999999990797,LOWERING,0.2375025097032349,1360.7891429760239,43.55878205162255,-0.041343122161772515,323.6831709554583,1.686355418148515,-0.8616912725211298,1.449580196877623,0.9510201666042535,-4.170744405498,-594.3373581819008,483.0948877286763,812.6864049759029,85.05158557206012,26.192698789945123,-0.0018139087812869548,483.09488772867417,461.60491305441565,432.564595721395,0.007686332406706242,400.0,0.8140951912012308,461.59722672200894,23.989402676006492,5.084469451367195,599.6184335020025,6.0445845643464224e-05,1.2887850175502535e-05,False,True,RELEASE,RELEASED,
9.851999999990774,LOWERING,0.2375048684649921,1360.8026576853806,43.559201171898444,-0.04134344453442496,323.68360371080524,1.686350454893384,-0.8617022325367961,1.4495679077436228,0.9510126720490527,-4.170752161862258,-594.3443661619062,483.1016781972746,812.6806017784721,85.05171974580338,26.192768827803405,-0.0018006089745767895,483.1016781972787,461.61123576115085,432.5649818063862,0.00763056488347047,400.0,0.8141049873294528,461.6036051962674,23.989402738938907,5.084439270484565,599.6184356847126,6.000406593642538e-05,1.2865471262557548e-05,False,True,RELEASE,RELEASED,
9.86199999999075,LOWERING,0.23750720998052582,1360.8160735811553,43.5596172155834,-0.04134376483480284,323.68403330242626,1.686345528494389,-0.8617131124528533,1.4495557089328563,0.9510052324389099,-4.170759861975217,-594.351322989898,483.1084190535243,812.6748412580039,85.05185298943927,26.19283835373155,-0.0017874067973480123,483.10841905352606,461.6175122698131,432.5653650690515,0.007575202000737136,400.0,0.814114711854481,461.6099370678124,23.989402801408257,5.084409311677268,599.6184378513619,5.956553466379688e-05,1.2842899081988435e-05,False,True,RELEASE,RELEASED,
9.871999999990727,LOWERING,0.2375095343750747,1360.8293913809125,43.560030212175285,-0.04134408290695863,323.6844597532901,1.686340638675606,-0.8617239128504641,1.4495435997825437,0.9509978473726558,-4.170767506238678,-594.3582290360639,483.1151106571715,812.6691231009875,85.05198530897874,26.19290737144483,-0.0017743015306450616,483.11511065717116,461.6237429154369,432.5657455298778,0.007520240863982508,400.0,0.8141243652959735,461.6162226745729,23.98940286341794,5.08437957331422,599.6184400020679,5.913022989911809e-05,1.2820521192224987e-05,False,True,RELEASE,RELEASED,
9.881999999990704,LOWERING,0.23751184177297974,1360.8426117970741,43.56044019417449,-0.041344398519236374,323.6848830862018,1.6863357851631584,-0.8617346343066267,1.4495315796347006,0.9509905164520264,-4.170775095051591,-594.3650846679468,483.1217533653891,812.6634469961833,85.05211671039604,26.19297588463204,-0.001761292468472675,483.1217533653886,461.62992803067203,432.56612320920635,0.007465678606820347,400.0,0.8141339481698685,461.6224623520652,23.989402924971337,5.0843500537756,599.6184421369471,5.8698129336676175e-05,1.2797725844393426e-05,False,True,RELEASE,RELEASED,
9.89199999999068,LOWERING,0.23751413229769266,1360.8557355369664,43.5608471870748,-0.041344711603584196,323.6853033238018,1.6863309676853133,-0.8617452773942371,1.4495196478362111,0.9509832392816407,-4.170782628810275,-594.3718902504972,483.12834753281095,812.6578126346619,85.05224719963849,26.193043896955395,-0.0017483789124526083,483.12834753280555,461.6360679457731,432.5664981272313,0.007411512365933959,400.0,0.8141434609884144,461.6286564334072,23.989402986071795,5.084320751453831,599.6184442561168,5.826921103491145e-05,1.2774958463523944e-05,False,True,RELEASE,RELEASED,
9.901999999990657,LOWERING,0.23751640607177943,1360.86876330284,43.56125118879216,-0.041345022747324094,323.68572048856964,1.6863261859723613,-0.8617558426820462,1.4495078037387201,0.9509760154689826,-4.170790107908099,-594.3786461460364,483.13489351151196,812.6522197097513,85.0523767826185,26.19311141205111,-0.0017355601452209157,483.1348935115093,461.6421629886594,432.56687030400377,0.007357739320809742,400.0,0.8141529042601913,461.63480524933857,23.989403046722657,5.084291664748693,599.618446359694,5.7843449236649747e-05,1.2753223700201488e-05,False,True,RELEASE,RELEASED,
9.911999999990634,LOWERING,0.23751866321692808,1360.8816957919166,43.56165223656464,-0.041345331593907644,323.6861346028233,1.6863214397566497,-0.8617663307347938,1.4494960466985862,0.9509688446243789,-4.17079753273593,-594.38535271434,483.1413916510838,812.6466679170113,85.05250546521674,26.193178433529262,-0.0017228354889766706,483.14139165108287,461.64821348488823,432.56723975943044,0.007304356652696242,400.0,0.8141622784901416,461.64090912823553,23.989403106927234,5.084262792071479,599.6184484477917,5.7420818211362246e-05,1.2730106618619175e-05,False,True,RELEASE,RELEASED,
9.92199999999061,LOWERING,0.23752090385395483,1360.894533696422,43.56205035855585,-0.04134563799989891,323.68654568872086,1.686316728772584,-0.8617767421131513,1.4494843760769252,0.9509617263609803,-4.170804903681841,-594.3920103126106,483.14784229860334,812.6411569542595,85.05263325328428,26.193244964974095,-0.0017102042506849102,483.14784229860516,461.65421975769164,432.56760651327545,0.007251361566318337,400.0,0.8141715841795889,461.6469683961253,23.989403166688803,5.08423413185026,599.6184505205247,5.700129689945044e-05,1.2707644145848462e-05,False,True,RELEASE,RELEASED,
9.931999999990587,LOWERING,0.237523128102809,1360.9072777036151,43.562445569047036,-0.04134594214991861,323.6869537682616,1.6863120527565436,-0.86178707737376,1.4494727912394836,0.9509546602947383,-4.170812221131114,-594.3986192954922,483.1542457986579,812.6356865215064,85.05276015263588,26.19331100994419,-0.0016976657487930424,483.1542457986568,461.66018212798997,432.5679705851619,0.007198751281350724,400.0,0.8141808218262727,461.6529833767086,23.989403226010626,5.0842056825204685,599.6184525780061,5.658486073034652e-05,1.2684859598266485e-05,False,True,RELEASE,RELEASED,
9.941999999990564,LOWERING,0.23752533608258045,1360.9199284958306,43.562837883464724,-0.041346244197433955,323.6873588632873,1.6863074114469419,-0.8617973370692993,1.449461291556677,0.9509476460443902,-4.170819485466465,-594.4051800151184,483.1606024933816,812.6302563209761,85.05288616905901,26.193376571972635,-0.0016852192950409517,483.16060249338364,461.6661009144195,432.5683319945715,0.007146523052711018,400.0,0.8141899919243615,461.65895439136676,23.989403284895936,5.084177442530275,599.6184546203465,5.617148638314973e-05,1.2662373023886175e-05,False,True,RELEASE,RELEASED,
9.95199999999054,LOWERING,0.23752752791150492,1360.932486750509,43.56322733197999,-0.041346543939703155,323.6877609954834,1.6863028045841788,-0.8618075217484978,1.4494498764035204,0.9509406832314339,-4.170826697067986,-594.4116928211196,483.1669127224686,812.6248660570748,85.05301130830857,26.1934416545673,-0.0016728642228827084,483.16691272246777,461.6719764333282,432.5686907608474,0.007094674139636936,400.0,0.8141990949644906,461.6648817591886,23.989403343347945,5.08414941034244,599.6184566476586,5.576115357186495e-05,1.2640056638701935e-05,False,True,RELEASE,RELEASED,
9.961999999990518,LOWERING,0.23752970370696924,1360.944953140228,43.56361392071267,-0.04134684174519033,323.68816018637875,1.6862982319105893,-0.8618176319561267,1.4494385451595775,0.9509337714801125,-4.170833856312996,-594.4181580606131,483.1731768231642,812.6195154363593,85.05313557610403,26.193506261210707,-0.001660599866568191,483.17317682316366,461.6778089987931,432.5690469031926,0.007043201818305533,400.0,0.8142081314337756,461.6707657969748,23.989403401369845,5.0841215844242615,599.6184586600541,5.5353836095228814e-05,1.2617233664968808e-05,False,True,RELEASE,RELEASED,
9.971999999990494,LOWERING,0.23753186358551917,1360.9573283327454,43.56399769149629,-0.04134713712496347,323.68855645734885,1.6862936931705048,-0.8618276682330781,1.449427297208989,0.950926910417391,-4.170840963576305,-594.4245760782612,483.17939513031536,812.6142041675606,85.05325897813879,26.193570395360585,-0.0016484255523891989,483.1793951303149,461.6835989226542,432.5694004406734,0.00699210339490719,400.0,0.8142171018158372,461.6766068192593,23.989403458964794,5.084093963261068,599.6184606576398,5.4949514044722036e-05,1.2594508916663472e-05,False,True,RELEASE,RELEASED,
9.981999999990471,LOWERING,0.23753400766286334,1360.9696129910224,43.5643786531344,-0.04134743037597349,323.68894982961575,1.686289188110199,-0.8618376311163665,1.4494161319404049,0.9509200996729408,-4.170848019230112,-594.4309472162663,483.1855679763716,812.6089319615468,85.05338152007356,26.19363406044988,-0.001636340628920152,483.1855679763707,461.6893465145264,432.5697513922195,0.006941376199563365,400.0,0.814226006590832,461.6824051383268,23.989403516135933,5.084066545346783,599.6184626405266,5.454816529137929e-05,1.257234680451802e-05,False,True,RELEASE,RELEASED,
9.991999999990448,LOWERING,0.23753613605388021,1360.9818077732646,43.56475682323863,-0.04134772158097572,323.68934032424914,1.686284716477828,-0.8618475211391483,1.4494050487469032,0.9509133388791174,-4.170855023643971,-594.4372718143824,483.191695691398,812.6036985312825,85.05350320753476,26.1936972598869,-0.0016243444391648154,483.1916956913985,461.6950520817883,432.57009977662466,0.006891017558984913,400.0,0.8142348462354796,461.6881610642293,23.989403572886378,5.084039329187988,599.6184646088216,5.4149769429301386e-05,1.2549875350487127e-05,False,True,RELEASE,RELEASED,
10.0,LOWERING,0.23753782754921116,1360.9914993276172,43.56505577681902,-0.0413479909983276,323.68964838208007,1.6862811677248508,-0.8618552195205412,1.4493963423469394,0.9509079659631495,-4.170860590528995,-594.4422982109264,483.1964716227368,812.5995906766678,85.05359994604612,26.193747117428664,-0.0015204752852469028,483.19647162275186,461.6994993236064,432.57037664835076,0.006763834792707257,400.0,0.8142418713755263,461.6927354888137,23.989403617985914,5.084017700525969,599.6184661730242,5.3612566886407365e-05,1.2531825177575229e-05,False,True,RELEASE,RELEASED,
