time,sequence_state,velocity,rpm,bus_frequency,slip,line_voltage,machine_line_current,machine_active_current,machine_reactive_current,flux_magnitude,motor_torque,motor_shaft_power,electrical_export,machine_reactive_demand,machine_copper_loss,machine_core_loss,magnetic_storage_power,rectifier_power,dc_input_power,dc_voltage,dc_capacitor_power,chopper_target_voltage,chopper_duty,dc_brake_power,battery_voltage,battery_power,aux_voltage,aux_power,energy_residual,k_precharge,k_main,brake_command,brake_physical_state,fault
0.0,AUXILIARY_START,0.0,0.0,0,0,0.0,0.0,0.0,-0.0,0.0,0.0,0.0,-0.0,0.0,0.0,0.0,0.0,0.0,0.0,0.0,0.0,80.0,0.0,0.0,24.0,0.0,0.0,0.0,0.0,True,False,APPLY,APPLIED,
0.009999999999999995,AUXILIARY_START,0.0,0.0,0,0,0.0,0.0,0.0,-0.0,0.0,0.0,0.0,-0.0,0.0,0.0,0.0,0.0,0.0,0.0,0.0,0.0,80.0,0.0,0.0,23.99916008225351,0.4031464090791391,1.9926268781812202,0.36283176817122526,-1.5190770216617492e-09,True,False,APPLY,APPLIED,
0.019999999999999934,AUXILIARY_START,0.0,0.0,0,0,0.0,0.0,0.0,-0.0,0.0,0.0,0.0,-0.0,0.0,0.0,0.0,0.0,0.0,0.0,0.0,0.0,80.0,0.0,0.0,23.994278047970862,2.745882159285774,7.480844270460448,2.4712939433571965,-2.428481353732445e-10,True,False,APPLY,APPLIED,
0.029999999999999874,AUXILIARY_START,0.0,0.0,0,0,0.0,0.0,0.0,-0.0,0.0,0.0,0.0,-0.0,0.0,0.0,0.0,0.0,0.0,0.0,0.0,0.0,80.0,0.0,0.0,23.983434291039835,7.946051846612116,15.8310091167994,7.151446661950905,2.885590588699795e-10,True,False,APPLY,APPLIED,
0.04000000000000012,AUXILIARY_START,0.0,0.0,0,0,0.0,0.0,0.0,-0.0,0.0,0.0,0.0,-0.0,0.0,0.0,0.0,0.0,0.0,0.0,0.0,0.0,80.0,0.0,0.0,23.966113981845478,16.242323469643868,26.524338357470295,14.618091122679477,1.0700804337678699e-11,True,False,APPLY,APPLIED,
0.050000000000000405,AUXILIARY_START,0.0,0.0,0,0,0.0,0.0,0.0,-0.0,0.0,0.0,0.0,-0.0,0.0,0.0,0.0,0.0,0.0,0.0,0.0,0.0,80.0,0.0,0.0,23.942563681101586,27.503454456666404,39.1360883472981,24.753109010999765,-3.4477629171775215e-10,True,False,APPLY,APPLIED,
0.06000000000000069,AUXILIARY_START,0.0,0.0,0,0,0.0,0.0,0.0,-0.0,0.0,0.0,0.0,-0.0,0.0,0.0,0.0,0.0,0.0,0.0,0.0,0.0,80.0,0.0,0.0,23.913402057577887,41.417028289979086,53.31850840180351,37.275325460981186,-6.135307856376671e-10,True,False,APPLY,APPLIED,
0.07000000000000098,AUXILIARY_START,0.0,0.0,0,0,0.0,0.0,0.0,-0.0,0.0,0.0,0.0,-0.0,0.0,0.0,0.0,0.0,0.0,0.0,0.0,0.0,80.0,0.0,0.0,23.879391133880276,57.60132576573404,68.78688434119945,51.841193189160634,-7.823010134654085e-10,True,False,APPLY,APPLIED,
0.08000000000000126,AUXILIARY_START,0.0,0.0,0,0,0.0,0.0,0.0,-0.0,0.0,0.0,0.0,-0.0,0.0,0.0,0.0,0.0,0.0,0.0,0.0,0.0,80.0,0.0,0.0,23.841307389909804,75.66878595334911,85.30811191065712,68.1019073580142,-1.4412221693849148e-09,True,False,APPLY,APPLIED,
0.09000000000000155,AUXILIARY_START,0.0,0.0,0,0,0.0,0.0,0.0,-0.0,0.0,0.0,0.0,-0.0,0.0,0.0,0.0,0.0,0.0,0.0,0.0,0.0,80.0,0.0,0.0,23.799873975995496,95.25948301248492,102.69134148807427,85.73353471123643,-2.221940064231487e-09,True,False,APPLY,APPLIED,
0.10000000000000184,AUXILIARY_START,0.0,0.0,0,0,0.0,0.0,0.0,-0.0,0.0,0.0,0.0,-0.0,0.0,0.0,0.0,0.0,0.0,0.0,0.0,0.0,80.0,0.0,0.0,23.755729549900703,116.05645499182891,120.78031861862296,104.45080949264602,-2.5739379169720245e-09,True,False,APPLY,APPLIED,
0.11000000000000212,AUXILIARY_START,0.0,0.0,0,0,0.0,0.0,0.0,-0.0,0.0,0.0,0.0,-0.0,0.0,0.0,0.0,0.0,0.0,0.0,0.0,0.0,80.0,0.0,0.0,23.709418411944277,137.79040908040753,139.44711297482996,124.01136817236677,-2.6134829994584052e-09,True,False,APPLY,APPLIED,
0.12000000000000241,AUXILIARY_START,0.0,0.0,0,0,0.0,0.0,0.0,-0.0,0.0,0.0,0.0,-0.0,0.0,0.0,0.0,0.0,0.0,0.0,0.0,0.0,80.0,0.0,0.0,23.66139245125582,160.23852195587452,158.5869840633419,144.21466976028708,-3.5305295284504545e-09,True,False,APPLY,APPLIED,
0.130000000000002,AUXILIARY_START,0.0,0.0,0,0,0.0,0.0,0.0,-0.0,0.0,0.0,0.0,-0.0,0.0,0.0,0.0,0.0,0.0,0.0,0.0,0.0,80.0,0.0,0.0,23.612019117478926,183.22024030607864,178.11417762115724,164.8982162754708,-4.039032108771323e-09,True,False,APPLY,APPLIED,
0.1400000000000009,AUXILIARY_START,0.0,0.0,0,0,0.0,0.0,0.0,-0.0,0.0,0.0,0.0,-0.0,0.0,0.0,0.0,0.0,0.0,0.0,0.0,0.0,80.0,0.0,0.0,23.575836902790225,200.0,197.85317993141874,180.0,-4.048460358618833e-09,True,False,APPLY,APPLIED,
0.1499999999999998,AUXILIARY_START,0.0,0.0,0,0,0.0,0.0,0.0,-0.0,0.0,0.0,0.0,-0.0,0.0,0.0,0.0,0.0,0.0,0.0,0.0,0.0,80.0,0.0,0.0,23.575836902790225,200.0,216.35359995860506,180.0,-4.4128407317156615e-09,True,False,APPLY,APPLIED,
0.1599999999999987,AUXILIARY_START,0.0,0.0,0,0,0.0,0.0,0.0,-0.0,0.0,0.0,0.0,-0.0,0.0,0.0,0.0,0.0,0.0,0.0,0.0,0.0,80.0,0.0,0.0,23.575836902790225,200.0,233.3909998367406,180.0,-4.506246903401845e-09,True,False,APPLY,APPLIED,
0.1699999999999976,AUXILIARY_START,0.0,0.0,0,0,0.0,0.0,0.0,-0.0,0.0,0.0,0.0,-0.0,0.0,0.0,0.0,0.0,0.0,0.0,0.0,0.0,80.0,0.0,0.0,23.575836902790225,200.0,249.2658305621112,180.0,-4.871029218866951e-09,True,False,APPLY,APPLIED,
0.1799999999999965,AUXILIARY_START,0.0,0.0,0,0,0.0,0.0,0.0,-0.0,0.0,0.0,0.0,-0.0,0.0,0.0,0.0,0.0,0.0,0.0,0.0,0.0,80.0,0.0,0.0,23.575836902790225,200.0,264.18791809760785,180.0,-5.23819371212042e-09,True,False,APPLY,APPLIED,
0.1899999999999954,AUXILIARY_START,0.0,0.0,0,0,0.0,0.0,0.0,-0.0,0.0,0.0,0.0,-0.0,0.0,0.0,0.0,0.0,0.0,0.0,0.0,0.0,80.0,0.0,0.0,23.575836902790225,200.0,278.3106636610062,180.0,-4.912007800506046e-09,True,False,APPLY,APPLIED,
0.1999999999999943,AUXILIARY_START,0.0,0.0,0,0,0.0,0.0,0.0,-0.0,0.0,0.0,0.0,-0.0,0.0,0.0,0.0,0.0,0.0,0.0,0.0,0.0,80.0,0.0,0.0,23.575836902790225,200.0,291.75024684567495,180.0,-5.067232078381778e-09,True,False,APPLY,APPLIED,
0.2099999999999932,AUXILIARY_START,0.0,0.0,0,0,0.0,0.0,0.0,-0.0,0.0,0.0,0.0,-0.0,0.0,0.0,0.0,0.0,0.0,0.0,0.0,0.0,80.0,0.0,0.0,23.575836902790225,200.0,304.597162972207,180.0,-4.76868394772012e-09,True,False,APPLY,APPLIED,
0.2199999999999921,AUXILIARY_START,0.0,0.0,0,0,0.0,0.0,0.0,-0.0,0.0,0.0,0.0,-0.0,0.0,0.0,0.0,0.0,0.0,0.0,0.0,0.0,80.0,0.0,0.0,23.575836902790225,200.0,316.92353297312957,180.0,-3.778283685917927e-09,True,False,APPLY,APPLIED,
0.229999999999991,AUXILIARY_START,0.0,0.0,0,0,0.0,0.0,0.0,-0.0,0.0,0.0,0.0,-0.0,0.0,0.0,0.0,0.0,0.0,0.0,0.0,0.0,80.0,0.0,0.0,23.575836902790225,200.0,328.7879377650736,180.0,-3.2810686390050137e-09,True,False,APPLY,APPLIED,
0.2399999999999899,AUXILIARY_START,0.0,0.0,0,0,0.0,0.0,0.0,-0.0,0.0,0.0,0.0,-0.0,0.0,0.0,0.0,0.0,0.0,0.0,0.0,0.0,80.0,0.0,0.0,23.575836902790225,200.0,340.2387306327753,180.0,-3.7002887420811703e-09,True,False,APPLY,APPLIED,
0.2499999999999888,AUXILIARY_START,0.0,0.0,0,0,0.0,0.0,0.0,-0.0,0.0,0.0,0.0,-0.0,0.0,0.0,0.0,0.0,0.0,0.0,0.0,0.0,80.0,0.0,0.0,23.575836902790225,200.0,351.3163752770814,180.0,-4.6115993246331755e-09,True,False,APPLY,APPLIED,
0.2599999999999877,AUXILIARY_START,0.0,0.0,0,0,0.0,0.0,0.0,-0.0,0.0,0.0,0.0,-0.0,0.0,0.0,0.0,0.0,0.0,0.0,0.0,0.0,80.0,0.0,0.0,23.575836902790225,200.0,362.05513848505143,180.0,-5.634009592192513e-09,True,False,APPLY,APPLIED,
0.2699999999999866,AUXILIARY_START,0.0,0.0,0,0,0.0,0.0,0.0,-0.0,0.0,0.0,0.0,-0.0,0.0,0.0,0.0,0.0,0.0,0.0,0.0,0.0,80.0,0.0,0.0,23.575836902790225,200.0,372.48434266106324,180.0,-4.775992601402379e-09,True,False,APPLY,APPLIED,
0.2799999999999855,AUXILIARY_START,0.0,0.0,0,0,0.0,0.0,0.0,-0.0,0.0,0.0,0.0,-0.0,0.0,0.0,0.0,0.0,0.0,0.0,0.0,0.0,80.0,0.0,0.0,23.575836902790225,200.0,382.6293105100725,180.0,-4.937274367122768e-09,True,False,APPLY,APPLIED,
0.2899999999999844,AUXILIARY_START,0.0,0.0,0,0,0.0,0.0,0.0,-0.0,0.0,0.0,0.0,-0.0,0.0,0.0,0.0,0.0,0.0,0.0,0.0,0.0,80.0,0.0,0.0,23.575836902790225,200.0,392.5120895917355,180.0,-5.178785844606182e-09,True,False,APPLY,APPLIED,
0.2999999999999833,AUXILIARY_START,0.0,0.0,0,0,0.0,0.0,0.0,-0.0,0.0,0.0,0.0,-0.0,0.0,0.0,0.0,0.0,0.0,0.0,0.0,0.0,80.0,0.0,0.0,23.575836902790225,200.0,402.1520163709787,180.0,-5.340116349117352e-09,True,False,APPLY,APPLIED,
0.3099999999999822,AUXILIARY_START,0.0,0.0,0,0,0.0,0.0,0.0,-0.0,0.0,0.0,0.0,-0.0,0.0,0.0,0.0,0.0,0.0,0.0,0.0,0.0,80.0,0.0,0.0,23.575836902790225,200.0,411.5661611941821,180.0,-5.4076330080476964e-09,True,False,APPLY,APPLIED,
0.3199999999999811,AUXILIARY_START,0.0,0.0,0,0,0.0,0.0,0.0,-0.0,0.0,0.0,0.0,-0.0,0.0,0.0,0.0,0.0,0.0,0.0,0.0,0.0,80.0,0.0,0.0,23.575836902790225,200.0,420.7696835454917,180.0,-5.691252802364488e-09,True,False,APPLY,APPLIED,
0.32999999999998,AUXILIARY_START,0.0,0.0,0,0,0.0,0.0,0.0,-0.0,0.0,0.0,0.0,-0.0,0.0,0.0,0.0,0.0,0.0,0.0,0.0,0.0,80.0,0.0,0.0,23.575836902790225,200.0,429.77611875037724,180.0,-5.157200666516815e-09,True,False,APPLY,APPLIED,
0.3399999999999789,AUXILIARY_START,0.0,0.0,0,0,0.0,0.0,0.0,-0.0,0.0,0.0,0.0,-0.0,0.0,0.0,0.0,0.0,0.0,0.0,0.0,0.0,80.0,0.0,0.0,23.575836902790225,200.0,438.59761163322537,180.0,-4.4368585472298605e-09,True,False,APPLY,APPLIED,
0.3499999999999778,AUXILIARY_START,0.0,0.0,0,0,0.0,0.0,0.0,-0.0,0.0,0.0,0.0,-0.0,0.0,0.0,0.0,0.0,0.0,0.0,0.0,0.0,80.0,0.0,0.0,23.575836902790225,200.0,447.24510865325726,180.0,-4.263004393934011e-09,True,False,APPLY,APPLIED,
0.35999999999997667,AUXILIARY_START,0.0,0.0,0,0,0.0,0.0,0.0,-0.0,0.0,0.0,0.0,-0.0,0.0,0.0,0.0,0.0,0.0,0.0,0.0,0.0,80.0,0.0,0.0,23.575836902790225,200.0,455.7285171960774,180.0,-4.331520697675728e-09,True,False,APPLY,APPLIED,
0.36999999999997557,AUXILIARY_START,0.0,0.0,0,0,0.0,0.0,0.0,-0.0,0.0,0.0,0.0,-0.0,0.0,0.0,0.0,0.0,0.0,0.0,0.0,0.0,80.0,0.0,0.0,23.575836902790225,200.0,464.05683863311594,180.0,-2.4960776778826244e-09,True,False,APPLY,APPLIED,
0.37999999999997447,AUXILIARY_START,0.0,0.0,0,0,0.0,0.0,0.0,-0.0,0.0,0.0,0.0,-0.0,0.0,0.0,0.0,0.0,0.0,0.0,0.0,0.0,80.0,0.0,0.0,23.575836902790225,200.0,472.2382802433068,180.0,-2.8405707785950085e-09,True,False,APPLY,APPLIED,
0.38999999999997337,AUXILIARY_START,0.0,0.0,0,0,0.0,0.0,0.0,-0.0,0.0,0.0,0.0,-0.0,0.0,0.0,0.0,0.0,0.0,0.0,0.0,0.0,80.0,0.0,0.0,23.575836902790225,200.0,480.28034996183874,180.0,-2.0751884655112462e-09,True,False,APPLY,APPLIED,
0.39999999999997227,AUXILIARY_START,0.0,0.0,0,0,0.0,0.0,0.0,-0.0,0.0,0.0,0.0,-0.0,0.0,0.0,0.0,0.0,0.0,0.0,0.0,0.0,80.0,0.0,0.0,23.575836902790225,200.0,488.1899370707548,180.0,-2.8765489989979187e-09,True,False,APPLY,APPLIED,
0.40999999999997117,AUXILIARY_START,0.0,0.0,0,0,0.0,0.0,0.0,-0.0,0.0,0.0,0.0,-0.0,0.0,0.0,0.0,0.0,0.0,0.0,0.0,0.0,80.0,0.0,0.0,23.575836902790225,200.0,495.9733812997505,180.0,-2.9171858262344585e-09,True,False,APPLY,APPLIED,
0.4199999999999701,EXCITATION_BUILD,0.0,0.0,0.0,0,0.006403731647001297,3.837748482002061e-05,-3.837748482001904e-05,-1.0997042989483392e-11,3.2469631895451887e-06,-1.0168813092509228e-16,-0.0,4.2566727199974746e-07,-1.2197467633301974e-13,6.064934875319305e-08,1.025194475170149e-08,-4.96568565504642e-07,4.256672720000341e-07,3.870827725121471e-08,0.0007879412299728057,3.870827725121471e-08,80.0,0.0,0.0,23.575836902790225,200.0,503.5857969208304,177.0,2.824869893558457e-09,True,False,APPLY,APPLIED,
0.42999999999996946,EXCITATION_BUILD,0.0,0.0,0,0,0.00013444682839164267,7.0285463280309355e-09,7.028065350498698e-09,-8.222477970039027e-11,5.933609583303413e-06,-2.0698136126472817e-15,-0.0,-1.6366167065792147e-12,-1.9147580655735553e-14,9.152172133665412e-10,4.518987416142954e-12,-9.180995840761048e-10,0.0,0.0,0.0035213017266942036,0.0,80.0,0.0,0.0,23.575836902790225,200.0,511.009778720923,177.0,2.047635394575309e-08,True,False,APPLY,APPLIED,
0.43999999999996925,EXCITATION_BUILD,0.0,0.0,0.3780701066593612,1.0,15.909454093757484,0.2541352001451497,0.25413473098221295,0.0004883251104999509,0.011014699447595226,2.385049118651402e-06,0.0,-7.002932278642428,0.013456278351151792,2.6004356469236716,0.0632776823903442,4.339218949328413,32.2148832381791,9.76517927877525,6.529241365928362,9.76517927877525,80.0,0.0,0.0,23.575836902790225,200.0,518.0496916285149,136.26304971787252,3.627840827746809e-08,False,True,APPLY,APPLIED,
0.44999999999996815,EXCITATION_BUILD,0.0,0.0,0.727266242522581,1.0,28.0307264423743,1.0328369858144875,1.0327726492002205,0.011527980322395716,0.10116675589968524,0.003546095809374054,0.0,-50.14177554213525,0.5596908498955192,40.824612984051555,0.19643040622180546,9.120732151861887,29.176383823136533,23.08585434933272,30.214000008268698,23.08585434933272,80.0,0.0,0.0,23.575836902790225,200.0,522.66201977947,95.67995998781731,3.633529144231318e-08,False,True,APPLY,APPLIED,
0.45999999999996705,EXCITATION_BUILD,0.0,0.0,1.2049505256185769,1.0,32.5640279730566,1.3836528579294791,1.383257217908551,0.033086256365918235,0.21830237369503128,0.03732923099010543,0.0,-78.01923570786809,1.8661492603714602,68.49273821774592,0.2651039794575031,9.261393510664647,13.493140563144372,12.293444727425534,41.03843024876455,12.293444727425534,80.0,0.0,0.0,23.575836902790225,200.0,526.2319908637071,83.5124559238487,3.72162696216094e-08,False,True,APPLY,APPLIED,
0.46999999999996595,EXCITATION_BUILD,0.0,0.0,1.710985334364824,1.0,31.844250881584625,1.4947596958838336,1.4933650444400648,0.06455534434308069,0.33608357208667483,0.14040343893291146,0.0,-82.36783400081718,3.5606055642678927,73.94346890167563,0.2535140785523259,8.170851020589211,0.9490071438275317,0.9345787533483084,44.181721609586134,0.9345787533483084,80.0,0.0,0.0,23.575836902790225,199.99999999999994,529.6952187514553,91.96866502064564,3.7096996807761684e-08,False,True,APPLY,APPLIED,
0.47999999999996484,EXCITATION_BUILD,0.0,0.0,2.1214012236609023,1.0,28.44216206976024,1.4316208140109934,1.4281443185481835,0.09970938024099864,0.43447585807301325,0.3089464441323134,0.0,-70.3550588521742,4.9120100986016695,61.97432863175247,0.20223914580062707,8.178491074621114,0.0,0.0,44.181721609586134,0.0,80.0,0.0,0.0,23.575836902790225,200.0,533.7032152530298,105.10778753149368,3.592216191172781e-08,False,True,APPLY,APPLIED,
0.48999999999996374,EXCITATION_BUILD,0.0,0.0,2.442256184070669,1.0,26.030140607844526,1.3749431379379842,1.367614929211214,0.14176754904193087,0.5139547957167676,0.5312259025340242,0.0,-61.659638532294494,6.391664526926777,53.0214337789124,0.1693920550160392,8.468812698366055,0.0,0.0,44.181721609586134,0.0,80.0,0.0,0.0,23.575836902790225,200.0,538.0932986253279,113.92250999328525,3.532948200657415e-08,False,True,APPLY,APPLIED,
0.49999999999996264,EXCITATION_BUILD,0.0,0.0,2.6516445352759144,1.0,24.413879797271715,1.339786821637208,1.3261472167767472,0.19068897940893084,0.5780712994344637,0.7896999577642227,0.0,-56.07756759049884,8.06348948011837,47.80881416955647,0.149009381688908,8.119744039253472,0.0,0.0,44.181721609586134,0.0,80.0,0.0,0.0,23.575836902790225,200.0,542.717922494828,119.57616086393823,3.506521117913053e-08,False,True,APPLY,APPLIED,
0.5099999999999616,EXCITATION_BUILD,0.0,0.0,2.7515802361033788,1.0,23.446477576162923,1.3209016934296713,1.2983833770573896,0.24286187408982507,0.6295008631037491,1.0665780814405665,0.0,-52.7279856960458,9.862739811214595,45.20302554171448,0.13743432768237773,7.387525826648941,0.0,0.0,44.181721609586134,0.0,80.0,0.0,0.0,23.575836902790225,200.0,547.4694368879461,122.96342834117765,3.555089378437515e-08,False,True,APPLY,APPLIED,
0.5199999999999605,EXCITATION_BUILD,0.0,0.0,2.7642035304785257,1.0,23.002867473249896,1.314185992825378,1.2808551040191318,0.2941003676409851,0.6704451185390217,1.3475648454926832,0.0,-51.03200220473237,11.717586605052226,44.42450655368811,0.13228297799797456,6.475212673046286,0.0,0.0,44.181721609586134,0.0,80.0,0.0,0.0,23.575836902790225,200.0,552.2712079541528,124.67268417746784,3.6249069079730134e-08,False,True,APPLY,APPLIED,
0.5299999999999594,EXCITATION_BUILD,0.0,0.0,2.7235951013717554,1.0,22.97456203226459,1.3168829050430686,1.2719119277979902,0.341204679803592,0.7027821184518526,1.6230889913719588,0.0,-50.61332962707009,13.57759491971752,44.95609507424264,0.1319576251435934,5.525276927683851,0.0,0.0,44.181721609586134,0.0,80.0,0.0,0.0,23.575836902790225,200.0,557.0669134664424,125.08603493374787,3.5684219135134754e-08,False,True,APPLY,APPLIED,
0.5399999999999583,EXCITATION_BUILD,0.0,0.0,2.6626813001458594,1.0,23.27078951838218,1.3271916330802256,1.2708662715613523,0.3825396067414489,0.7281367064218464,1.8883729308978987,0.0,-51.22377712411185,15.418713986952637,46.458287140388784,0.13538241120221153,4.63010757252086,0.0,0.0,44.181721609586134,0.0,80.0,0.0,0.0,23.575836902790225,200.0,561.8135915356324,124.4551446526971,3.582529517487387e-08,False,True,APPLY,APPLIED,
0.5499999999999572,EXCITATION_BUILD,0.0,0.0,2.6050221346676716,1.0,23.818470270573446,1.3438795212098527,1.2772788121576288,0.4178169498002916,0.7479032024432661,2.142303027290084,0.0,-52.69388279200358,17.23695497938939,48.711742727237464,0.1418298815075478,3.8403101832585538,0.0,0.0,44.181721609586134,0.0,80.0,0.0,0.0,23.575836902790225,200.0,566.4772873325771,122.95160808235518,3.5898232830788857e-08,False,True,APPLY,APPLIED,
0.5599999999999561,EXCITATION_BUILD,0.0,0.0,2.563546105607485,1.0,24.560230868132003,1.3660061889981516,1.2906048702584951,0.44756226074849836,0.7632526044869669,2.385853425239143,0.0,-54.901773264218235,19.03910509520506,51.57603611296773,0.15080123507398605,3.1749359161765316,0.0,0.0,44.181721609586134,0.0,80.0,0.0,0.0,23.575836902790225,200.0,571.0303798139525,120.69874705449301,3.611828391925087e-08,False,True,APPLY,APPLIED,
0.569999999999955,EXCITATION_BUILD,0.0,0.0,2.5431579162414235,1.0,25.451512523274207,1.3927768270339917,1.31012966468816,0.4726389230977102,0.7751438921661535,2.6207812556846655,0.0,-57.754855842930155,20.835489497723373,54.96037746520073,0.161944872430596,2.632533505298831,0.0,0.0,44.181721609586134,0.0,80.0,0.0,0.0,23.575836902790225,200.0,575.4499265177169,117.79027368961954,3.570685080944713e-08,False,True,APPLY,APPLIED,
0.5799999999999539,EXCITATION_BUILD,0.0,0.0,2.544023981919181,1.0,26.45779807440921,1.4234862467002836,1.3350367713852676,0.49395335163764315,0.7843446361926616,2.848853846381145,0.0,-61.17972954061512,22.636030037969967,58.80409580407583,0.175003769736553,2.2006299668027296,0.0,0.0,44.181721609586134,0.0,80.0,0.0,0.0,23.575836902790225,200.0,579.7165870680644,114.30053563848227,3.616713195597754e-08,False,True,APPLY,APPLIED,
0.5899999999999528,EXCITATION_BUILD,0.0,0.0,2.564066754718906,1.0,27.552361857733203,1.4575071812172835,1.3644995880115112,0.5123163647750933,0.7914581182274788,3.071524819628865,0.0,-65.1167729710943,24.44880797879336,63.06456699259414,0.18978316098486792,1.86242281751532,0.0,0.0,44.181721609586134,0.0,80.0,0.0,0.0,23.575836902790225,200.0,583.8138650426249,110.28998164143357,3.728453501494755e-08,False,True,APPLY,APPLIED,
0.5999999999999517,EXCITATION_BUILD,0.0,0.0,2.600457237991783,1.0,28.71453990537836,1.4942918106505778,1.3977489712404965,0.5283993080744102,0.7969522903683083,3.2898738057088135,0.0,-69.51710383494178,26.27996179680244,67.7101986048649,0.20613120049439157,1.600774029582471,0.0,0.0,44.181721609586134,0.0,80.0,0.0,0.0,23.575836902790225,200.0,587.7275301679174,105.8082151535103,3.7062876101501274e-08,False,True,APPLY,APPLIED,
0.6099999999999506,EXCITATION_BUILD,0.0,0.0,2.6503706281681096,1.0,29.928398967894,1.5333724421797619,1.4341089658382062,0.5427361426501813,0.8011869988965765,3.5046597952029384,0.0,-74.34063441813831,28.13408892028336,72.71650295603607,0.22392726619535971,1.4002041959068912,0.0,0.0,44.181721609586134,0.0,80.0,0.0,0.0,23.589089186071657,193.86023674553982,591.4028354236204,95.37015536801881,3.705329398862034e-08,False,True,APPLY,APPLIED,
0.6199999999999495,EXCITATION_BUILD,0.0,0.0,2.7113050863922497,1.0,31.181700308962082,1.5743571679417259,1.4730072291605167,0.5557429217636056,0.8044375810899502,3.7164013601819033,0.0,-79.55460042841386,30.014724440300114,78.0638456747219,0.2430746085394815,1.2476801451524757,0.0,0.0,44.18175201269906,0.0,80.0,0.0,0.0,23.62711853628582,176.20229086317346,594.4471543345278,74.16851097925628,3.717844476724963e-08,False,True,APPLY,APPLIED,
0.6299999999999484,EXCITATION_BUILD,0.0,0.0,2.7586744679457214,1.0,32.26992218858158,1.6106487786219286,1.5076647669100431,0.5666890140936175,0.8067359177655528,3.9046323307579636,0.0,-84.26812510703736,31.67403111389012,83.01072194263767,0.26033696951427754,0.9970661948854236,1.3349218131317635,1.3098572939973434,44.57012524562401,1.3098572939973434,80.0,0.0,0.0,23.67210898367305,155.23743746517903,596.6390237095177,49.11056484802015,3.666374648325643e-08,False,True,APPLY,APPLIED,
0.6399999999999473,EXCITATION_BUILD,0.0,0.0,2.824912355229256,1.0,33.40354353316347,1.6466723042314002,1.5424822351997531,0.5764358000817815,0.8081754691884262,4.083427669916665,0.0,-89.24283098533296,33.35063542818159,88.02516740120302,0.27894918014298686,0.9387144039869604,2.5167115339079484,2.447628347985349,45.62912795012417,2.447628347985349,80.0,0.0,0.0,23.718151863890597,133.69833789594733,597.9105364454585,23.433250316621994,3.737862530606151e-08,False,True,APPLY,APPLIED,
0.6499999999999462,EXCITATION_BUILD,0.0,0.0,2.905490891055609,1.0,34.639510070981565,1.687103595775003,1.5820682710790053,0.5859850924059689,0.8090776810137528,4.269446936579019,0.0,-94.91996926916187,35.157576939095264,93.67617473360313,0.29997391448940847,0.943820621069321,3.2559028796650926,3.1546765366226213,47.097549413913725,3.1546765366226213,80.0,0.0,0.0,23.76024915324544,113.93079707179912,598.2827840654495,-0.9038845200168879,3.710920593036349e-08,False,True,APPLY,APPLIED,
0.6599999999999451,EXCITATION_BUILD,0.0,0.0,2.994307017436914,1.0,35.939113362545186,1.7309145555164738,1.62524475374771,0.5955205193058739,0.8096475687905504,4.461133062660019,0.0,-101.16883729664734,37.070181820641224,99.88846810777089,0.32290496732146856,0.9574642215549787,3.7245944170540497,3.60394828487445,48.78306593448308,3.60394828487445,80.0,0.0,0.0,23.794595184812703,97.75048852786023,597.8347591789718,-22.31359439254092,3.612131993513401e-08,False,True,APPLY,APPLIED,
0.669999999999944,EXCITATION_BUILD,0.0,0.0,3.103189714712516,1.0,37.43242339343778,1.7813469665932196,1.675353496875797,0.605299657935558,0.810133043936935,4.669206847563014,0.0,-108.6213080263309,39.24451807660819,107.10736948308066,0.350296580276397,1.1636419629738128,4.436300060390163,4.2832493579338795,50.67272336965544,4.2832493579338795,80.0,0.0,0.0,23.81864363875849,86.3932508006684,596.670090976811,-40.859044691890446,3.70038160113495e-08,False,True,APPLY,APPLIED,
0.6799999999999429,EXCITATION_BUILD,0.0,0.0,3.220438061398652,1.0,39.01686910217017,1.8374988495521274,1.7310621886451592,0.6163000252705028,0.8107900249756342,4.893209749978007,0.0,-116.98379723089946,41.649062444180906,115.3072381881986,0.3805790186339704,1.2959800240668642,4.963636995107625,4.788960337342274,52.770668152999875,4.788960337342274,80.0,0.0,0.0,23.830918595528,80.58730371979594,594.9059410594446,-55.14592613660763,3.748489851851389e-08,False,True,APPLY,APPLIED,
0.6899999999999418,EXCITATION_BUILD,0.0,0.0,3.338851650018005,1.0,40.619185552752384,1.8952473138893218,1.7882427382335362,0.6278138975522229,0.8115792147034806,5.1219074670317255,0.0,-125.8109114586955,44.16952854817972,124.01673233560946,0.412479558742232,1.381699564343819,5.315044545588849,5.129521848912316,54.958024939629006,5.129521848912316,82.19999999999979,0.0,0.0,23.83101454219038,80.54189804959417,592.7092620366566,-64.53914357139962,3.751165666976419e-08,False,True,APPLY,APPLIED,
0.6999999999999407,EXCITATION_BUILD,0.0,0.0,3.4569847385669052,1.0,42.225170162503574,1.9536247632179793,1.8459678482585085,0.6395720590006713,0.812433484234586,5.352216286836793,0.0,-135.0069631328522,46.77583169813371,133.12061105579113,0.44574124881309557,1.440610828247955,5.583686989196879,5.39246768727237,57.17935000069175,5.39246768727237,85.19999999999982,0.0,0.0,23.819490985856984,85.9926567049105,590.248899070795,-69.27551768934792,3.7295675658910454e-08,False,True,APPLY,APPLIED,
0.7099999999999396,EXCITATION_BUILD,0.0,0.0,3.5747734082405107,1.0,43.83004774050826,2.0123034100995603,1.90392880253444,0.6514753480969878,0.8132928278101046,5.582704265803313,0.0,-144.53841067181537,49.45731756379738,142.5754325818151,0.4802682712338085,1.4827098187664518,5.816709139298942,5.62199136169494,59.41136628780997,5.62199136169494,88.19999999999985,0.0,0.0,23.797627991944957,96.31947527353611,587.6807454724154,-69.92783870917455,3.791631519867167e-08,False,True,APPLY,APPLIED,
0.7199999999999385,EXCITATION_BUILD,6.710903985140893e-05,0.3845064750660981,3.687075792389178,0.9965238353579116,45.43599814649092,2.070197608266126,1.9609509775815839,0.6636184150493577,0.8141205992933673,5.8084015165278755,0.2338777493073919,-154.32185579096523,52.22508187011279,152.18803421302417,0.5161074818919817,1.3838363467416812,6.050604492612784,5.8524557603127345,61.645725017175266,5.8524557603127345,91.19999999999986,0.0,0.0,23.767175371773746,110.67167539842784,585.1387271977583,-67.21282415615171,2.3883609696971446e-07,False,True,APPLY,APPLIED,
0.7299999999999374,EXCITATION_BUILD,0.0004785318720055315,2.741785662841146,3.8061017844865783,0.9759878057385251,47.010832392403636,2.116731803766998,2.0052938690815227,0.6777536629947112,0.8150659958394109,5.98449441524212,1.718262789319476,-163.2813545046494,55.18619381455118,159.9878539419984,0.5525045905566668,1.022733182774843,6.194712576193518,5.997856901280777,63.861855654021156,5.997856901280777,94.1999999999999,0.0,0.0,23.73392287748584,126.30107810429003,582.7359476448339,-62.39869286788955,5.351916382463628e-07,False,True,APPLY,APPLIED,
0.7399999999999363,EXCITATION_BUILD,0.0011607215052356745,6.650444344007623,3.953180302637365,0.9439232564257966,48.49111999528288,2.1480606365506505,2.0327266465134994,0.6943967733597035,0.8163936231577413,6.098636498316049,4.247291121726375,-170.7268481437581,58.32174861299552,165.1440355196253,0.5878471795992309,0.747674322807228,6.142868912371257,5.956709754171991,65.99722051044735,5.956709754171991,97.19999999999992,0.0,0.0,23.706417807572716,139.19564229088797,580.4926608911012,-58.28128141829731,7.31179961119266e-07,False,True,APPLY,APPLIED,
0.7499999999999352,EXCITATION_BUILD,0.002011241559098294,11.52356529176438,3.987778423399904,0.9036759813923362,49.82583066941603,2.166680332789276,2.0463965177290384,0.7118742562576017,0.8182174025489058,6.164764611631636,7.439298473383199,-176.60580035403206,61.435367822714255,168.03931390807531,0.6206533504743299,0.5065346220991671,5.800892937335739,5.637827863379551,68.0044802497461,5.637827863379551,100.0,0.0,0.0,23.68387429886343,149.74162736717187,578.3881695608595,-54.36982422491528,8.458699838898021e-07,False,True,APPLY,APPLIED,
0.7599999999999341,READY_TO_RELEASE,0.0028757293411761074,16.476715427132774,4.040408266561673,0.8640672399082894,50.17711472305999,2.154489466211093,2.029800543197456,0.7223119927357368,0.8207999870680657,6.108802090804155,10.540356847178076,-176.40856886393286,62.77563839402881,165.28338488577583,0.6294357104827809,-0.044608579503815804,3.1613983972999855,3.102859048770473,69.32571883207594,3.102859048770473,100.0,0.0,0.0,23.665299883288657,158.41557265891348,576.5784827738153,-43.58906560047333,7.491795603886686e-07,False,True,APPLY,APPLIED,
0.769999999999933,READY_TO_RELEASE,0.0035790776510158002,20.50660439528019,4.106037142893793,0.8335247694907777,50.237303479259,2.129701661185693,1.9996537496835156,0.7328124228162057,0.8240169982285265,6.012471878007556,12.911462235562704,-173.99699564926448,63.76461923203394,160.42520606529666,0.6309466652167922,0.029380683188307444,1.63058732739422,1.6112455083837778,69.99574397155527,1.6112455083837778,100.0,0.0,0.0,23.649899834581877,165.59667688418276,575.1730823964986,-33.04876748035031,5.830955789321024e-07,False,True,APPLY,APPLIED,
0.7799999999999319,READY_TO_RELEASE,0.004109878730706734,23.547870558007965,4.15317938851605,0.8110052696566222,50.21082234735406,2.1062921378198554,1.9715034088126155,0.7413776897654613,0.8274256735709713,5.930091490839273,14.623174133607188,-171.4571079286715,64.47590909649175,156.02802046024243,0.6302816701993875,0.17563166462247182,0.844282375332621,0.8378299735610029,70.33167457241882,0.8378299735610029,100.0,0.0,0.0,23.637106141786724,171.55521289579335,574.1234914732179,-24.25782829248405,4.4275545008076733e-07,False,True,APPLY,APPLIED,
0.7899999999999308,READY_TO_RELEASE,0.004505959756895511,25.81724767259072,4.1836043854280485,0.7942982072068844,50.17600947949653,2.087492647361369,1.9488166882757156,0.748157114706429,0.8307304792673794,5.870051851590727,15.870130448494677,-169.36658704944173,65.02038793946248,152.5858256665506,0.6294079818216316,0.2812229525748364,0.462271836038113,0.4599072921943239,70.5064290279769,0.4599072921943239,100.0,0.0,0.0,23.626471133916134,176.5033794442971,573.3627681424903,-17.25960677399428,3.428370760616417e-07,False,True,APPLY,APPLIED,
0.7999999999999297,READY_TO_RELEASE,0.004807412537814264,27.54444487950336,4.203239342944416,0.7815617699260163,50.15971392762387,2.0733043900723036,1.9314855615638857,0.7536276397288826,0.8337918766943296,5.8292120073884846,16.814056133938113,-167.80586828056045,65.47454610146804,150.02491803695068,0.6289992253252662,0.3378948843464826,0.2867356314171225,0.28566897094521315,70.60697625066568,0.28566897094521315,100.0,0.0,0.0,23.61763057529561,180.61319631913088,572.8303988907421,-11.774240709479386,2.755316996783108e-07,False,True,APPLY,APPLIED,
0.8099999999999286,BRAKE_RELEASE,0.004583853239146181,26.263544451044776,0.9364448230785176,0.06513287261977953,15.663116338884022,1.4567330258298146,1.290117431578534,0.6765117303347323,0.8287172915704614,3.638341808603169,10.006574930691965,-34.999999999999865,18.353298685953135,68.16152335934063,0.06133330336135391,-43.22943159339411,0.0,0.0,70.6634829354437,0.0,100.0,0.0,0.0,23.609614254691607,184.3371371452293,573.4654076573122,126.31187009929889,-2.6759945170873323e-06,False,True,RELEASE,APPLIED,
0.8199999999999275,BRAKE_RELEASE,0.0,0.0,1.6421877530136895,1.0,20.745309188378677,1.1237231679887256,0.974064027556955,0.5603151153539779,0.8011035868068911,2.6041685755999437,0.0,-34.999999998804086,20.13320324117241,40.463161813323225,0.10759196333035723,-5.570753777849498,0.0,0.0,70.6634829354437,0.0,100.0,0.0,0.0,23.600485605069174,188.5746745316573,578.2253233233703,130.77014175973235,-3.4350800504068246e-06,False,True,RELEASE,APPLIED,
0.8299999999999264,BRAKE_RELEASE,0.0,0.0,1.375479240886282,1.0,20.553429930393424,1.1101107911780406,0.9831575308739267,0.5155067780115206,0.7755358659981268,2.564128278334609,0.0,-34.99999999951323,18.351827315114125,40.15187337607288,0.10561087047589811,-5.257484247035542,0.0,0.0,70.6634829354437,0.0,100.0,0.0,0.0,23.592911267377385,192.08816693428878,583.0769381333089,133.95509076432305,-3.434805329716184e-06,False,True,RELEASE,APPLIED,
0.8399999999999253,BRAKE_RELEASE,0.0,0.0,1.4039837662673105,1.0,20.521789100505295,1.1011967248910388,0.9846733792253312,0.49300361373494733,0.7531132229916971,2.47304122796854,0.0,-34.999999999492886,17.52370567187286,39.291615471682135,0.10528595697140448,-4.396901429160641,0.0,0.0,70.6634829354437,0.0,100.0,0.0,0.0,23.59274175023016,192.1667742494112,587.9727114594043,134.04062115426666,-3.434744121788569e-06,False,True,RELEASE,APPLIED,
0.8499999999999241,BRAKE_RELEASE,0.0,0.0,1.4591626499797197,1.0,20.496171729503086,1.0946495924929367,0.9859040843329572,0.4756583509626897,0.7337164262058405,2.3900227632651863,0.0,-34.99999999942823,16.886066857797733,38.56431196277233,0.1050232638913204,-3.669335227235411,0.0,0.0,70.6634829354437,0.0,100.0,0.0,0.0,23.61584536807211,181.44272770075278,592.6596488638836,124.39976163289576,-3.4348162165631635e-06,False,True,RELEASE,APPLIED,
0.859999999999923,BRAKE_RELEASE,0.0,0.0,1.5134250822667743,1.0,20.475100289547317,1.0893325615404843,0.9869187029858797,0.4611256914649431,0.7169864499946565,2.317661149189298,0.0,-34.99999999935732,16.353321861413303,37.96390326546155,0.10480743296675515,-3.068710699070982,0.0,0.0,70.6634829354437,0.0,100.0,0.0,0.0,23.65773547594327,161.94407145867507,596.8192763591983,106.85968024055732,-3.434491470555301e-06,False,True,RELEASE,APPLIED,
0.869999999999922,BRAKE_RELEASE,0.0,0.0,1.563435831152524,1.0,20.4578118516687,1.0849318387853768,0.9877527258408353,0.44880023106524664,0.7025799547378311,2.2550379428827885,0.0,-34.99999999928606,15.9027737165611,37.46782168617992,0.10463051643956912,-2.5724522033334196,0.0,0.0,70.6634829354437,0.0,100.0,0.0,0.0,24.0,0.0,600.00879388832,-38.882807821136595,-3.4346502097992726e-06,False,True,RELEASE,APPLIED,
0.8799999999999208,BRAKE_RELEASE,0.0,0.0,1.6087783022449809,1.0,20.44363808799257,1.081266961044649,0.9884375439542276,0.438325749584102,0.6901907033304235,2.2009775039213837,0.0,-34.99999999921639,15.520860502452262,37.056583309310525,0.10448558456820517,-2.161068894662346,0.0,0.0,70.6634829354437,0.0,100.0,0.0,0.0,24.0,0.0,600.0088814731191,-38.87685368081688,-3.434700737381391e-06,False,True,RELEASE,APPLIED,
0.8899999999999197,BRAKE_RELEASE,0.0,0.0,1.649499457014973,1.0,20.43201543691357,1.0782029015029653,0.9889998117678772,0.42941922305890823,0.6795487028140609,2.1543899400695445,0.0,-34.99999999914953,15.196840917320737,36.71455417912695,0.10436681370356862,-1.8189209936809885,0.0,0.0,70.6634829354437,0.0,100.0,0.0,0.0,23.80770182029499,91.56355446004754,599.9869622775153,43.53530789140112,-3.434483788700149e-06,False,True,RELEASE,MOVING,
0.8999999999999186,BRAKE_RELEASE,0.0,0.0,1.6857924885201359,1.0,20.422475680832907,1.0756330954334663,0.9894617938056606,0.42184347167007913,0.6704170093563538,2.114301811372594,0.0,-34.99999999908636,14.921770199211192,36.429235309905394,0.10426937823355291,-1.533504689052588,0.0,0.0,70.6634829354437,0.0,100.0,0.0,0.0,24.0,0.0,600.009658489955,-38.86773991703108,-3.43408838765491e-06,False,True,RELEASE,MOVING,
0.9099999999999175,BRAKE_RELEASE,0.0,0.0,1.7179294966714613,1.0,20.41463353988081,1.0734721484163867,0.9898418887412179,0.4153979883423982,0.6625884246568053,2.0798513437191404,0.0,-34.99999999902752,14.688133283659202,36.19058588754943,0.10418931564190663,-1.294775204163816,0.0,0.0,70.6634829354437,0.0,100.0,0.0,0.0,23.871405778369013,61.394496906136325,599.9936615616577,16.390790375413722,-3.433450259882065e-06,False,True,RELEASE,MOVING,
0.9199999999999164,BRAKE_RELEASE,0.0,0.0,1.7462283111608228,1.0,20.408174209606795,1.0716510062943907,0.990155180639922,0.4099129145851639,0.6558823447339402,2.050279513338099,0.0,-34.99999999897343,14.489599499734698,35.99049507613381,0.10412339364241499,-1.0946184708027893,0.0,0.0,70.6634829354437,0.0,100.0,0.0,0.0,23.89479085446246,50.27901057192437,599.9975637044599,6.389782605221136,-3.433091565030466e-06,False,True,RELEASE,MOVING,
0.9299999999999153,BRAKE_RELEASE,0.0,0.0,1.7710286664645019,1.0,20.4028417485398,1.070113406279553,0.9904139663516222,0.4052442196440014,0.6501418056351043,2.024920687649475,0.0,-34.99999999892417,14.320827622566618,35.822376515040204,0.10406898785398969,-0.9264455039700294,0.0,0.0,70.6634829354437,0.0,100.0,0.0,0.0,23.913891822762068,41.18363271046338,599.9840037598537,-1.7935875873513893,-3.4329143858702338e-06,False,True,RELEASE,MOVING,
0.9399999999999142,BRAKE_RELEASE,0.0,0.0,1.792674468837012,1.0,20.398428734517903,1.0688132036106408,0.9906282333793497,0.4012696941511408,0.645230745185704,2.0031933910906354,0.0,-34.99999999887959,14.177305695124662,35.68085556146608,0.10402397370930144,-0.7848795362957972,0.0,0.0,70.6634829354437,0.0,100.0,0.0,0.0,23.929105401830235,33.9288862404942,599.8006601631221,-8.320773631760424,-3.433525231466561e-06,False,True,RELEASE,MOVING,
0.9499999999999131,BRAKE_RELEASE,0.0,0.0,1.8115011614035175,1.0,20.394767342929434,1.0677123325163056,0.9908060769309348,0.3978855902444073,0.6410314919875552,1.9845914082442628,0.0,-34.999999998839805,14.055218253433623,35.56152640906667,0.10398663374305525,-0.665513043969927,0.0,0.0,70.6634829354437,0.0,100.0,0.0,0.0,23.940085867232792,28.686989662155092,599.417066960056,-13.036716522863514,-3.43422171833474e-06,False,True,RELEASE,MOVING,
0.959999999999912,BRAKE_RELEASE,0.0,0.0,1.8278272004343799,1.0,20.391721833040666,1.0667792340891598,0.9909540541203772,0.39500379353398984,0.6374424856534563,1.968675370033138,0.0,-34.99999999880447,13.951335801829195,35.46076222560849,0.10395557982902688,-0.5647178066330394,0.0,0.0,70.6634829354437,0.0,100.0,0.0,0.0,23.946759157505237,25.498912651295687,598.8983372179739,-15.904492064595793,-3.435257650563628e-06,False,True,RELEASE,MOVING,
0.9699999999999109,BRAKE_RELEASE,0.0,0.0,1.8419488051897357,1.0,20.389182332478097,1.0659876313153325,0.9910774788030753,0.39254943781212215,0.6343762254940642,1.9550649249480814,0.0,-34.999999998773184,13.862922543185588,35.37556581976199,0.10392968904675928,-0.47949551003556046,0.0,0.0,70.6634829354437,0.0,100.0,0.0,0.0,23.949397686836907,24.23789843633557,598.3082330917923,-17.03813862993627,-3.4352628179856737e-06,False,True,RELEASE,MOVING,
0.9799999999999098,BRAKE_RELEASE,0.0,0.0,1.854137204563751,1.0,20.387059763805688,1.065315564790268,0.9911806633729431,0.3904588904609296,0.6317574392944744,1.9434315559360267,0.0,-34.99999999874575,13.787659173190292,35.30345149712554,0.10390805145324623,-0.40735954983305156,0.0,0.0,70.6634829354437,0.0,100.0,0.0,0.0,23.948533328849827,24.651025787297698,597.7045443484349,-16.66524973092185,-3.436120377342533e-06,False,True,RELEASE,MOVING,
0.9899999999999087,BRAKE_RELEASE,0.00019031384674468818,1.0904180201370193,1.856066774494471,0.980417047577504,20.42964031909417,1.0631542112689079,0.9891147913174941,0.3898061140307628,0.6295574644010888,1.9258488936774072,0.2199094267228496,-34.99999999874494,13.793357566127188,35.078969968517626,0.10434255089188953,-0.40322194738743633,0.0,0.0,70.6634829354437,0.0,100.0,0.0,0.0,23.94486744167245,26.402836017469813,597.1357723227952,-15.085170242031907,-3.4437982208146423e-06,False,True,RELEASE,MOVING,
0.9999999999999076,BRAKE_RELEASE,0.000877967430738757,5.030382833127519,1.895292359182175,0.9115284631637138,20.644013397887775,1.0557903557283481,0.9788435529162558,0.39567483387659713,0.6281009691579202,1.8781931264464573,0.9893954361944336,-34.99999999861844,14.147939314587344,34.24543220758753,0.10654382229304252,-0.341371467456554,0.0,0.0,70.6634829354437,0.0,100.0,0.0,0.0,23.939186202746296,29.116656323049646,596.639271611019,-12.631029265745589,-3.4697966584396056e-06,False,True,RELEASE,MOVING,
1.0099999999999065,BRAKE_RELEASE,0.0019858881932644508,11.378301205891336,1.9932211410814928,0.8097166947279846,21.0206816728089,1.0449064731982574,0.9613037167473499,0.40954206365079393,0.627880420153553,1.8024572022113348,2.147687086041578,-34.99999999826311,14.91097139993032,32.91664104390353,0.11046726449739103,-0.17479539617940354,0.0,0.0,70.6634829354437,0.0,100.0,0.0,0.0,23.932286347853573,32.41085025654484,596.2402754052125,-9.649106922472068,-3.509551347535833e-06,False,True,RELEASE,MOVING,
1.0199999999999054,BRAKE_RELEASE,0.0034402102577994064,19.710952840951887,2.140016584191601,0.6929781917492668,21.53971758954486,1.032511528858309,0.9381394782102984,0.4312474656721268,0.6292702340505512,1.704583843165296,3.5184760935218313,-34.99999999760267,16.088930961827746,31.28872843726919,0.11598985845933706,0.07680560835232164,0.0,0.0,70.6634829354437,0.0,100.0,0.0,0.0,23.924913252101106,35.9288785972679,595.9519913142301,-6.463569305460084,-3.558923922453161e-06,False,True,RELEASE,MOVING,
1.0299999999999043,BRAKE_RELEASE,0.005177998588562007,29.66774654493002,2.3249276165813777,0.5746427210129077,22.188419495316467,1.0205506767985024,0.9107119785562875,0.4605728780855137,0.6325329964906501,1.5886756504806814,4.935696165523077,-34.99999999650067,17.700492703451324,29.543254480787244,0.123081489925035,0.39796786026530384,0.0,0.0,70.6634829354437,0.0,100.0,0.0,0.0,23.91771413639778,39.36179526209041,595.7767304947433,-3.3555270271648325,-3.614731729051357e-06,False,True,RELEASE,MOVING,
1.0399999999999032,BRAKE_RELEASE,0.007143602181663724,40.92982555297785,2.5390529445299896,0.4626628320721571,22.959443818052982,1.0109455414087882,0.8801284377242758,0.49737794563423665,0.6378493959909581,1.457060378818437,6.245195820565895,-34.999999994742105,19.779190568589172,27.844022981467287,0.1317840151085828,0.778997177600365,0.0,0.0,70.6634829354437,0.0,100.0,0.0,0.0,23.911207033903434,42.46293990978728,595.7076680808823,-0.549862247113964,-3.672201631665928e-06,False,True,RELEASE,MOVING,
1.0499999999999021,BRAKE_RELEASE,0.009285673562679123,53.20299050777207,2.775063936821699,0.3609397630827701,23.848903675890313,1.0055912630398882,0.847303494183365,0.5415630868576791,0.645340715506014,1.3107568831027683,7.302756321916239,-34.99999999201084,22.370624181080203,26.34052093092657,0.14219255163547365,1.2145301875325547,0.0,0.0,70.6634829354437,0.0,100.0,0.0,0.0,23.90576474408196,45.05531717150119,595.7309852789103,1.7913751129169029,-3.7298394199858365e-06,False,True,RELEASE,MOVING,
1.059999999999901,BRAKE_RELEASE,0.011555060715972445,66.20562110426364,3.02675436588351,0.27088433019750285,24.85470977172899,1.006312322335927,0.8130153037479465,0.5930182172216643,0.6550833097558388,1.1499122205559975,7.972383315937949,-34.99999998786249,25.52920898275638,25.17135292361806,0.1544391494592202,1.7018245988473257,0.0,0.0,70.6634829354437,0.0,100.0,0.0,0.0,23.901612220237844,47.03253118170443,595.8281613689353,3.5697796956904213,-3.7860096133712773e-06,False,True,RELEASE,MOVING,
1.0699999999999,BRAKE_RELEASE,0.013903476557870165,79.66105273250376,3.288714718753842,0.192581706988874,25.975106991158974,1.0147629143192318,0.7779471098211356,0.6515689269744244,0.6671164979879228,0.9741869614500879,8.126751348902436,-34.99999998169221,29.31421962274446,24.46553078824162,0.16867654580053898,2.2390412987476633,0.0,0.0,70.6634829354437,0.0,100.0,0.0,0.0,23.898835268182868,48.35438521295107,595.9782145602446,4.74663886207933,-3.839860676979612e-06,False,True,RELEASE,MOVING,
1.0799999999998988,BRAKE_RELEASE,0.01628287114180406,93.29397947807364,3.5561311547414567,0.12551051110996464,27.2073971321326,1.032275047883918,0.7427119657106429,0.7169175060451359,0.6814449839065113,0.7831160361680205,7.650826503602547,-34.999999972701865,33.78444652901286,24.34061135539095,0.1850606146763943,2.8235014990319307,0.0,0.0,70.6634829354437,0.0,100.0,0.0,0.0,23.897398053646842,49.03839106160677,596.1597315308532,5.335358124112311,-3.8873414109907856e-06,False,True,RELEASE,MOVING,
1.0899999999998977,BRAKE_RELEASE,0.018645487686754864,106.8307751414198,3.82468464625037,0.06893609083863379,28.546911113799307,1.0596809947969943,0.7078615027003197,0.7885784068365002,0.6980367109595015,0.5764738702672756,6.449181869882644,-34.99999995986759,38.99102310599138,24.89717298469374,0.20373153353478968,3.4499135717563867,0.0,0.0,70.6634829354437,0.0,100.0,0.0,0.0,23.897166717387393,49.14848197379421,596.3525711453606,5.391440917783321,-3.92798352422119e-06,False,True,RELEASE,MOVING,
1.0999999999998966,BRAKE_RELEASE,0.020944627855750894,120.00387796066653,4.09052361772429,0.022098479514226183,29.986358550988026,1.097154620054974,0.6738817370486117,0.8658127192299265,0.7168172038387397,0.35466000573270307,4.456933101233966,-34.99999994191637,44.96849143809323,26.209598090256712,0.22479542478710324,4.1086733256386125,0.0,0.0,70.6634829354437,0.0,100.0,0.0,0.0,23.897936382358633,48.78219682693509,596.5391738807778,5.00116594832339,-3.95733643809848e-06,False,True,RELEASE,MOVING,
1.1099999999998955,BRAKE_RELEASE,0.02313615967596496,132.56043035735547,4.350274402217389,-0.015724665473881783,31.515704551444845,1.1441183167419298,0.6411806323705692,0.9475727514957696,0.7376619007080546,0.11909482474463295,1.6532381291237346,-34.99999991731629,51.72496571112181,28.313931213936755,0.24830990834349034,4.78452066591245,0.0,0.0,70.6634829354437,0.0,100.0,0.0,0.0,23.899459004400654,48.05750805176402,596.7054511080985,4.270002203786625,-3.974803088446777e-06,False,True,RELEASE,MOVING,
1.1199999999998944,BRAKE_RELEASE,0.025180743647522076,144.2750336003873,4.601042528211515,-0.04523436964382132,33.122662041112875,1.199247429665556,0.6100735300124106,1.032475029014087,0.7603886136527744,-0.1274282504368205,-1.9252428646210917,-34.99999988428672,59.233230288301215,31.194927291701813,0.27427768517244494,5.456037772033461,0.0,0.0,70.6634829354437,0.0,100.0,0.0,0.0,23.901469847608293,47.10030932941185,596.8412645195665,3.311632597485932,-3.974640372383931e-06,False,True,RELEASE,MOVING,
1.1299999999998933,BRAKE_RELEASE,0.027046601043315497,154.9656089956107,4.840359429639351,-0.06717700925746463,34.79371866587284,1.2605821801280666,0.5807732000078368,1.1188252423900196,0.7847528146949473,-0.380541641310703,-6.1754147717394305,-34.9999998408496,67.42543096868243,34.77618492151237,0.30265071464997706,6.096578976426734,0.0,0.0,70.6634829354437,0.0,100.0,0.0,0.0,23.903710818221242,46.033375123251645,596.940533537683,2.2382370354964465,-3.9576669719210145e-06,False,True,RELEASE,MOVING,
1.1399999999998922,BRAKE_RELEASE,0.028712286917544544,164.50928605439904,5.044100276700734,-0.08713993926915574,36.37211708043387,1.3254300241651158,0.5527293196151366,1.2046804755602738,0.8104346012514972,-0.6363420063695253,-10.962500558740661,-34.82103776455908,75.89288797438802,38.902842311442015,0.3307327252281973,6.54996328662955,0.0,0.0,70.6634829354437,0.0,100.0,0.0,0.0,23.90594941341474,44.96737130418465,597.0013005171943,1.3320228474613458,-3.9214665825682005e-06,False,True,RELEASE,MOVING,
1.149999999999891,BRAKE_RELEASE,0.03004349617360685,172.13655325651104,5.042153479547373,-0.1379830328103081,35.996964000650856,1.3682328082835242,0.4761248706376495,1.2827182563695352,0.8347650131830437,-1.0399761362577151,-18.746711442180658,-29.685705095824325,79.97564972529068,42.28885456037359,0.3239453543160384,5.819616623315348,0.0,0.0,70.6634829354437,0.0,100.0,0.0,0.0,23.908128447436393,43.92953758712239,597.1113759019663,5.446832969380736,-3.825208024110793e-06,False,True,RELEASE,MOVING,
1.15999999999989,BRAKE_RELEASE,0.030823269854371373,176.60432734482993,5.087447358978574,-0.15712468279499753,35.42227430695534,1.3981422376093757,0.3891457914197044,1.342895107447966,0.8553104062031245,-1.4485523712040649,-26.789472381487453,-23.87533132774659,82.39088366280242,45.345277173130334,0.3136843792692971,5.005842156834223,0.0,0.0,70.6634829354437,0.0,100.0,0.0,0.0,23.910880670367074,42.61843312551933,597.3920606928937,10.015157197771227,-3.6802636369515085e-06,False,True,RELEASE,MOVING,
1.169999999999889,BRAKE_RELEASE,0.031184079545549925,178.67161459602488,5.135287732080914,-0.1597637361832486,35.09006300691903,1.4193761427205962,0.323950042699146,1.3819135299864531,0.8722661215096674,-1.734654924932173,-32.456170297898886,-19.68896182444424,83.9896254060842,47.696969054440345,0.307828130457387,4.140334937445669,0.0,0.0,70.6634829354437,0.0,100.0,0.0,0.0,23.914889983991344,40.70793338765489,597.798830658596,12.437206748555798,-3.552460418276837e-06,False,True,RELEASE,MOVING,
1.1799999999998878,BRAKE_RELEASE,0.03134495732855361,179.59337639437814,5.149471385152235,-0.16253600264168203,34.97778919849652,1.432129790560825,0.278770815430737,1.4047357650020427,0.8861907134640392,-1.9117846318757503,-35.95488462451797,-16.888858180521158,85.10353954938988,49.14598397579884,0.30586143430361495,3.391897394936734,0.0,0.0,70.6634829354437,0.0,100.0,0.0,0.0,23.92037191566531,38.09466784435445,598.2541965895043,12.858096076634695,-3.4605481040728137e-06,False,True,RELEASE,MOVING,
1.1899999999998867,BRAKE_RELEASE,0.03145401349931096,180.21822222580354,5.132238323772363,-0.17049787933034033,34.96326435430841,1.4400461145258099,0.24562170901875013,1.4189442512021355,0.8976070782185317,-2.0296408271770714,-38.30420998606815,-14.874396361905927,85.92863917503811,50.06501318034101,0.30560746357731317,2.807985704055838,0.0,0.0,70.6634829354437,0.0,100.0,0.0,0.0,23.927148958449514,34.862354459132824,598.6986267049467,11.946423042327798,-3.3949107454134264e-06,False,True,RELEASE,MOVING,
1.1999999999998856,BRAKE_RELEASE,0.03157312031443906,180.90065400761208,5.100998109606612,-0.182125864523947,34.956901416372034,1.4466419905166934,0.2185192092880533,1.4300427979253716,0.906953981017295,-2.1263881473664386,-40.282025287198636,-13.230710825488796,86.5849862310384,50.852212773623414,0.3054962391584884,2.3550270999054597,0.0,0.0,70.6634829354437,0.0,100.0,0.0,0.0,23.934832473087898,31.195476786531835,599.0955354280488,10.275638495848849,-3.3376075538882333e-06,False,True,RELEASE,MOVING,
1.2099999999998845,BRAKE_RELEASE,0.03171251857684378,181.6993472183368,5.06947912755599,-0.19472725991828274,34.92195887284204,1.4536623926910857,0.19454662272791565,1.4405852850524101,0.9145984118854651,-2.219535853579845,-42.23224319317299,-11.767465125270727,87.13611608432186,51.704571396977215,0.3048858028791178,1.9902511185873806,0.0,0.0,70.6634829354437,0.0,100.0,0.0,0.0,23.94296329766628,27.31255341192235,599.4253538007747,8.228982181514553,-3.279397047251109e-06,False,True,RELEASE,MOVING,
1.2199999999998834,BRAKE_RELEASE,0.031864284280149424,182.56890064576163,5.043537126967301,-0.2066194554187213,34.85512796891615,1.461471687763916,0.17275654664487572,1.4512252305299982,0.9208473519168637,-2.3129278721854827,-44.21987474327959,-10.429460003936505,87.61170440405475,52.65936158088147,0.3037199864323803,1.6862531799026002,0.0,0.0,70.6634829354437,0.0,100.0,0.0,0.0,23.951095150650012,23.426494002195458,599.6794832412215,6.0524599774367775,-3.2190365217843464e-06,False,True,RELEASE,MOVING,
1.2299999999998823,BRAKE_RELEASE,0.0320197225899501,183.45949655838422,5.023801990010668,-0.2172686272480167,34.764990334358636,1.4698492741777374,0.15296645326405905,1.4618680354179154,0.925955494685537,-2.405190797754294,-46.20812527199596,-9.210833618680667,88.02598843981782,53.687429041625876,0.30215113823701245,1.4293787108137082,0.0,0.0,70.6634829354437,0.0,100.0,0.0,0.0,23.958838260402448,19.723749230690597,599.8566155077435,3.9201980223438877,-3.1573174261723125e-06,False,True,RELEASE,MOVING,
1.2399999999998812,BRAKE_RELEASE,0.032174057545819174,184.3437707186478,5.008943966471129,-0.22676404416185766,34.66033809014809,1.4784971120533816,0.13510127093536206,1.4723115692481124,0.9301321144990521,-2.4944885286642884,-48.15469048117836,-8.110597633566474,88.38796738729057,54.75220585269076,0.3003347591308427,1.21274750292325,0.0,0.0,70.6634829354437,0.0,100.0,0.0,0.0,23.965881406752903,16.353643190503746,599.9608697043186,1.968215955132333,-3.0949133567048648e-06,False,True,RELEASE,MOVING,
1.24999999999988,BRAKE_RELEASE,0.03232556938910539,185.21186963530258,4.997521979238753,-0.23535804614586828,34.5469458114906,1.4872169879618813,0.11900808497653956,1.4824477882855194,0.9335480743125291,-2.5799241897931378,-50.03851104947374,-7.121094562897726,88.70532524761518,55.82980453368401,0.2983728662255171,1.0314282124619965,0.0,0.0,70.6634829354437,0.0,100.0,0.0,0.0,23.972001789792845,13.423462903938239,599.9962895524752,0.3011612736849454,-3.032320867291105e-06,False,True,RELEASE,MOVING,
1.259999999999879,BRAKE_RELEASE,0.03247383372799925,186.0613617223941,4.988554055754334,-0.24325512391558918,34.42814478990101,1.4959097302947808,0.10447989824614784,1.4922566374632342,0.9363425699083414,-2.6613757408417893,-51.85504397749625,-6.230271736949833,88.9851972363092,56.908377434992225,0.29632428841859715,0.8806139910350765,0.0,0.0,70.6634829354437,0.0,100.0,0.0,0.0,23.977048782519613,11.006049222908198,599.9831230389252,-1.0031368772233726,-2.9723630934341827e-06,False,True,RELEASE,MOVING,
1.269999999999878,BRAKE_RELEASE,0.03261868107800693,186.89127590530356,4.981467767482551,-0.25057703625205147,34.306036779251315,1.5045279152747215,0.09131125190201592,1.5017544749781788,0.9386290610282644,-2.739038117196004,-53.60628648319261,-5.42569620779234,89.23394861202641,57.982234331684054,0.29422603987483603,0.7555223194260208,0.0,0.0,70.6634829354437,0.0,100.0,0.0,0.0,23.981005249709582,9.110264128628366,599.9303741479664,-1.92416167791726,-2.9126687177694066e-06,False,True,RELEASE,MOVING,
1.2799999999998768,BRAKE_RELEASE,0.032759880551604656,187.7002892959654,4.975911279455754,-0.257393059980331,34.18223101616968,1.5130411843068925,0.07932642460398501,1.5109602720681812,0.940500162759339,-2.8131432826009184,-55.294942747533064,-4.696549592513648,89.45694811675205,59.0476276343947,0.29210622931069824,0.6517584763410724,0.0,0.0,70.6634829354437,0.0,100.0,0.0,0.0,23.98390482147567,7.720504596244979,599.8516687771562,-2.4650656749818127,-2.8536037248727553e-06,False,True,RELEASE,MOVING,
1.2899999999998757,BRAKE_RELEASE,0.03289715509101,188.48681447021826,4.9716262712499155,-0.2637502243494987,34.05809611573538,1.5214226722995972,0.06838233562627229,1.5198851285414776,0.9420315624964695,-2.883875307754757,-56.92277595740546,-4.033898109456196,89.65856007203297,60.101134087995455,0.2899884777571674,0.5655515011091765,0.0,0.0,70.6634829354437,0.0,100.0,0.0,0.0,23.985842779729804,6.791457191978527,599.759998894307,-2.6576318475262832,-2.796227056123257e-06,False,True,RELEASE,MOVING,
1.2999999999998746,BRAKE_RELEASE,0.03303025532858427,189.2494226567377,4.968395978709223,-0.2696882687270846,33.934790088508784,1.529647293998097,0.05836154556427883,1.5285335370985649,0.9432851482237626,-2.9513771872300576,-58.490845239100594,-3.430303757794329,89.84228031536473,61.139476649397366,0.2878924945877886,0.4937798529098245,0.0,0.0,70.6634829354437,0.0,100.0,0.0,0.0,23.986959063300556,6.256248295132311,599.6668437863475,-2.5545459252055025,-2.7402986226832127e-06,False,True,RELEASE,MOVING,
1.3099999999998735,BRAKE_RELEASE,0.0331589980427209,189.98706407304647,4.966030020956225,-0.27524443248307123,33.81324984366166,1.537693223123307,0.04916502549928875,1.5369070397089732,0.9443115308376533,-3.0157743659442513,-60.00003377857997,-2.879411995617234,90.01090757800193,62.1597261726001,0.28583396624747137,0.43388563534965385,0.0,0.0,70.6634829354437,0.0,100.0,0.0,0.0,23.987420711947223,6.034893495574585,599.5815701826311,-2.2213831859393167,-2.6856283561471628e-06,False,True,RELEASE,MOVING,
1.3199999999998724,BRAKE_RELEASE,0.0332832688797476,190.69908352086526,4.96436840151146,-0.2804521347422209,33.69420090940454,1.5455428276572118,0.04070743394618742,1.5450066462459529,0.9451520975832318,-3.0771884506300804,-61.451334357584926,-2.3756886089519833,90.16669277394676,63.159429681527016,0.2838247937308295,0.3837684912792909,0.0,0.0,70.6634829354437,0.0,100.0,0.0,0.0,23.98740527648598,6.0422947455221445,599.511106379882,-1.7291503120757818,-2.6335353773276893e-06,False,True,RELEASE,MOVING,
1.3299999999998713,BRAKE_RELEASE,0.03340301040735862,191.38515193732138,4.963277643008364,-0.2853411643340198,33.57818628134042,1.553182578169098,0.03291440384189223,1.5528337847779263,0.9458406919042381,-3.135740718888756,-62.845907920691594,-1.914272916324446,90.31145367337955,64.1366096080626,0.28187364848609964,0.34169758046716936,0.0,0.0,70.6634829354437,0.0,100.0,0.0,0.0,23.98708632671203,6.195227919069857,599.4598631520762,-1.1478498800041974,-2.582465418399238e-06,False,True,RELEASE,MOVING,
1.3399999999998702,BRAKE_RELEASE,0.03351820929086481,192.04519292027373,4.962649635740645,-0.2899372110762371,33.46560018220069,1.5606024668549112,0.02572082581703339,1.5603904955724779,0.9464049887643196,-3.191551211780059,-64.18504888737432,-1.4908850295627971,90.44666165347114,65.08970185417593,0.2799865988887278,0.30624546387247165,0.0,0.0,70.6634829354437,0.0,100.0,0.0,0.0,23.986621792468547,6.417960086363091,599.429861302181,-0.5413309964922197,-2.5313291427409013e-06,False,True,RELEASE,MOVING,
1.349999999999869,BRAKE_RELEASE,0.03362888676102198,192.67932811299283,4.962394247405104,-0.2942632024433714,33.35671803379556,1.5677953903553499,0.01906952637833782,1.567679412119452,0.9468676196898863,-3.2447372750112384,-65.47014143437197,-1.101752001143204,90.5735095453465,66.01748881930509,0.2781676594965355,0.27623695671358917,0.0,0.0,70.6634829354437,0.0,100.0,0.0,0.0,23.986145512380414,6.6463151208565785,599.4210183055322,0.03644481811972611,-2.4829466127584965e-06,False,True,RELEASE,MOVING,
1.359999999999868,BRAKE_RELEASE,0.03373509191975679,193.287838848795,4.962438751618241,-0.2983390393534781,33.25172051981387,1.5747566583185804,0.012910134497650192,1.5747037376427209,0.9472470923549142,-3.2954127543268568,-66.70263130845325,-0.7435420179012304,90.69296643629752,66.91904708711793,0.27641922938195285,0.25070700985438776,0.0,0.0,70.6634829354437,0.0,100.0,0.0,0.0,23.985762053544793,6.830159916114289,599.4315434155781,0.5437080069044606,-2.436088784918411e-06,False,True,RELEASE,MOVING,
1.3699999999998669,BRAKE_RELEASE,0.033836896600804856,193.87113670466798,4.962723069386322,-0.3021825181730426,33.1507126324253,1.581483621533063,0.0071981027017352355,1.5814672404115198,0.9475585420800987,-3.3436877556797717,-67.88401011258821,-0.41330583338748816,90.80582243091987,67.79370866872702,0.2747424370094106,0.2288648402392397,0.0,0.0,70.6634829354437,0.0,100.0,0.0,0.0,23.985544610737342,6.934407680500552,599.4583915195831,0.9518432451784511,-2.390859883405483e-06,False,True,RELEASE,MOVING,
1.3799999999998658,BRAKE_RELEASE,0.033934391007273114,194.42973850634436,4.963195834640416,-0.3058101069296937,33.05373904768774,1.5879753732552908,0.0018938804379146797,1.5879742438976039,0.9478143461082066,-3.3896686404441136,-69.01580461795344,-0.10842608572819756,90.91272503590235,68.64102991381323,0.27313741625815935,0.21006337361023242,0.0,0.0,70.6634829354437,0.0,100.0,0.0,0.0,23.985535599511582,6.938727856811294,599.4977304543361,1.2451796458396833,-2.3463473226570386e-06,False,True,RELEASE,MOVING,
1.3899999999998647,BRAKE_RELEASE,0.034034423497471315,195.00288245659846,4.9620849320914155,-0.3099526047707048,33.00550355529317,1.5943279470316418,3.209641682737477e-05,1.5943279467085651,0.9481487334634343,-3.4222599335054555,-69.88478633721162,-0.001834862571721274,91.1432790829958,69.35994862623272,0.2723408162346175,0.2543317573160735,0.0,0.0,70.6634829354437,0.0,100.0,0.0,0.0,23.985747231255683,6.837266168934553,599.543407568055,1.2452934874489614,-2.234069633288982e-06,False,True,RELEASE,MOVING,
1.3999999999998676,BRAKE_RELEASE,0.0341583225058945,195.71277148344888,4.954340484862588,-0.31677648506009715,32.989044803310726,1.6015096046884125,1.1189605114801661e-05,1.6015096046493225,0.9487781785007592,-3.450724920102807,-70.72258481999921,-0.0006393595087121895,91.50817955773161,70.09145257745435,0.27206926925871067,0.35970233279489605,0.0,0.0,70.6634829354437,0.0,100.0,0.0,0.0,23.986141085618975,6.648437512735207,599.5844658096476,1.0593296415119804,-1.801883929175574e-06,False,True,RELEASE,MOVING,
1.4099999999998887,BRAKE_RELEASE,0.03429678921045886,196.50612726091114,4.946924559497486,-0.3240962467185367,32.97894079877498,1.6099370990409783,1.7829689778541395e-05,1.6099370989422483,0.9497176571126211,-3.483444007802073,-71.68256691721422,-0.0010184532943817715,91.96154069572223,70.94137863186964,0.2719026340522763,0.4703041045865888,0.0,0.0,70.6634829354437,0.0,100.0,0.0,0.0,23.986651794168125,6.4035753073211135,599.6179278745221,0.8182762261442633,-1.3739425881453826e-06,False,True,RELEASE,MOVING,
1.4199999999999098,BRAKE_RELEASE,0.03443974464704407,197.32520157838943,4.941487235977429,-0.33107835863479945,32.97803530263901,1.6192184968113985,2.5078991885975508e-05,1.6192184966171825,0.9509845758140694,-3.5188212351907473,-72.71238287913933,-0.0014325028044623878,92.48916575214963,71.8686859537878,0.27188770310552623,0.573241725050309,0.0,0.0,70.6634829354437,0.0,100.0,0.0,0.0,23.987215217841047,6.1334264232007465,599.6423119837002,0.5522498727653504,-4.430403990340892e-07,False,True,RELEASE,MOVING,
1.4299999999999309,BRAKE_RELEASE,0.03458070187628568,198.13282701112965,4.937492367142039,-0.3376076509988582,32.98899633539362,1.6288848242672465,3.271381414727782e-05,1.6288848239387417,0.952572299906935,-3.5548828094905036,-73.75820558407437,-0.0018692221214866578,93.07222730339554,72.82317068788777,0.27206846980415356,0.6648356485040736,0.0,0.0,70.6634829354437,0.0,100.0,0.0,0.0,23.98777460633201,5.865199755628143,599.6571949020267,0.2868612298978448,1.2499559396417226e-06,False,True,RELEASE,MOVING,
1.4399999999999487,BRAKE_RELEASE,0.034716471961496055,198.91073229779823,5.041885952002202,-0.31505508184431175,33.64924970031887,1.638602956428101,-3.1214134688878352e-15,1.638602956428101,0.9544567176316527,-3.5907525556279163,-74.79495625087611,1.865174681370263e-13,95.5014018057388,73.7738954147448,0.2830680013486025,0.7379928347824318,0.0,0.0,70.6634829354437,0.0,100.0,0.0,0.0,23.988283600176842,5.62112643461977,599.6630048181253,0.045249054546597556,3.326990778873551e-06,False,True,RELEASE,MOVING,
1.4499999999999567,BRAKE_RELEASE,0.0348458710149121,199.65213426117094,5.018268401236944,-0.32616883154329396,33.56909966041629,1.6481806848850733,-2.3794461486633487e-14,1.6481806848850733,0.9566145531346593,-3.6246543215565437,-75.78254217756182,1.3802292642139946e-12,95.83080604940054,74.6907304581122,0.2817211130027404,0.8100906064454421,0.0,0.0,70.6634829354437,0.0,100.0,0.0,0.0,23.988708366503783,5.417434058443433,599.660846807725,-0.16168402492217648,3.8125165175983966e-06,False,True,RELEASE,MOVING,
1.4599999999999647,BRAKE_RELEASE,0.0349692298012418,200.35892804342578,4.9819543420978505,-0.3405644604861142,33.42986609403405,1.657547924057825,-1.0375201214209535e-13,1.6575479240578248,0.959016906362003,-3.6568344222446143,-76.72600995393792,6.005862474012247e-12,95.9757154412926,75.5711865362233,0.27938898676626184,0.8754344309420219,0.0,0.0,70.6634829354437,0.0,100.0,0.0,0.0,23.989027542055606,5.264371916642415,599.6521339385185,-0.32266411543360274,4.2879730166589525e-06,False,True,RELEASE,MOVING,
1.4699999999999727,BRAKE_RELEASE,0.03508697328315105,201.03354850128326,5.003905553289096,-0.3391776107707359,33.65146246149004,1.6666896212674838,-1.0873247343701843e-13,1.6666896212674833,0.9616358626738486,-3.6875207077269527,-77.6303643318491,6.3362648461406934e-12,97.14474248667347,76.41661289042804,0.28310523144926836,0.9306462099650048,0.0,0.0,70.6634829354437,0.0,100.0,0.0,0.0,23.989231674429828,5.166477136970635,599.6385838057777,-0.43356129695748713,4.778645550373994e-06,False,True,RELEASE,MOVING,
1.4799999999999807,BRAKE_RELEASE,0.035199575302581616,201.6787105490854,5.080987754905851,-0.3230938567955831,34.21651348634817,1.6756093624084867,-3.2025036879081054e-14,1.675609362408487,0.9644468826557299,-3.716782430168764,-78.49749782042261,1.9024781749976682e-12,99.30455289676247,77.22822156844295,0.2926924487903616,0.9765838031876726,0.0,0.0,70.6634829354437,0.0,100.0,0.0,0.0,23.989321909324747,5.123203091712693,599.6219769578652,-0.4948672690019409,5.283046856874307e-06,False,True,RELEASE,MOVING,
1.4899999999999887,BRAKE_RELEASE,0.035307469242190775,202.29689728654986,5.1444549385034115,-0.31077635826534306,34.71632387930119,1.684316389796364,-7.820383508073553e-15,1.6843163897963638,0.9674286153402393,-3.744495703445649,-79.32520012615366,4.689582056016661e-13,101.27868024632522,78.00581878708364,0.3013057859231346,1.0180755531464172,0.0,0.0,70.6634829354437,0.0,100.0,0.0,0.0,23.989307983002558,5.129881774223389,599.6040083511427,-0.5107976789014703,5.7607618835220364e-06,False,True,RELEASE,MOVING,
1.4999999999999967,BRAKE_RELEASE,0.03541103131123205,202.89026423392056,5.189836966135562,-0.30312548388840815,35.12232296990065,1.6928197373710916,-2.2916802836709754e-15,1.6928197373710916,0.970560314168221,-3.770738010664401,-80.11543305725397,1.438849039914203e-13,102.98039979997333,78.7511945928558,0.30839439270050273,1.0558440716976207,0.0,0.0,70.6634829354437,0.0,100.0,0.0,0.0,23.98920591798488,5.178829123127529,599.5861728073553,-0.48828278661008007,6.210373150850046e-06,False,True,RELEASE,MOVING,
1.5100000000000047,BRAKE_RELEASE,0.03551058733746212,203.46067824672824,5.223604231622615,-0.2983415870534981,35.471195304212934,1.7011268668391748,-1.1333072428639445e-15,1.7011268668391748,0.9738225296793239,-3.7956129515309716,-80.87066712872576,6.927791673660977e-14,104.51368354879509,79.46631974230935,0.3145514240774045,1.0897959623385418,0.0,0.0,70.6634829354437,0.0,100.0,0.0,0.0,23.989035655133904,5.260481198558552,599.5696867480258,-0.4359413841088582,6.631078591112782e-06,False,True,RELEASE,MOVING,
1.5200000000000127,BRAKE_RELEASE,0.035606424294167716,204.00978356078915,5.255507250528535,-0.2939428668867456,35.81292095081759,1.7092437897930506,1.235552418720801e-09,1.7092437897930504,0.977197055857235,-3.8192233290579964,-81.59333179717365,-7.664106682625516e-08,106.02404813191407,80.15307961047426,0.3206413267573775,1.1196109365831077,0.0,0.0,70.6634829354437,0.0,100.0,0.0,0.0,23.988818815825248,5.364468026290929,599.5554454676073,-0.36311451882045986,7.091446175166993e-06,False,True,RELEASE,MOVING,
1.530000000000021,BRAKE_RELEASE,0.03569879857593729,204.539049208884,5.236210806203483,-0.30208056155519275,35.86845999472565,1.7171756424218716,-8.34415801935899e-15,1.7171756424218716,0.9806678012846758,-3.8414837373530215,-82.28181250350256,5.222489107836736e-13,106.68124554714068,80.81149677456014,0.3216366055983087,1.1486791233433848,0.0,0.0,70.6634829354437,0.0,100.0,0.0,0.0,23.988576742142698,5.4805539551042,599.5440127207273,-0.2790205806014754,7.55781643846376e-06,False,True,RELEASE,MOVING,
1.540000000000029,BRAKE_RELEASE,0.035787942818095546,205.04980809324002,5.28894826148866,-0.29231621584896755,36.36138052659145,1.7249261651977965,-1.352262298179392e-15,1.7249261651977963,0.9842166781602689,-3.8628591673057104,-82.94626979633576,9.592326932761353e-14,108.63543332380635,81.44680483864676,0.33053749844989605,1.1689274592390504,0.0,0.0,70.6634829354437,0.0,100.0,0.0,0.0,23.988328912156565,5.599397879020254,599.5356375537208,-0.19206961541975698,8.013672850637477e-06,False,True,RELEASE,MOVING,
1.550000000000037,BRAKE_RELEASE,0.0358740647648672,205.54325050058662,5.322463448526425,-0.28726890275775896,36.73900175369529,1.7324995554544573,1.2238241493823768e-09,1.732499555454457,0.9878303751858205,-3.8831057569352048,-83.58167244787332,-7.787660116775896e-08,110.24556080221073,82.057433470112,0.3374385624645064,1.1868004931733225,0.0,0.0,70.6634829354437,0.0,100.0,0.0,0.0,23.988091788420647,5.71310544802859,599.5302921695529,-0.1093711217828659,8.488488035141017e-06,False,True,RELEASE,MOVING,
1.5600000000000451,BRAKE_RELEASE,0.03595735105255747,206.02044577818313,5.304629669851463,-0.29459521588024445,36.822552138299606,1.7398992862648495,-7.794631473901455e-15,1.7398992862648495,0.9914953302849319,-3.902180557756755,-84.18724571143449,4.971023592759138e-13,110.96822085803043,82.64370052051315,0.33897508649444824,1.2045701044259687,0.0,0.0,70.6634829354437,0.0,100.0,0.0,0.0,23.987878102024613,5.8155722199750075,599.5277241340364,-0.03642214678122002,8.952513841364862e-06,False,True,RELEASE,MOVING,
1.5700000000000531,BRAKE_RELEASE,0.03603796905902645,206.48235293052625,5.354021157668616,-0.2855281843303861,37.31674350085046,1.747127789376109,-1.5572692252677087e-15,1.7471277893761095,0.9951961927083953,-3.920534413858823,-84.7728587408956,1.0125233984581428e-13,112.92472361858853,83.21055706084994,0.3481348363770663,1.2141668436679822,0.0,0.0,70.6634829354437,0.0,100.0,0.0,0.0,23.98769655308251,5.90262702427445,599.5275163368108,0.023022687539310915,9.409639194046804e-06,False,True,RELEASE,MOVING,
1.5800000000000611,BRAKE_RELEASE,0.03611606500628012,206.92980974799735,5.3858010537001775,-0.28071205307414465,37.69903942750307,1.7541880398702914,1.6170852698428358e-09,1.7541880398702914,0.9989220769863731,-3.937927115397022,-85.33345901380319,-1.0559025653833487e-07,114.5426054293641,83.75635527848173,0.3553043934391078,1.2217994474724776,0.0,0.0,70.6634829354437,0.0,100.0,0.0,0.0,23.98755187405056,5.9720013389387505,599.5291487186355,0.06691945529786025,9.871443463538299e-06,False,True,RELEASE,MOVING,
1.5900000000000694,BRAKE_RELEASE,0.03619176724607123,207.36355163196916,5.316789602719319,-0.30005490234126286,37.47741045948565,1.761082610004488,-4.33893203128374e-14,1.7610826100044883,1.0026627668688723,-3.954126932884976,-85.86410496983673,2.8137492336099967e-12,114.3167663554394,84.27950809637375,0.3511390736871911,1.2334577997730207,0.0,0.0,70.6634829354437,0.0,100.0,0.0,0.0,23.987445184210973,6.023159110742804,599.5320567178596,0.09478423022317184,1.0287369725858753e-05,False,True,RELEASE,MOVING,
1.6000000000000774,BRAKE_RELEASE,0.03626519051838345,207.78423599412216,5.381032364933261,-0.2871398516277042,38.07683278795393,1.7678123332840099,-1.0805637959715966e-14,1.76781233328401,1.0064031626838816,-3.9699923571775635,-86.38351751374232,7.087663789206999e-13,116.58900706744048,84.7886130839623,0.3624612987904509,1.2324431309889405,0.0,0.0,70.6634829354437,0.0,100.0,0.0,0.0,23.98737455763839,6.057024297675659,599.5356825535625,0.10745153362476234,1.0715085949186687e-05,False,True,RELEASE,MOVING,
1.6100000000000854,BRAKE_RELEASE,0.03633643114406965,208.1924147122912,5.422820140341163,-0.2797302837780962,38.54017234736935,1.7743795104261895,-3.778637654571596e-15,1.7743795104261895,1.0101359340651073,-3.985023448538345,-86.88091808718993,2.504663143554353e-13,118.44610765913711,85.27944808133063,0.3713362211412333,1.230133784717225,0.0,0.0,70.6634829354437,0.0,100.0,0.0,0.0,23.98733572054441,6.0756464592001675,599.5395167195343,0.10676482801492337,1.1161504705370362e-05,False,True,RELEASE,MOVING,
1.6200000000000934,BRAKE_RELEASE,0.03640557399155872,208.58857404675524,5.453875774763357,-0.27486447351780086,38.938715402393825,1.7807854198868671,-1.823322390313277e-15,1.7807854198868671,1.0138514415608662,-3.999301839079138,-87.35812741030345,1.1723955140041653e-13,120.10299528401623,85.7532124633081,0.37905588929715567,1.225859057698358,0.0,0.0,70.6634829354437,0.0,100.0,0.0,0.0,23.987322803298074,6.081840190600081,599.5431282780303,0.09525863777883448,1.1626591980729017e-05,False,True,RELEASE,MOVING,
1.6300000000001014,BRAKE_RELEASE,0.036472692390578564,208.9731341459065,5.48255547494855,-0.2705336352774892,39.30707260645061,1.7870311942104864,2.9379982092368528e-09,1.7870311942104864,1.0175408693726085,-4.012886218744507,-87.81645879279621,-2.000243490840603e-07,121.66438408250407,86.21084300662145,0.3862614892221951,1.2193544969768766,0.0,0.0,70.6634829354437,0.0,100.0,0.0,0.0,23.98732907840499,6.0788313205241655,599.5461836581969,0.07583783965506719,1.2134050056289425e-05,False,True,RELEASE,MOVING,
1.6400000000001094,BRAKE_RELEASE,0.03653784963820553,209.3464576752778,5.50343249012902,-0.26797508070804005,39.651718258978434,1.7931178176482232,1.4830330456284947e-09,1.7931178176482232,1.021196183366829,-4.025816711957901,-88.25681141549565,-1.0185291543507446e-07,123.14916317669434,86.65305719682993,0.393064690222351,1.2106896302962298,0.0,0.0,70.6634829354437,0.0,100.0,0.0,0.0,23.98734763091982,6.069935509618711,599.5484545995189,0.05148833674591202,1.2669176065571719e-05,False,True,RELEASE,MOVING,
1.6500000000001174,BRAKE_RELEASE,0.03660110061465968,209.70885907536828,5.5218848242121386,-0.26592558973007,39.973853802581935,1.7990461649275598,1.2262193521570998e-09,1.7990461649275595,1.0248100477155055,-4.038128073353015,-88.67995914460532,-8.489943814637968e-08,124.5601019323162,87.0804814666204,0.3994772469575486,1.200000515926746,0.0,0.0,70.6634829354437,0.0,100.0,0.0,0.0,23.987371922076118,6.058288036422927,599.5498165967917,0.02503391264062582,1.315854272476713e-05,False,True,RELEASE,MOVING,
1.6600000000001254,BRAKE_RELEASE,0.03666249297538297,210.06061139174722,5.539232923616289,-0.26407762162737075,40.28581583372373,1.8048171081264932,1.3710078481033259e-09,1.8048171081264934,1.0283757631062413,-4.049859767359109,-89.08677316325367,-9.566492131796167e-08,125.93486746545065,87.49375367101239,0.40573673934717647,1.187282848558823,0.0,0.0,70.6634829354437,0.0,100.0,0.0,0.0,23.987396222233954,6.046636223422204,599.5502396780055,-0.0010509858209095668,1.363941086651721e-05,False,True,RELEASE,MOVING,
1.6700000000001334,BRAKE_RELEASE,0.036722068287589116,210.40195278700583,5.555408672829589,-0.26244509436986685,40.58633644246875,1.8104314733030042,1.9611187845264943e-09,1.8104314733030042,1.0318873182615524,-4.061041100759191,-89.47789717247103,-1.3786193520104462e-07,127.26898176499617,87.89338236561886,0.4118126764553167,1.1727022682587034,0.0,0.0,70.6634829354437,0.0,100.0,0.0,0.0,23.987415903564205,6.037199099519092,599.549773610983,-0.0247673879359116,1.4114961111033608e-05,False,True,RELEASE,MOVING,
1.6800000000001414,BRAKE_RELEASE,0.03677986333995128,210.7330940447148,5.5696380025031775,-0.2612016193871393,40.86706465613633,1.8158901065572821,3.4735331719228677e-09,1.8158901065572821,1.035339350385024,-4.071695204496185,-89.85383590998279,-2.4586999103348717e-07,128.53566085156024,88.27979104539355,0.4175292434022068,1.15651586705701,0.0,0.0,70.6634829354437,0.0,100.0,0.0,0.0,23.987427595416726,6.031592892831739,599.5485296801712,-0.04465903406587035,1.4591335755653745e-05,False,True,RELEASE,MOVING,
1.6900000000001494,BRAKE_RELEASE,0.03683591123961551,211.05422485484812,5.570658667403286,-0.26289210101151406,41.08829426227302,1.8211939289780432,-2.743700356507641e-15,1.821193928978043,1.038727191114786,-4.081824558859018,-90.2146362874881,1.971756091734278e-13,129.60893249005795,88.65319201056892,0.4220619813457846,1.1393822955733697,0.0,0.0,70.6634829354437,0.0,100.0,0.0,0.0,23.987429215285715,6.030816170290917,599.546661045895,-0.0598259419480458,1.5041434554774469e-05,False,True,RELEASE,MOVING,
1.7000000000001574,BRAKE_RELEASE,0.03689024214669964,211.36551802215192,5.554370728012371,-0.268463632049692,41.17317565493242,1.8263440158362758,-1.3811821642056663e-14,1.8263440158362756,1.0420468592554917,-4.0914074449720035,-90.55980681949613,9.832135106080386e-13,130.24395585007355,89.01356477724457,0.4238075983779801,1.1224344438722085,0.0,0.0,70.6634829354437,0.0,100.0,0.0,0.0,23.987419895484365,6.035284986912786,599.5443434430699,-0.06989285991427607,1.550979025921606e-05,False,True,RELEASE,MOVING,
1.7100000000001652,BRAKE_RELEASE,0.03694288523332759,211.66714069058423,5.620122231192818,-0.2554124387531921,41.78375703930649,1.8313409192864571,1.3382223229377307e-09,1.8313409192864574,1.0452928578358953,-4.10086550569752,-90.89868224057723,-9.684926993713816e-08,132.53705438643016,89.36485998353592,0.4364705880799486,1.0973517658110978,0.0,0.0,70.6634829354437,0.0,100.0,0.0,0.0,23.987399829902852,6.044906360901154,599.5417576384345,-0.07494143879914805,1.6002149322957848e-05,False,True,RELEASE,MOVING,
1.7200000000001732,BRAKE_RELEASE,0.036993865906902866,211.95923843384398,5.622334814796429,-0.25665016057045625,41.9908502545188,1.836186573587127,-1.830310094165911e-15,1.836186573587127,1.048464693060025,-4.109661396819147,-91.2193575820216,1.2789769243681803e-13,133.54637481866524,89.70237233676949,0.4408078762743554,1.076177368977497,0.0,0.0,70.6634829354437,0.0,100.0,0.0,0.0,23.987370067585587,6.059177255062902,599.5390746752291,-0.07542632020961904,1.6467150164345412e-05,False,True,RELEASE,MOVING,
1.7300000000001807,BRAKE_RELEASE,0.03711878571567912,212.67497621589004,5.933136253462283,-0.19484292472233658,43.25396600603474,1.8318328880386687,-2.3784484365660083e-13,1.8318328880386687,1.0517323223809587,-4.033407854842696,-89.8291211207058,1.7820411812863313e-11,137.23737858332458,88.56072913581468,0.4677263938128022,0.8006655910605218,0.0,0.0,70.6634829354437,0.0,100.0,0.0,0.0,23.987332806724257,6.0770436166460575,599.5367942565481,-0.04736954229409562,1.6708830756329007e-05,False,True,RELEASE,MOVING,
1.740000000000188,BRAKE_RELEASE,0.03741587745808145,214.37718651267414,5.876198322613843,-0.2160764196111247,44.06660656160628,1.8265510977885284,-1.084168390689322e-15,1.8265510977885284,1.0549087411790263,-3.9541852227307634,-88.76958584415044,8.326672684688674e-14,139.41261117604316,87.34593489345967,0.4854664534638505,0.9381844972268993,0.0,0.0,70.6634829354437,0.0,100.0,0.0,0.0,23.987293905122915,6.095696644059713,599.5357127483635,-0.016089704970617902,1.6891271400254482e-05,False,True,RELEASE,MOVING,
1.7500000000001956,BRAKE_RELEASE,0.037861649260924696,216.93127080555973,5.9524818982410785,-0.21479451492696722,45.29006375104111,1.826461045692027,-7.350772683661738e-17,1.8264610456920272,1.058334308685166,-3.889719565822598,-88.36271875471888,1.0658141036401503e-14,143.2761732566479,86.67917053461859,0.5127974686433421,1.1707507514564668,0.0,0.0,70.66348606131585,0.0,100.0,0.0,0.0,23.987259003438385,6.112431689706819,599.5354622229836,-0.0007814428366730297,1.723611199722086e-05,False,True,RELEASE,MOVING,
1.7600000000002054,BRAKE_RELEASE,0.03843660748246918,220.22553875464442,6.061995867789852,-0.21096276736623507,46.759153132797145,1.8301172638270176,-1.155128013890055e-16,1.8301172638270173,1.062276133884022,-3.830054094861958,-88.32857152849971,1.0658141036401503e-14,148.21978607609685,86.34845344063034,0.5466046004240934,1.433513487445694,0.0,0.0,70.66353257532086,0.0,100.0,0.0,0.0,23.987230140922826,6.126270971026255,599.5355143319327,0.0016469744053617674,1.7723796666757607e-05,False,True,RELEASE,MOVING,
1.7700000000002136,BRAKE_RELEASE,0.03913972471532492,224.25410374919952,6.265862331916022,-0.19299409972101655,48.640451183985284,1.8359308735054614,-1.4269303376820176e-16,1.8359308735054616,1.0668838327892542,-3.766523838460012,-88.45242370262028,1.0658141036401503e-14,154.6730135854217,86.15508474505086,0.5914733728454139,1.705865584724009,0.0,0.0,70.6638822733328,0.0,100.0,0.0,0.0,23.98720671534214,6.137503273126903,599.5354969127582,-0.00422868340368332,1.8091616620807827e-05,False,True,RELEASE,MOVING,
1.780000000000216,BRAKE_RELEASE,0.039966120354261954,228.98900198111042,6.337385780059171,-0.20443460404779287,50.32494562509774,1.8442630016010542,-0.005677588121819889,1.8442542623151634,1.0720473130406247,-3.735821094422615,-89.5837652890109,0.4948890279610194,160.7550917056593,86.41843081674992,0.6331500380422611,2.0372954062577833,0.4948894754102873,0.4922506170100527,70.69643844566109,0.4922506170100527,100.0,0.0,0.0,23.98718672633736,6.147087758428261,599.5351563097049,-0.018576355465297567,1.8284763417142358e-05,False,True,RELEASE,MOVING,
1.790000000000215,BRAKE_RELEASE,0.040721131916204426,233.31489957939877,6.479701660951879,-0.20023478336667955,51.45477931978747,1.8563524564203866,-0.03254732203447178,1.8560671093164676,1.0767378930505893,-3.8176188227359127,-93.27465581184848,2.9006919405865084,165.41695502566293,87.8774118198415,0.6618985787120071,1.834653472708311,2.9006919405901717,2.851675582044286,71.23700270778608,2.851675582044286,100.0,0.0,0.0,23.98716684888299,6.156618740812909,599.5340537664215,-0.04278196898317166,1.8373808593707963e-05,False,True,RELEASE,MOVING,
1.8000000000002139,BRAKE_RELEASE,0.04137251328077919,237.04703988375945,6.669198940859312,-0.1847851692825968,52.725102509312364,1.8624713974938119,-0.05335789531643836,1.861706916109502,1.0809413903295653,-3.8489293198569907,-95.54392764153826,4.872779403375276,170.01583481020242,88.4818612705266,0.6949841086543743,1.494302858981655,4.872779403386396,4.759891271791105,72.41682100673754,4.759891271791105,100.0,0.0,0.0,23.98714330239001,6.16790895932719,599.532394535147,-0.04834641772299353,1.8410612490527e-05,False,True,RELEASE,MOVING,
1.8100000000002128,BRAKE_RELEASE,0.042019517073302544,240.75409854781407,6.8354884930038775,-0.1740399572721389,54.13838174161202,1.8640964545105987,-0.06714486604642649,1.862886780961901,1.0847506989411353,-3.836458170797168,-96.72367176529357,6.296202814823527,174.68369042362673,88.39489070989197,0.7327410944001277,1.2998371461779215,6.296202814842065,6.128955072786568,74.03663278824456,6.128955072786568,100.0,0.0,0.0,23.987115685824396,6.1811506932541445,599.5308219804695,-0.03972474508321522,1.8398319003409824e-05,False,True,RELEASE,RELEASED,
1.8200000000002117,LOWERING,0.042775944422871436,245.0881080116705,7.424032285723106,-0.10042673387879697,55.996281318170055,1.8476755311209931,-0.08726306886002501,1.8456137258690872,1.0875078303259518,-3.739096553700171,-95.96603182369718,8.463505801134225,179.00313018559936,86.25090038262545,0.7838958803659105,0.46772975957176754,8.46350580116733,8.201310688152612,76.14603833093645,8.201310688152612,103.00000000000003,0.0,0.0,23.987087392118532,6.194717074259347,599.5304230827717,0.020527847996132387,1.8294167539067985e-05,False,True,RELEASE,RELEASED,
1.8300000000002106,LOWERING,0.04373754650872975,250.5976821207363,7.579210522287457,-0.10212746382061726,58.02221306581968,1.831742554823301,-0.10068663862415902,1.8289732059144994,1.089175948149657,-3.6396238467670505,-95.51293036335343,10.118747510643956,183.8070902680948,84.20467535693206,0.8416443022638441,0.347863193513831,10.118747510688918,9.78169374798877,78.66550160677231,9.78169374798877,106.00000000000004,0.0,0.0,23.98706800158258,6.204014508701801,599.5322181375021,0.07475581686674992,1.8191004340195605e-05,False,True,RELEASE,RELEASED,
1.8400000000002095,LOWERING,0.04487226612301415,257.0991466036572,7.774096172480065,-0.1023752939656878,60.24951965177261,1.8225416512490211,-0.11234166356963937,1.8190759800414922,1.090385441123963,-3.562726440204959,-95.92056536902547,11.723440046979093,189.83009077212492,82.896599293776,0.9075011545673337,0.39302487370316896,11.723440047035771,11.313528569289337,81.5117168865282,11.313528569289337,109.00000000000007,0.0,0.0,23.987065327433164,6.20529671699294,599.5354767245312,0.1029889794207115,1.811319736688688e-05,False,True,RELEASE,RELEASED,
1.8500000000002084,LOWERING,0.04614285565161304,264.3790883518805,8.007356449537067,-0.10056750113896902,62.67340359989982,1.8181607593890399,-0.1231689214681232,1.813984003172715,1.0915393481411892,-3.501358095625462,-96.93759671463144,13.370419896003682,196.91434753149053,82.09301066712055,0.9819888796989842,0.4921772718082025,13.370419896072967,12.886029055548217,84.65331208030223,12.886029055548217,112.00000000000009,0.0,0.0,23.987081423590254,6.197578884349225,599.5393429816236,0.10991752308942182,1.805226716911079e-05,False,True,RELEASE,RELEASED,
1.8600000000002073,LOWERING,0.047526229204978857,272.3052349616682,8.270171270876636,-0.09753968425696191,65.28707544974489,1.816654848159075,-0.1334705146934005,1.8117451418583548,1.092843544305916,-3.448838991327857,-98.34618743574948,15.092916775348932,204.8731040486723,81.58110551286666,1.0656005551951708,0.6065645923387422,15.092916775430723,14.531348816160072,88.07255211609069,14.531348816160072,115.00000000000011,0.0,0.0,23.987114193901,6.181866047543859,599.5431744943965,0.10186409850395872,1.8002779366810273e-05,False,True,RELEASE,RELEASED,
1.8700000000002062,LOWERING,0.04900924842313412,280.802309175377,8.556385339916986,-0.09392887307753925,68.08425675189349,1.8167807336878579,-0.14337070658252413,1.8111148706786708,1.094381316945285,-3.401264721219097,-100.01605660504124,16.907046759267995,213.57643088230628,81.23206623186817,1.158866504364439,0.7180771095403884,16.907046759362725,16.265270597434416,91.75705340523926,16.265270597434416,118.00000000000016,0.0,0.0,23.987159240109765,6.160267045021311,599.5465364745482,0.08413753442411576,1.7956468859381403e-05,False,True,RELEASE,RELEASED,
1.880000000000205,LOWERING,0.05058424308388636,289.8263638570512,8.86235088515711,-0.09010339586252727,71.05882523244763,1.8178130729136646,-0.15291643271076671,1.8113699049787801,1.0961674387068285,-3.3566110976031736,-101.8749790195377,18.820571578524447,222.93887156208706,80.97429296082224,1.262339160853884,0.8177753193368886,18.8205715786327,18.09560668437254,95.69667929373794,18.09560668437254,121.00000000000018,0.0,0.0,23.98721122547319,6.135340717791792,599.5491635775056,0.061010946515486,1.7915420578162866e-05,False,True,RELEASE,RELEASED,
1.890000000000204,LOWERING,0.0522462993329139,299.3492446953135,9.18592092314577,-0.08626105536877632,74.20447191871692,1.819336348829304,-0.16211717319017407,1.8120989962825902,1.098181063088052,-3.3138992729182224,-103.8833840232067,20.83625810449036,232.90168249566094,80.76894945201519,1.376575913183912,0.9016005535175395,20.836258104612103,20.025408559143692,99.88204328150123,20.025408559143692,124.0000000000002,0.0,0.0,23.987264809002248,6.109647977125678,599.5509265975738,0.03590610016683282,1.7876868589894457e-05,False,True,RELEASE,RELEASED,
1.9000000000002029,LOWERING,0.053991801695750886,309.3502365473807,9.52575331278427,-0.08250489100324715,77.51457016910601,1.8211106121517253,-0.17096617071982834,1.8130676849365082,1.1003846169912406,-3.2726947855475155,-106.01921272319964,22.95377683880992,243.42096953139324,80.59507795231592,1.502127147125315,0.9682307849483323,22.9537768389459,22.054764941748225,104.30380261993554,22.054764941748225,127.00000000000023,0.0,0.0,23.98731525756082,6.085458316992229,599.5518044328344,0.01150166267223618,1.784113686298383e-05,False,True,RELEASE,RELEASED,
1.9100000000002018,LOWERING,0.05581768785013571,319.8117935991429,9.880917208645812,-0.07888699954327888,80.98218035406792,1.822994556634034,-0.1794519010478215,1.8141406143757552,1.1027343993855803,-3.232834858678147,-108.26962020764061,25.17086592153643,254.46088840873932,80.44133132484568,1.6395283837246961,1.0178945775336956,25.170865921686246,24.181895878791988,108.9523851414507,24.181895878791988,130.00000000000026,0.0,0.0,23.98735881374437,6.064573410904086,599.5518587709364,-0.010213556732052709,1.780571118104035e-05,False,True,RELEASE,RELEASED,
1.9200000000002007,LOWERING,0.057721084862782296,330.7174551553888,10.250684646045684,-0.07543208600206908,84.60012068872658,1.8249030518701006,-0.18756383752607114,1.815238539580212,1.1051864324813938,-3.1942846325753385,-110.62654461165748,27.48404935156379,265.99000246915136,80.30151158513182,1.789295105136776,1.0516885698249183,27.484049351727794,26.403824585671433,113.81794330459455,26.403824585671433,133.00000000000028,0.0,0.0,23.987392873813594,6.048241776860915,599.5512103209467,-0.027900617508151093,1.77728831367574e-05,False,True,RELEASE,RELEASED,
1.9300000000001996,LOWERING,0.059699144950620876,342.0509046210315,10.634424015636535,-0.07214991652922075,88.36106322202019,1.8267838416897788,-0.19529500555480936,1.8163146932908443,1.107699604348815,-3.157062621961343,-113.08436345199445,29.889090303871583,277.9794277574754,80.17218203825463,1.9519193734314628,1.0711717364369946,29.88909030404873,28.716801146134078,118.89041665997311,28.716801146134078,136.00000000000028,0.0,0.0,23.98741601757014,6.037144434056603,599.5500166083505,-0.0408193081472179,1.7742662954844945e-05,False,True,RELEASE,RELEASED,
1.9400000000001985,LOWERING,0.06174898384390891,353.79561634774876,11.03154750969827,-0.06904196362511862,92.25763328383505,1.8286045876933497,-0.20264282696410868,1.8173416362404617,1.1102372463372345,-3.1212028340531135,-115.63866202410505,32.38129193893916,290.40193999225386,80.05138712461596,2.1278677247836475,1.0781152357666741,32.38129193912957,31.116584962876402,124.15963780277897,31.116584962876402,139.0000000000003,0.0,0.0,23.987427926278446,6.031434245591802,599.5484519213101,-0.04875714607724824,1.771457453614289e-05,False,True,RELEASE,RELEASED,
1.9500000000001974,LOWERING,0.06386767051203097,365.93479676715157,11.441486693007443,-0.06610503391660211,96.28250148091031,1.830345446539751,-0.20960909353601273,1.8183037374365734,1.1127677882865499,-3.086736254145875,-118.28559242239766,34.95570875392613,303.2315764539483,79.93796053928295,2.3175800228553745,1.074343106333174,34.95570875412971,33.598645287206345,129.61544807302897,33.598645287206345,142.00000000000034,0.0,0.0,23.98742922161707,6.030813134424033,599.5466901170455,-0.05193954020022851,1.7686731585087045e-05,False,True,RELEASE,RELEASED,
1.9600000000001963,LOWERING,0.0660522411790892,378.4514646942031,11.863682461456444,-0.0633333169633249,100.42846310868266,1.8319946318745166,-0.21619951893550368,1.819192705358369,1.115264862092912,-3.0536825713985087,-121.02154661423732,37.60730109644733,316.4434785041414,79.83114706153583,2.5214690505930095,1.0616294056599287,37.60730109666311,36.158310111457226,135.24780625170092,36.158310111457226,145.00000000000037,0.0,0.0,23.987421255953684,6.034632646195155,599.5448908603787,-0.05092719284618763,1.7662004871965564e-05,False,True,RELEASE,RELEASED,
1.9700000000001952,LOWERING,0.06829972331978434,391.3285888134891,12.297582240501493,-0.060719582002244574,104.68850300382391,1.8335456330718782,-0.22242310779250593,1.8200048213334157,1.117707076290508,-3.022047315677074,-123.84299731202468,40.33104933152425,330.0138414632976,79.73039423119441,2.7399206652954127,1.04163308401057,40.33104933175246,38.79087841483373,141.0468824975503,38.79087841483373,148.0000000000004,0.0,0.0,23.987405880986138,6.042004889978388,599.5431896092846,-0.04650876127710735,1.7637997309805087e-05,False,True,RELEASE,RELEASED,
1.980000000000194,LOWERING,0.07060716209973736,404.5492391711014,12.74264067199661,-0.05825589735661835,109.05584566597658,1.8349954010762883,-0.22829147015310414,1.8207391703993359,1.1200776021716026,-2.991821813658045,-126.74642866229026,43.122036421357905,343.9199054046898,79.63523830719305,2.973294368480326,1.0158595652589355,43.12203642159721,41.49170348778488,147.00313458872597,41.49170348778488,151.00000000000043,0.0,0.0,23.987385217722025,6.051912838789932,599.5416913734367,-0.039596790058906706,1.761449806636506e-05,False,True,RELEASE,RELEASED,
1.990000000000193,LOWERING,0.07297164542162214,418.0967306784085,13.198321768394932,-0.05593407509227046,113.52399163088874,1.836343136614037,-0.23381815462699998,1.8213964933413882,1.1223636638777488,-2.962984569110804,-129.72831562013485,45.975505071267676,358.13995645458897,79.54524431977269,3.2219241689525244,0.9856420601416715,45.97550507151947,44.25625266925001,153.1073662304036,44.25625266925001,154.00000000000045,0.0,0.0,23.98736144602477,6.06331124717825,599.5404680052827,-0.03113376700680348,1.7591398076888254e-05,False,True,RELEASE,RELEASED,
2.000000000000192,LOWERING,0.07539017729732986,431.9538975879996,13.662091628355926,-0.053898893713246625,118.07741876422696,1.837618116543551,-0.2391136296778154,1.8219947898804123,1.1245553276950917,-2.9360721754196635,-132.81060111758723,48.90258425501575,372.62724774150826,79.46547350202371,3.485569205505655,0.9569741550406832,48.90258425526547,47.094673104187095,159.335734773533,46.54327704849175,157.00000000000048,0.007167227998351018,0.5513960556953434,23.987336626755507,6.075211936918571,599.5395583853065,-0.022058017536814134,1.757073109942553e-05,False,True,RELEASE,RELEASED,
2.010000000000213,LOWERING,0.07785107459514269,446.05380048598204,14.120864602400452,-0.0529426090291852,122.61121240699109,1.839401570066669,-0.24612980511859092,1.8228599109629933,1.126629416632787,-2.921859006714392,-136.481918092927,52.27030353245593,387.1186620298687,79.5023869006175,3.758377351978072,0.9508503078753705,52.27030353266489,50.34928780853254,165.5001804597041,46.93521329718895,160.0000000000005,0.04113296270684823,3.4140745113435864,23.987312543993433,6.086759452353337,599.5389588853807,-0.014030184129006251,1.7559802163447102e-05,False,True,RELEASE,RELEASED,
2.020000000000234,LOWERING,0.08031802587085794,460.1883901222718,14.572935087533757,-0.052609711903391046,127.02681894072089,1.8421432054560054,-0.2569015588764713,1.8241417649005696,1.1285378883204265,-2.930704320593182,-141.233031264743,56.52268570134212,401.34202417099243,79.74935893914082,4.033953182549673,0.9270334417099377,56.52268570150004,54.434901602632046,171.41939560479466,46.273539816061955,163.00000000000043,0.0916551032616526,8.161361786570087,23.98729048607174,6.09733605067897,599.5386097509936,-0.008017438229853013,1.7568131301715084e-05,False,True,RELEASE,RELEASED,
2.030000000000255,LOWERING,0.08274888350562042,474.1161784291762,15.015793432772275,-0.052483352615493466,131.27116030984416,1.8453949795831286,-0.2709978178112576,1.825388400700561,1.1302208363610131,-2.959594292488132,-146.9418739997997,61.61631834943425,415.0354926004061,80.15539633014947,4.308029382273201,0.8621299379431946,61.61631834954717,59.308569558906825,177.0292340469005,45.11987872878825,166.00000000000037,0.14940539665564884,14.188690830118578,23.987271182193343,6.106592091139507,599.5384528722536,-0.003099228033557111,1.7593681114647097e-05,False,True,RELEASE,RELEASED,
2.0400000000002763,LOWERING,0.08511220526493697,487.6570146732033,15.445418683971281,-0.05243076636758482,135.31542496364838,1.8486005719047822,-0.28715623770144927,1.8261613755623667,1.1316223894097586,-3.0015449224431237,-153.28086453054507,67.30172376999779,428.00326902638375,80.63992987454549,4.577566058273191,0.761644827727082,67.3017237700769,64.73362974180877,182.31767212105626,43.7415539856039,169.00000000000028,0.20840675468865505,20.992075756204866,23.98725503437667,6.1143348162230895,599.5384684991484,0.0017523074039029751,1.7632003618928138e-05,False,True,RELEASE,RELEASED,
2.0500000000002974,LOWERING,0.08738940175472029,500.7043894718623,15.85903323441747,-0.052406289149302114,139.14822947099162,1.8514437520254476,-0.30418963864142073,1.8262838308043112,1.1327073364982494,-3.050320313572963,-159.9394004180472,73.31329333194155,440.1559592664796,81.14479248605701,4.840557441227936,0.6407571588210885,73.31329333199774,70.45909391265238,187.29489294946126,42.28426777564772,172.00000000000026,0.26504725682851477,28.174826137004658,23.987242346827266,6.12041836862277,599.5386618177351,0.0068920587675389555,1.7676460004167893e-05,False,True,RELEASE,RELEASED,
2.0600000000003185,LOWERING,0.08957208037307494,513.210216758379,16.255493186814128,-0.0523831561847592,142.77088974983604,1.8538152592834702,-0.32121893663696655,1.825773647059804,1.1334667961848104,-3.1013925200077033,-166.67890804235006,79.43308565964028,451.4890560948494,81.63628790056427,5.095881739989961,0.5136527421556991,79.4330856596795,76.27988849884167,191.9815134343989,40.84172060007331,175.00000000000017,0.3172973020104566,35.43816789876836,23.987233408754005,6.124704081036914,599.539040413795,0.012146615209680078,1.7723999448548966e-05,False,True,RELEASE,RELEASED,
2.0700000000003396,LOWERING,0.09165893764602638,525.1670281770088,16.634879367038227,-0.05234112130607465,146.1934405825165,1.8557056344309673,-0.33766401690718356,1.824726394105413,1.133913988321015,-3.1517286491783185,-173.33045983933826,85.50141400620171,462.04712097983503,82.09575731903058,5.343130517338446,0.3901579967685791,85.50141400623066,82.0465587200001,196.40346390567387,39.4792507536205,178.0000000000001,0.3641596636823251,42.56730796637961,23.98722847132748,6.127071523916636,599.5396015244623,0.01714456151626731,1.7772013521266672e-05,False,True,RELEASE,RELEASED,
2.0800000000003607,LOWERING,0.09365330524462562,536.5939127967466,16.9980350935818,-0.052266550893591716,149.43134249710772,1.857136073436925,-0.3531749012729152,1.8232448777856434,1.1340762807024387,-3.199396386317049,-179.78042781978164,91.40967355496564,471.89712091222736,82.51238808785828,5.582431530121979,0.27593464683482694,91.40967355498736,87.65815099510169,200.58914081036966,38.24108668835359,181.00000000000006,0.40529947904198244,49.4170643067481,23.987227692163383,6.127445124627245,599.5403292845547,0.021534198885828637,1.781709958237343e-05,False,True,RELEASE,RELEASED,
2.0900000000003818,LOWERING,0.09556138324019865,547.5263944095582,17.346231465635444,-0.05215244301384381,152.50292141930325,1.8581323014989435,-0.36756510165520906,1.8214147100314515,1.1339878745359542,-3.2432466014492927,-185.9574788541406,97.08967814786251,481.11359640616695,82.87981544862447,5.814285260355546,0.17369999729800156,97.08967814787833,93.05187504436066,204.5674446345561,37.153685501256874,183.99999999999997,0.4407970115495008,55.89818954310378,23.987231091531196,6.125815164555837,599.5411972297798,0.025069988661035936,1.7861482234593495e-05,False,True,RELEASE,RELEASED,
2.100000000000403,LOWERING,0.09739098215164191,558.0092239923009,17.680950502806837,-0.051997032821128546,155.42750444788632,1.8587204619390523,-0.38076072932326355,1.8193028946923986,1.1336846741903133,-3.2826894523597874,-191.8226099184931,102.50396182119837,489.7715024083273,83.19486638860124,6.039427284724432,0.08435442397032489,102.50396182121115,98.19377527883982,208.36636290104994,36.228979614262826,186.99999999999994,0.47098138196862915,61.964795664577,23.987238534277374,6.122246446712459,599.5421723812175,0.027624535064105338,1.7899722827507958e-05,False,True,RELEASE,RELEASED,
2.110000000000424,LOWERING,0.09915062548384493,568.091237630658,18.00374501598662,-0.051801976248488465,158.2241462899932,1.8589291325546902,-0.3927637296887622,1.8169628979430223,1.133201249768913,-3.3175327247432778,-197.3612668328522,107.63778790803195,497.9427891687777,83.45701033728446,6.258720117299294,0.007748470236037974,107.63778790804118,103.07109883638931,212.01201493492084,35.46789626188253,189.99999999999986,0.4963182709079745,67.60320257450678,23.987249735566884,6.116875543032674,599.5432191645275,0.029172359353275112,1.7935002972535585e-05,False,True,RELEASE,RELEASED,
2.120000000000445,LOWERING,0.10084891936581004,577.821744811607,18.31614600678346,-0.05157082826923723,160.91081828747014,1.8587907867577533,-0.4036252586459661,1.8144392631109165,1.1325692846065933,-3.3478587887494164,-202.576764620825,112.4926653994209,505.69458808756383,83.66787834776206,6.473072860485811,-0.056851986843923896,112.49266539942913,107.68614925385154,215.5280900972844,34.863695607218816,192.9999999999998,0.5173345538124742,72.82245364663272,23.987264283551838,6.10989992564833,599.5443026144135,0.029767553444632,1.7966843948613587e-05,False,True,RELEASE,RELEASED,
2.130000000000466,LOWERING,0.10249412819001845,587.2480970160892,18.619601980724156,-0.051308002580711574,163.50394060380117,1.8583414570469217,-0.4134262452349786,1.811770325049559,1.131816931932117,-3.373928912826627,-207.4847414971571,117.08112709435817,513.088160555335,83.83071935192072,6.6833846482428365,-0.11048959736592678,117.08112709436675,112.05137227694101,218.93559333106032,34.40478348839851,195.99999999999972,0.5345687607041274,77.6465887885425,23.987281672029884,6.101562308328696,599.5453907980343,0.029522294448188546,1.7994237076379704e-05,False,True,RELEASE,RELEASED,
2.1400000000004873,LOWERING,0.10409390963822747,596.4141695286596,18.91544163325019,-0.05101814184847965,166.01815897997398,1.85761925923546,-0.42226330226917363,1.8089895013070785,1.1309686834890833,-3.396109923942433,-212.1086157266107,121.42260909643329,520.1783434562896,83.9498461335308,6.8905072777749785,-0.15434678112933398,121.42260909643932,116.18550376987156,222.25281073758183,34.07689525685899,198.99999999999966,0.5485397548445432,82.10860851301257,23.987301337483824,6.09213288717088,599.546456514873,0.028587336574367406,1.801860445738157e-05,False,True,RELEASE,RELEASED,
2.1500000000005084,LOWERING,0.10565516990970515,605.3595319563716,19.204854336954824,-0.050705759657012316,168.4662894086374,1.8566626079592878,-0.4302387639465796,1.8061258665419482,1.1300455109539955,-3.414819941052093,-216.4760286497449,125.54030367661136,527.0133906204981,84.0301412532915,7.095222666778697,-0.18963894693706607,125.54030367661771,120.11064504159827,225.4954207778103,33.86469367835382,201.9999999999996,0.5597282197275579,86.24595136324446,23.98732269624406,6.081891522241261,599.5474783410796,0.027134385673207362,1.803986960879911e-05,False,True,RELEASE,RELEASED,
2.1600000000005295,LOWERING,0.10718400599826097,614.1191175005254,19.488883737739034,-0.05037505100291468,170.85937298006186,1.8555086337238427,-0.4374539202538371,1.8032044691266351,1.129065143991215,-3.4304900136373115,-220.61619731920558,129.45885108385025,533.6351282597763,84.07666133235898,7.298231333784974,-0.21754643078844538,129.45885108385545,123.85012971229254,228.6766937195147,33.75287844093617,204.99999999999955,0.5685670303887146,90.09725127135637,23.98734517862363,6.071111370575896,599.5484410853419,0.025340465409604107,1.805678729738247e-05,False,True,RELEASE,RELEASED,
2.1700000000005506,LOWERING,0.10868570794334098,622.7232358544925,19.768430572596955,-0.05002979973148505,173.20679833704585,1.8541920060979387,-0.4440046833642034,1.800246604392896,1.1280424081665241,-3.4435384636571897,-224.55804945162384,133.20272589482212,540.079336936481,84.09434738823425,7.500148747542518,-0.23917257897426225,133.20272589482633,127.42704088277988,231.80773758728355,33.726911622175294,207.99999999999946,0.575437649363644,93.70012926060458,23.98736825780365,6.060045036029652,599.5493357325417,0.02337465495557023,1.8072924312662053e-05,False,True,RELEASE,RELEASED,
2.1800000000005717,LOWERING,0.11016479988744074,631.1978084453641,20.044261451093956,-0.049673344139626915,175.5164610712516,1.8527441865496213,-0.44997905399292226,1.7972701165270217,1.1269895790094246,-3.454354947425963,-228.32899291402325,136.79517500508425,546.3762767179585,84.08783106163327,7.701507026744045,-0.2555201794389177,136.79517500508896,130.86324168463113,234.89776146223303,33.77345258669837,210.9999999999994,0.5806704712664362,97.08978909793277,23.98739147207138,6.048913906207591,599.550158966324,0.02138761176603765,1.8087006694145202e-05,False,True,RELEASE,RELEASED,
2.190000000000593,LOWERING,0.11162510405426368,639.5647350017963,20.317021085645347,-0.049308577777789325,177.7949385884094,1.8511930526201237,-0.4554558783824434,1.7942897371706414,1.1259167272805517,-3.4632916685346027,-231.9541757222637,140.2575771557147,552.5512858560553,84.06131930914863,7.902760046914068,-0.26748078951345633,140.25757715571825,134.17879615577752,237.9543365957109,33.88058045783363,213.99999999999937,0.5845476230535699,100.29821569794389,23.98741443975974,6.037900988794261,599.5509123742065,0.01950414422791802,1.809894505555576e-05,False,True,RELEASE,RELEASED,
2.200000000000614,LOWERING,0.11306981617499942,647.8423257147515,20.58724612786945,-0.048937971420004396,180.0476659703472,1.8495628094323053,-0.4605044976975363,1.7913174463604888,1.1248320415902047,-3.4706596539386894,-235.4561094461008,143.6091128798912,558.6254002823351,84.01853899123606,8.10429050534243,-0.27583293036994405,143.60911287989495,137.39167627633924,240.98364296504468,34.037867050136484,216.99999999999926,0.587307161903751,103.35380922620276,23.98743686689466,6.027147244294018,599.5516014445022,0.01781887463801901,1.811113429539546e-05,False,True,RELEASE,RELEASED,
2.210000000000635,LOWERING,0.11450158440122134,656.0457533750964,20.85537937211,-0.04856360505310769,182.27910358705213,1.8478741053282204,-0.4651849869968019,1.788362837070642,1.1237421212987146,-3.476728464832523,-238.8545506536899,146.8666543638206,564.6159571159191,83.96272452851673,8.306417901124822,-0.2812461397717243,146.86665436382475,140.51767086751863,243.99069412400473,34.236349336883364,219.99999999999923,0.5891479362479335,106.28132153063527,23.987458548102452,6.016751150508628,599.5522344618046,0.016394807696247682,1.8122531223241367e-05,False,True,RELEASE,RELEASED,
2.220000000000656,LOWERING,0.1159225864372326,664.1874953093906,21.121783414685193,-0.04818720760041764,184.49289101981017,1.8461442799704146,-0.4695487592792933,1.7854334670120746,1.1226522368505636,-3.4817281124716093,-242.1665568413597,150.0448041633274,570.5371585171844,83.89663462609586,8.50940670921189,-0.28428865727536845,150.04480416333257,143.57043049671842,246.97953691180123,34.46843861458122,222.99999999999915,0.5902346148487033,109.1019918821372,23.987479361743766,6.0067710353455235,599.5528213978605,0.015264432965898855,1.8132319645758344e-05,False,True,RELEASE,RELEASED,
2.230000000000677,LOWERING,0.11733460163091622,672.2777464300325,21.386753286413594,-0.04781019887531934,186.69198455510644,1.8443876879720245,-0.47363937240920506,1.7825351857527538,1.1215665573161286,-3.4858522765329636,-245.4066529267306,153.15602870095364,576.4005823268899,83.82258707306825,8.71347427428103,-0.285437121572528,153.15602870095768,146.56159847066428,249.95342512950887,34.72779365239617,225.9999999999991,0.5907025641020227,111.8338048182681,23.98749926051476,5.997229583161854,599.5533728790786,0.014432858510714297,1.8142601405202186e-05,False,True,RELEASE,RELEASED,
2.2400000000006983,LOWERING,0.11873907621332526,680.3247930305762,21.650527811345416,-0.04743372995902831,188.8787773588435,1.8426160555555267,-0.4774934250928032,1.7796724297421,1.120488346511525,-3.4892621832899877,-248.5870609859661,156.2108465888557,582.2156333290409,83.74250338984714,8.918798134142895,-0.2850871268795174,156.21084658885846,149.50099115618283,252.9149679570551,35.00917721601806,228.99999999999903,0.5906623802170651,114.49181394016477,23.98751825889142,5.988119854896569,599.5538992926688,0.013882401518801935,1.8150887250101277e-05,False,True,RELEASE,RELEASED,
2.2500000000007194,LOWERING,0.12013718089422104,688.3353427838575,21.913299544342014,-0.04705872247581394,191.0552026552661,1.8408388403489757,-0.48114146486095005,1.7768484817025965,1.1194201299951194,-3.492090701325536,-251.71795937050388,159.21804315409187,587.9899341449747,83.65795744411321,9.125522615411201,-0.28356384311157967,159.21804315409392,152.39680137333045,255.86625489897654,35.308309233148464,231.99999999999895,0.5902039724193506,117.08849214018198,23.98753641880241,5.979412157718449,599.5544100726786,0.013578046749988637,1.816023458189875e-05,False,True,RELEASE,RELEASED,
2.2600000000007405,LOWERING,0.12152986070660535,696.3148103301268,22.175223318157936,-0.04668590456382164,193.22282098518846,1.8390635746762245,-0.4846088584114065,1.774065693837206,1.118363835726092,-3.4944463635249994,-254.80774788353804,162.18489137987976,593.7296581803173,83.57022404260613,9.333764637368548,-0.2811321763171577,162.1848913798818,155.25580676722072,258.8089595969006,35.62172525107057,234.99999999999892,0.5894001549962128,119.63408151615015,23.987553834818996,5.971061146327542,599.554913186734,0.013473217157225825,1.81692134901823e-05,False,True,RELEASE,RELEASED,
2.2700000000007616,LOWERING,0.12291787743250979,704.2675603589158,22.436423472758012,-0.04631584324484327,195.38289303626902,1.837296180576149,-0.4879165946395243,1.7713256763890357,1.1173209113637346,-3.4964171351825275,-257.86330372517574,165.11736619588265,599.4398091267655,83.48032495556075,9.543618722805538,-0.27800614907269505,165.1173661958851,158.08357125313665,261.74442507322436,35.94664544163827,237.9999999999988,0.5883097470107804,122.13692581149839,23.98757061997301,5.9630126231984555,599.5554148257941,0.013515372002303572,1.8177624873771947e-05,False,True,RELEASE,RELEASED,
2.2800000000007827,LOWERING,0.12430184520233127,712.1971115782061,22.6969998932515,-0.04594897259228187,197.5364397252138,1.8355412505546653,-0.49108200489402976,1.7686294543959868,1.1162924211843952,-3.4980738277411882,-260.890218865327,168.02034403837033,605.1244526219896,83.3890709014484,9.755161254828257,-0.27435732932104884,168.02034403837345,160.88463221248367,264.67373298083265,36.280856974593775,240.99999999999878,0.5869802043945801,124.60377523788989,23.98758689308224,5.95520961605634,599.5559192836415,0.01365104423292074,1.8186473326409214e-05,False,True,RELEASE,RELEASED,
2.290000000000804,LOWERING,0.12568225999320218,720.1063057276399,22.95703297613677,-0.04558561854250567,199.68429124354086,1.833802292099563,-0.49411939480437794,1.765977596173793,1.1152791254641652,-3.499473113224161,-263.89301379327577,170.89778321172466,610.7869060819904,83.29709878100394,9.968454042358813,-0.27032224181130005,170.89778321172702,163.6626694282468,267.5977593069046,36.622610883009926,243.99999999999872,0.5854498241511921,127.04005854523687,23.98760276820433,5.947597434798197,599.5564290009743,0.013830038677551393,1.8195538146414947e-05,False,True,RELEASE,RELEASED,
2.300000000000825,LOWERING,0.12705952379816318,727.9974460576793,23.2165876717268,-0.045226020222078715,201.82712671057334,1.8320819366501495,-0.49704058854320454,1.7633703173016118,1.1142815449676304,-3.5006601317709567,-266.8753255932197,173.7528831241599,616.429892666778,83.20490396869974,10.183547269061457,-0.26600876870156753,173.75288312416245,166.42065407507985,270.5172187718556,36.970533403683675,246.99999999999864,0.5837495678051791,129.45012067139618,23.98761834657889,5.9401275353029614,599.556944741091,0.014008624817375193,1.8205024424844396e-05,False,True,RELEASE,RELEASED,
2.310000000000846,LOWERING,0.12843396422697234,735.872409633971,23.47571676050361,-0.04487034714956933,203.96550594983032,1.830382115353159,-0.49985539048394567,1.7608075638208867,1.113300012931117,-3.5016707086324077,-269.8400703162789,176.58822219813035,622.0556649936498,83.11286780631403,10.400481904342568,-0.2615015925080115,176.58822219813263,169.16097765714076,273.4326999173913,37.32355104581163,249.99999999999858,0.5819045534449645,131.83742661132914,23.987633711174578,5.93276013421684,599.5574658601176,0.014151663188521013,1.821438315374735e-05,False,True,RELEASE,RELEASED,
2.320000000000867,LOWERING,0.1298058502529611,743.732737560184,23.734463466227865,-0.044518713780143215,206.09989474639067,1.8287042048378983,-0.5025719715672713,1.758289078105985,1.1123347166578055,-3.502533211222037,-272.7895809131464,179.4058753759422,627.666103698222,83.02128064605354,10.61929165361833,-0.2568667624675527,179.405875375944,171.88556180721474,276.34469261797534,37.680828211755056,252.9999999999985,0.5799352645363282,134.2047335954597,23.987648923747173,5.925465619665014,599.5579906342405,0.014233696058413514,1.8223950263518418e-05,False,True,RELEASE,RELEASED,
2.3300000000008882,LOWERING,0.1311754047539653,751.5797068322527,23.992863513141693,-0.044171192016586175,208.23068477267861,1.8270491466321341,-0.5051971888176443,1.7558144505100646,1.111385730569703,-3.503270084216455,-275.7257227557309,182.20751281607016,633.2627953506544,82.93036089868579,10.840004520224664,-0.25215547924966586,182.20751281607264,174.59595047253836,279.2536094958183,38.04171597721901,255.99999999999847,0.5778585204352985,136.55423449531935,23.987664024148415,5.918224882756357,599.5585166088256,0.014239106015752512,1.823418563873247e-05,False,True,RELEASE,RELEASED,
2.3400000000009094,LOWERING,0.1325428144198072,759.414387104066,24.25094675886274,-0.04382782062798001,210.35820920142442,1.825417543886611,-0.5077368467426878,1.7533831594916214,1.110453042299885,-3.5038991033907103,-278.6499891638662,184.99448173166118,638.8470936235956,82.84027058497594,11.062644044607561,-0.24740719737837935,184.9944817316657,177.2933863325412,282.1598024819457,38.40571056990865,258.9999999999984,0.575688249139727,138.88767576263254,23.987679031506644,5.911028751518669,599.5590409389704,0.014161498375183434,1.8247038404695104e-05,False,True,RELEASE,RELEASED,
2.3500000000009305,LOWERING,0.13390823752142808,767.23768520132,24.50873846538985,-0.04348861296251401,212.4827548654816,1.823809738907551,-0.5101959090926264,1.7509946025271403,1.1095365731655336,-3.5044343884629403,-281.56357948113356,187.76787345619897,644.4201670188485,82.75112788869288,11.287230278806089,-0.24265214256593026,187.7678734562025,179.9788734095391,285.0635755513041,38.772420115999296,261.9999999999983,0.5734360979374395,141.2064532935398,23.987693946831374,5.903876742048419,599.5595606971754,0.014002494284193645,1.8258127695958137e-05,False,True,RELEASE,RELEASED,
2.3600000000009516,LOWERING,0.13527180996223084,775.050379793155,24.766260284301502,-0.04315356308145478,214.6045716793994,1.8222258747021598,-0.5125786688650245,1.7486481197366757,1.108636194142549,-3.5048872128641078,-284.46746219856385,190.52857780455315,649.9830359147593,82.663017182566,11.513780546424622,-0.23791333498081713,190.52857780455625,182.6532278120644,287.9651944709836,39.14153831628147,264.9999999999983,0.5711119126717317,143.51168949578292,23.987708756570232,5.89677535298791,599.560073130705,0.013770132695158033,1.8270625119498618e-05,False,True,RELEASE,RELEASED,
2.3700000000009727,LOWERING,0.13663364996334665,782.8531482367578,25.023531004282855,-0.042822651078259215,216.72387990943113,1.8206659433861052,-0.5148888836634751,1.7463430118066146,1.1077517382680329,-3.505266644883011,-287.3624254710839,193.27732668491,655.5366012086233,82.5759969564339,11.742310030749385,-0.23320820100963147,193.27732668491365,185.31711844133787,290.86489423796684,39.51282384171091,267.9999999999982,0.5687241116312467,145.80429459962696,23.987723436662495,5.889736121855073,599.5605758581762,0.013477073505217874,1.8284252021771863e-05,False,True,RELEASE,RELEASED,
2.3800000000009938,LOWERING,0.13799386167288327,790.6465872568301,25.280567151390176,-0.04249584608093263,218.84087576756787,1.8191298239267566,-0.5171298826629384,1.7440785534937373,1.1068830102279044,-3.5055800506461527,-290.2491171552506,196.01472874756323,661.081666402834,82.49010602742933,11.972832226679023,-0.22854984642185627,196.01472874756496,187.97109933083217,293.76288474524205,39.886084382598455,270.9999999999981,0.5662799757459018,148.08501494823372,23.9877379566806,5.882773639183817,599.5610670014225,0.013138774697826427,1.8299314504588438e-05,False,True,RELEASE,RELEASED,
2.390000000001015,LOWERING,0.1393525379353201,798.431228813054,25.537383420993496,-0.042173109712156695,220.95573571073237,1.8176173113283958,-0.5193046505715758,1.7418540037372245,1.106029793742456,-3.5058334852771775,-293.128076251202,198.7412966587894,666.6189546194447,82.40536836069167,12.205359285867756,-0.22394805414705843,198.74129665879076,190.61563510272873,296.6593551006869,40.26116443341232,273.99999999999807,0.5637858729178679,150.3544706693164,23.987752283720265,5.875903683191856,599.5615452543723,0.012771787121122813,1.8314830832366624e-05,False,True,RELEASE,RELEASED,
2.400000000001036,LOWERING,0.14070976241104777,806.207552244159,25.793993024820676,-0.04185439799668764,223.0686197472475,1.8161281390231607,-0.5214158931550834,1.739668613189597,1.1051918572408905,-3.5060319946008236,-295.99975737948824,201.45746838160946,672.1491217220769,82.32179677933269,12.439902278985526,-0.2194100604394862,201.45746838161043,193.25112083145038,299.55447692933495,40.63793603743838,276.999999999998,0.5612474309652963,152.613184794012,23.98776638578194,5.869141598332156,599.5620098950869,0.01239227571118029,1.8329618590939845e-05,False,True,RELEASE,RELEASED,
2.410000000001057,LOWERING,0.14206561119719516,813.9759935545773,26.050407952251042,-0.041539662957230404,225.17967398754536,1.8146619959228694,-0.5234660881320133,1.7375216297999112,1.10436895821466,-3.5061798460664013,-298.8645496792265,204.16362364315074,677.6727664712464,82.23939579623166,12.676471394284308,-0.2149411544409645,204.16362364315208,195.8778974155075,302.44840691380665,41.01629184695804,279.99999999999795,0.5586696707982051,154.86160556854946,23.98778023447319,5.862500999479198,599.5624607504135,0.012014839014370615,1.834660621113926e-05,False,True,RELEASE,RELEASED,
2.420000000001078,LOWERING,0.14342015406867015,821.736952525082,26.306639155317264,-0.04122885440117419,227.28903262311712,1.8132185393166427,-0.5254575245737745,1.735412302938521,1.1035608465563294,-3.506280704261951,-301.72279128795253,206.86009657975066,683.1904384331408,82.15816375893147,12.915076087688103,-0.21054513841784228,206.86009657975012,198.49626338244178,305.3412887671954,41.39613997227892,282.99999999999784,0.556057109049462,157.10012341016287,23.987793806945067,5.855992843389066,599.5628981245463,0.011651663157373093,1.8366284933790666e-05,False,True,RELEASE,RELEASED,
2.4300000000010993,LOWERING,0.1447734554320217,829.4907981780166,26.56269672465454,-0.040921919909475864,229.39681947516328,1.8117974045658316,-0.5273923333535051,1.7333398864364222,1.1027672671232165,-3.5063377634930455,-304.57478035960503,209.54718537966698,688.7026441956334,82.07809446266018,13.155725196330165,-0.20622467905235453,209.54718537967054,201.10648389188563,308.2332547850404,41.777400195431255,285.99999999999784,0.5534138374049502,159.32908369645438,23.98780708705089,5.849624873050051,599.5633227035537,0.011312014311473106,1.838695587963457e-05,False,True,RELEASE,RELEASED,
2.4400000000011204,LOWERING,0.14612557506350118,837.2378730060724,26.818589986475082,-0.04061880636814593,231.50314922065837,1.8103982123531752,-0.529272510685064,1.7313036408223434,1.101987961710891,-3.5063538474250437,-307.4207833986626,212.225159592458,694.2098523139756,81.99917835570338,13.398427024770609,-0.20198157426938224,212.22515959245956,203.70879756088263,311.12442708592084,42.16000121180866,288.9999999999977,0.5507435842654161,161.54879634907397,23.987820065777672,5.843401410763874,599.563735447517,0.011002047143960247,1.8408518386081596e-05,False,True,RELEASE,RELEASED,
2.4500000000011415,LOWERING,0.14747656868578887,844.97849627669,27.074327605329504,-0.040319460060949996,233.60812837710156,1.8090205740796463,-0.5310999363708773,1.7293028349685613,1.1012226705786177,-3.5063314837039554,-310.26104153496624,214.89426564387537,699.7124973047131,81.92140343530374,13.643189410963092,-0.1978169551763358,214.89426564387819,206.30342161420697,314.01491862169945,42.543878636359636,291.99999999999767,0.5480497630770176,163.75954297784733,23.98783274104775,5.837323453271883,599.5641374808424,0.010724886671967582,1.8431859707845888e-05,False,True,RELEASE,RELEASED,
2.4600000000011626,LOWERING,0.14882648842455073,852.7129666479357,27.329917661352756,-0.04002382689667758,235.7118561067132,1.8076640958702705,-0.532876388027679,1.7273367473023482,1.100471133635004,-3.506272959747172,-313.0957752342766,217.5547309846172,705.2109829262815,81.84475591085253,13.890019777317972,-0.19373143851083796,217.5547309846195,208.8905557592473,316.90483401678324,42.9289735708914,294.9999999999976,0.5453355106388248,165.9615821883559,23.987845117018786,5.83138900737723,599.5645299894649,0.01048092770371234,1.8457401530724837e-05,False,True,RELEASE,RELEASED,
2.4700000000011837,LOWERING,0.15017538317563575,860.4415642723878,27.58536770292233,-0.03973185293839029,237.81442488513434,1.8063283815428337,-0.5346035522745344,1.7254046666978164,1.0997330913657661,-3.5061803644915344,-315.9251878322438,220.20676720938945,710.7056849229596,81.76922069364674,14.138925170861802,-0.1897252416526385,220.20676720939449,211.4703850994049,319.79427027952056,43.31523157782155,297.99999999999756,0.5426037178881743,168.15515352158334,23.98785720302599,5.825593597158489,599.5649141316023,0.01026828954568515,1.8483931192747605e-05,False,True,RELEASE,RELEASED,
2.480000000001205,LOWERING,0.1515232989057763,868.1645525200225,27.840684796729867,-0.039443484548670485,239.91592106777597,1.8050130348091251,-0.5362830336385874,1.7235058931324378,1.0990082855652485,-3.5060556197590467,-318.74946819181605,222.85057240731032,716.1969533624645,81.69478175854435,14.38991229544983,-0.18579826948842992,222.850572407312,214.04308232956296,322.6833174168056,43.7026019443623,300.9999999999975,0.5398570550382511,170.34048038520066,23.987869012311776,5.8199308731023285,599.5652909664345,0.010083363045409577,1.851236758199093e-05,False,True,RELEASE,RELEASED,
2.490000000001226,LOWERING,0.15287027890359925,875.8821794164023,28.095875570231563,-0.0391586684754377,242.0164253780476,1.8037176609104804,-0.5379163617522736,1.7216397381681139,1.0982964599178304,-3.5059005040053943,-321.5687927133443,225.48633294374025,721.6851146619881,81.62142241166673,14.64298753819202,-0.18195018025159015,225.48633294374173,216.6088094003313,325.5720589741463,44.09103715140216,303.9999999999974,0.5370979924616307,172.51777224892913,23.98788056067835,5.814393258202432,599.5656614029665,0.009921391352508913,1.8543301521845024e-05,False,True,RELEASE,RELEASED,
2.500000000001247,LOWERING,0.15421636399322056,883.5946788664812,28.350946252217252,-0.03887735175373854,244.11601333508167,1.8024418678386918,-0.5395049972732284,1.7198055253007667,1.097597360463582,-3.50571667051765,-324.3833268705907,228.1142248249967,727.1704733719955,81.54912548971451,14.898156991653446,-0.17818043577290155,228.11422482499907,219.16771879245704,328.46057251707845,44.480492484715086,306.9999999999974,0.5343288183486403,174.68722630774195,23.987891865180167,5.80897257494302,599.5660261693222,0.009777033807431224,1.857648021541536e-05,False,True,RELEASE,RELEASED,
2.510000000001268,LOWERING,0.15556159271931444,891.3022717149752,28.60590269993304,-0.03859948191399144,246.21475563372553,1.8011852672529756,-0.5410503368480526,1.7180025902092761,1.0969107359737835,-3.505505661587304,-327.19322640185703,230.7344147592923,732.6533137677545,81.47787350973337,15.155426472943798,-0.17448834011401004,230.73441475929303,221.71995450719078,331.348930065256,44.87092574386676,309.9999999999973,0.5315516538955185,176.84902876332401,23.987902942949095,5.803660608648301,599.5663858011637,0.009644872809139393,1.8610613906844264e-05,False,True,RELEASE,RELEASED,
2.520000000001289,LOWERING,0.15690600150969614,899.0051666778911,28.8607504205607,-0.03832500723592929,248.31271848568963,1.7999474752450968,-0.5425537174625407,1.7162302809672065,1.0962363382562177,-3.505268920341064,-329.9986383041555,233.3470610427509,738.1339013015283,81.40764879266929,15.41480154043834,-0.17087307170299937,233.34706104275406,224.265652893016,334.23719848461263,45.262297065763846,312.9999999999972,0.5287684665645082,179.00335582725216,23.987913810218227,5.798449575582637,599.5667406466489,0.009519835042791414,1.8648277908539512e-05,False,True,RELEASE,RELEASED,
2.5300000000013103,LOWERING,0.15824962481891797,906.7035611652724,29.115494603098863,-0.03805387649590621,250.40996392852549,1.7987281131957036,-0.5440164208390619,1.7144879582715165,1.0955739224039442,-3.5050078035558476,-332.7997019400555,235.95231454563046,743.612483959289,81.3384336033827,15.676287508671363,-0.16733371762836668,235.9523145456342,226.80494356590884,337.1254398331577,45.654569065106244,315.99999999999716,0.5259810817822682,181.1503745008026,23.987924481583168,5.793332477178444,599.5670908845818,0.009397510167074685,1.868343392885663e-05,False,True,RELEASE,RELEASED,
2.5400000000013314,LOWERING,0.1595924952332182,914.397641882511,29.370140145008094,-0.037786038663633406,252.5065500707421,1.7975268082049078,-0.5454396766504277,1.7127749955410956,1.0949232470088577,-3.504723588162864,-335.5965495225775,238.55031922998094,749.0892933652833,81.27021021339726,15.939889457157053,-0.16386937795607537,238.5503192299812,229.33794988988944,340.0137116420532,46.047706964968484,318.9999999999971,0.5231911926973585,183.29024292492096,23.987934969514516,5.788303333820704,599.5674365519469,0.009274361425537947,1.8684559016435287e-05,False,True,RELEASE,RELEASED,
2.5500000000013525,LOWERING,0.16093464367282534,922.0875859894669,29.624691639921952,-0.037521444607905546,254.60253145491055,1.7963431883572942,-0.5468246566647272,1.711090776440909,1.0942840742442352,-3.504417434144357,-338.38930262691537,241.14120886133213,754.5645450940613,81.20296025089593,16.20561225581218,-0.16047874112427962,241.14120886133549,231.86478590373196,342.90206755113786,46.44167386648954,321.99999999999716,0.5204003718013146,185.42311203724242,23.987945284113465,5.7833573020352835,599.5677775772006,0.009147837915890022,1.868573402674656e-05,False,True,RELEASE,RELEASED,
2.5600000000013736,LOWERING,0.16227609943974125,929.7735613742435,29.879153452889618,-0.037260044688810695,256.69795923230873,1.7951768933337906,-0.5481724951087643,1.7094347001174954,1.0936561701050729,-3.5040904799512207,-341.17808110224894,243.72511508345036,760.0384417885011,81.13666619740033,16.47346056850801,-0.15716074711025385,243.72511508345445,234.3855638668368,345.79055713162074,46.83643864527727,324.9999999999973,0.5176100784960327,187.54912522155954,23.98795543308606,5.778490686848551,599.5681138154712,0.009016372689355734,1.86872352685441e-05,False,True,RELEASE,RELEASED,
2.5700000000013947,LOWERING,0.16361689031325843,937.455727200463,30.133529697044896,-0.03700179017129485,258.7928813653748,1.7940275672984214,-0.5494842788249279,1.7078061773957078,1.0930393044915265,-3.50374378434494,-343.96299746935625,246.30216243195832,765.5111724156158,81.07131040249358,16.74343886134824,-0.15391422644421482,246.30216243196423,236.90038959323073,348.6792263803234,47.231970770137195,327.9999999999974,0.5148216665124015,189.66841882309353,23.98796542189729,5.773700867899584,599.5684450827068,0.008879326446422198,1.8687666518246715e-05,False,True,RELEASE,RELEASED,
2.580000000001416,LOWERING,0.16495704265351352,945.1342345005827,30.38782424694333,-0.036746633366544754,260.88734285112173,1.7928948602166286,-0.5507610518855698,1.706204631196711,1.0924332512626864,-3.503378342817979,-346.74415843657255,248.87246969503437,770.9829134018985,81.00687529378008,17.015551414979683,-0.1507379672215734,248.87246969503673,239.4093637218354,351.5681179400172,47.62824109990581,330.99999999999756,0.5120363914686079,191.7811226219296,23.987975254061684,5.768986160093336,599.568771186536,0.008736861446174693,1.86884697370715e-05,False,True,RELEASE,RELEASED,
2.590000000001437,LOWERING,0.1662965814901637,952.8092266839744,30.642040780947028,-0.0364945266922555,262.98138591194544,1.7917784282544307,-0.5520038179673595,1.7046294966670548,1.0918377882929082,-3.502995093110647,-349.5216653766709,251.43615033123456,776.4538295428567,80.94334343655706,17.289802334041894,-0.14763072516228704,251.43615033123675,241.91258210432161,354.4572713209467,48.02522187710113,333.9999999999976,0.5092554176618941,193.88736022722048,23.987984931523687,5.764345631220226,599.5690919519118,0.008589777417667754,1.8689092087242898e-05,False,True,RELEASE,RELEASED,
2.600000000001458,LOWERING,0.16763553060318886,960.4808399998873,30.896182768485925,-0.03624542358198891,265.0750501730516,1.7906779339584462,-0.553213542432315,1.703080221139092,1.091252697517495,-3.5025949194976302,-352.2956146908113,253.9933127986363,781.9240747922883,80.88069756850498,17.56619555606146,-0.14459123238788152,253.9933127986392,244.41013610996617,357.3467231095866,48.4228866792609,336.9999999999978,0.5064798243008499,195.98724943070528,23.987994455082376,5.759778898284321,599.5694072405595,0.00843932872950326,1.868928227821698e-05,False,True,RELEASE,RELEASED,
2.610000000001479,LOWERING,0.16897391259744896,968.1492039646279,31.15025348608433,-0.035999278354857944,267.1683728273905,1.7895930463222824,-0.5543911542182915,1.701556264003509,1.0906777649630672,-3.502178656396312,-355.066098111937,256.544060835542,787.3937929675772,80.81892062158376,17.844734859808888,-0.14161820499731448,256.5440608355446,246.9021128851437,360.23650716374493,48.82121035006722,339.99999999999784,0.5037106112671828,198.0809025350765,23.988003824820193,5.755285921928933,599.5697169638581,0.008287040058853279,1.8690015288314044e-05,False,True,RELEASE,RELEASED,
2.6200000000015002,LOWERING,0.1703117489719436,975.8144417583906,31.40425605321359,-0.035756045406607304,269.2613887888405,1.7885234408040196,-0.5555375475901779,1.7000570965479191,1.0901127807629796,-3.5017470915739706,-357.8332029740278,259.0884937118615,792.8631183966233,80.75799573807126,18.125423873123786,-0.13871034902882684,259.08849371186284,249.3885955853336,363.12665479398646,49.220168923414036,342.999999999998,0.5009487044570038,200.16842666191957,23.988013040502157,5.750866815003954,599.5700210893683,0.008134534861353515,1.8689656272385946e-05,False,True,RELEASE,RELEASED,
2.6300000000015213,LOWERING,0.1716490601843202,983.4766705948607,31.658193405022985,-0.03551568047764772,271.3541308345687,1.787468799323782,-0.5566535837824522,1.698582201784228,1.0895575391597896,-3.5013009691014654,-360.5970124612296,261.6267064623537,798.3321765194205,80.69790628395913,18.40826608024606,-0.13586636532789953,261.62670646235443,251.8696635900704,366.0171949320396,49.61973954990978,345.99999999999807,0.49819496073559577,202.2499240401606,23.98802210192054,5.74652167729295,599.5703196416607,0.007983387400040343,1.868953928862993e-05,False,True,RELEASE,RELEASED,
2.6400000000015424,LOWERING,0.17298586571099947,991.1360020657092,31.9120683339397,-0.03527813959920025,273.44662973748126,1.7864288102489916,-0.5577400925471018,1.6971310742700985,1.089011838496822,-3.500840992106205,-363.3576058416277,264.1587901059496,803.8010844496342,80.63863586061109,18.693264828696798,-0.13308495362957729,264.15879010595455,254.34539270485047,368.9081542871726,50.01990042927878,348.99999999999824,0.49545017253479956,204.3254922755717,23.988031009168523,5.742250464277614,599.5706126984187,0.007835005409969398,1.8689193169052487e-05,False,True,RELEASE,RELEASED,
2.6500000000015635,LOWERING,0.17432218410323283,998.7925424617773,32.16588348713363,-0.03504337948756058,275.5389143895811,1.7854031683677996,-0.5587978736135927,1.6957032199246145,1.0884754812004456,-3.5003678253390227,-366.1150586866691,266.68483185226575,809.2699514988656,80.58016831476733,18.980423335747233,-0.1303648161111255,266.68483185226444,256.8158553510135,371.799557491548,50.420630748667634,351.9999999999983,0.4927150721206821,206.39522460234588,23.988039762834934,5.738052893770176,599.5709003829609,0.007690546846125024,1.868894082690531e-05,False,True,RELEASE,RELEASED,
2.6600000000015847,LOWERING,0.1756580330393922,1006.4463930726745,32.41964136722635,-0.034811357794260776,277.6310119169527,1.7843915748499557,-0.5598276980657341,1.6942981558373738,1.0879482737543327,-3.499882097561704,-368.86944307648264,269.2049152956745,814.7388796655459,80.52248774683642,19.269744694507786,-0.1277046605358123,269.2049152956737,259.2811207440133,374.69142723546423,50.821910625966666,354.99999999999847,0.4899903355576943,208.45921011804666,23.988048364119457,5.733928390655514,599.5711828544306,0.007550870934520226,1.8688524789922667e-05,False,True,RELEASE,RELEASED,
2.6700000000016058,LOWERING,0.17699342937377976,1014.0976504664393,32.673344356624334,-0.0345820325764895,279.7229477870126,1.7833937371959359,-0.5608303096403543,1.6929154100717465,1.0874300266667463,-3.4993844037649566,-371.62082779168753,271.7191205974445,820.2079640908521,80.46557851756802,19.561231879663946,-0.12510320298571287,271.7191205974429,261.7412550604741,377.58378439328584,51.223721057208536,357.9999999999985,0.48727658639358395,210.51753400326555,23.988056814874117,5.729876067005378,599.5714602968064,0.007416521061045955,1.868834306151257e-05,False,True,RELEASE,RELEASED,
2.680000000001627,LOWERING,0.17832838918222185,1021.7464067507718,32.926994715141134,-0.03435536261369594,281.8147459086113,1.7824093691753768,-0.5618064259528429,1.6915545214630998,1.0869205544317666,-3.498875307228521,-374.3692784925082,274.22752465665684,825.6772934838913,80.40942525323004,19.85488775288379,-0.12255917026271845,274.22752465666014,264.19632159478334,380.47664814077496,51.62604386759136,360.9999999999987,0.4845743990871595,212.57027772719198,23.988065117581197,5.7258947326577765,599.5717329078057,0.007287735080306668,1.868755509804032e-05,False,True,RELEASE,RELEASED,
2.690000000001648,LOWERING,0.17966292780469992,1029.3927498172914,33.180594578993095,-0.03413130764993227,283.9064287255178,1.7814381907565735,-0.56275673965462,1.690215039413434,1.0864196754852764,-3.4983553414366035,-377.1148578862265,276.7302012707367,831.1469505185621,80.3540128494879,20.150715067919382,-0.12007130191744864,276.73020127074284,266.64638090596566,383.3700360644703,52.02886166579589,363.99999999999875,0.4818843021989773,214.61751924016977,23.988073275281018,5.721982929860591,599.5720008885537,0.007164477280015014,1.868636628898912e-05,False,True,RELEASE,RELEASED,
2.700000000001669,LOWERING,0.180997059885237,1037.0367635700695,33.434145992688215,-0.0339098275924873,285.99801730377874,1.7804799280282482,-0.563681919527159,1.6888965236833353,1.0859272121564518,-3.497825011860386,-379.8576258838645,279.2272212863678,836.6170122041358,80.29932647412323,20.44871647542314,-0.11763835204999396,279.227221286373,269.0914909555914,386.2639642637096,52.43215780140275,366.9999999999989,0.47920678136317685,216.65933315418863,23.988081291464198,5.718138984921656,599.5722644346763,0.007046485647249412,1.8686300094827857e-05,False,True,RELEASE,RELEASED,
2.71000000000169,LOWERING,0.18233079940924746,1044.6785281396283,33.68765089290822,-0.03369088320684824,288.0895314134023,1.7795343131147312,-0.5645826115167147,1.6875985441821417,1.0854429906154128,-3.4972847976176102,-382.5976397468562,281.7186527414335,842.0875502314728,80.24535156872932,20.748894527498432,-0.11525909080415886,281.71865274143664,271.5317072373288,389.1584474458401,52.8359163251331,369.999999999999,0.47654228205714955,218.69579091219572,23.9880891699433,5.714361069763088,599.5725237292368,0.006933328042518561,1.8686464713368878e-05,False,True,RELEASE,RELEASED,
2.7200000000017113,LOWERING,0.18366415973853964,1052.31812008349,33.9411111190417,-0.03347443595535532,290.18098960477954,1.7786010840859428,-0.565459439713774,1.6863206807574518,1.08496684081763,-3.4967351530198436,-385.334954224562,284.2045609986797,847.5586312968082,80.19207384953123,21.0512516820023,-0.1129323056510998,284.2045609986792,273.96708289872254,392.05349901511994,53.240121951703856,372.99999999999915,0.4738912121842482,220.72696094701868,23.98809691471746,5.710647266834819,599.5727789377465,0.006824461388631242,1.868662758397477e-05,False,True,RELEASE,RELEASED,
2.7300000000017324,LOWERING,0.18499715364414002,1059.955612574246,34.1945284153487,-0.03326044808431001,292.272409280226,1.7776799848627753,-0.5663130072807859,1.6850625229843288,1.0844985964456284,-3.4961765090156582,-388.0696216832417,286.685008871664,853.0303174045796,80.13947930741533,21.35579030661699,-0.11065680245212661,286.68500887166743,276.39766885585544,394.9491311557708,53.64476002520135,375.9999999999992,0.4712539444835196,222.7529088306541,23.988104529841834,5.706995631713725,599.573030205243,0.0067192887676199575,1.8685569685317205e-05,False,True,RELEASE,RELEASED,
2.7400000000017535,LOWERING,0.1863297933370989,1067.5910755760613,34.44790445036479,-0.0330488821793009,294.3638067609913,1.776770765118805,-0.5671438973314932,1.683823669954936,1.0840380948484545,-3.4956092745378724,-390.8016922271328,289.1600567435276,858.5026661508384,80.08755420726834,21.662512682705557,-0.10843140636859516,289.1600567435285,278.82351390128946,397.84535490960627,54.049816486687234,378.9999999999994,0.46863081877924656,224.77369741460222,23.988112019311103,5.703404248972559,599.5732776553032,0.006617210449920918,1.8683910454342367e-05,False,True,RELEASE,RELEASED,
2.7500000000017746,LOWERING,0.18766209049742152,1075.2245760104365,34.70124080657289,-0.032839701615486314,296.4551973500618,1.7758731801790224,-0.5679526737648856,1.6826037300691072,1.0835851769793268,-3.4950338377619428,-393.53121381217926,291.62976267906424,863.9757309886265,80.03628508671572,21.971421008966022,-0.10625496256568567,291.6297626790649,281.2446648057916,400.74218024862984,54.455277843879145,381.99999999999943,0.4660221440820935,226.78938696191247,23.988119386963522,5.699871278186273,599.5735213907183,0.0065176660357941785,1.8682909185940844e-05,False,True,RELEASE,RELEASED,
2.7600000000017957,LOWERING,0.18899405630125815,1082.8561779119952,34.95453898836074,-0.03263287043834071,298.5465953910455,1.774986990916291,-0.5687398820565479,1.6814023208263906,1.083139687331843,-3.4944505672819606,-396.25823235291017,294.09418253050006,869.4495614766074,79.98565875433052,22.28251740489616,-0.10412633681795569,294.09418253050336,283.6611664142267,403.6396161429532,54.86113114271296,384.9999999999996,0.46342820055263034,228.80003527151376,23.988126636409312,5.6963949882715665,599.5737614954769,0.006420166084131651,1.8679834226986713e-05,False,True,RELEASE,RELEASED,
2.770000000001817,LOWERING,0.19032570144647515,1090.4859425749971,35.207800440918746,-0.032428352920363106,300.6380143234193,1.7741119636462055,-0.5695060500103738,1.680219068619975,1.0827014738750904,-3.493859813212034,-398.9827918231386,296.55337003758916,874.9242035121425,79.9356622874106,22.59580391408213,-0.1020444159435101,296.55337003758933,286.07306173614495,406.5376706243693,55.267363940769826,387.99999999999966,0.4608492413371404,230.80569779537512,23.988133770984586,5.692973779577685,599.5739980376823,0.006324312704284019,1.867772148500535e-05,False,True,RELEASE,RELEASED,
2.780000000001838,LOWERING,0.19165703617671778,1098.1139286912064,35.46102652825477,-0.032226114319474114,302.72946673438474,1.7732478700205403,-0.5702516884726039,1.6790536085326542,1.0822703879879472,-3.493261908216258,-401.7049343506521,299.00737692216165,880.3996995497864,79.88628302933682,22.911282507321243,-0.10000810816870853,299.0073769221665,288.4803920312793,409.43635084588465,55.67396428226712,390.99999999999983,0.4582854942848598,232.80642774901216,23.988140793729876,5.689606194192055,599.5742310730093,0.00622980952795249,1.8676138353157512e-05,False,True,RELEASE,RELEASED,
2.790000000001859,LOWERING,0.19298807030407128,1105.7401924797298,35.71421854095172,-0.03202612073753613,304.82096440756436,1.7723944869200121,-0.5709772920108241,1.677905584135305,1.081846284392832,-3.4926571684743504,-404.4247003065278,301.456252977679,885.8760888062848,79.83750858660926,23.228955085589412,-0.0980163433507073,301.4562529776813,290.88319689035797,412.3356631374873,56.080920674564794,393.9999999999999,0.4557371635550235,234.80227621579317,23.988147707390528,5.686290915745001,599.5744606483429,0.006136462216172589,1.8674290615194877e-05,False,True,RELEASE,RELEASED,
2.80000000000188,LOWERING,0.19431881323041109,1113.3647878093457,35.96737773485907,-0.031828338090832714,306.9125183687537,1.7715515963467108,-0.5716833395598269,1.676774647288151,1.0814290210891453,-3.4920458945867967,-407.1421283893413,303.90004615402466,891.3534074530096,79.78932682559606,23.54882348286265,-0.09606807314446542,303.9000461540266,293.28151431156095,415.23561305841076,56.488222066090174,397.00000000000006,0.45320443112144354,236.79329224547078,23.988154514435166,5.683026760555571,599.5746868052911,0.006044171158784195,1.8672657418505878e-05,False,True,RELEASE,RELEASED,
2.810000000001901,LOWERING,0.19564927396753298,1120.9877663138407,36.19740138716384,-0.03229119895823994,309.0041389289248,1.7707189853163696,-0.572370295036377,1.6756604579448087,1.0810184592866052,-3.4914283724240995,-409.85725570465223,306.33880263788467,896.8316887965649,79.74172586903165,23.870889468801572,-0.09416227106800079,306.3388026378874,295.6753807728796,418.1362054461313,56.89585782555247,400.0,0.4506874581817361,238.7795229473271,23.988161217087626,5.679812662322046,599.5749095833382,0.005952918349986902,1.8670054799940772e-05,False,True,RELEASE,RELEASED,
2.8200000000019223,LOWERING,0.19696748117386037,1128.5405372584696,36.42975383113329,-0.03261795517451069,311.01818307259555,1.7752378946546588,-0.5759297812383195,1.679218410362597,1.0808753923176975,-3.5107180976945913,-414.8983804886342,310.2529672144443,904.5937740811769,80.2400430443311,24.183077550444644,0.22229267941469288,310.25296721444204,299.45546201561706,420.8653330717327,49.055155231814354,400.0,0.46651164417637214,250.4003067838027,23.988167547530505,5.676777046728551,599.5749558364028,-0.005731510219817437,1.8687382365101257e-05,False,True,RELEASE,RELEASED,
2.8300000000019434,LOWERING,0.19820426524848123,1135.6267880229464,36.634169062804624,-0.033303804503803325,312.77103156501323,1.7848428920309696,-0.5887041734615207,1.6849603987579238,1.081100421835889,-3.576032698180267,-425.27096006841816,318.92184250409093,912.8025571122079,81.47210841431205,24.45642954656063,0.42057960345880474,318.92184250408906,307.6996957454564,423.02755066908566,36.482428435192446,400.0,0.5001427413819941,271.21726731026394,23.98817164753717,5.674810983719425,599.5744678303583,-0.02198877368936003,1.875075422219652e-05,False,True,RELEASE,RELEASED,
2.8400000000019645,LOWERING,0.1992843815515657,1141.8153985779477,36.805341928060706,-0.034102966909646634,314.1713673316623,1.7958618119313472,-0.6078931152846565,1.6898478061478959,1.08146177465483,-3.671400952549714,-438.99172095401934,330.79158599605285,919.5488842242562,83.05959962386129,24.67591201276158,0.46462332134291273,330.7915859960521,318.9327538533927,424.5598238378182,24.829650358422555,400.0,0.5384380694298748,294.1031034949701,23.988171153169006,5.675048046530008,599.5734636345596,-0.03414596408013448,1.8844801331852068e-05,False,True,RELEASE,RELEASED,
2.8500000000019856,LOWERING,0.2001739644057279,1146.9123328850173,36.942914314225256,-0.0348509803799162,315.21895288370325,1.8061146809554727,-0.6287746899371978,1.6931310138489788,1.0817610480089839,-3.773420641847357,-453.204341549395,343.2954134410926,924.4076148600641,84.6668359424811,24.84074706427459,0.40134510154405234,343.2954180686704,330.7326472607668,425.56739953765805,15.793731564808581,400.0,0.5738568428495167,314.9389156959582,23.988164778403807,5.678104916768695,599.5721427431015,-0.03972504745112637,1.8949305612636635e-05,False,True,RELEASE,RELEASED,
2.8600000000020067,LOWERING,0.20087738374066702,1150.9426287970084,37.05051530143207,-0.03547154421765209,315.96155761377946,1.8145257777138712,-0.6479870081995998,1.6948795341240808,1.0818907583868735,-3.8659015325652977,-465.9433113964512,354.6183233128339,927.5422670560417,86.08136465817516,24.95792647243142,0.2856969530106426,354.6183249476231,341.39567230728966,426.18982653759804,9.435218077901027,400.0,0.6031066718924394,331.96045422938863,23.988152602842334,5.6839434192907206,599.5707392882962,-0.03891339903284763,1.9046514040610418e-05,False,True,RELEASE,RELEASED,
2.870000000002028,LOWERING,0.20142115278892836,1154.0581959465305,37.1337357169236,-0.03594765753716101,316.4640987623401,1.8207750650644012,-0.6639127683286272,1.6954178463170937,1.0818185723250584,-3.941294368703264,-476.3160331348338,363.91176569612423,929.3126017130255,87.20826820303415,25.037381451365036,0.1586177843083192,363.9117662017392,350.13293723155937,426.55096671330796,5.262276381391985,400.0,0.6255014604048214,344.8706608501674,23.988135811016306,5.691995532568683,599.569458065059,-0.033035275896062366,1.913159933053521e-05,False,True,RELEASE,RELEASED,
2.880000000002049,LOWERING,0.20183970981682578,1156.4563510649366,37.198499750304926,-0.036293003595713476,316.7905369525831,1.8249941754795758,-0.6762012681928844,1.6950975150205108,1.0815575319392257,-3.9982140660849987,-484.19902013048835,371.0298137377066,930.0954388123218,88.0363780704559,25.089061075676486,0.04376724664922449,371.02981387022817,356.8161707173014,426.74583512237115,2.694442057074923,400.0,0.6416939326146885,354.1217286602265,23.98811626755255,5.701367112838787,599.5684491113952,-0.023786287516625926,1.9192543220469815e-05,False,True,RELEASE,RELEASED,
2.89000000000207,LOWERING,0.20216651927174534,1158.328831312123,37.25010873430763,-0.036532841263264344,316.9952934091104,1.8275271332066054,-0.6852003025362753,1.694212491988697,1.0811412616235132,-4.038621905198164,-489.8844799371225,376.2105649510984,930.2106791240541,88.60126078138381,25.121504010882,-0.04884980623995716,376.21056497880664,361.67543904513127,426.84167037313085,1.227326101898825,400.0,0.6528645306241594,360.44811294323245,23.988096098276312,5.711038769845578,599.567802250162,-0.012832083146898654,1.9233436802323922e-05,False,True,RELEASE,RELEASED,
2.900000000002091,LOWERING,0.2024298327825066,1159.837506597662,37.29283687649216,-0.03669373150564741,317.1205877827201,1.828772088920577,-0.6915392037856488,1.6929798825864537,1.0806081008653827,-4.065782608536473,-493.821416145637,379.84102629260497,929.9013166196399,88.95677223466816,25.141366798914476,-0.11774918055090211,379.84102629680007,365.0779402878533,426.88326351142865,0.4716765282807387,400.0,0.6602673302013644,364.6062637595726,23.988077349478672,5.720029258328862,599.5675519779845,-0.0016093296358530296,1.9259129174997724e-05,False,True,RELEASE,RELEASED,
2.9100000000021122,LOWERING,0.20265147082803736,1161.1073990565064,37.32987972455037,-0.036798946424046755,317.19696939381623,1.8290956860489938,-0.6958849644180053,1.691548150369947,1.0799928366505391,-4.083082174733503,-496.46556493289154,382.32008113538654,929.3386969996134,89.15773344032229,25.1534793481554,-0.16572899097201343,382.32008113582054,367.4000078173757,426.89874532341963,0.14752602933680237,400.0,0.6650111429281254,367.2524817880389,23.98806174784804,5.727510595652171,599.5676872289894,0.008758177321965377,1.9273534803687653e-05,False,True,RELEASE,RELEASED,
2.9200000000021333,LOWERING,0.20284720391750322,1162.2288670502512,37.363484231232285,-0.036866957997044814,317.2452606867289,1.8287977593836575,-0.6988250317677125,1.6900132602147067,1.0793234871577686,-4.093469660737879,-498.2093250010855,383.9938096655576,928.6367841369272,89.25149905581927,25.161138857047654,-0.19712257733897331,383.99380966564735,368.96719089599384,426.90460776754327,0.06496449725995035,400.0,0.6679801107368227,368.9022263987339,23.98805055860286,5.73287608763246,599.5681629209653,0.01747986409305735,1.927934263790121e-05,False,True,RELEASE,RELEASED,
2.9300000000021544,LOWERING,0.20302780073745982,1163.263610607951,37.39514492165115,-0.03691144313446353,317.2788651426455,1.8281048721068565,-0.7008263295845336,1.6884341500875588,1.078620907660198,-4.099271169829884,-499.3596061422213,385.1342839499657,927.8673616274357,89.27515760586954,25.16646956655126,-0.21630498016281763,385.1342839501662,370.03494934467295,426.9096626637768,0.10266681867068428,400.0,0.6698293953371717,369.93228252600227,23.988044528157197,5.735767818405162,599.5689115742005,0.02408362717822321,1.9279395218063655e-05,False,True,RELEASE,RELEASED,
2.9400000000021755,LOWERING,0.20320022200331403,1164.2515116911259,37.425801472753896,-0.036941954370440275,317.3058987703065,1.827177809948685,-0.7022342877865267,1.6868449111361195,1.0778997009063158,-4.102196841938091,-500.14038538986824,385.94089883457855,927.0729904836459,89.25575126894849,25.170758348608004,-0.22702306226693736,385.94089883521974,370.7902675291667,426.9179607299817,0.18827897550005446,400.0,0.6710159333613838,370.6019885536667,23.988043893638146,5.736072084102603,599.5698540318888,0.028380560022975843,1.927639094390088e-05,False,True,RELEASE,RELEASED,
2.9500000000021966,LOWERING,0.20336870746006944,1165.2168622492677,37.45600802629822,-0.03696480542468013,317.3309246661558,1.8261243243159477,-0.7032898059153561,1.6852636282652982,1.0771695511347021,-4.103432493370416,-500.70585739583487,386.5514858642962,926.2769829730901,89.211835749182,25.174728937369366,-0.23219315501148685,386.55148586571295,371.3622773350231,426.9308157574315,0.28229300684228065,400.0,0.6718409371037618,371.07998432818084,23.988048440993154,5.733891528032431,599.5709086997622,0.030417252663744954,1.92711764697151e-05,False,True,RELEASE,RELEASED,
2.9600000000022177,LOWERING,0.20353565873360724,1166.1734225850728,37.48606521067076,-0.03698393525808151,317.3562515438774,1.825012510546384,-0.7041518712100692,1.6836985495991177,1.076436538716926,-4.103756198594294,-501.15643269780804,387.056194982805,925.4906231889923,89.15542336045824,25.178747598495203,-0.23393324395021864,387.05619498516353,371.83537330485643,426.94812300967544,0.365835459565119,400.0,0.6724916993186776,371.4695378452913,23.988057594462873,5.72950223681981,599.5719989637739,0.03042140869620269,1.9264746129010746e-05,False,True,RELEASE,RELEASED,
2.970000000002239,LOWERING,0.20370230313480978,1167.1282246719118,37.516116238758656,-0.03700164239115997,317.3828448557625,1.8238826164038462,-0.7049195498788239,1.682152260236503,1.075704250800048,-4.10364966473162,-501.55373277853255,387.5106396832783,924.7181448166295,89.09381935559027,25.182967552184262,-0.23369381252194898,387.51063968656183,372.2615800795934,426.9691613327366,0.4320677076634638,400.0,0.6730770461584822,371.8295123719299,23.98807052210056,5.723303142871903,599.573058633657,0.028745658620623615,1.9256969736147767e-05,False,True,RELEASE,RELEASED,
2.98000000000226,LOWERING,0.20386916273353592,1168.0842597497374,37.54621294369951,-0.03701915423647654,317.4109304399563,1.8227564532738414,-0.7056505739350091,1.6806243945202706,1.074974639436544,-4.103391389686621,-501.9329801900471,387.94682741307565,923.9599966473053,89.03114193369204,25.187424690689703,-0.23241384741038473,387.9468274171328,372.6708145934148,426.99304285999426,0.4805275879487567,400.0,0.673654751190957,372.190287005466,23.988086244459367,5.715763908081735,599.5740354228851,0.025813750681089154,1.9249616030947436e-05,False,True,RELEASE,RELEASED,
2.990000000002281,LOWERING,0.2040363675896154,1169.042273006482,37.57635865479872,-0.03703704036011709,317.4403721100359,1.8216443487248781,-0.7063757184843584,1.6791133009946027,1.0742486428373168,-4.103128164411272,-502.3124198526733,388.38151273386114,923.2148654417138,88.96947533441262,25.192097461339518,-0.23066567693808793,388.3815127384937,373.07871886077055,427.0189377770262,0.5136520751376565,400.0,0.6742513106764574,372.5650667856329,23.98810373631486,5.707376147075129,599.5748926097797,0.0220724241848691,1.9242228660232286e-05,False,True,RELEASE,RELEASED,
3.000000000002302,LOWERING,0.20420385326062176,1170.00189521424,37.60653453802532,-0.037055491895261805,317.470892910182,1.8205499620494783,-0.7071091935147245,1.6776169863128212,1.0735266106650825,-4.10292640906415,-502.7000294253992,388.82217438853843,922.48084226855,88.90968682329262,25.196941961297068,-0.22877374772946268,388.8221743935584,373.4922599533329,427.0461653381415,0.5347991537253733,400.0,0.6748753820262647,372.95746079960753,23.98812201412851,5.698611487347195,599.5756091249316,0.01795127403848884,1.9235033121844936e-05,False,True,RELEASE,RELEASED,
3.0100000000023233,LOWERING,0.20437147753825435,1170.962311579468,37.63671451770911,-0.03707450431900115,317.50219416369595,1.8194734240638295,-0.7078557246013778,1.6761335907449657,1.0728085797397708,-4.102806929059901,-503.09802848769596,389.27105035860745,921.7560312563265,88.85197157843646,25.201910824690327,-0.2269042740392706,389.2710503638626,373.91350793369253,427.074211928017,0.5472334447768503,400.0,0.6755264057447028,373.3662744889157,23.988140204695203,5.689888651409589,599.5761783746213,0.013831925750931617,1.9228738153742597e-05,False,True,RELEASE,RELEASED,
3.0200000000023444,LOWERING,0.20453908394727677,1171.9226255651004,37.66687307312333,-0.03709398555597959,317.5340115013006,1.8184132601816145,-0.708615109806906,1.6746615810239613,1.072094442546856,-4.102767134575367,-503.5057388130234,389.7277102568026,921.0388183866878,88.79619503902137,25.20696211502703,-0.22512859782796113,389.72771026218356,374.34204278834926,427.1027141109876,0.5536911681164725,400.0,0.6761998042391135,373.7883516202328,23.988157592895156,5.681550558204757,599.5766061407005,0.01002694416602612,1.922131562537288e-05,False,True,RELEASE,RELEASED,
3.0300000000023655,LOWERING,0.2047065321591754,1172.8820331479808,37.69698858382273,-0.03711381838009813,317.5661346221371,1.8173674852303245,-0.7093849774663414,1.6731997878667904,1.0713840431785795,-4.1027943861287195,-503.92128656792573,390.19059533686254,920.3279489749723,88.7420941800939,25.212062464711334,-0.22346541374241724,390.19059534228865,374.77639435211483,427.1314287266474,0.5562668148002103,400.0,0.6768898868771285,374.2201275373146,23.988173648576414,5.673851431561905,599.5769078986448,0.006768140817618118,1.9215592658383684e-05,False,True,RELEASE,RELEASED,
3.0400000000023866,LOWERING,0.20487370919088602,1173.8398869828352,37.72704425919984,-0.03713389164378291,317.5984080507885,1.8163341673054767,-0.7101623346902227,1.671747368985102,1.070677226862739,-4.102873415786966,-504.34253701977366,390.6578709521088,919.6225088766323,88.68938618021951,25.217187199098802,-0.22190731165352418,390.657870957537,375.21483861493476,427.160201737619,0.5564591868306934,400.0,0.6775913047688109,374.65837942810407,23.988188034259128,5.666953104925086,599.5771058725519,0.0042033451511178654,1.9209931338082242e-05,False,True,RELEASE,RELEASED,
3.0500000000024077,LOWERING,0.20504053040236578,1174.7957021179402,37.75702787314292,-0.03715411257567783,317.6307233721346,1.8153116720053208,-0.7109443486038235,1.6703037447443623,1.0699738616002923,-4.102990015977342,-504.7675494669633,391.127846950385,918.9218659913463,88.6378198181608,25.22231910747637,-0.22043640905849315,391.1278469557864,375.6557898302512,427.1889411950062,0.5552810082617725,400.0,0.678299645848972,375.1005088219894,23.988200596551025,5.6609291370726575,599.5772261045411,0.002400273585115187,1.9202885695790428e-05,False,True,RELEASE,RELEASED,
3.0600000000024288,LOWERING,0.2052069358090629,1175.7491348671306,37.78693094521253,-0.03717441053173939,317.66300885383777,1.8142987283453738,-0.7117286707552081,1.668868531341119,1.0692738442775183,-4.1031325240613015,-505.1947514886754,391.59914371735516,918.2256029626726,88.58719379629619,25.227446798518358,-0.21903282349444453,391.5991437227123,376.09795485624784,427.2175960740341,0.5533801359171662,400.0,0.6790115603910276,375.5445747203307,23.98821134490196,5.655774999279597,599.5772957624374,0.0013558681761374203,1.9196695745904435e-05,False,True,RELEASE,RELEASED,
3.07000000000245,LOWERING,0.20537288485284205,1176.6999528494082,37.81674785028666,-0.03719473490763474,317.69521945756316,1.813294405493918,-0.7125135104422679,1.667441482761172,1.068577099035208,-4.103292108384634,-505.62296261571174,392.07072057688504,917.533455976388,88.5373576384495,25.23256311654731,-0.21767871616759749,392.0707205822002,376.5403589642697,427.24614086966176,0.5511476285229264,400.0,0.6797246598802333,375.9892113357468,23.9882204216412,5.651422442897715,599.577340849582,0.001009374783350836,1.919011727125053e-05,False,True,RELEASE,RELEASED,
3.080000000002471,LOWERING,0.20553835125517736,1177.6480054999108,37.846475008220054,-0.03721505128648652,317.72732850469345,1.8122980531180521,-0.713297585609184,1.6660224451367969,1.067883572481838,-4.103462479995537,-506.05134754545827,392.5418388088045,916.8452652930421,88.48820469331052,25.237663819682357,-0.216359776338777,392.5418388140704,376.9823107017311,427.274565035323,0.5488037337512992,400.0,0.6804373306059817,376.4335069679798,23.988228067192466,5.647756179574929,599.577384419488,0.0012574708427424142,1.9182844241072416e-05,False,True,RELEASE,RELEASED,
3.090000000002492,LOWERING,0.20570331866118102,1178.593199112034,37.87611022816837,-0.03723533736006238,317.7593213069268,1.811309234194411,-0.714080026596538,1.6646113232505153,1.0671932282391148,-4.103639392116017,-506.47934492820974,393.01200106589533,916.1609382435074,88.43966264748873,25.24274656935969,-0.21506535453420383,393.0120010711158,377.4233448570842,427.30286613093574,0.5464611991051811,400.0,0.6811485372089797,376.876883657979,23.98823458402168,5.644631169331605,599.5774453405784,0.0019699092780731675,1.9177216643129213e-05,False,True,RELEASE,RELEASED,
3.100000000002513,LOWERING,0.2058677772720408,1179.535477542719,37.90565220602056,-0.03725557966205113,317.7911906048998,1.8103276642437873,-0.714860273145083,1.6632080572812609,1.0665060420111598,-4.103820119353749,-506.90659577738245,393.48088923174237,915.4804231562166,88.39168431892563,25.247810206519944,-0.2137879798058293,393.48088923691995,377.8631641011555,427.3310456227641,0.5441690861949269,400.0,0.6818576509128697,377.3189950149606,23.988240302321756,5.641889075767736,599.5775376058264,0.0030043868369844517,1.917030249387608e-05,False,True,RELEASE,RELEASED,
3.1100000000025343,LOWERING,0.2060317214077242,1180.4748082477768,37.935100197257015,-0.03727577020532357,317.82293347614046,1.809353162266322,-0.7156379835671316,1.661812607449802,1.0658219976201753,-4.1040030046847225,-507.3328822305994,393.94831072565586,914.8036919228657,88.34423992128869,25.252854260844806,-0.21252267719160045,393.9483107307836,378.30158862471177,427.35910647181083,0.54194144313891,400.0,0.6825643140799785,377.75964718157286,23.988245549758386,5.639372773965575,599.5776701413633,0.0042196398596816564,1.9163129394428324e-05,False,True,RELEASE,RELEASED,
3.1200000000025554,LOWERING,0.20619514783721546,1181.4111727148509,37.964453774697674,-0.037295904677927,317.8545493446816,1.8083856140121928,-0.7164129626622702,1.6604249443728927,1.0651410840569757,-4.104187103105403,-507.75807988584694,394.4141564380445,914.1307289162639,88.29731111172792,25.257878634777654,-0.21126629870229863,394.4141564431292,378.7385167175632,427.38705186353565,0.5397750398793733,400.0,0.6832683408055664,378.1987416776838,23.98825062686624,5.636938148824669,599.5778470382515,0.005486087020408981,1.9155967549977504e-05,False,True,RELEASE,RELEASED,
3.1300000000025765,LOWERING,0.20635805469142907,1182.3445602348702,37.99371267473959,-0.0373159811614137,317.88603876711454,1.807424946065394,-0.717185108512611,1.6590450433268065,1.0644632934150327,-4.104371920398367,-508.1821231341191,394.87836998471744,913.4615243180199,88.25088669830926,25.26288341076187,-0.21001695967174783,394.87836998975985,379.17389597394856,427.4148846244347,0.5376596627693857,400.0,0.6839696480569095,378.6362363111792,23.988255788962825,5.634462767985983,599.5780681130182,0.006693649346950714,1.9149531624407246e-05,False,True,RELEASE,RELEASED,
3.1400000000025976,LOWERING,0.20652044079154563,1183.274964053697,38.022876721525385,-0.03733599881622959,317.91740273721666,1.8064711084834701,-0.7179543754248904,1.657672881057585,1.0637886195180228,-4.104557232239299,-508.60498131371185,395.3409264696037,912.7960703533626,88.20495970836183,25.267868740794412,-0.20877360504789522,395.3409264746041,379.60770341425786,427.4426070240714,0.535583621350213,400.0,0.6846682103967737,379.07211979290764,23.98826123478976,5.631851328741122,599.578329694461,0.007756660421693873,1.9143847438840567e-05,False,True,RELEASE,RELEASED,
3.1500000000026187,LOWERING,0.2066823052580463,1184.2023791320596,38.051945762480436,-0.03735595767237902,317.9486423193711,1.8055240637425327,-0.7187207494272342,1.6563084341680159,1.0631170570539943,-4.104742965247112,-509.02664312941306,395.8018185527092,912.1343593465616,88.1595254856563,25.272834788182852,-0.20753569713605202,395.8018185576724,380.03993245166095,427.47022077352216,0.5335363476852422,400.0,0.6853640317291239,379.5063961039757,23.988267101537055,5.629038044086252,599.5786255354842,0.008616017855550773,1.91361931456413e-05,False,True,RELEASE,RELEASED,
3.16000000000264,LOWERING,0.20684364729996957,1185.1268009380822,38.080919663642064,-0.0373758576963391,317.9797584791394,1.8045837800711142,-0.7194842328834129,1.6549516784268714,1.0624486010588312,-4.1049291227206,-509.44710699083595,396.261047774233,911.4763828541379,88.11458051872789,25.277781700612955,-0.20630300273592184,396.26104777915486,380.47058478049155,427.4977271087062,0.5315093454008775,400.0,0.686057128661732,379.9390754350907,23.98827346547885,5.625986337913763,599.5789477575049,0.009238910676446999,1.9128233006426854e-05,False,True,RELEASE,RELEASED,
3.170000000002661,LOWERING,0.2070044661138239,1186.0482248680973,38.10979827706164,-0.037395699172008856,318.0107520244041,1.8036502276855846,-0.7202448353669778,1.6536025885796914,1.061783246628293,-4.105115740876808,-509.86637536539496,396.7186194582298,910.8221313931938,88.07012176178314,25.28270960078176,-0.2050754554006744,396.71861946311395,380.899665614613,427.5251268975978,0.5294962835338879,400.0,0.6867475213955665,380.3701693310791,23.988280347158536,5.622686358648822,599.5792877491939,0.009616582065850032,1.9122631314871796e-05,False,True,RELEASE,RELEASED,
3.180000000002682,LOWERING,0.20716476084515018,1186.9666460264154,38.13858144387795,-0.03741548242346296,318.041623603048,1.8027233768479447,-0.7210025686166779,1.6522611384046435,1.0611209887720228,-4.105302864863645,-510.28445171783204,397.1745399316715,910.1715944672775,88.02614627094049,25.28761858601572,-0.20385307079675385,397.17453993651117,381.32718109140893,427.5524207414348,0.5274927083540888,400.0,0.6874352292373863,380.79968838305484,23.988287719904342,5.619150895814775,599.5796369589425,0.009760654121637735,1.911616504912672e-05,False,True,RELEASE,RELEASED,
3.190000000002703,LOWERING,0.2073245305829907,1187.8820591936326,38.167269006209445,-0.037435207463909985,318.0723737253639,1.8018031970057373,-0.7217574440164928,1.6509273008666598,1.060461822350757,-4.105490536931772,-510.7013390293739,397.6288151636362,909.5247607171327,87.98265103173051,25.292508731821894,-0.20263589781370683,397.6288151684417,381.7531370032588,427.57960905800456,0.5254956353034572,400.0,0.6881202687838467,381.22764136795536,23.988295520421744,5.615410300719249,599.5799875395917,0.009698556087167631,1.910809886851439e-05,False,True,RELEASE,RELEASED,
3.200000000002724,LOWERING,0.20748377436946167,1188.7944588814796,38.195860793138074,-0.03745487442542264,318.10300279377986,1.8008896565308725,-0.7225094715469599,1.6496010482916212,1.0598057420588871,-4.10567879164319,-511.11703922326774,398.08145022367444,908.8816181031077,87.93963289540119,25.29738009660488,-0.20142399241291287,398.0814502284352,382.17753829416876,427.60669214463564,0.5235031518642472,400.0,0.6888026535318237,381.6540351423045,23.988303660276387,5.611506980075844,599.5803328227423,0.009468568174643366,1.9102170540463703e-05,False,True,RELEASE,RELEASED,
3.2100000000027453,LOWERING,0.2076424912144662,1189.7038394171188,38.224356625500825,-0.037474483501988946,318.1335111313083,1.7999827227581735,-0.7232586595309141,1.6482823525238242,1.0591527424292695,-4.105867654843607,-511.5315530691747,398.5324491762231,908.2421540743255,87.89708857198313,25.302232726183572,-0.20021740521394804,398.53244918094623,382.60038896340205,427.63367022297643,0.5215140857911251,400.0,0.6894823941629322,382.07887487761093,23.98831203722741,5.607489961368527,599.5806676170894,0.0091149300005684,1.9094372873951215e-05,False,True,RELEASE,RELEASED,
3.2200000000027664,LOWERING,0.2078006801104739,1190.6101950278262,38.2527563386854,-0.03749403440482718,318.16389900522233,1.799082362149688,-0.7240050147618653,1.6469711850538773,1.0585028178470037,-4.106057144420531,-511.944880309834,398.9818151800522,907.6063557075917,87.85501464912707,25.30706665755134,-0.19901617689879458,398.98181518473996,383.021692159984,427.6605434692329,0.5195277517956924,400.0,0.690159499076655,382.5021644081883,23.988320545570343,5.60340993312042,599.5809883397858,0.008683376510054686,1.9086362385678513e-05,False,True,RELEASE,RELEASED,
3.2300000000027875,LOWERING,0.20795834004515779,1191.5135199133958,38.28105974942247,-0.037513527327198,318.1941666451782,1.7981885404899345,-0.7247485427793957,1.6456675171153086,1.0578559625651485,-4.106247271723312,-512.3570198655227,399.4295506620002,906.9742098129332,87.8134076193855,25.31188192175486,-0.19782033761771345,399.42955066664985,383.44145034619737,427.6873120336498,0.5175437704007209,400.0,0.6908339749514432,382.92390657579665,23.98832908487661,5.599315054031127,599.5812930008872,0.00821736596166378,1.9078818610296366e-05,False,True,RELEASE,RELEASED,
3.2400000000028086,LOWERING,0.2081154700112581,1192.413808302654,38.30926669111735,-0.03753296203494917,318.2243142562869,1.7973012230668575,-0.7254892481680514,1.6443713197542027,1.0572121707190714,-4.106438043062678,-512.7679700424601,399.87565749754697,906.3457030096581,87.77226390721962,25.316678545971016,-0.1966299082753835,399.87565750215566,383.85966546707795,427.71397605249024,0.515561945190143,400.0,0.6915058272347215,383.3441035218878,23.988337566750104,5.595247712963269,599.5815810686574,0.007755163744306515,1.907143251855814e-05,False,True,RELEASE,RELEASED,
3.2500000000028297,LOWERING,0.20827206901380857,1193.311054494864,38.33737699274178,-0.03755233847531043,318.2543420281034,1.7964203748206204,-0.7262271348226057,1.6430825638774236,1.0565714363382337,-4.106629461025022,-513.1777287124456,400.32013716791414,905.7208217788334,87.73157989196586,25.321456554935256,-0.19544490236933143,400.3201371724949,384.27633909768406,427.74053565504164,0.5135821835073671,400.0,0.6921750605299148,383.7627569141767,23.988345919441755,5.591242316085043,599.5818532475555,0.007327850688028548,1.906358207293124e-05,False,True,RELEASE,RELEASED,
3.260000000002851,LOWERING,0.20842813607517272,1194.2052528885813,38.36539049078987,-0.03757165647796243,318.28425014056256,1.7955459604575406,-0.7269622061602257,1.6418012202852235,1.0559337533552842,-4.106821525516134,-513.5862934540351,400.76299088420717,905.0995524983688,87.6913519257579,25.326215971885055,-0.1942653278173907,400.7629908887464,384.691472559342,427.7669909674791,0.5116044476396269,400.0,0.6928416788822866,384.1798681117024,23.988354090355735,5.587324085018899,599.5821112016768,0.006958241319465763,1.9054847015809173e-05,False,True,RELEASE,RELEASED,
3.270000000002872,LOWERING,0.2085836702535741,1195.096398087825,38.39330700978523,-0.0375909163744199,318.3140387763621,1.7946779414581582,-0.7276944611791122,1.6405272581477377,1.055299115564132,-4.107014214021835,-513.9936591265633,401.2042174298063,904.481880638398,87.65157592255403,25.330956820529842,-0.19309104632674234,401.2042174343076,385.1050649081317,427.7933422112571,0.5096262439160455,400.0,0.6935056863608593,384.59543866421564,23.988362046636357,5.583508775379052,599.5823572546942,0.00666063429684538,1.9076106696047646e-05,False,True,RELEASE,RELEASED,
3.280000000002893,LOWERING,0.20873867063094695,1195.9844848324647,38.42112641629659,-0.03761011747708643,318.343708129969,1.793816287764508,-0.7284239099190606,1.6392606509361067,1.0546675167520936,-4.107207559200125,-514.3998275476862,401.6438216953569,903.8677940568352,87.6122489684963,25.335679126484727,-0.19192224264986635,401.6438216998217,385.5171208964803,427.81958939712945,0.5076512032021583,400.0,0.6941670869339405,385.00946969327816,23.988369774137738,5.579803170814632,599.5825940935608,0.006441242452566165,1.9118498968850872e-05,False,True,RELEASE,RELEASED,
3.290000000002914,LOWERING,0.2088931362639252,1196.869507717412,38.44884854717732,-0.03762925977599814,318.3732583388049,1.7929609630167374,-0.7291505540747519,1.6380013688621842,1.0540389506657222,-4.107401551115162,-514.8047951446543,402.0818039041715,903.2572786361609,87.57336728505648,25.34038290631685,-0.19075895089088135,402.0818039085968,385.9276409182775,427.8457326288647,0.5056792501664518,400.0,0.6948258830821161,385.42196166811107,23.98837727514639,5.576206175071777,599.5828244976447,0.006299194268805763,1.9159685521685788e-05,False,True,RELEASE,RELEASED,
3.3000000000029353,LOWERING,0.20904706625914427,1197.751461624064,38.47647325404516,-0.03764834311067426,318.4026895633907,1.792111929967744,-0.7298743945700028,1.6367493814520853,1.0534134108842461,-4.107596175780342,-515.2085579544964,402.51816388815524,902.6503199297797,87.53492700583928,25.345068180300245,-0.18960111980004513,402.51816389254213,386.3366250031043,427.8717720585906,0.5037095506881428,400.0,0.6954820778297685,385.83291545241616,23.98838456525723,5.5727103100437425,599.5830511101658,0.006227875776533942,1.920021230716884e-05,False,True,RELEASE,RELEASED,
3.3100000000029564,LOWERING,0.2092004597579076,1198.6303416324524,38.5040003838437,-0.037667367618420516,318.43200196690503,1.791269152671632,-0.7305954336126705,1.6355046590264608,1.0527908909033172,-4.107791425431883,-515.6111128739643,402.9529021952385,902.0469039202012,87.49692443637718,25.34973496916276,-0.18844872681557945,402.9529021995874,386.7440738476321,427.89770781605586,0.5017418779791569,400.0,0.6961356743708651,386.2423319696529,23.988391669795615,5.569303431501761,599.5832762611233,0.006216471078638541,1.9237665114246738e-05,False,True,RELEASE,RELEASED,
3.3200000000029775,LOWERING,0.20935331592888404,1199.5061429794005,38.531429811903855,-0.03768633280670214,318.4611957142625,1.790432595568713,-0.7313136737894831,1.634267172099914,1.0521713841549185,-4.10798729390206,-516.0124570632715,403.3860195892564,901.4470166854069,87.45935594037536,25.354383293939456,-0.18730176029907852,403.3860195935795,387.1499883491021,427.92354002600126,0.4997762173904903,400.0,0.6967866758841403,386.6502121317116,23.988398620140487,5.565970492273797,599.5835018461605,0.006251550693839647,1.9275371684557285e-05,False,True,RELEASE,RELEASED,
3.3300000000029986,LOWERING,0.2095056339661561,1200.378861047341,38.55876138355484,-0.03770523911702373,318.4902709718004,1.789602223147155,-0.7320291177590467,1.633036891146722,1.0515548840062396,-4.108183775020181,-516.4125877410476,403.81751688029885,900.8506442688463,87.42221789894994,25.359013175922716,-0.1861602141227081,403.81751688457626,387.55436944699153,427.94926881404706,0.49781260056516885,400.0,0.6974350855275604,387.05655684642636,23.988405450248155,5.562695209206766,599.5837292606147,0.006318572401475819,1.9312124678094733e-05,False,True,RELEASE,RELEASED,
3.3400000000030197,LOWERING,0.2096574130891075,1201.2484913636722,38.58599499195438,-0.03772408582798531,318.51922790627333,1.7887779998670694,-0.7327417681618125,1.631813786557625,1.0509413837557773,-4.1083808621610505,-516.8115021272898,404.2473948737735,900.2577726528003,87.38550670067822,25.363624636502124,-0.18502408366373402,404.24739487802236,387.95721807555697,427.97489430714086,0.4958510452194105,400.0,0.6980809064598821,387.46136703033756,23.98841219360677,5.559461523610229,599.5839593837854,0.006403195749554946,1.9347726606611104e-05,False,True,RELEASE,RELEASED,
3.3500000000030408,LOWERING,0.20980865254267525,1202.115029602202,38.61313049849561,-0.037742873199603295,318.5480666841773,1.7879598901755143,-0.7334516276194329,1.6305978286563616,1.050330876631435,-4.108578548253837,-517.209197444927,404.6756543691791,899.6683877656619,87.34921874281028,25.36821769705677,-0.18389336412133162,404.67565437338425,388.35853516250023,428.00041663263255,0.49389155105865257,400.0,0.6987241418486326,387.8646436114416,23.988418880776813,5.556254780681182,599.5841926055555,0.006492343498935682,1.938150333558042e-05,False,True,RELEASE,RELEASED,
3.360000000003062,LOWERING,0.2099593515975019,1202.9784715840196,38.64016778805465,-0.03776160098689893,318.5767874715388,1.787147858531767,-0.7341586987507237,1.629388987720036,1.0497233557904873,-4.108776825871808,-517.605670931332,405.1022961686245,899.0824754926418,87.3133504339559,25.372792378921506,-0.18276805016961362,405.1022961728006,388.7583216370615,428.0258359176451,0.49193411083581395,400.0,0.6993647948668404,388.2663875262257,23.98842553760009,5.553062588359042,599.5844288856749,0.006574974545644707,1.941418521766991e-05,False,True,RELEASE,RELEASED,
3.370000000003083,LOWERING,0.2101095095499738,1203.8388132777163,38.66710674357902,-0.03778026912381057,318.6053904339716,1.7863418694220758,-0.734862984181458,1.6281872339906978,1.0491188143204335,-4.1089756872875345,-518.0009198452502,405.52732108228827,898.5000216823937,87.27789819561396,25.377348703395874,-0.18164813604442998,405.5273210864295,389.1565784349726,428.0511522889539,0.48997871851963737,400.0,0.7000028686876678,388.66659971645294,23.98843218409357,5.549875347790173,599.5846678352609,0.006642561313445761,1.9445343696133932e-05,False,True,RELEASE,RELEASED,
3.380000000003104,LOWERING,0.21025912572221847,1204.6960507993685,38.69394726728592,-0.037798877154005234,318.6338757368449,1.7855418873658755,-0.7355644865477118,1.626992537680457,1.048517245240104,-4.109175124493701,-518.3949414693203,405.9507299304663,897.92101215039,87.24285846272292,25.381886691770784,-0.18053361563966064,405.9507299345704,389.55330650047705,428.0763658731471,0.48802537257267886,400.0,0.700638366481653,389.06528112790437,23.98843883398893,5.546686474122951,599.58490881026,0.00668928845973582,1.947537013791134e-05,False,True,RELEASE,RELEASED,
3.390000000003125,LOWERING,0.21040819946210146,1205.550180412521,38.72068923225319,-0.037817425529651394,318.6622435454632,1.784747876918642,-0.7362632084967684,1.625804868974024,1.0479186415007808,-4.109375129210822,-518.7877331109537,406.3725235442866,897.3454326809028,87.20822768383314,25.386406365357026,-0.17942448252449594,406.37252354835897,389.94850678698356,428.1014767968552,0.48607407597836527,400.0,0.7012712914171186,389.4624327110052,23.988445494836544,5.543492346667722,599.5851510075674,0.0067120080162208495,1.9504031172346004e-05,False,True,RELEASE,RELEASED,
3.4000000000031463,LOWERING,0.21055673014323453,1206.401198528234,38.74733255607099,-0.037835913635654334,318.69049402523257,1.7839598026746963,-0.7369591526883627,1.6246241980310372,1.0473229959872892,-4.109575692896453,-519.1792921034366,406.7927027665987,896.7732690288353,87.17400232128703,25.3909077455117,-0.17832072996066017,406.79270277063387,390.3421802578795,428.1264851869565,0.48412483536191075,400.0,0.7019016466625732,389.85805542251757,23.988452168563825,5.540292041145747,599.5853935559433,0.006709998410178386,1.9532123218368724e-05,False,True,RELEASE,RELEASED,
3.4100000000031674,SLOWDOWN_1,0.21070464495482522,1207.2486879713958,38.768404413354865,-0.038000493992925544,318.7163417027756,1.783279657527435,-0.737684407581642,1.6235479825869288,1.0467341402652968,-4.110066300131558,-519.6060363060071,407.2260606124005,896.2518962974195,87.15046848592843,25.395026617100108,-0.165519409423041,407.2260606124518,390.74795677807685,428.1475539598101,0.04517293903609243,399.76,0.7033532703829632,390.70278383904076,23.988458851298137,5.537087414626074,599.5856340405849,0.006447634341903985,1.9559378927169746e-05,False,True,RELEASE,RELEASED,
3.4200000000031885,SLOWDOWN_1,0.2108476594549899,1208.0681006982568,38.789541446340316,-0.038139023779079906,318.70423923271704,1.783423205764912,-0.7394390613470038,1.622907331123702,1.0461731879259781,-4.115781552843464,-520.6817443470409,408.1791870233804,895.8642160797187,87.23782326710713,25.393098026226237,-0.12836396967310293,408.1791871163202,391.6355267526856,428.09473803166054,-2.352958138196641,399.15999999999997,0.7094432963943673,393.98848489088226,23.98846547507336,5.533911059480934,599.5858458809093,0.005148799471545118,1.959043132160332e-05,False,True,RELEASE,RELEASED,
3.4300000000032096,SLOWDOWN_1,0.21097192230462228,1208.7800743816772,38.80465886752188,-0.03834617599948649,318.62310930875583,1.7844264041150733,-0.7429025694129553,1.6224282307894793,1.0456244039030564,-4.129520316619988,-522.7277036359868,409.986691288916,895.3717614959007,87.46643938634202,25.380171446394854,-0.10559848566566643,409.98669171024505,393.31429131861046,427.91096295805977,-4.993399418988076,398.55999999999995,0.7178369437478829,398.30769073759853,23.988471832983752,5.5308621951033,599.5860052598587,0.003570952545960182,1.9629693724709796e-05,False,True,RELEASE,RELEASED,
3.4400000000032307,SLOWDOWN_1,0.21106520859806588,1209.314565471751,38.81358316528441,-0.038566456079723054,318.4710187866251,1.7858276669693325,-0.7473489743749477,1.6219278549349359,1.045066040853838,-4.1477247211745425,-525.2642300892356,412.243662053541,894.6683563247504,87.76898143501731,25.355947451747735,-0.10436085107085091,412.24366289938285,395.40623312273334,427.6085485569966,-7.068299695997155,397.9599999999999,0.7263728234975091,402.4745328187305,23.988477701653547,5.528047939113387,599.5861123353279,0.002255670241654073,1.9673636046491083e-05,False,True,RELEASE,RELEASED,
3.450000000003252,SLOWDOWN_1,0.21112323716419812,1209.6470446648084,38.816652565912406,-0.03876984464401689,318.25787397963796,1.7871655179241197,-0.7519001692216273,1.621297851716789,1.0444850497821105,-4.166224446389728,-527.7520751246511,414.47655274723655,893.7222946122276,88.07138979634729,25.32201858750978,-0.11788600644121061,414.4765539674443,397.47054844537155,427.21930735266045,-8.485886770631339,397.3599999999999,0.7339925079326501,405.9564352160029,23.98848294149656,5.525535228919821,599.5861825307461,0.0015266630417425375,1.9718163287052448e-05,False,True,RELEASE,RELEASED,
3.460000000003273,SLOWDOWN_1,0.21114819882005767,1209.7900644178494,38.814654782924926,-0.03894613274610549,317.99678472109184,1.788172724154177,-0.7560064276434455,1.6204986802743053,1.0438767254861616,-4.182447498642321,-529.869753598669,416.3982006218389,892.5489386110455,88.32867878080998,25.280488773238115,-0.13761457722011983,416.3982021149389,399.2407559731248,426.77267763039146,-9.383577978950768,396.7599999999999,0.7403634152617975,408.6243339520756,23.988487538808442,5.523330636693706,599.5862388762505,0.0014855934462580933,1.9759427573262656e-05,False,True,RELEASE,RELEASED,
3.470000000003294,SLOWDOWN_1,0.21114554833116014,1209.7748782351018,38.80858301249317,-0.03909563669257886,317.7001673742032,1.7887646751080324,-0.7594529294447847,1.6195401541400818,1.043242074541327,-4.1954217594085685,-531.5067767224816,417.9063138501651,891.1889462903403,88.52461869873498,25.233349087399183,-0.15750491381760412,417.906315521967,400.622742960023,426.2902403773553,-9.924979277309717,396.15999999999985,0.7455328891011553,410.5477222373327,23.988491602005958,5.521382172652473,599.5863048386686,0.002061222233159299,1.9795031477087832e-05,False,True,RELEASE,RELEASED,
3.480000000003315,SLOWDOWN_1,0.21112152188794342,1209.637216855799,38.79941811130521,-0.03922281633680822,317.3783161965692,1.7889665728234359,-0.7622375798901011,1.6184545932719003,1.0425851507967265,-4.205179968112317,-532.6823968083394,419.0137123982399,889.6893637448551,88.66093055504668,25.18224889794237,-0.17449504288822482,419.0137141792161,401.6294544159737,425.7862862666449,-10.238571315769093,395.55999999999983,0.7497020160648916,411.8680257317428,23.988495328187923,5.519595320326573,599.5863995580469,0.0030893354317287347,1.9826213986107177e-05,False,True,RELEASE,RELEASED,
3.490000000003336,SLOWDOWN_1,0.21108178341611064,1209.4095321837672,38.78800432822058,-0.0393329528289668,317.03914675656677,1.7888493136992785,-0.7644574521212828,1.617277549160507,1.0419110228770514,-4.212214846890772,-533.4730932081142,419.78492309774697,888.0922407364349,88.7473529724049,25.128455144032976,-0.18763800607041503,419.7849249417632,402.32173234997884,425.2697981412604,-10.411947855244307,394.9599999999998,0.753103676524505,412.73368020522315,23.98849895888631,5.517854255637751,599.5865357550056,0.00437882681001156,1.9852262454378433e-05,False,True,RELEASE,RELEASED,
3.5000000000033573,SLOWDOWN_1,0.2110309107074146,1209.1180530336987,38.77500684376584,-0.03943076692462985,316.68843749451,1.7884912552771843,-0.7662371017520412,1.6160388838458035,1.0412245311384842,-4.217138757995732,-533.9679796076247,420.29673051815405,886.4303982638476,88.79548207844914,25.072891610678553,-0.19712459966149254,420.2967323964486,402.77159336822575,424.746248720809,-10.501291862027017,394.3599999999998,0.755947696838989,413.27288523025277,23.988502738577626,5.516041742335947,599.5867195253834,0.00575131252614014,1.9874805872177603e-05,False,True,RELEASE,RELEASED,
3.5100000000033784,SLOWDOWN_1,0.21097234966947365,1208.7825230019068,38.760918628258636,-0.03952001636397771,316.33024011830975,1.7879610687875755,-0.7676930346651619,1.6147607216013782,1.0405297114372167,-4.220517461172686,-534.2474913627858,420.6190504312805,884.7274766403754,88.81583463280609,25.016205203326884,-0.2035989046270288,420.61905232674485,403.0444739811814,424.218888566332,-10.541570392980702,393.75999999999976,0.7584025982846608,413.5860443741621,23.988506882633814,5.514054500833458,599.5869511570659,0.007059909730162239,1.9895065918262844e-05,False,True,RELEASE,RELEASED,
3.5200000000033995,SLOWDOWN_1,0.21090857162815058,1208.4171017425645,38.74608904728472,-0.03960350705146319,315.9673026254581,1.7873127537625588,-0.7689205470256082,1.613458419707226,1.0398296564021894,-4.222810412905847,-534.3761474654717,420.80824092796456,882.9996831711655,88.81685654488982,24.95883408210196,-0.20778408948160632,420.8082428307696,403.1930587803296,423.6895957974522,-10.554074303002153,393.15999999999974,0.7605947762365983,413.74713308333173,23.9885115565034,5.5118131916889,599.5872263831154,0.008195818426874446,1.991242660892567e-05,False,True,RELEASE,RELEASED,
3.5300000000034206,SLOWDOWN_1,0.21084128628713683,1208.031585136246,38.73075743587637,-0.039683243252079205,315.6014366995902,1.7865861992420167,-0.7699919015392452,1.612142276254181,1.039126603047323,-4.224364312906882,-534.4022432872583,420.9066200210266,881.257783536008,88.80487533294342,24.901066711711362,-0.21031877842369795,420.9066219258699,403.2568756960895,423.1594196168214,-10.551452313520144,392.5599999999997,0.7626146448605641,413.8083280096096,23.988516865363206,5.509267378040194,599.5875377491973,0.009088601071666425,1.9927942730646464e-05,False,True,RELEASE,RELEASED,
3.5400000000034417,SLOWDOWN_1,0.2107716426929167,1207.6325567343524,38.715083270360395,-0.03976060897768592,315.23380765037206,1.7858096655173061,-0.7709592206357923,1.610819059227847,1.0384221034410666,-4.22542832246244,-534.3602811639503,420.94448315631104,879.508770627085,88.78441741943081,24.843088371437947,-0.21170778322937167,420.94448506036844,403.26420580884223,422.6289219812207,-10.540989037615532,391.9599999999997,0.7645245754300695,413.80519484645777,23.98852285244374,5.506396328684855,599.587875929115,0.009703164637612005,1.9942030775155217e-05,False,True,RELEASE,RELEASED,
3.550000000003463,SLOWDOWN_1,0.2107003941540208,1207.2243326768314,38.699170321070845,-0.03983653280849483,314.86514881105603,1.7850025488605852,-0.7718587312563981,1.6094931495418205,1.0377172010422975,-4.226175122282275,-534.2740584172755,420.9427573650913,877.7571035901176,88.75861053109833,24.785015483952122,-0.2123249628667736,420.94275926704233,403.234575360473,422.0983879921293,-10.52672195100763,391.3599999999997,0.7663663329869759,413.76129731148063,23.988529503939937,5.503206663233664,599.5882308979058,0.010034848093781967,1.995504311480545e-05,False,True,RELEASE,RELEASED,
3.560000000003484,SLOWDOWN_1,0.21062802361666477,1206.809680041672,38.68308469383139,-0.03991162165868356,314.4959125948664,1.7841778128940085,-0.7727148698010733,1.608167341420524,1.0370125802280348,-4.226720919855836,-534.1595242370677,420.9154842775272,876.0055769181512,88.72955530236736,24.726919759719472,-0.2124351025465785,420.91548617677984,403.1810808501664,421.56795180317516,-10.510786658396285,390.75999999999965,0.7681671797245454,413.69186750856267,23.98853675844745,5.499727827087421,599.5885929092838,0.010103395870025622,1.9967061689385446e-05,False,True,RELEASE,RELEASED,
3.570000000003505,SLOWDOWN_1,0.2105548342800986,1206.3903360326117,38.666867651001695,-0.039986263279469685,314.12637298748797,1.7833439205662733,-0.7735437025065952,1.6068433897966141,1.036308681034836,-4.227141970171859,-534.0271062047912,420.8718529858364,874.2559117608196,88.69862809204602,24.668844551568604,-0.21221942466047494,420.87185488220047,403.11228991186266,421.03766932914425,-10.494247866240016,390.1599999999996,0.7699445139739908,413.6065377781027,23.988544519035493,5.496006302080656,599.5889532483891,0.009946412372767277,1.997840374201587e-05,False,True,RELEASE,RELEASED,
3.580000000003526,SLOWDOWN_1,0.21048101264950927,1205.9673692456572,38.65054443448689,-0.04006070021409888,313.7566930005175,1.7825062797898146,-0.7743555546114872,1.6055223799537837,1.03560578199921,-4.227487202538439,-533.883472411879,420.81774442142665,872.5091497396864,88.66671088133353,24.610815600655254,-0.2117984915364559,420.81774631484984,403.0336840891702,420.5075585266334,-10.477594102249611,389.5599999999996,0.7717092144083545,413.5112781914198,23.988552666315965,5.492099339367404,599.589304750702,0.00961282103131822,1.9988924549352305e-05,False,True,RELEASE,RELEASED,
3.5900000000035472,SLOWDOWN_1,0.21040667107293132,1205.5414233876309,38.63413014946968,-0.04013508153159858,313.3869679423911,1.781668278858525,-0.7751569253388393,1.6042049734961978,1.034904057497588,-4.227787379846969,-533.7328011586508,420.75684636374353,870.7659101081283,88.63435743341725,24.552847919031322,-0.21125055754089317,420.7568482542435,402.94869979022207,419.9776206613853,-10.461020285908091,388.9599999999996,0.7734679557076278,413.40972007613016,23.988561071166004,5.4880688584609105,599.5896420954098,0.009156774872359108,1.9998057041448192e-05,False,True,RELEASE,RELEASED,
3.6000000000035683,SLOWDOWN_1,0.2103318756870597,1205.112877393881,38.617633623934054,-0.04020949697876549,313.0172525624459,1.7808320020794162,-0.7759518270066802,1.6028915689450665,1.0342036161734736,-4.228061482761485,-533.5776613136603,420.69142766895885,869.026554314991,88.60190885409942,24.494950100435513,-0.2106253098331763,420.69142955661783,402.85945071566306,419.44785089132085,-10.444582049408666,388.35999999999956,0.7752247606898807,413.3040327650717,23.988569606084425,5.48397600137406,599.5899618956669,0.008632364890271305,2.0006070855060898e-05,False,True,RELEASE,RELEASED,
3.6100000000035894,SLOWDOWN_1,0.21025666435303755,1204.6819481927796,38.60105984927178,-0.040283999883927446,312.64757773658476,1.7799987095528118,-0.7767426909728317,1.6015824043832274,1.0335045260066493,-4.228321016986003,-533.4196037071922,420.622858976258,867.2912891835697,88.56957143623937,24.43712696613846,-0.20995367144575994,420.62286086111317,402.76721351588213,418.91824311670797,-10.42827587573072,387.75999999999954,0.7769820125527197,413.19548939161285,23.988578154488618,5.479876674366122,599.590262618543,0.008089358407045388,2.0014090694076003e-05,False,True,RELEASE,RELEASED,
3.6200000000036106,SLOWDOWN_1,0.21018105792821168,1204.24875528812,38.58441152931591,-0.04035862114345337,312.2779605310269,1.7791691504328102,-0.7775309636238988,1.6002776216825312,1.0328068302853504,-4.228572840007946,-533.2595478236235,420.5519535151506,865.5602303327769,88.53746768500548,24.37938115835441,-0.2092545348875774,420.5519553972523,402.67274554005667,418.38879191496943,-10.41207818681039,387.1599999999995,0.7787410994745829,413.08482372686706,23.988586617566853,5.475818261939691,599.5905443736265,0.0075700859023042355,2.0020803049192182e-05,False,True,RELEASE,RELEASED,
3.6300000000036317,SLOWDOWN_1,0.21010506721455882,1203.8133605706703,38.56769000576508,-0.0404333786395857,311.9084101622913,1.7783437627608265,-0.7783174890362772,1.5989773059085608,1.0321105575655345,-4.228820972045703,-533.0980287419991,420.4791849279941,863.8334404373818,88.50566897607433,24.32171408249204,-0.20853924456059758,420.47918680734637,402.57648785361044,417.85949309367095,-10.395962756429014,386.5599999999995,0.7805028164343334,412.97245061003946,23.988594918574652,5.471837566520476,599.5908086116228,0.007107491260474497,2.002697206648918e-05,False,True,RELEASE,RELEASED,
3.6400000000036528,SLOWDOWN_1,0.2100286971654534,1203.3757924211754,38.55089583960139,-0.04050828237391073,311.53893146418363,1.777522798322171,-0.779102749407054,1.597681509069142,1.0314157277576688,-4.229067731573662,-532.9353515321252,420.40482356017003,862.1109519081328,88.47421601922927,24.26412645446133,-0.20781450173569738,420.4048254368165,402.4786922264321,417.33034365656744,-10.379907294237682,385.95999999999947,0.7822676108213723,412.85859952066977,23.988603004690567,5.467959918485809,599.5910577732161,0.0067242733211410055,2.0032699154626243e-05,False,True,RELEASE,RELEASED,
3.650000000003674,SLOWDOWN_1,0.2099519493947027,1202.9360600860703,38.53402912998329,-0.04058333828204764,311.16952687536497,1.7767063985843872,-0.7798870121150219,1.5963902640347716,1.030722355778913,-4.2293144285715645,-532.7716853290458,420.3290195338391,860.3927800456022,88.44313133956969,24.206618613959627,-0.2070841583257561,420.32902140813627,402.37949851692053,416.8013416004766,-10.363895679583209,385.35999999999945,0.7840357299714812,412.74339419650374,23.98861084671972,5.464199318285221,599.5912949246654,0.006432980127942578,2.0048929940230664e-05,False,True,RELEASE,RELEASED,
3.660000000003695,SLOWDOWN_1,0.20987482362746018,1202.4941619905999,38.51708976324031,-0.04065854869633173,310.8001975386316,1.7758946435291147,-0.7806704237583274,1.595103593621554,1.0300304537121687,-4.22956180709532,-532.6071229713432,420.2518555282164,858.678931055166,88.41242728606049,24.149190697513113,-0.20635054044743129,420.25185739978804,402.27898381345955,416.2724855493656,-10.34791489089605,384.7599999999994,0.785807307706311,412.6268987043556,23.988618437050402,5.460559416303055,599.591523410762,0.006236868884474944,2.0064731728552943e-05,False,True,RELEASE,RELEASED,
3.670000000003716,SLOWDOWN_1,0.20979731854872644,1202.0500906003726,38.5000774386952,-0.040733915851149494,310.4309439077275,1.7750875744671926,-0.7814530565087034,1.593821513689982,1.029340032019791,-4.229810262528529,-532.4417106290219,420.17337290250725,856.9694054350925,88.3821098681301,24.091842733860666,-0.20561487547519164,420.17337477134083,402.17718676536134,415.74377466372135,-10.33195760580736,384.1599999999994,0.7875824146288887,412.5091443711687,23.98862578633201,5.457035105905486,599.5917465488751,0.0061313321891880435,2.0078971402881507e-05,False,True,RELEASE,RELEASED,
3.680000000003737,SLOWDOWN_1,0.20971943228982048,1201.603835208635,38.48299181941886,-0.040809440221584864,310.06176609787616,1.7742852129916606,-0.7822349435951196,1.592544037086449,1.028651100268783,-4.23006000853421,-532.2754701250005,420.0935914605327,855.2642010901804,88.35218182479633,24.034574698933522,-0.20487785925922708,420.0935933266679,402.0741259733653,415.21520841465946,-10.316018913640676,383.5599999999994,0.7893610870707625,412.390144887006,23.988632919357908,5.453614497757612,599.591967380199,0.006105665437194041,2.0091481417239265e-05,False,True,RELEASE,RELEASED,
3.6900000000037583,SLOWDOWN_1,0.20964116268865385,1201.155383427533,38.46583249828081,-0.040885122730861125,309.6926640522984,1.7734875695333134,-0.7830160964446011,1.5912711748780717,1.0279636675300379,-4.230311157118879,-532.1084097079118,420.0125189932402,853.5633144664965,88.32264405411871,23.97738654195245,-0.2041398813989872,420.0125208566551,401.96980886927594,414.6867864708945,-10.300095723445054,382.95999999999935,0.7911433429817367,412.269904592721,23.988639870610744,5.450281056047673,599.592188486959,0.006144986444563294,2.010144336850317e-05,False,True,RELEASE,RELEASED,
3.7000000000037794,SLOWDOWN_1,0.20956250743389557,1200.7047220141155,38.44859908306715,-0.040960963163682175,309.32363763124454,1.772694648341406,-0.7837965146043158,1.5900029370892332,1.0272777425933723,-4.230563764969616,-531.9405302676086,419.9301567840239,851.8667411987797,88.29349644391327,23.92027819935638,-0.20340115968610917,419.93015864474495,401.8642368375442,414.15850862327596,-10.28418616706756,382.35999999999933,0.7929291906840884,412.14842300461174,23.988646679871508,5.447015704118016,599.5924118777348,0.006232128741945786,2.0112488158474662e-05,False,True,RELEASE,RELEASED,
3.7100000000038005,SLOWDOWN_1,0.2094834641425387,1200.2518373147584,38.43129114638752,-0.04103696190595817,308.9546866565829,1.7719064502901363,-0.7845761912960248,1.588739333129011,1.0265933340820796,-4.230817859362398,-531.7718288012131,419.8465026790608,850.1744764661175,88.26473833839744,23.86324960176684,-0.2026618180120181,419.8465045371031,401.75740807055905,413.63037473535513,-10.268289152976024,381.7599999999993,0.7947186335833107,412.0256972235351,23.988653388216786,5.443798743962791,599.5926389373988,0.006349368093160557,2.012075086099685e-05,False,True,RELEASE,RELEASED,
3.7200000000038216,SLOWDOWN_1,0.2094040304006663,1199.7967154987361,38.413908264685546,-0.041113119091925845,308.5858109333242,1.7711229744152672,-0.785355116450887,1.58748037202543,1.0259104505129861,-4.231073452296718,-531.6023002993163,419.7615527585986,848.4865151787219,88.23636879346004,23.80630067734433,-0.20192193008767845,419.7615546139704,401.64931912258317,413.1023847124821,-10.252404063672657,381.1599999999993,0.796511672642571,411.9017231862558,23.98866003464032,5.440611476359899,599.592870433833,0.006479880049465869,2.012860079503298e-05,False,True,RELEASE,RELEASED,
3.7300000000038427,SLOWDOWN_1,0.209324203784352,1199.3393426779742,38.39645002688171,-0.0411894344731572,308.2170102595541,1.770344218732739,-0.7861332783296868,1.5862260625469027,1.0252291003271423,-4.231330548027225,-531.4319387485227,419.67530222582576,846.8028520714438,88.20838671282205,23.749431353334526,-0.20118154345965422,419.6753040785176,401.5399657359258,412.57453848317294,-10.236530561885957,380.55999999999926,0.7983083076486724,411.7764962978118,23.98866665344458,5.437437451718958,599.5931065706704,0.0066088654198530605,2.0135081371108754e-05,False,True,RELEASE,RELEASED,
3.740000000003864,SLOWDOWN_1,0.20924398187009613,1198.8797049668422,38.37891600305888,-0.04126590831911371,307.848284430725,1.7695701806625,-0.7869106643663875,1.5849764132618387,1.0245492919049235,-4.231589146975125,-531.2607376508151,419.58774586778594,845.1234817482414,88.18079091874246,23.69264155673515,-0.20044069244977436,419.5877477178229,401.42934326926826,412.0468359881999,-10.220668471678437,379.95999999999924,0.8001085378403954,411.6500117409467,23.988673272462975,5.434263322637609,599.593347073708,0.006724317426658466,2.0140946759283906e-05,False,True,RELEASE,RELEASED,
3.750000000003885,SLOWDOWN_1,0.20916336223989748,1198.4177885112135,38.361305764920616,-0.04134254088843098,307.4796332413078,1.7688008572415523,-0.7876872615953522,1.5837314325664138,1.0238710335730221,-4.231849247702758,-531.0886902851338,419.49887828776815,843.448398702162,88.15358018771,23.635931214552294,-0.19969940489465898,419.49888013514186,401.3174469134283,411.51927717435404,-10.20481770804463,379.3599999999992,0.8019123622088985,411.5222646214729,23.988679912098668,5.431079304837996,599.5935912982841,0.006817436480141659,2.0146855177927137e-05,False,True,RELEASE,RELEASED,
3.760000000003906,SLOWDOWN_1,0.20908234248365612,1197.9535795022325,38.34361891275094,-0.04141933170863733,307.1110564852917,1.7680362452271674,-0.7884630568608197,1.5824911286963574,1.023194333607336,-4.2321108478770295,-530.9157898347728,419.4086940186711,841.7775973235366,88.12675326784921,23.57930025387802,-0.1989577056255598,419.40869586339386,401.2042717967115,410.9918619909554,-10.188978236098023,378.7599999999992,0.8037197796342801,411.39325003280953,23.98868658510599,5.427879281992961,599.5938383456278,0.0068827244917786246,2.0152303562781526e-05,False,True,RELEASE,RELEASED,
3.770000000003927,SLOWDOWN_1,0.20900092020029937,1197.4870641827665,38.32585501052293,-0.041496281343215695,306.74255395621856,1.7672763411449577,-0.7892380369156705,1.5812555097314944,1.0225192002338501,-4.23237394472017,-530.7420294469719,419.31718757611213,840.111071902998,88.10030888709335,23.52274860189592,-0.19821561813051858,419.31718941818946,401.08981303413003,410.46459038793347,-10.173150048050445,378.1599999999992,0.8055307889430775,411.2629630821805,23.98869329699711,5.424660610731218,599.5940871776397,0.0069178093660742235,2.0157229613460004e-05,False,True,RELEASE,RELEASED,
3.780000000003948,SLOWDOWN_1,0.20891909299832662,1197.0182288505262,38.308013652645265,-0.04157338958230306,306.37412544707774,1.7665211413097115,-0.7900121884655384,1.5800245835967417,1.0218456416285895,-4.232638535207871,-530.5674022592364,419.2243534819685,838.4488166322191,88.07424575679015,23.466276185865436,-0.19747316538769155,419.22435532142975,400.9740657493047,409.9374623148017,-10.157333150301554,377.55999999999915,0.807345388929398,411.13139889960627,23.98870004692974,5.421423694936662,599.5943367216032,0.006923061865572677,2.0162837728321392e-05,False,True,RELEASE,RELEASED,
3.7900000000039693,SLOWDOWN_1,0.20883685849611053,1196.547059859792,38.29009443632239,-0.04165065619402493,306.0057707501748,1.7657706418337056,-0.7907854981870198,1.5787983580618912,1.0211736659171484,-4.232904616148251,-530.3919014100511,419.13018627397935,836.7908256039324,88.04856257317972,23.40988293310214,-0.19673037021033224,419.13018811080747,400.8570250832408,409.41047772011655,-10.141527556522874,376.9599999999991,0.8091635783604423,410.99855263976366,23.98870682892107,5.418171403626352,599.5945859586309,0.006901071699676464,2.0170838581634598e-05,False,True,RELEASE,RELEASED,
3.8000000000039904,SLOWDOWN_1,0.2087542143221088,1196.0735436226278,38.272096935621946,-0.04172808163134315,305.63748965703707,1.7650248386293148,-0.7915579527342624,1.5775768407407555,1.0205032811740726,-4.233172184207307,-530.215520042641,419.03468050917945,835.1370928117128,88.02325801790757,23.353568770963864,-0.1959872554100457,419.034682343385,400.7386861976532,408.88363655121094,-10.125733283695752,376.3599999999991,0.8109853559761159,410.86441948134893,23.988713633235992,5.414908405229396,599.5948339920099,0.006856048375435186,2.0177405446020202e-05,False,True,RELEASE,RELEASED,
3.8100000000040115,SLOWDOWN_1,0.20867115811505568,1195.5976666099768,38.25402073863595,-0.04180566602283302,305.2692819583442,1.7642837274095011,-0.7923295387406993,1.5763600390903445,1.019834495422174,-4.233441235912486,-530.0382513059346,418.9378307647728,833.4876121498548,87.99833075815707,23.29733362684077,-0.1952438438369768,418.93783259636837,400.6190442756601,408.356938754068,-10.109950350226086,375.7599999999991,0.812810720486982,410.7289946258862,23.988720447811875,5.411640484348592,599.5950800938449,0.006793206283219,2.0183674337204138e-05,False,True,RELEASE,RELEASED,
3.8200000000040326,SLOWDOWN_1,0.2085876875241569,1195.1194153527806,38.23586546412679,-0.041883408719187686,304.90114744389587,1.7635473036874267,-0.7931002428191335,1.5751479604098861,1.0191673166318476,-4.233711767648575,-529.8600883545762,418.83963163817896,831.8423774132648,87.9737794466395,23.241177428151094,-0.19450015839265689,418.8396334671894,400.4980945218766,407.8303842732726,-10.094178774837474,375.15999999999906,0.8146396705722312,410.5922732967141,23.98872725960417,5.4083738964781265,599.5953237303529,0.006718183942933997,2.0189718014762548e-05,False,True,RELEASE,RELEASED,
3.8300000000040537,SLOWDOWN_1,0.20850380020929804,1194.6387764431709,38.2176306841539,-0.041961310401607665,304.53308590259815,1.7628155627761768,-0.7938700515615302,1.5739406118400978,1.0185017527203928,-4.23398377565254,-529.6810243488399,418.740077746952,830.2013822975476,87.94960272157908,23.185100102339813,-0.19375622203028797,418.74007957335704,400.37583216224056,407.3039730520015,-10.078418576098045,374.55999999999904,0.8164722048781967,410.4542507383386,23.988734055764095,5.405114803244371,599.5955645677197,0.006636535720455861,2.0200243085355396e-05,False,True,RELEASE,RELEASED,
3.840000000004075,SLOWDOWN_1,0.2084194938459991,1194.155736562858,38.19931600061944,-0.042039371022152765,304.16509709533767,1.762088496584793,-0.794638950417119,1.5727379973398097,1.017837811354284,-4.234257248711574,-529.5010515541313,418.6391631004428,828.5646187328148,87.92579889965114,23.129101572754056,-0.1930120187168427,418.6391649242025,400.25225185984453,406.77770501646955,-10.062670301190394,373.959999999999,0.8183083219701928,410.31492216103493,23.988740824588582,5.401868816861816,599.5958024615934,0.006553328968313288,2.020554347836878e-05,False,True,RELEASE,RELEASED,
3.850000000004096,SLOWDOWN_1,0.20833476612474675,1193.6702824793063,38.18092102770167,-0.04211759027783721,303.7971808210485,1.761366106277044,-0.795406927607364,1.571540129890347,1.0171755005304912,-4.234532194725666,-529.3201646615294,418.536883254286,826.9320834957889,87.9023671743272,23.073181768704213,-0.1922675357867547,418.53688507546286,400.1273497162842,406.2515800904581,-10.046932956939884,373.359999999999,0.8201480201380619,410.17428267322407,23.9887475562114,5.398640668703332,599.5960374340855,0.00647281694119517,2.021061214918518e-05,False,True,RELEASE,RELEASED,
3.860000000004117,SLOWDOWN_1,0.20824961472334358,1193.1824008873034,38.16244534970995,-0.042195968622480894,303.429336909815,1.7606483847637606,-0.7961739702430549,1.5703470138407782,1.016514828120955,-4.2348086104813305,-529.138356935901,418.4332332516143,825.3037688833515,87.87930601080598,23.017340624382506,-0.19152295090179905,418.43323507017624,400.0011213633227,405.72559826240314,-10.031206359621478,372.75999999999897,0.8219912980059724,410.03232772294416,23.988754243027724,5.395434005695592,599.5962696417257,0.006398297217044657,2.0214874666635296e-05,False,True,RELEASE,RELEASED,
3.870000000004138,SLOWDOWN_1,0.2081640373436126,1192.692078619266,38.14388858399621,-0.04227450573360135,303.06156513532943,1.759935324850759,-0.7969400635342889,1.5691586544360359,1.0158558017715211,-4.235086484887747,-528.9556207161611,418.3282070912567,823.6796675032668,87.85661379472835,22.961578065568883,-0.1907782353927132,418.3282089072352,399.8735614638731,405.1997594792717,-10.015491371350151,372.15999999999894,0.8238381544393513,409.88905283522325,23.988760879869453,5.3922513062356225,599.5964993396392,0.006332013518419721,2.0220403428083955e-05,False,True,RELEASE,RELEASED,
3.8800000000041592,SLOWDOWN_1,0.20807803170508912,1192.1993026090938,38.12525034276124,-0.04235320152282768,302.6938652709708,1.759226920880716,-0.7977051938788475,1.5679750580956815,1.0151984290874285,-4.235365813015686,-528.7719491539971,418.22179943006466,822.0597725703547,87.83428909214115,22.90589401817015,-0.19003338637935485,418.2218012434396,399.7446652930923,404.67406366359523,-9.999788114401497,371.5599999999989,0.825688588067192,409.7444534074938,23.988767463963008,5.389093900439264,599.5967268441705,0.006275173287721536,2.0225303785537108e-05,False,True,RELEASE,RELEASED,
3.8900000000041803,SLOWDOWN_1,0.20799159553830676,1191.704059853702,38.106530218494385,-0.0424320565011959,302.32623709514036,1.758523167241098,-0.7984693479385215,1.5667962312075858,1.0145427176388973,-4.235646591130842,-528.5873355754163,418.1140051028164,820.4440772855337,87.81233048625693,22.850288409026764,-0.18928842267956725,418.11400691361735,399.6144282941762,404.14851073910904,-9.98409647380538,370.9599999999989,0.8275425972925539,409.5985247679816,23.988773994710893,5.385962074875962,599.5969524976399,0.00622804479362582,2.023212425683596e-05,False,True,RELEASE,RELEASED,
3.9000000000042014,SLOWDOWN_1,0.20790472658464507,1191.2063374121487,38.08772784187919,-0.04251107019512915,301.9586803891827,1.757824057990672,-0.7992325122741575,1.565622179893582,1.0138886749491347,-4.235928814897996,-528.4017732560325,418.0048189276437,818.8325747076599,87.79073653145221,22.79476116559415,-0.18854336865803134,418.004820735846,399.4828458978293,403.6231006350579,-9.968416354239366,370.3599999999989,0.8294001804267276,409.45126225206866,23.98878047334611,5.382855238299178,599.5971766375142,0.006190106838207754,2.0238203404687738e-05,False,True,RELEASE,RELEASED,
3.9100000000042225,SLOWDOWN_1,0.20781742259755384,1190.7061224126496,38.06884281379806,-0.0425902430119556,301.59119493543574,1.7571295868813197,-0.7999946733385724,1.5644529100371247,1.0132363084866676,-4.236212479363636,-528.2152554221664,417.8942356999581,817.2252577634972,87.76950575506713,22.739312215646002,-0.18779824850230398,417.8942375056026,399.3499135166993,403.09783328361334,-9.952747719425417,369.75999999999885,0.8312613357674485,409.3026612361247,23.988786902508973,5.37977212458654,599.5973995715385,0.006160231335158528,2.024444356152344e-05,False,True,RELEASE,RELEASED,
3.9200000000042436,SLOWDOWN_1,0.207729681343395,1190.203402057401,38.04987475651455,-0.042669574844111206,301.223780516197,1.7564397474262403,-0.8007558175348578,1.5632884273296581,1.012585625662105,-4.236497579243322,-528.0277752889677,417.7822502217725,815.6221192698481,87.74863666564202,22.683941487117508,-0.18705308556462796,417.78225202483407,399.2156265722176,402.5727086172989,-9.937090569682596,369.15999999999883,0.8331260616184233,409.1527171419002,23.988793285792656,5.376711010658152,599.5976215596274,0.006136879325212341,2.0251761782219546e-05,False,True,RELEASE,RELEASED,
3.9300000000042647,SLOWDOWN_1,0.2076415006018347,1189.698163624827,38.03082329616689,-0.04274906554962409,300.8564369133143,1.755754532936759,-0.8015159312520408,1.562128737293169,1.0119366338268438,-4.236784109091481,-527.8393260826574,417.66885731986264,814.0231519447997,87.72812775752095,22.62864890804378,-0.1863079027693857,417.6688591203531,399.07998051158216,402.04772656771274,-9.921444919002681,368.5599999999988,0.8349943562827351,409.00142543058485,23.988799627298054,5.373669929960664,599.5978428026931,0.006118293056711188,2.0259218587170835e-05,False,True,RELEASE,RELEASED,
3.940000000004286,SLOWDOWN_1,0.20755287816604145,1189.1903944707149,38.01168803964239,-0.042828715587433834,300.48916390806187,1.7550739365335173,-0.8022750008760705,1.5609738452865116,1.0112893402723344,-4.237072063350169,-527.6499010471532,417.55405185133975,812.4283484112116,87.70797751225533,22.57343440654152,-0.18556272298218346,417.55405364926,398.94297081276426,401.5228870651468,-9.905810783635445,367.9599999999988,0.8368662180514864,408.8487815963997,23.98880593123019,5.370646865997312,599.5980634380146,0.006102670146161948,2.026279162237188e-05,False,True,RELEASE,RELEASED,
3.950000000004307,SLOWDOWN_1,0.20746381184285373,1188.6800820291744,37.992468628575644,-0.04290852453769474,300.1219612811415,1.7543979511473349,-0.8030330127896765,1.5598237565058117,1.0106437522294605,-4.237361436344274,-527.4594934439357,417.4378287035746,810.8377011974446,87.6881843986781,22.518297910809757,-0.18481756912728997,417.4378304989363,398.8045929845056,400.9981900385905,-9.890188178052028,367.35999999999876,0.8387416451955189,408.6947811625576,23.988812201559654,5.367639914687512,599.5982835403108,0.006088309698832894,2.0270586929882484e-05,False,True,RELEASE,RELEASED,
3.960000000004328,SLOWDOWN_1,0.20737429945297137,1188.1672138137355,37.97316468250748,-0.042988492661389384,299.75482881272364,1.753726569517602,-0.8037899533698357,1.558678475983323,1.0099998768679304,-4.237652222265344,-527.2680965505617,417.3201827929304,809.2512027373855,87.66874687267311,22.46323934913632,-0.18407246418121304,417.32018458574765,398.66484256509443,400.4736354158404,-9.874577114348199,366.75999999999874,0.8406206359611282,408.53941967944263,23.988818441763225,5.364647408759023,599.5985031274149,0.006073724262854796,2.027880773880497e-05,False,True,RELEASE,RELEASED,
3.970000000004349,SLOWDOWN_1,0.2072843388311775,1187.6517774186193,37.9537758326263,-0.04306861997612316,299.3877662825026,1.7530597841913511,-0.8045458089860481,1.5575380085866326,1.0093577212956777,-4.237944415159275,-527.0757036597429,417.2011090639501,807.6688453707025,87.6496633770337,22.408258649906607,-0.18332743114729055,417.2011108541826,398.5237151215722,399.94922312361393,-9.858977602626453,366.1599999999987,0.842503188568598,408.38269272419865,23.988824654649214,5.361668001503611,599.5987221692847,0.0060577152092262665,2.0287637624960553e-05,False,True,RELEASE,RELEASED,
3.9800000000043703,SLOWDOWN_1,0.2071939278265783,1187.1337605201122,37.934301720192586,-0.04314890629992894,299.0207734697599,1.7523975875230176,-0.8053005659998733,1.5564023590179934,1.0087172925582737,-4.238238008919857,-526.882308079201,417.0806024892116,806.0906213431831,87.63093234143126,22.353355741613367,-0.18258249305608842,417.0806042769082,398.38120624979746,399.42495308763995,-9.84338965125454,365.5599999999987,0.8443893012123255,408.224595901052,23.988830842265596,5.35870071082379,599.598940599046,0.006039412373818109,2.0297624445220208e-05,False,True,RELEASE,RELEASED,
3.9900000000043914,SLOWDOWN_1,0.20710306430285164,1186.6131508779897,37.91474198053549,-0.043229351692250485,298.65385015341013,1.7517399716748365,-0.8060542107653152,1.5552715318139347,1.008078597638347,-4.2385329972862085,-526.6879031320344,416.95865806960177,804.5165228071739,87.61255218247568,22.298530552863895,-0.1818376729082729,416.9586598547477,398.2373115743823,398.9008252327284,-9.827813267550368,364.9599999999987,0.8462789720616568,408.0651248419327,23.988837005883045,5.355744927385445,599.5991583248672,0.006018281393761704,2.0307963950472185e-05,False,True,RELEASE,RELEASED,
4.0000000000044125,SLOWDOWN_1,0.20701174613849976,1186.0899363369654,37.89509624016045,-0.043309956535547124,298.2869961120612,1.7510869286175486,-0.8068067296298292,1.55414553134488,1.0074416434550064,-4.238829373843027,-526.4924821574451,416.8352708349305,802.9465418220638,87.59452130382374,22.243783012389212,-0.18109299369729115,416.83527261754324,398.0920267495389,398.37683948282535,-9.812248457658256,364.35999999999865,0.8481721992620087,407.90427520719714,23.988843146040566,5.352800392723029,599.5993752416002,0.005994104001269207,2.031873674468443e-05,False,True,RELEASE,RELEASED,
4.010000000004389,SLOWDOWN_1,0.20691997122709951,1185.5641048281232,37.87536415657753,-0.04339072044031642,297.9202111240594,1.7504384501314199,-0.8075581089354485,1.5530243618150648,1.0068064368632785,-4.239127132021591,-526.2960385115547,416.7104358445808,801.3806703548785,87.57683809631914,22.189113049051038,-0.18034847839663826,416.7104376246455,397.9453474594856,397.85299576106183,-9.79669522687226,363.7599999999986,0.8500689809360477,407.7420426863579,23.98884926263899,5.349867154410543,599.59959124134,0.005966937676177508,2.032963135434329e-05,False,True,RELEASE,RELEASED,
4.020000000004366,SLOWDOWN_1,0.20682773747755406,1185.035644370361,37.8555453707898,-0.04347164355367382,297.5534949675402,1.749794527806938,-0.8083083350199745,1.5519080272620356,1.006172984653538,-4.239426265100595,-526.098565568204,416.58414818819756,799.8189002806771,87.55950093810948,22.134520591849498,-0.17960414995064866,416.58414996573606,397.7972694192247,397.3292939897979,-9.781153579564887,363.1599999999986,0.8519693151848601,407.57842299878956,23.988855355066484,5.34694550587342,599.5998062222859,0.005937061475822958,2.0340953454933697e-05,False,True,RELEASE,RELEASED,
4.0300000000043426,SLOWDOWN_1,0.20673504281434057,1184.5045430718092,37.83563953410278,-0.04355272582275905,297.18684742047253,1.749155153045976,-0.8090573942182774,1.5507965315566135,1.0055412935509467,-4.239726766207932,-525.9000567198615,416.4564029864192,798.2612233831705,87.54250819480306,22.080005569929813,-0.17886003129194705,416.4564047614248,397.6477883750883,396.8057340906646,-9.765623519313579,362.5599999999986,0.8538732000890804,407.41341189440186,23.98886142234068,5.344035918228033,599.60002009554,0.005904914689209839,2.035411091583228e-05,False,True,RELEASE,RELEASED,
4.040000000004319,SLOWDOWN_1,0.2066418851777579,1183.970789131249,37.81564628975771,-0.043633967502251444,296.8202682607047,1.7485203170626493,-0.8098052728634536,1.5496898784025839,1.0049113702149,-4.240028628321522,-525.7005053784133,416.32719539153305,796.7076313552002,87.52585821959829,22.02556791258918,-0.17811614530694442,416.32719716399777,397.4969001054068,396.28231598460474,-9.75010504887905,361.95999999999856,0.8557806337099851,407.24700515428583,23.98886746325356,5.341138970804298,599.6002327896917,0.005871034306315082,2.036738024457918e-05,False,True,RELEASE,RELEASED,
4.050000000004296,SLOWDOWN_1,0.20654826252417152,1183.4343708395174,37.7955652980575,-0.04371536846267705,296.4537572660116,1.7478900108843587,-0.810551957288094,1.5485880713365197,1.0042832212384696,-4.240331844270724,-525.4999049760203,416.1965205881868,795.1581157992937,87.50954935342689,21.97120754928384,-0.17737251487739059,416.1965223581396,397.3446004211941,395.759039591914,-9.734598170143329,361.35999999999854,0.8576916140905569,407.07919859133744,23.98887347650748,5.338255285909452,599.6004442532319,0.00583599630419851,2.038116366520626e-05,False,True,RELEASE,RELEASED,
4.060000000004273,SLOWDOWN_1,0.2064541728262575,1182.895276580904,37.77539621641637,-0.04379692874171492,296.08731421413574,1.7472642253526938,-0.8112974338254154,1.5474911137275218,1.0036568531478558,-4.240636406737068,-525.2982489658885,416.0643737940153,793.612668228157,87.49357992508436,21.91692440963509,-0.1766291628477461,416.0643755614534,397.1908851666127,395.23590483228224,-9.719102884254482,360.7599999999985,0.8596061392565336,406.9099880508672,23.98887946083357,5.335385472059399,599.6006544550175,0.0058003645542177296,2.039527726083179e-05,False,True,RELEASE,RELEASED,
4.070000000004249,SLOWDOWN_1,0.20635961407324613,1182.353494834547,37.755138712102216,-0.04387864819361193,295.72093888283337,1.7466429511244708,-0.8120416888104186,1.5463990087770758,1.0030322724018421,-4.240942308255199,-525.0955308230666,415.9307502602852,792.0712800652436,87.47794825137005,21.86271842343612,-0.17588611202518223,415.93075202520953,397.0357502196443,394.71291162483385,-9.703619191551525,360.1599999999985,0.8615242072174495,406.7393694111958,23.988885415086553,5.332530078498247,599.600863383085,0.005764649888376994,2.0409680928423768e-05,False,True,RELEASE,RELEASED,
4.080000000004226,SLOWDOWN_1,0.20626458427116243,1181.809014175811,37.73479243755679,-0.04396052717259832,295.35463104992067,1.7460261786727769,-0.81278470858112,1.5453117595188892,1.0024094853912573,-4.2412495412140006,-524.8917440452585,415.79564527257253,790.5339426453088,87.46265263722918,21.808589520658693,-0.17514338520311412,415.7956470350045,396.8791914927216,394.1900598881692,-9.688147091519568,359.55999999999847,0.8634458159676683,406.56733858424116,23.98889133831304,5.329689562452215,599.6010710422192,0.005729280626431077,2.0424486223191707e-05,False,True,RELEASE,RELEASED,
4.090000000004203,SLOWDOWN_1,0.20616908144306792,1181.261823277673,37.714357071837604,-0.04404256538840783,294.9883904933147,1.7454138982879668,-0.8135264794796832,1.5442293688186965,1.00178849843844,-4.241558097857439,-524.6868821536048,415.65905415137973,789.00064721494,87.44769137588963,21.754537631459083,-0.17440100512374102,415.65905591129285,396.7212049331755,393.66734954040624,-9.67268658291988,358.95999999999844,0.8653709634874124,406.3938915160954,23.98889722979283,5.326864269315744,599.6012774506764,0.005694584742536257,2.044064552819691e-05,False,True,RELEASE,RELEASED,
4.100000000004179,SLOWDOWN_1,0.20607310362929845,1180.711910912085,37.69383228091204,-0.04412476300531806,294.6222169910825,1.7448061000786612,-0.8142669878535492,1.5431518393740824,1.0011693177967091,-4.2418679702851145,-524.4809386934197,415.52097225275577,787.4713849331112,87.43306274899422,21.70056268618513,-0.17365899451277755,415.52097401016306,396.56178652398484,393.14478049922224,-9.657237663618446,358.3599999999984,0.8672996477438089,406.2190241876033,23.98890308905499,5.324054424954631,599.6014826364719,0.005660782936437236,2.045736729883174e-05,False,True,RELEASE,RELEASED,
4.110000000004156,SLOWDOWN_1,0.20597664888770364,1180.159265951344,37.67321773619515,-0.04420712013093856,294.2561103214827,1.7442027739728796,-0.8150062200565898,1.542079173714423,1.0005519496498354,-4.242179150453287,-524.2739072349922,415.3813949689171,785.9461468717814,87.41876502674769,21.646664615382154,-0.17291737605478374,415.38139672383045,396.40093228419244,392.6223526818963,-9.641800330736885,357.7599999999984,0.8692318666919248,406.0427326149293,23.988908915871935,5.321260138528611,599.6016866335947,0.005627991172921121,2.047746534117323e-05,False,True,RELEASE,RELEASED,
4.120000000004133,SLOWDOWN_1,0.20587971529388321,1179.6038773694493,37.65251312619575,-0.044289636494206905,293.8900702630106,1.7436039097190867,-0.8157441624502932,1.5410113742007074,0.9999364001115296,-4.242491630175712,-524.0657813743547,415.240317728885,784.4249240164422,87.40479646805757,21.592843349799335,-0.17217617238475214,415.24031948131113,396.23863826952385,392.10006600535064,-9.62637458059902,357.1599999999984,0.8711676182758206,405.86501285012287,23.988914710236056,5.318481413710536,599.6018894784454,0.00559623077752569,2.049455284236501e-05,False,True,RELEASE,RELEASED,
4.1300000000041095,SLOWDOWN_1,0.20578230094142294,1179.0457342434522,37.63171811933455,-0.04437231247725763,293.524096594444,1.7430094968872887,-0.8164808014049098,1.5399484430254395,0.9993226752249201,-4.242805401124429,-523.8565547340492,415.0977359990987,782.9077072667015,87.39115532067294,21.53909882039613,-0.17143540611823482,415.0977377490172,396.0749005729377,391.5779203861942,-9.610960408740482,356.55999999999835,0.8731069004295964,405.68586098167816,23.988920472323738,5.3157181659353165,599.6020912067409,0.00556544395943348,2.051263092539557e-05,False,True,RELEASE,RELEASED,
4.140000000004086,SLOWDOWN_1,0.20568440394212945,1178.4848257548008,37.61083240924401,-0.0444551478606752,293.1581890948904,1.7424195248701582,-0.8172161233005834,1.5388903822125586,0.9987107809620515,-4.243120454830545,-523.6462209638867,414.9536452840205,781.394487436889,87.37783982133087,21.485430958348886,-0.1706950998143384,414.9536470314703,395.9097153252731,391.055915740765,-9.59555780981691,355.95999999999833,0.875049711078453,405.50527313509,23.98892620245188,5.312970243256166,599.6022918510291,0.005535512580839175,2.0531704791437733e-05,False,True,RELEASE,RELEASED,
4.150000000004063,SLOWDOWN_1,0.2055860224262633,1177.9211411906779,37.589855676547465,-0.04453814288481916,292.79234754382855,1.7418339828842246,-0.8179501145285508,1.5378371936174033,0.9981007232233783,-4.2434367826851815,-523.4347737417278,414.80804112676293,779.8852552566605,87.36484819590473,21.43183969505653,-0.1699552759964149,414.8080428717193,395.7430786956242,390.534051985175,-9.580166777789714,355.3599999999983,0.8769960481397661,405.3232454734139,23.988931901031524,5.310237448572896,599.6024914388959,0.005506278160804179,2.0550896920212836e-05,False,True,RELEASE,RELEASED,
4.16000000000404,SLOWDOWN_1,0.20548715454277108,1177.3546699453282,37.56878763457311,-0.044621296981339556,292.42657172115776,1.7412528599709016,-0.8186827614922159,1.5367888789265505,0.9974925078372665,-4.243754375939977,-523.2222067742034,414.6609191096586,778.3800013715622,87.3521786595374,21.378324962147364,-0.16921595713751003,414.66092085213154,395.57498689205767,390.0123290353522,-9.564787305757989,354.7599999999983,0.8789459095241668,405.13977419781565,23.988937568522765,5.307519561268525,599.6026899918854,0.0054775613474484786,2.057182598491636e-05,False,True,RELEASE,RELEASED,
4.170000000004016,SLOWDOWN_1,0.20538779845951635,1176.7854015213836,37.54762794439959,-0.04470461113545688,292.060861407243,1.7406761449978227,-0.8194140506084453,1.5357454396578691,0.9968861405595072,-4.244073225708468,-523.0085137975441,414.51227485493496,776.8787163436938,87.3398294168056,21.324886691485208,-0.16847716568179294,414.51227659494805,395.4054361621167,389.4907468070852,-9.549419385998704,354.15999999999826,0.8808992931366164,404.9548555481154,23.98894320539405,5.304816356717162,599.6028875250702,0.005449179472988952,2.059269226606375e-05,False,True,RELEASE,RELEASED,
4.180000000003993,SLOWDOWN_1,0.2052879523635089,1176.2133255311753,37.52637633861502,-0.04478808444647668,291.69521638295834,1.7401038266599136,-0.8201439683085763,1.5347068771604353,0.9962816270728246,-4.244393322966309,-522.7936885782618,414.3621040252335,775.3813906522926,87.32779866185396,21.271524815175226,-0.16773892400277646,414.3621057627583,395.23442279325144,388.9693052160683,-9.534063010085902,353.55999999999824,0.8828561968775063,404.76848580333734,23.988948812088253,5.302127622553501,599.6030840471981,0.005420961195483187,2.0614741856661567e-05,False,True,RELEASE,RELEASED,
4.19000000000397,SLOWDOWN_1,0.20518761446113276,1175.6384316980404,37.505032491553536,-0.04487171773797247,291.32963642973885,1.7395358934806724,-0.820872501039674,1.5336731926145388,0.9956789729864017,-4.244714658552527,-522.5777249139568,414.21040232426685,773.888014694389,87.31608457855282,21.218239265570965,-0.16700125443384195,414.210404059334,395.0619431135745,388.44800417794585,-9.51871816867856,352.9599999999982,0.8848166186437639,404.58066128225306,23.98895438899692,5.299453171029272,599.6032795613073,0.005392757617985744,2.0638034953890383e-05,False,True,RELEASE,RELEASED,
4.200000000003946,SLOWDOWN_1,0.20508678297837293,1175.060709857622,37.483596126700114,-0.04495551057031499,290.96412132962166,1.7389723338134366,-0.8215996352656871,1.532644387031722,0.9950781838354038,-4.245037223170334,-522.3606166340694,414.05716549740174,772.3985787854458,87.30468534065018,21.1650299752797,-0.16626417926249815,414.05716722999495,394.8879934921997,387.92684360835705,-9.503384851718295,352.3599999999982,0.8867805563299602,404.391378343918,23.988959936443127,5.296792847232815,599.6034740656596,0.005364449684646999,2.0660727869881157e-05,False,True,RELEASE,RELEASED,
4.210000000003923,SLOWDOWN_1,0.2049854561610407,1174.480149959159,37.462066964322425,-0.04503946269853276,290.59867086529727,1.7384131358425319,-0.8223253574685903,1.5316204612546873,0.9944792650805114,-4.245361007387867,-522.1423576006183,413.9023893322483,770.9130731599621,87.29359911191656,21.111896877169347,-0.1655277207156587,413.90239106238806,394.7125703399154,387.4058234229822,-9.488063048294237,351.7599999999982,0.888748007829428,404.2006333882096,23.988965454672716,5.2941465332848665,599.6036675548771,0.005335951955868445,2.0684657187075572e-05,False,True,RELEASE,RELEASED,
4.2200000000039,SLOWDOWN_1,0.20488363227499656,1173.8967420667639,37.440444694481805,-0.04512357482742879,290.23328482015404,1.7378582875846686,-0.8230496541495835,1.5306014159574557,0.9938822221074609,-4.2456860016392515,-521.922941708974,413.7460696592634,769.4314879721783,87.28282404630797,21.058839904374175,-0.16479190097300034,413.74607138695745,394.53567010964883,386.8849435375884,-9.472752746714036,351.15999999999815,0.8907189710353973,404.00842285636287,23.98897094385312,5.291514148913827,599.6038600211521,0.005307213124210897,2.0709991815692774e-05,False,True,RELEASE,RELEASED,
4.230000000003876,SLOWDOWN_1,0.20478130960637236,1173.3104763606957,37.41872905778727,-0.04520784636013384,289.86796297832603,1.7373077768901515,-0.823772511830199,1.5295872516453468,0.9932870602265871,-4.246012196225204,-521.702362888576,413.5882023523087,767.9538132967062,87.27235828811256,21.00585899030105,-0.16405674214627197,413.5882040775557,394.35728929700406,386.36420386807566,-9.45745393449738,350.5599999999981,0.8926934438421332,403.81474323150144,23.988976404078407,5.288895649024504,599.6040514554277,0.005278213825073763,2.0735244760317073e-05,False,True,RELEASE,RELEASED,
4.240000000003853,SLOWDOWN_1,0.2046784864617928,1172.7213431386283,37.39691975926274,-0.04529227780242545,289.5027051247409,1.736761591444231,-0.8244939170535548,1.5285779686550445,0.9926937846723759,-4.246339581314285,-521.4806151037263,413.42878332927756,766.4800391291972,87.26219997211189,20.952954068635666,-0.16332226630004243,413.4287850520596,394.1774244407867,385.8436043305234,-9.44216659837707,349.9599999999981,0.894671424146079,403.61959103916377,23.988981835379114,5.286291018992189,599.6042418484599,0.005248962399782897,2.0761483540354675e-05,False,True,RELEASE,RELEASED,
4.25000000000383,SLOWDOWN_1,0.20457516116859323,1172.1293328168997,37.37501653571769,-0.0453768688831182,289.13751104516984,1.736219718768468,-0.8252138563854774,1.5275735671547428,0.9921024006030206,-4.246668146943623,-521.2576923543137,413.2678085526571,765.0101553870559,87.25234722374026,20.900125073348935,-0.1625884954328285,413.2678102730132,393.99607212363003,385.323144841238,-9.426890724202849,349.3599999999981,0.89665290984702,403.4229628478329,23.988987237735206,5.283700268446864,599.6044311917078,0.005219489299770785,2.0788159559970154e-05,False,True,RELEASE,RELEASED,
4.2600000000038065,SLOWDOWN_1,0.2044713320750372,1171.5344359317567,37.35301911749747,-0.04546161962310994,288.77238052627115,1.7356821462219947,-0.8259323164156975,1.5265740471441236,0.9915129130999917,-4.246997883019905,-521.0335886765657,413.1052740301105,763.5441519100516,87.24279815923545,20.847371938702395,-0.16185545148039182,413.1052757480298,393.81322897232616,384.8028253167998,-9.41162629712909,348.75999999999806,0.8986378988492427,403.22485526945525,23.988992611090616,5.281123424293133,599.6046194780135,0.005189840803344836,2.081615807014714e-05,False,True,RELEASE,RELEASED,
4.270000000003783,SLOWDOWN_1,0.20436699755053142,1170.9366431405883,37.330927225820325,-0.04554653041200797,288.40731335564266,1.735148861002948,-0.8266492837590104,1.5255794084545526,0.9909253271675972,-4.2473287793202426,-520.8082981437849,412.94117581505486,762.0820184610633,87.23355088580306,20.794694599254967,-0.16112315632824448,412.94117753054906,393.6288916585233,384.28264567411065,-9.396373301440065,348.15999999999804,0.9006263890627161,403.02526495996335,23.988997955367964,5.278560523656317,599.6048067020365,0.005160072665280069,2.084642625277411e-05,False,True,RELEASE,RELEASED,
4.28000000000376,SLOWDOWN_1,0.20426215598584052,1170.3359452231546,37.30874061341021,-0.04563160087164712,288.04230932186664,1.7346198501498553,-0.8273647450564554,1.5245896507492016,0.9903396477325698,-4.247660825493218,-520.581814867104,412.7755100072294,760.6237447267638,87.22460350177919,20.742092989868482,-0.1603916317737344,412.7755117202595,393.4430568990874,383.7626058304425,-9.38113172070291,347.559999999998,0.90261837840427,402.82418861979033,23.989003270482293,5.276011607296998,599.6049928604989,0.0051302441886171835,2.0876037353900756e-05,False,True,RELEASE,RELEASED,
4.290000000003737,SLOWDOWN_1,0.20415680579329754,1169.7323330827944,37.286459009886364,-0.04571683138611098,287.67736821456475,1.7340951005430778,-0.8280786869765342,1.5236047735232143,0.9897558796436489,-4.247994011059982,-520.3541329962381,412.60827275329564,759.1693203183531,87.21595409679523,20.68956704571457,-0.1596608995670863,412.6082744639155,393.25572145684544,383.24270570348534,-9.365901537539855,346.959999999998,0.9046138647987916,402.6216229943853,23.989008556352978,5.273476713901453,599.6051779522147,0.005100413084254463,2.09061360862961e-05,False,True,RELEASE,RELEASED,
4.300000000003713,SLOWDOWN_1,0.2040509454070153,1169.1257977476346,37.264082169619584,-0.045802221762302184,287.3124898244389,1.7335745989061078,-0.828791096216338,1.5226247761037497,0.9891740276711679,-4.2483283254149615,-520.125246720195,412.43946024736834,757.718734772191,87.20760075192919,20.637116702279577,-0.15893098138275263,412.43946195557936,393.06688214081186,382.72294521139617,-9.350682733910958,346.35999999999797,0.9066128461804263,402.4175648747228,23.989013812913168,5.270955875544503,599.6053619779541,0.00507063138628272,2.0936384203196212e-05,False,True,RELEASE,RELEASED,
4.31000000000369,SLOWDOWN_1,0.2039445732830941,1168.5163303717818,37.24160984640729,-0.04588777194022476,286.9476739433252,1.7330583318071568,-0.8295019595027683,1.5216496576502996,0.9885940965066555,-4.248663757827151,-519.8951502680432,412.2690687316072,756.2719775506018,87.19954153988462,20.584741895371227,-0.1582018988192999,412.2690704373893,392.87653580685577,382.20332427284825,-9.335475290955912,345.75999999999794,0.908615320493789,402.2120110978117,23.989019040116542,5.268449114461391,599.6055449401904,0.005040942544797922,2.0968014894151565e-05,False,True,RELEASE,RELEASED,
4.320000000003667,SLOWDOWN_1,0.203837687899827,1167.9039222364977,37.21904179070063,-0.04597348207238058,286.5829203642445,1.7325462856605574,-0.8302112635936907,1.5206794171548328,0.9880160907624392,-4.249000297440924,-519.6638379096211,412.09709449676427,754.829038042579,87.19177452514859,20.532442561124736,-0.15747367341907648,412.0970962001353,392.68467935823884,381.68384280708085,-9.320279188959887,345.1599999999979,0.9106212856951824,402.0049585471987,23.989024237941283,5.26595644112781,599.6057268427605,0.005011379696286511,2.1000387391723052e-05,False,True,RELEASE,RELEASED,
4.330000000003643,SLOWDOWN_1,0.2037302877579057,1167.2885647513779,37.19637775656909,-0.04605935232965713,286.2182288814479,1.7320384467281569,-0.8309189952791408,1.5197140534418931,0.9874400149712587,-4.249337933277131,-519.4313039562804,411.92353388275046,753.3899055644549,87.18429776415489,20.480218636008228,-0.156746326633197,411.9235355836963,392.4913097459864,381.1645007339485,-9.305094407483864,344.5599999999979,0.912630739753829,401.7964041534703,23.989029406391573,5.26347785356197,599.6059076904883,0.004981965034169811,2.1033126813563285e-05,False,True,RELEASE,RELEASED,
4.34000000000362,SLOWDOWN_1,0.20362237138062222,1166.6702494555095,37.17361751342487,-0.046145382572446256,285.85359929047104,1.731534801120981,-0.8316251413825148,1.5187535651690132,0.9868658735858815,-4.249676654234372,-519.1975427616428,411.74838327919895,751.9545693607488,87.17710930546434,20.428070056829295,-0.15601987984814514,411.74838497775767,392.29642396953926,380.64529797397086,-9.28992092520781,343.9599999999979,0.9146436806531033,401.58634489474707,23.98903454549679,5.261013337692112,599.6060874887937,0.004952710137727578,2.1067343396907745e-05,False,True,RELEASE,RELEASED,
4.350000000003597,SLOWDOWN_1,0.20351393731406908,1166.0489680186158,37.15076082353495,-0.04623157298385269,285.48903138818,1.731035334800612,-0.8323296887617541,1.517797950826799,0.9862936709787324,-4.25001644908983,-518.962548722298,411.571639126012,750.5230186048268,87.17020718992286,20.375996760740314,-0.15529435437792927,411.57164082216104,392.10001907706396,380.12623444838516,-9.274758720121042,343.35999999999785,0.9166601063917831,401.374777797185,23.98903965530903,5.258562868551153,599.6062662433346,0.004923617045511364,2.1101738553852556e-05,False,True,RELEASE,RELEASED,
4.3600000000035735,SLOWDOWN_1,0.20340498412733735,1165.424712242193,37.12780745804694,-0.04631792362016899,285.1245249728247,1.7305400335807737,-0.8330326243104872,1.5168472087392748,0.9857234114415228,-4.250357306500357,-518.7263162785304,411.3932979138916,749.0952423997105,87.16358945083628,20.323998685244735,-0.15456977144191342,411.39329960763837,391.90209216610947,379.6073100791949,-9.259607769350794,342.75999999999783,0.9186800149853,401.16169993546026,23.989044735899363,5.256126412076051,599.6064439596996,0.004894679873358676,2.1137335863841145e-05,False,True,RELEASE,RELEASED,
4.37000000000355,SLOWDOWN_1,0.2032955104127131,1164.797474060634,37.10475720708209,-0.04640443412676676,284.7600798440876,1.7300488831288374,-0.8337339349592718,1.5159013370640806,0.9851550991848935,-4.250699215003701,-518.4888399150577,411.21335618491077,747.6712297787967,87.15725411413838,20.2720757682028,-0.1538461521932959,411.2133578762604,391.70264038399745,379.08852478922176,-9.244468049262423,342.1599999999978,0.9207034044670083,400.94710843325987,23.989049787353363,5.253703927245919,599.6066206431597,0.004865886736834746,2.117360750730768e-05,False,True,RELEASE,RELEASED,
4.380000000003527,SLOWDOWN_1,0.20318551478587119,1164.1672455423402,37.0816098226894,-0.04649110534751079,284.39569580313565,1.7295618689674357,-0.8344336076768016,1.514960333792805,0.9845887383380658,-4.251042163019771,-518.2501141617693,411.0318105330657,746.2509697066532,87.1511991985691,20.22022794783742,-0.1531235177046142,411.0318122220178,391.50166092835747,378.56987850215774,-9.229339535404847,341.5599999999978,0.9227302728894428,400.7310004637623,23.98905480976639,5.2512953683485035,599.6067962984832,0.004837221789436796,2.1209499891483574e-05,False,True,RELEASE,RELEASED,
4.3900000000035035,SLOWDOWN_1,0.2030749958860666,1163.534018890817,37.05836512108874,-0.04657793644246753,284.0313726526701,1.72907897647594,-0.8351316294709724,1.5140241967512413,0.9840243329484866,-4.251386138851252,-518.0101335943791,410.8486576047545,744.8344510797684,87.14542271583619,20.16845516273999,-0.15240188895182882,410.848659291338,391.29915104756265,378.0513711426166,-9.214222202561302,340.95999999999776,0.924760618325618,400.51337325012395,23.989059803238987,5.248900687182528,599.6069709298392,0.004808667203087147,2.1247261145163066e-05,False,True,RELEASE,RELEASED,
4.40000000000348,SLOWDOWN_1,0.20296395237632503,1162.8977864457659,37.03502287576306,-0.046664927904233905,283.66711019697647,1.7286001908921942,-0.8358279873902069,1.513092923599792,0.9834618869814981,-4.251731130685377,-517.7688928352192,410.66389409937636,743.4216627273722,87.13992267080425,20.1167573518759,-0.15168128683490067,410.66389578357155,391.09510804118605,377.5330026361857,-9.199116024764066,340.35999999999774,0.926794438870302,400.2942240659501,23.98906476787281,5.246519835017152,599.607144540757,0.004780204929628162,2.1285339471432962e-05,False,True,RELEASE,RELEASED,
4.410000000003457,SLOWDOWN_1,0.20285238294362903,1162.258540684151,37.0115828711927,-0.0467520800439061,283.3029082419798,1.7281254973140372,-0.836522668524618,1.5121665118337138,0.9829014043200082,-4.252077126594958,-517.5263865539317,410.4775167698569,742.012593412192,87.13469706166268,20.06513445459091,-0.15096173217852993,410.4775184516911,390.8895292606035,377.0147729094787,-9.184020975165481,339.7599999999977,0.9288317326413167,400.073550235769,23.98906970376721,5.244152764223431,599.6073171341413,0.004751818167592958,2.132479798433451e-05,False,True,RELEASE,RELEASED,
4.420000000003434,SLOWDOWN_1,0.2027402862991037,1161.616274221263,36.98804492725094,-0.04683939230090919,282.9387665952904,1.7276548807008598,-0.8372156600070934,1.511244958783449,0.9823428887641625,-4.252424114539162,-517.2826094681293,410.28952242311595,740.6072318312222,87.12974388009408,20.01358641061606,-0.15024324569583314,410.28952410256926,390.68241210924873,376.49668189018934,-9.168937026255833,339.1599999999977,0.9308724977808448,399.85134913550456,23.98907461101668,5.241799429505504,599.607488712338,0.0047234924686696544,2.136478329362035e-05,False,True,RELEASE,RELEASED,
4.43000000000341,SLOWDOWN_1,0.20262766117819836,1160.9709798117603,36.964408829568114,-0.0469268652130142,282.57468506626043,1.727188325875399,-0.8379069490146106,1.5103282616151004,0.9817863440310346,-4.252772082365321,-517.0375563441728,410.09990792066174,739.2055666165927,87.12506111146709,19.962113160074075,-0.1495258480309758,410.099909597732,390.47375404327596,375.97872950714276,-9.153864149660933,338.5599999999977,0.9329167324567398,399.6276181929369,23.989079489709148,5.239459788709238,599.6076592772376,0.004695216463344032,2.14050049294201e-05,False,True,RELEASE,RELEASED,
4.440000000003387,SLOWDOWN_1,0.20251450634086773,1160.322650350707,36.94067439248652,-0.047014498636863536,282.2106634660326,1.726725817525223,-0.838596522769344,1.5094164173306568,0.981231773754313,-4.253121017809741,-516.7912219978252,409.90867017906453,737.8075863362924,87.120646734999,19.910714643484578,-0.14880955972409993,409.90867185377095,390.26355257192375,375.46091569034985,-9.138802316240572,337.95999999999765,0.9349644348638443,399.4023548881643,23.98908433992518,5.237133803215885,599.6078288303831,0.0046669822138252215,2.1442155855311285e-05,False,True,RELEASE,RELEASED,
4.450000000003364,SLOWDOWN_1,0.2024008205717494,1159.671278874589,36.91684142502765,-0.04710229271167081,281.84670160759345,1.7262673402045303,-0.839284368539883,1.5085094227685267,0.9806791814840062,-4.253470908499155,-516.543601294976,409.71580617049165,736.4132794950531,87.11649872394598,19.85939080176996,-0.14809440123207196,409.71580784284,390.0518052579615,374.94324037106185,-9.123751496101363,337.3599999999976,0.9370156032253194,399.1755567540629,23.989089161737883,5.234821437984324,599.6079973730982,0.004638785249791333,2.148381236111163e-05,False,True,RELEASE,RELEASED,
4.46000000000334,SLOWDOWN_1,0.20228660268033874,1159.0168585623176,36.89290974686761,-0.0471902474076552,281.48279930582333,1.7258128783357138,-0.8399704736423704,1.5076072746038385,0.980128570686144,-4.253821741951796,-516.2946891523136,409.52131292319,735.0226345351064,87.11261504577199,19.80814157626061,-0.14738039290932647,409.52131459318275,389.8385097181478,374.42570348182255,-9.108711658588618,336.7599999999976,0.9390702357939816,398.9472213767364,23.98909395521347,5.232522661277495,599.6081649066082,0.004610624320940282,2.152671171984366e-05,False,True,RELEASE,RELEASED,
4.470000000003317,SLOWDOWN_1,0.2021718515011627,1158.359382736224,36.86887917974923,-0.04727836277021927,281.1189563775511,1.7253624162111585,-0.8406548254417887,1.5067099693489263,0.979579944742501,-4.254173505579065,-516.0444805380669,409.3251875220474,733.6356398370468,87.10899366234149,19.756966908700875,-0.14666755502361184,409.32518918966673,389.62366362370943,373.90830495652375,-9.093682772255022,336.1599999999976,0.941128330853638,398.71734639596446,23.98909872041227,5.230237444178314,599.6083314321411,0.004582500958896674,2.1570434569184727e-05,False,True,RELEASE,RELEASED,
4.480000000003294,SLOWDOWN_1,0.202056565893949,1157.698844863029,36.84474954337272,-0.04736663903786781,280.75517264160555,1.724915937994887,-0.8413374113530228,1.505817503353768,0.9790333069503129,-4.254526186686408,-515.7929704726403,409.1274271090335,732.2522837206554,87.10563253009174,19.705866741254436,-0.14595590773836875,409.1274287743027,389.407264700775,373.39104473045944,-9.07866480487445,335.55999999999756,0.9431898867204457,398.48592950564944,23.989103457390087,5.227965759940972,599.608496951023,0.004554418891939527,2.1614554412963116e-05,False,True,RELEASE,RELEASED,
4.4900000000032705,SLOWDOWN_1,0.20194074474379461,1157.0352385548092,36.82052066921863,-0.047455076250521706,280.391447918867,1.7244734277242464,-0.8420182188421272,1.504929872806352,0.97848866052201,-4.254879772474904,-515.5401540293337,408.92802888373853,730.8725544456918,87.10252960021438,19.654841016509682,-0.14524547112995378,408.92803054664637,389.18931073076817,372.8739227403811,-9.06365772348579,334.95999999999754,0.9452549017442597,398.25296845425396,23.98910816619967,5.225707583286627,599.6086614647393,0.00452638340922995,2.165929385000709e-05,False,True,RELEASE,RELEASED,
4.500000000003247,SLOWDOWN_1,0.2018243869613306,1156.3685575699405,36.79619240216308,-0.04754367420360492,280.0277820323212,1.7240348693117036,-0.8426972354274228,1.5040470737332663,0.9779460085849561,-4.255234250042382,-515.2860263349967,408.7269901038271,729.496440212793,87.0996828188423,19.603889677485306,-0.14453626515859241,408.72699176440716,388.96979955091234,372.35693892455225,-9.0486614943257,334.3599999999975,0.9473233743100037,398.01846104523804,23.98911284689221,5.223462889683973,599.6088249749846,0.004498400711374195,2.170455826444595e-05,False,True,RELEASE,RELEASED,
4.510000000003224,SLOWDOWN_1,0.2017074914828852,1155.6987958140319,36.77176457160604,-0.047632433270485414,279.6641748071098,1.7236002465465228,-0.8433744486807522,1.503169102000062,0.9774053541811936,-4.255589606384948,-515.0305825707279,408.52430808556016,728.1239291642565,87.09709012722843,19.553012667635425,-0.1438283096950954,408.52430974381065,388.7487290545476,371.8400932228043,-9.033676082942407,333.7599999999975,0.9493953028390402,397.78240513749,23.989117499518706,5.221231654686189,599.6089874836789,0.004470477311817156,2.1751528862523628e-05,False,True,RELEASE,RELEASED,
4.520000000003201,SLOWDOWN_1,0.20159005727064347,1155.0259473408425,36.747237025542944,-0.04772135343398817,279.30062607058494,1.7231695430966032,-0.8440498462286353,1.5022959533118543,0.976866700267199,-4.255945828398426,-514.7738179725568,408.3199802042715,726.7550093849454,87.09474946193697,19.50220993085518,-0.14312162450687538,408.31998186018103,388.5260971916633,371.32338557659114,-9.018701454085772,333.15999999999747,0.9514706857905428,397.5447986457491,23.989122124131185,5.21901385336318,599.609148992969,0.004442619523980618,2.1798454127974765e-05,False,True,RELEASE,RELEASED,
4.530000000003177,SLOWDOWN_1,0.2014720833119502,1154.3500063482852,36.722609617359566,-0.04781043465803426,278.9371356458012,1.7227427421757209,-0.8447234163748715,1.5014276224803804,0.9763300496701036,-4.256302905184585,-514.5157281085466,408.11400418547873,725.3896685317214,87.09265875804623,19.45148141057103,-0.14241624554898635,408.1140058390522,388.30190223561897,370.8068159082698,-9.003737240789292,332.55999999999744,0.9535495216146442,397.30563947640826,23.98912672078359,5.216809459857635,599.6093095052081,0.0044148347115537945,2.184201227350968e-05,False,True,RELEASE,RELEASED,
4.540000000003154,SLOWDOWN_1,0.2013535686166483,1153.6709671631772,36.69788219827413,-0.04789967708948014,278.5737033178338,1.7223198268236686,-0.8453951465802382,1.5005641045981637,0.9757954050382028,-4.256660821798234,-514.2563081158495,407.90637731984907,724.0278943152714,87.09081590287894,19.400827045053123,-0.14171215193192666,407.9063789710894,388.07614205867463,370.29038410301246,-8.988783235670724,331.9599999999974,0.9556318082850461,397.06492529434536,23.989131289532477,5.214618447066898,599.609469022974,0.004387128353835479,2.186344445931354e-05,False,True,RELEASE,RELEASED,
4.550000000003131,SLOWDOWN_1,0.2012345122258276,1152.9888242913687,36.67305462053372,-0.047989081012989335,278.2103289433068,1.721900782224726,-0.8460650236435043,1.4997053976008887,0.9752627692133757,-4.2570195622188445,-513.9955530833493,407.69709671335784,722.6696760187347,87.08921892189693,19.35024678268575,-0.14100933459474163,407.6970983622668,387.84881437255126,369.7740901571905,-8.973839761957208,331.3599999999974,0.9577175440006889,396.82265413450847,23.98913583043751,5.212440786388387,599.6096275489681,0.004359498054610889,2.1868648218514863e-05,False,True,RELEASE,RELEASED,
4.560000000003107,SLOWDOWN_1,0.2011149132091788,1152.3035724025794,36.64812675091059,-0.048078646451734756,277.8470124283405,1.7214855914981255,-0.8467330360422133,1.4988514961164057,0.9747321449869254,-4.257379115712282,-513.7334588130275,407.4861603839272,721.3150014708175,87.08786575073275,19.29974057883861,-0.14030790047149821,407.4861620305233,387.6199177333994,369.25793410384426,-8.958906848982565,330.7599999999974,0.9598067280110435,396.57882458238197,23.989140343561246,5.210276447841927,599.6097850859221,0.004331947499951916,2.187340311365915e-05,False,True,RELEASE,RELEASED,
4.570000000003084,SLOWDOWN_1,0.20099477066117002,1151.6152063084946,36.623098469809555,-0.04816837317195186,277.48375360313156,1.7210742359493059,-0.8473991713452211,1.498002393206339,0.9742035348128961,-4.2577394659160195,-513.4700204920817,407.27356582876325,719.963857567451,87.08675414627758,19.249308378420857,-0.13960786137897685,407.2735674730431,387.38945021381033,368.74191588743776,-8.943984888557054,330.15999999999735,0.961899359653671,396.3334351023674,23.989144828969003,5.208125400116421,599.609941636737,0.004304482565829382,2.1879425759152582e-05,False,True,RELEASE,RELEASED,
4.580000000003061,SLOWDOWN_1,0.2008740837060713,1150.9237209915502,36.597969641599036,-0.048258261557907405,277.12055229369474,1.7206666987789114,-0.8480634176219758,1.4971580838301781,0.973676941086673,-4.258100599672575,-513.2052337725007,407.0593108085853,718.616232126014,87.08588204514894,19.198950125890605,-0.13890920712412935,407.05931245055194,387.15741012996955,368.2260354368565,-8.92907386601587,329.55999999999733,0.9639954378734616,396.0864839959854,23.98914928672914,5.205987610441941,599.6100972043921,0.004277103414193739,2.1884157973772744e-05,False,True,RELEASE,RELEASED,
4.590000000003037,SLOWDOWN_1,0.2007528514926649,1150.2291115746286,36.57274014461614,-0.04834831172651725,276.75740833615856,1.7202629632201514,-0.8487257632031296,1.4963185628408948,0.973152366141943,-4.2584625045947755,-512.939094463198,406.84339325228314,717.2721129556073,87.08524739944369,19.148665767236803,-0.13821195576605305,406.8433948919275,386.92379595536806,367.7102926897382,-8.91417356056104,328.9599999999973,0.9660949613680772,395.8379695159291,23.98915371691261,5.203863044810371,599.6102517918544,0.004249809202653054,2.1889437249456023e-05,False,True,RELEASE,RELEASED,
4.600000000003014,SLOWDOWN_1,0.20063107319490775,1149.5313733248515,36.547409865993515,-0.048438523678128634,276.3943215736557,1.719863012189533,-0.8493861963153363,1.495483824789362,0.9726298122355596,-4.2588251673981565,-512.6715983307448,406.62581107673935,715.9314877556114,87.08484813308893,19.098455249540354,-0.13751612862239426,406.6258127140845,386.6886061550981,367.19468759500853,-8.899283803010121,328.3599999999973,0.9681979287963458,395.58788995810824,23.989158119592336,5.2017516682628635,599.6104054020541,0.004222598781594478,2.189546603403869e-05,False,True,RELEASE,RELEASED,
4.610000000002991,SLOWDOWN_1,0.2005087480134279,1148.8305016621548,36.52197868942246,-0.048528897655154155,276.0312918542476,1.7194668283761751,-0.8500447051335668,1.4946538639967482,0.9721092815411709,-4.259188574170851,-512.4027411360568,406.4065622091472,714.5943441458064,87.08468215174945,19.048318520681214,-0.13682174552207016,406.406563844187,386.45183920607747,366.679220109024,-8.884404490890631,327.75999999999726,0.9703043388847409,395.3362436969681,23.98916249484266,5.199653445161857,599.610558037876,0.004195470775361088,2.190133315593812e-05,False,True,RELEASE,RELEASED,
4.6200000000029675,SLOWDOWN_1,0.20038587517630693,1148.126492163772,36.49644651456499,-0.04861943358931123,275.6683190298266,1.7190743943225752,-0.8507012778601026,1.4938286746018488,0.971590776146722,-4.259552710735684,-512.1325186802284,406.18564462329323,713.260669686798,87.08474735296986,18.99825552918257,-0.13612882521891834,406.1856462560347,386.21349363029975,366.1638901925682,-8.869535560219333,327.15999999999724,0.9724141904566725,395.0830291905191,23.98916684273884,5.197568339432204,599.610709702155,0.004168423691953471,2.1907716643454478e-05,False,True,RELEASE,RELEASED,
4.630000000002944,SLOWDOWN_1,0.20026245393935857,1147.4193405658293,36.47081323562278,-0.04871013171804853,275.3054029555411,1.7186856924615113,-0.8513559027636575,1.4930082505804783,0.9710742980532611,-4.259917562824038,-511.8609268263081,405.9630563572946,711.9304518883075,87.08504163092292,18.948266224128222,-0.13543738603709699,405.96305798773653,385.97356801100705,365.64869780932906,-8.854676963989448,326.5599999999972,0.9745274824288571,394.8282449749965,23.989171163356612,5.195496314764476,599.6108603976718,0.00414145606199412,2.1913164175657585e-05,False,True,RELEASE,RELEASED,
4.640000000002921,SLOWDOWN_1,0.20013848358620656,1146.7090427637936,36.44507876790776,-0.04880099182146627,274.9425434895348,1.7183007051294557,-0.8520085681918582,1.4921925857529392,0.9705598491742747,-4.260283116128823,-511.5879615059648,405.7387955189604,710.6036782125241,87.08556287805267,18.898350555123688,-0.13474744617212764,405.7387971470945,385.7320609975491,365.133642925309,-8.839828660703631,325.9599999999972,0.976644213799527,394.57188965825276,23.989175456771857,5.1934373347866565,599.6110101271588,0.004114566575962542,2.1918962175959678e-05,False,True,RELEASE,RELEASED,
4.650000000002898,SLOWDOWN_1,0.20001396342831754,1145.9955948126592,36.41924300033043,-0.048892014588973805,274.5797404928648,1.717919414570551,-0.8526592625725294,1.4913816737869936,0.9700474313353039,-4.260649356307425,-511.31361872001474,405.5128602860442,709.2803360757581,87.08630898545022,18.848508472282248,-0.1340590237620063,405.51286191190206,385.48897130562824,364.6187255086919,-8.824990609211682,325.35999999999717,0.978764383638191,394.3139619148399,23.989179723060335,5.191391363177928,599.6111588933072,0.004087754179361802,2.1924643675674815e-05,False,True,RELEASE,RELEASED,
4.660000000002874,SLOWDOWN_1,0.19988889280504676,1145.2789929272105,36.39330586411313,-0.048983199642540436,274.21699382951,1.717541802937478,-0.8533079744117624,1.4905755081991041,0.9695370462737143,-4.261016268970218,-511.0378945372489,405.28524890509664,707.9604128494916,87.08727784282739,18.798739926223387,-0.13337213689760574,405.28525052866473,385.2442977160879,364.10394552990056,-8.810162767039742,324.75999999999715,0.9808879910792604,394.0544604831276,23.989183962297535,5.189358363751044,599.6113066987763,0.004061018143675099,2.192950896073853e-05,False,True,RELEASE,RELEASED,
4.670000000002851,SLOWDOWN_1,0.1997632710837056,1144.559233482409,36.36726726831546,-0.04907454739259647,273.8543033664235,1.71716785229178,-0.853954692291895,1.4897740823551129,0.9690286956385443,-4.261383839668616,-510.7607850932663,405.05595969034954,706.6438958612738,87.0884673384424,18.74904486807728,-0.1326868036027804,405.0559613116464,384.9980390740208,363.58930296170735,-8.795345089938564,324.1599999999971,0.9830150353191118,393.7933841639594,23.98918817455859,5.18733830048983,599.6114535462066,0.00403435809808439,2.1934130188583367e-05,False,True,RELEASE,RELEASED,
4.680000000002828,SLOWDOWN_1,0.19963709765964793,1143.8363130138869,36.34112714405916,-0.04916605776482722,273.4916689735927,1.7167975446043908,-0.8545994048704633,1.4889773894706113,0.9685223809903944,-4.261752053887175,-510.48228658984743,404.8249910230782,705.3307723954864,87.0898753590833,18.69942324949031,-0.13200304180674038,404.82499264208724,384.7501942880209,363.0747977793474,-8.78053753222406,323.5599999999971,0.9851455156154226,393.53073182024497,23.98919235991827,5.185331137547254,599.6115994382308,0.004007774026499433,2.1939978694263118e-05,False,True,RELEASE,RELEASED,
4.690000000002804,SLOWDOWN_1,0.19951037195636898,1143.1102282185159,36.31488541360188,-0.04925773109223829,273.1290905241071,1.7164308617568458,-0.8552421008800462,1.4881854226115887,0.9680181038013281,-4.2621208970398055,-510.2023952948547,404.59234135140343,704.0210296942578,87.09149979014676,18.649875022631473,-0.13132086932836273,404.59234296813554,384.5007623300953,362.5604299606161,-8.7657400469472,322.9599999999971,0.9872794312878042,393.2665023770425,23.98919651845106,5.1833368392193595,599.6117443774876,0.003981266242216286,2.194556512336021e-05,False,True,RELEASE,RELEASED,
4.700000000002781,SLOWDOWN_1,0.19938309342560692,1142.3809759549868,36.288542015118274,-0.0493495674006927,272.76656789421554,1.716067785542608,-0.8558827691286867,1.4873981746949012,0.9675158654547825,-4.262490354468332,-509.9211075424246,404.3580091903489,702.7146549582644,87.09333851574992,18.600400140197433,-0.1306403038736903,404.3580108047977,384.2497422355863,362.04619948595064,-8.750952586266408,322.35999999999706,0.989416781719058,393.00069482185273,23.989200650231258,5.181355369887297,599.6118883666322,0.003954835334265994,2.195212670130786e-05,False,True,RELEASE,RELEASED,
4.710000000002758,SLOWDOWN_1,0.19925526154744627,1141.648553244403,36.262096887970586,-0.049441566834421136,272.40410096338957,1.7157082976688782,-0.8565213985007525,1.486615638489033,0.9670156672454849,-4.262860411443185,-509.63841973341977,404.1219931221176,701.4116353476832,87.09538941890419,18.55099855541814,-0.1299613630183103,404.12199473431326,383.99713310352115,361.5321063385018,-8.736175101465847,321.75999999999704,0.9915575663566911,392.733308204987,23.989204755333123,5.179386693951897,599.6120314083471,0.003928482106578812,2.1957442015718698e-05,False,True,RELEASE,RELEASED,
4.7200000000027345,SLOWDOWN_1,0.1991268758304184,1140.9129572708573,36.235549978922734,-0.04953372947698825,272.04168961437426,1.7153523797583485,-0.8571579779579527,1.485837806614727,0.9665175103793721,-4.263231053164632,-509.35432833593853,403.88429179641577,700.1119579830438,87.09765038168683,18.501670222060888,-0.12928406422446415,403.88429340634434,383.7429340967226,361.01815050419793,-8.721407543209978,321.159999999997,0.9937017847144838,392.46434163993257,23.98920883383102,5.177430775764009,599.6121735053414,0.003902207513363898,2.196269710452725e-05,False,True,RELEASE,RELEASED,
4.730000000002711,SLOWDOWN_1,0.1989979379180661,1140.1741974511558,36.20892418088437,-0.049625401512742265,271.67948144550905,1.714998836271165,-0.8577907146002743,1.4850643414872635,0.9660213997083036,-4.263594247766185,-509.0678780548794,403.6442848783602,698.8158345795501,87.09994240012725,18.45243515962518,-0.1287843832336648,403.6442864805918,383.48659216024697,360.50456966823697,-8.691997349868245,320.559999999997,0.9958095155500469,392.1785895101152,23.989212885801514,5.175487578618253,599.6123146635646,0.0038767469886868966,2.1968382924342222e-05,False,True,RELEASE,RELEASED,
4.740000000002688,SLOWDOWN_1,0.19886861480971918,1139.4332306209767,36.18256000125812,-0.04970758525779369,271.32025531505315,1.714612751740378,-0.8583648912879448,1.4842865632467825,0.9655275611638007,-4.263708939496251,-508.75073444966165,403.38039815000377,697.5263211812081,87.09696220677374,18.40367023605641,-0.13029614317184723,403.3803996880309,383.2086254081603,359.99622760526455,-8.507251532894145,319.95999999999697,0.9974455907598002,391.71587694105443,23.989216911687887,5.173556889943501,599.6124551231794,0.003871249572940272,2.1973670101260723e-05,False,True,RELEASE,RELEASED,
4.7500000000026645,SLOWDOWN_1,0.19873992912844285,1138.6959159788867,36.156902240294414,-0.04977274547401863,270.9694301477422,1.7141120179890326,-0.8587451691475507,1.4834880332109786,0.9650372930343113,-4.262991839546062,-508.3360176399088,403.0372921669361,696.2496225287928,87.07599338282014,18.356108018648037,-0.1333759284971734,403.037293591499,382.8589036029685,359.5031358137509,-8.17826515607885,319.35999999999694,0.9984506724783656,391.03716875904735,23.989220915526165,5.171636774198766,599.6125961857233,0.003920538268761931,2.1977641239345758e-05,False,True,RELEASE,RELEASED,
4.760000000002641,SLOWDOWN_1,0.198613683723357,1137.9725830894529,36.13210177993852,-0.04982598763120272,270.6299301956181,1.7134772801789402,-0.8588951679087827,1.4826676904257283,0.9645526334927755,-4.261297740101075,-507.81122496209457,402.60263438132006,694.9927539246105,87.03385305962294,18.310139779421288,-0.13540225826943697,402.60263568671644,382.4264555516363,359.0300120985635,-7.820265581766876,318.7599999999969,0.9990602853561917,390.2467211334032,23.989224909457196,5.169721409021893,599.6127398216188,0.004021657945431301,2.197958764327268e-05,False,True,RELEASE,RELEASED,
4.770000000002618,SLOWDOWN_1,0.1984915162241759,1137.2726148797785,36.10830223693625,-0.04987176948687884,270.30280879279275,1.7127396305116913,-0.8588689604863443,1.481830338007166,0.9640748863759359,-4.258864504430007,-507.20908372658135,402.10372245995393,693.7606577717825,86.97546218180113,18.265902110318276,-0.13600302549275511,402.10372365384256,381.93641376075163,358.57730827990696,-7.470862411796304,318.1599999999969,0.999430034257149,389.40727617254794,23.98922891249543,5.167801675672154,599.6128875749916,0.004155645126119545,2.197937502046443e-05,False,True,RELEASE,RELEASED,
4.780000000002595,SLOWDOWN_1,0.19837456028399658,1136.6025067036526,36.08562333771023,-0.04991258898007283,269.9883360520204,1.711933976114915,-0.8587274659991013,1.4809811199726304,0.9636044048539104,-4.255955452338592,-506.5639748675675,401.56974377562346,692.5564075116789,86.90636535281728,18.223425401034675,-0.13555966190796198,401.5697448680163,381.4155498648539,358.144267069008,-7.138916212245363,317.5599999999969,0.9996542983019753,388.5544660770993,23.989232946209498,5.165867230494878,599.613040289184,0.004301699158842709,2.1977933641892378e-05,False,True,RELEASE,RELEASED,
4.790000000002571,SLOWDOWN_1,0.1982635078516081,1135.9662231356003,36.06413865952985,-0.04994995523567856,269.6864159904341,1.711088461400206,-0.8585170652310723,1.480125728255526,0.9631410339923304,-4.252770954512385,-505.90157251863417,401.0223996496474,691.3823794154328,86.83092076123803,18.182690742441377,-0.13443863469206008,401.02240065003076,380.8837340371877,357.72989496928244,-6.824887272132742,316.95999999999685,0.9997903213210333,387.70862130932045,23.989237030534394,5.163908513256483,599.6131980422904,0.0044385333478684785,2.197611266296917e-05,False,True,RELEASE,RELEASED,
4.800000000002548,SLOWDOWN_1,0.1981587333713717,1135.365909583778,36.04388410770977,-0.04998479648768265,269.396790360721,1.7102235401247052,-0.8582695592540062,1.4792693875202763,0.9626844451960066,-4.249448573549039,-505.2392081167558,400.4762392366692,690.2403035789434,86.75221443864574,18.143657664164568,-0.132903222724849,400.4762401533789,380.35426544126045,357.3332445615603,-6.5269735618038,316.35999999999683,0.9998728234525183,386.88123900306425,23.989241180279127,5.161918421984324,599.6133601947095,0.004548139144931795,2.1974621432718777e-05,False,True,RELEASE,RELEASED,
4.810000000002525,SLOWDOWN_1,0.19806039898600142,1134.802495057505,36.0248692758211,-0.050017684884104074,269.11913378050497,1.7093531124202253,-0.8580057010438398,1.4784161389530963,0.9622342877336261,-4.246078028081961,-504.5879450205644,399.94049256745757,689.1311772325491,86.6723060379859,18.106277041692337,-0.1311306265712915,399.94049340770664,379.8355629883753,356.9534804147747,-6.243099967707735,315.7599999999968,0.9999228635247559,386.078662956083,23.989245402846002,5.159893406719559,599.6135255597196,0.004618356109856059,2.1971954055288734e-05,False,True,RELEASE,RELEASED,
4.820000000002501,SLOWDOWN_1,0.19796853085961189,1134.2761294661157,36.007086465147374,-0.050048977223807,268.8530967436718,1.7084861578056647,-0.8577385933544044,1.4775687655347787,0.9617902393925251,-4.2427157509791,-503.95452244576035,399.4207491122727,688.0553443290707,86.59251227050923,18.070496907165545,-0.12923584418712153,399.4207498823685,379.3327081959239,356.5898755142715,-5.971504618992299,315.1599999999968,0.9999532143627824,385.3042128149162,23.98924969739083,5.157833872278026,599.6136926273407,0.004643392387244205,2.1968755106627214e-05,False,True,RELEASE,RELEASED,
4.830000000002478,SLOWDOWN_1,0.19788307095180344,1133.7864802626154,35.99051719115465,-0.05007889924707246,268.5983249970842,1.7076282368886853,-0.8574762870311302,1.476729024770241,0.9613520157282248,-4.239396132306196,-503.3428353851689,398.9202165689734,687.0126571251135,86.51364517891062,18.03626504780982,-0.12729141052534487,398.92021727449213,378.84860057749427,356.24178988254846,-5.710828495493274,314.55999999999676,0.9999716230765937,384.55942907298754,23.989254055263583,5.155743966915049,599.6138597817198,0.004623110774396366,2.196279498889453e-05,False,True,RELEASE,RELEASED,
4.840000000002455,SLOWDOWN_1,0.19780391076971357,1133.3329258286917,35.9751364431394,-0.05010760011986261,268.3544682809667,1.7067826478603825,-0.8572235938897937,1.4758979358736037,0.9609193656973827,-4.236139412525928,-502.75496541800726,398.4405897291448,686.0026347164542,86.43618751683996,18.0035301615901,-0.1253419895659249,398.44059037510516,378.3847545300691,355.90864907218054,-5.460052410321737,313.95999999999674,0.9999827885259259,383.8448069403908,23.989258461376565,5.153630926209009,599.6140254819871,0.004561795751133246,2.1958929210086353e-05,False,True,RELEASE,RELEASED,
4.8500000000024315,SLOWDOWN_1,0.19773091280870936,1132.9146783208316,35.96091562411543,-0.05013518024468551,268.12118422599923,1.7059512382193724,-0.8569832892503567,1.4750760214740966,0.9604920645005005,-4.23295693717658,-502.1918634407302,397.9826227468683,685.0245869914231,86.36041278350947,17.97224235768806,-0.12341444733567641,397.9826233378467,377.94182393959085,355.58992728005876,-5.2184075628840105,313.3599999999967,0.9999895607132748,383.16023150247486,23.989262896114628,5.151504156981044,599.614188395896,0.004466789437048924,2.1954196370188583e-05,False,True,RELEASE,RELEASED,
4.860000000002408,SLOWDOWN_1,0.19766392392982304,1132.5308603173817,35.94782426809101,-0.05016171203317181,267.8981400101666,1.705134945226531,-0.8567568855728689,1.4742634840679472,0.9600699071893237,-4.229854544185199,-501.65378811362365,397.5464953156362,684.0777017755097,86.28646393832305,17.94235335522671,-0.12152449556401734,397.5464958557933,377.5199377400699,355.2851353126158,-4.985299027437122,312.7599999999967,0.9999936682525356,382.50523676750703,23.989267337446854,5.14937422460004,599.6143474854784,0.0043471867979185674,2.1949798792775255e-05,False,True,RELEASE,RELEASED,
4.870000000002385,SLOWDOWN_1,0.19760278359211325,1132.1805519865043,35.93583118338581,-0.05018725016527474,267.6850129647912,1.7043341445208386,-0.8565451206505722,1.4734603260587902,0.959652703829045,-4.226834703532455,-501.14058192105466,397.13204264735623,683.161102596815,86.21440367895997,17.91381654149011,-0.11968094675148677,397.1320431405287,377.1189105992121,354.9938123857312,-4.760249590931437,312.15999999999667,0.9999961596010326,381.8791601901435,23.989271762970663,5.147251872687184,599.6145020487688,0.0042126860664986054,2.1944450111277547e-05,False,True,RELEASE,RELEASED,
4.880000000002362,SLOWDOWN_1,0.19754732885647847,1131.8628197559153,35.924905149940614,-0.050211837750471625,267.4814906830224,1.7035488705448405,-0.8563482618227675,1.4726664282205004,0.9592402760906992,-4.223897850989589,-500.65184269536775,396.73889810023996,682.2738855775696,86.14424601910599,17.886586964502953,-0.11788838848286787,396.7388985500052,376.7383735413038,354.71552064363027,-4.542861317036682,311.55999999999665,0.9999976706802808,381.2812348583405,23.989276151695698,5.145147167616672,599.6146517241341,0.004072644249215607,2.1939125019798666e-05,False,True,RELEASE,RELEASED,
4.890000000002338,SLOWDOWN_1,0.1974973973860065,1131.5767335036228,35.915015285897354,-0.050235511522442794,267.2872708926578,1.7027789540900033,-0.8561662939341951,1.47188159972969,0.9588324549317885,-4.221043211990996,-500.1870291732546,396.3665808230372,681.4151423555572,86.07597589859627,17.860621295311255,-0.11614884368987077,396.36658123269785,376.3778541862643,354.4498415040764,-4.332790192808432,310.9599999999966,0.9999985871961743,380.71064437907273,23.989280485446194,5.1430688259811,599.6147964649906,0.003935360665865417,2.1933569030352373e-05,False,True,RELEASE,RELEASED,
4.900000000002315,SLOWDOWN_1,0.1974528292127607,1131.3213766808638,35.90613130956205,-0.05025830354455842,267.1020612192131,1.702024107335134,-0.855999034765351,1.4711056095436346,0.9584290790391751,-4.2182693072179696,-499.74552545492406,396.0145492066751,680.5839739743768,86.00956126431089,17.83587777688807,-0.11446279294983697,396.014549579289,376.03682566258095,354.19637319417586,-4.1297297324165925,310.3599999999966,0.9999991430911637,380.16655539499754,23.989284749823206,5.141023753134255,599.6149364931496,0.003807591997768256,2.1928844546437176e-05,False,True,RELEASE,RELEASED,
4.910000000002292,SLOWDOWN_1,0.19741346774952487,1131.0958521089763,35.89822366948359,-0.0502802427617051,266.9255789005981,1.7012839760521266,-0.8558462055911895,1.4703382058379957,0.9580299937830532,-4.215574261225799,-499.32668007853584,395.68223324457665,679.7794990618946,85.9449604664446,17.812316167854856,-0.11282980033990953,395.6822335830018,375.71473620046277,353.95472904956796,-3.933400470104118,309.7599999999966,0.9999994802585177,379.6481366705669,23.989288934719816,5.139016796099803,599.615072238832,0.0036942868296447884,2.1923160772985284e-05,False,True,RELEASE,RELEASED,
4.920000000002268,SLOWDOWN_1,0.19737916034175107,1130.899285141829,35.89126359016081,-0.05030135657845942,266.7575504835579,1.7005581714581999,-0.8557074741360453,1.4695791279209725,0.9576350505050213,-4.212955989917796,-498.9298295080351,395.36905395644976,679.0008584497702,85.88212676158972,17.789897684996987,-0.11124889500126756,395.3690542633329,375.41102687692694,353.7245362990929,-3.743543235062077,309.15999999999656,0.9999996847608561,379.154570111989,23.98929303442288,5.137050694780899,599.6152042747678,0.0035985153870843334,2.191875444168545e-05,False,True,RELEASE,RELEASED,
4.930000000002245,SLOWDOWN_1,0.19734975854094922,1130.730825232226,35.88522313926297,-0.05032167032847903,266.5977115167492,1.6998462895251587,-0.8555824806136825,1.4688281134562304,0.9572441060213177,-4.210412313802092,-498.5543120920092,395.0744349103523,678.2472176007282,85.82101103813528,17.768584946491963,-0.10971880297097414,395.0744351881585,375.125142125576,353.5054351576901,-3.55991482059153,308.55999999999653,0.9999998087977944,378.68505694616755,23.989297047363344,5.135126201691276,599.6153332507465,0.0035215613625991793,2.1914371075126837e-05,False,True,RELEASE,RELEASED,
4.940000000002222,SLOWDOWN_1,0.19732511821038123,1130.5896465374908,35.880075198243915,-0.05034120867991324,266.4458062476984,1.6991479225911137,-0.8554708534312454,1.4680849027816185,0.9568570222634704,-4.207941025920106,-498.1994762171986,394.7978089346504,677.5177676989139,85.76156345337895,17.748341916746508,-0.1082380875780018,394.79780918567764,374.85653584279225,353.29707811584586,-3.3822851570711236,307.9599999999965,0.9999998840300001,378.2388209998634,23.989300975594915,5.133242331976276,599.6154598337146,0.003463137447160314,2.1909439226419636e-05,False,True,RELEASE,RELEASED,
4.950000000002198,SLOWDOWN_1,0.19730509953069106,1130.4749479517236,35.87579349314479,-0.05035999474848944,266.3015873270886,1.6984626662630147,-0.8553722185905723,1.4673492414393756,0.9564736660064138,-4.205539932155856,-497.8646849365842,394.53862191124773,676.8117259336798,85.70373440626915,17.729133853231755,-0.10680523416749566,394.5386221376202,374.604674822787,353.0991293557468,-3.2104354255331486,307.3599999999965,0.9999999296606396,377.81511024832014,23.989304824088293,5.131396701864143,599.615584657105,0.003421684413194015,2.1904932225425e-05,False,True,RELEASE,RELEASED,
4.960000000002175,SLOWDOWN_1,0.19728956694664043,1130.3859528006203,35.87235252864573,-0.05037805173027995,266.16481552189686,1.6977901234460084,-0.8552862052529918,1.4666208816100872,0.9560939086523421,-4.203206874751326,-497.54931846409863,394.29633480402356,676.1283353036757,85.64747510557208,17.710927255451352,-0.10541870094630212,394.2963350077345,374.3690405783256,352.9112642506347,-3.04415675944,306.75999999999647,0.9999999573370217,377.4131973377656,23.98930859992736,5.129585914157228,599.6157082816571,0.003394714960445633,2.1899234070588136e-05,False,True,RELEASE,RELEASED,
4.970000000002152,SLOWDOWN_1,0.1972783890799501,1130.3219083420888,35.86972763385254,-0.050395401084053444,266.03525943793517,1.6971299066236052,-0.8552124489727121,1.4658995828767887,0.9557176260502905,-4.200939745631704,-497.2527753840947,394.0704246251619,675.4668641411885,85.59273789221228,17.693689816052373,-0.10407694933087441,394.0704248080674,374.14913019036857,352.7331689203051,-2.883249315693547,306.15999999999644,0.999999974123596,377.0323795060621,23.989312311486007,5.127805953001694,599.61583116873,0.0033791673927696664,2.1894428414270806e-05,False,True,RELEASE,RELEASED,
4.9800000000021285,SLOWDOWN_1,0.19727143862340815,1130.2820851595345,35.86789488440504,-0.050412064235722774,265.912695251879,1.6964816390766244,-0.8551505935162214,1.4651851125823538,0.9553446983389118,-4.198736493564574,-496.9744730916527,393.8603847666283,674.8266054791377,85.53947641274677,17.67739037402967,-0.1027784617490397,393.86038493043714,373.9444565780044,352.5645398258994,-2.7275215788228024,305.5599999999964,0.9999999843051676,376.6719781568272,23.989315967651827,5.126052556178244,599.6159536658834,0.0033717399606931764,2.188953527593185e-05,False,True,RELEASE,RELEASED,
4.990000000002105,SLOWDOWN_1,0.1972685922253906,1130.2657765002125,35.86683109531788,-0.05042806216182974,265.79690645263025,1.695844955460203,-0.8551002918262374,1.4644772459408517,0.9549750098046108,-4.19659512760119,-496.7138477770921,393.66572495613764,674.2068763347181,85.48764570298101,17.66199886994707,-0.1015217519738485,393.6657251024504,373.7545484260239,352.40508339345354,-2.576789814398012,304.9599999999964,0.9999999904806026,376.3313382404219,23.989319577147516,5.124321540546473,599.6160760036485,0.003369183582948132,2.1884092575419345e-05,False,True,RELEASE,RELEASED,
5.000000000002082,SLOWDOWN_1,0.19726973037030296,1130.2722975902077,35.8665138245009,-0.05044341463903619,265.68768359175533,1.695219501995146,-0.8550612064701081,1.463775766001936,0.9546084487501556,-4.194513718288892,-496.4703541448319,393.48597099484437,673.6070169546736,85.4372022177241,17.647486303088176,-0.10030537082428737,393.4859711251478,373.57894991393704,352.2545156595678,-2.4308776197723887,304.3599999999964,0.999999994226194,376.0098275337094,23.989323147984223,5.122609064193631,599.616198301733,0.0033685379233565627,2.1878886627746397e-05,False,True,RELEASE,RELEASED,
5.010000000002059,SLOWDOWN_1,0.19727473725822636,1130.3009849448586,35.86692131442515,-0.05045814130160461,265.5848240427004,1.6946049364291846,-0.8550330097792599,1.4630804635282306,0.9542449073707324,-4.1924903975588865,-496.2434649816398,393.3206643718419,673.0263900489056,85.38810382850768,17.63382469044804,-0.09912790915774394,393.3206644875219,373.4172203335596,352.11256193496007,-2.2896155398128144,303.75999999999635,0.9999999964980095,375.7068358733724,23.989326687064953,5.120911816642255,599.6163205824728,0.0033673029095400153,2.1873432729080378e-05,False,True,RELEASE,RELEASED,
5.020000000002035,SLOWDOWN_1,0.19728350068570838,1130.3511956857371,35.868032484788486,-0.050472261212093125,265.48813176846994,1.6940009278631984,-0.8550153838052778,1.4623911368227351,0.9538842816355612,-4.1905233578384085,-496.03267064375433,393.1693618128538,672.4643800284093,85.34030980257643,17.62098702747812,-0.09798799915370182,393.16936191518283,373.2689336475188,351.97895648315205,-2.152840727693217,303.15999999999633,0.999999997875935,375.421774375212,23.98933019994124,5.119227135539852,599.6164427892068,0.0033635441925952136,2.1868588760298735e-05,False,True,RELEASE,RELEASED,
5.030000000002012,SLOWDOWN_1,0.19729591192881962,1130.4223068706156,35.86982692011956,-0.05048579259295348,265.3974170974635,1.6934071565001765,-0.8550080201687936,1.4617075915288436,0.9535264711739007,-4.188610850719909,-495.83747850464005,393.0316347975667,671.9203922568814,85.29378077120575,17.60894725050126,-0.09688431463376901,393.03163488774413,373.1336780203107,351.85344221245197,-2.0203966380449856,302.5599999999963,0.9999999987116897,375.1540746583557,23.989333690714172,5.117553054121337,599.6165648072879,0.0033559363594104497,2.1863563517854345e-05,False,True,RELEASE,RELEASED,
5.040000000001989,SLOWDOWN_1,0.19731186562910408,1130.5137148400074,35.872284835707674,-0.05049875320894097,265.3124965071638,1.692823313351591,-0.8550106198473643,1.4610296404162666,0.9531713791647118,-4.186751185388237,-495.65741238828963,392.90706906613826,671.3938523210251,85.24847869220014,17.597680200715956,-0.09581557076188574,392.9070691452738,373.0110553404537,351.7357703799617,-1.8921327447339422,301.9599999999963,0.9999999992186005,374.90318808518765,23.989337162061346,5.115888288296282,599.6166864856448,0.003343751835490849,2.185821023203971e-05,False,True,RELEASE,RELEASED,
5.050000000001965,SLOWDOWN_1,0.19733125968275173,1130.6248345821734,35.87538704490517,-0.05051116072696488,265.23319241539315,1.6922490999226503,-0.855022892930353,1.4603571031614253,0.9528189122295293,-4.1849427269276145,-495.49201200287774,392.79526412705,670.8842053224774,85.20436680953503,17.58716158971524,-0.0947805234204111,392.7952641961642,372.9006807450367,351.6257003066918,-1.7679042779112137,301.35999999999626,0.999999999526057,374.6685850229479,23.98934061536496,5.114232175202946,599.6168076571337,0.003326806117135206,2.1852582619885652e-05,False,True,RELEASE,RELEASED,
5.060000000001942,SLOWDOWN_1,0.19735399513314422,1130.7550991174553,35.888500691196164,-0.050248294337208836,265.1593329788596,1.691684227888996,-0.8550445583576052,1.4596898061271226,0.9524689803282498,-4.183183894580777,-495.3408323832852,392.69583277329514,670.3909151925682,85.16140961189302,17.577367966448442,-0.09377796835076424,392.695832833352,372.8021821528491,351.5229991030902,-1.6475719771813715,300.75999999999624,0.999999999712539,374.4497541300305,23.98934405091316,5.11258457666477,599.6169281563803,0.003305371414715097,2.1847433515631565e-05,False,True,RELEASE,RELEASED,
5.070000000001919,SLOWDOWN_1,0.1973799760668119,1130.903958902152,35.89287616463705,-0.050258509715417295,265.09075189872505,1.6911284187725693,-0.8550753436520443,1.459027582144542,0.9521214966576539,-4.18147316000383,-495.20344334734335,392.60840061084735,669.9134640303471,85.11957279114431,17.56827668555785,-0.09280674020476454,392.60840066272743,372.71519980973443,351.4274414044274,-1.5310018585362855,300.1599999999962,0.9999999998256462,374.2462016682707,23.989347468145972,5.1109457612356985,599.6170478341596,0.003280071018223474,2.1842427145202237e-05,False,True,RELEASE,RELEASED,
5.080000000001895,SLOWDOWN_1,0.19740730330026485,1131.0605324164144,35.89438327259958,-0.050359814260804076,265.0325658633184,1.6920655072109796,-0.855449600319266,1.4598944009779466,0.9518548800160139,-4.183127881633628,-495.4679966840664,392.6940275919409,670.1643345966763,85.22030265632915,17.560565242023557,-0.006898806227241039,392.69402762777656,372.7876094415851,351.3399582538141,-1.2722882939843316,300.0,0.9999999998942488,374.05989773556945,23.989350812937563,5.1093416862680305,599.617125144485,-6.122886384041237e-05,2.1839288137925905e-05,False,True,RELEASE,RELEASED,
5.090000000001872,SLOWDOWN_1,0.1974263351358178,1131.1695768017714,35.8967060588577,-0.05039310565808799,265.00523380020985,1.6938293686831505,-0.856603427866627,1.4612626381252294,0.9517382979771654,-4.188617439134473,-496.166034176576,393.1831399238493,670.7232467448655,85.41761154456731,17.556943485375974,0.008339222782296929,393.18313993475454,373.2322832686875,351.28086435143956,-0.7017944633716979,300.0,0.9999999999358586,373.9340777320592,23.989353535454843,5.10803603752855,599.6170428096511,-0.004233939409838072,2.184297278517988e-05,False,True,RELEASE,RELEASED,
5.100000000001849,SLOWDOWN_1,0.19743687738232862,1131.229979424937,35.89866672125028,-0.05039182300634349,264.993014240465,1.6947154178621435,-0.8573354147576668,1.4618605727435017,0.9516803976006752,-4.191899639403239,-496.5813450623309,393.50097834130486,670.9667601165709,85.52284956006956,17.555324399061828,0.002192761895003059,393.5009783439796,373.52178601636837,351.25047198017137,-0.3475899275508141,300.0,0.9999999999610961,373.8693759439192,23.989355039850313,5.107314568317526,599.6168532628294,-0.006194139120691666,2.1843879721927806e-05,False,True,RELEASE,RELEASED,
5.1100000000018255,SLOWDOWN_1,0.19744307965234953,1131.265515814497,35.89984625880632,-0.050390306835919156,264.9867033334684,1.6950933459454125,-0.8576850252815662,1.462093652566816,0.951645535347475,-4.193399321062108,-496.77460569754453,393.65206786315406,671.0577575416705,85.5694459317343,17.554488235884904,-0.001396333231070912,393.6520678638574,373.65934779104686,351.2353001277095,-0.17773115710815546,300.0,0.9999999999764035,373.837078948155,23.98935518543625,5.10724474905768,599.6166205658715,-0.006768112505220358,2.1841572049652314e-05,False,True,RELEASE,RELEASED,
5.120000000001802,SLOWDOWN_1,0.19744735097593646,1131.2899886959433,35.900635543883425,-0.05038993651714262,264.9831118058015,1.6952502456381242,-0.8578483902486294,1.4621797203777498,0.9516207699155682,-4.194050137538666,-496.86245371036284,393.72171112822275,671.088164328503,85.58966712715376,17.55401238557148,-0.0029369305856334904,393.72171112843364,373.7226841854079,351.227321005967,-0.09740981235887602,300.0,0.999999999985688,373.8200939977668,23.98935410936194,5.107760806519781,599.616383455316,-0.006492425145169456,2.1838754094005708e-05,False,True,RELEASE,RELEASED,
5.130000000001779,SLOWDOWN_1,0.19745079809838417,1131.3097392527154,35.90126075093514,-0.050389982217404976,264.9808886762548,1.6953100734055957,-0.8579271262081604,1.4622028898571817,0.9516006803283137,-4.194317849139902,-496.902844074583,393.7545446045991,671.0931679709453,85.59817082439619,17.553717840914437,-0.0035891953263558207,393.7545446046712,373.75248962968163,351.2227938106387,-0.057967616014195755,300.0,0.9999999999913196,373.81045724569583,23.989352078717044,5.108734651265583,599.6161664666548,-0.0056667821909952565,2.1835884183474263e-05,False,True,RELEASE,RELEASED,
5.140000000001756,SLOWDOWN_1,0.19745392145362262,1131.3276347600236,35.901822209004216,-0.05039017070307676,264.97940938503586,1.6953262493971875,-0.8579672872432278,1.4621980802598638,0.951582844984641,-4.194411752779286,-496.92182926645955,393.77077863753937,671.0872141014565,85.60137956392765,17.553521849510606,-0.0038507845179651667,393.77077863757046,373.76718744905185,351.22000634141904,-0.037336350393559314,300.0,0.9999999999947351,373.8045237994454,23.989349411370835,5.110013841235867,599.6159852219355,-0.004504962324449302,2.1831975516306557e-05,False,True,RELEASE,RELEASED,
5.150000000001732,SLOWDOWN_1,0.19745694799439711,1131.344975561314,35.90236438109593,-0.05039040841649373,264.97838132373437,1.6953227303526108,-0.8579898669098388,1.4621807509094997,0.9515661611652998,-4.194427016724859,-496.93125438464074,393.7796139682142,671.0766570223392,85.60219005207264,17.553385642236602,-0.003935277882703758,393.779613968228,373.77516381700735,351.21816719025867,-0.02544516508567085,300.0,0.9999999999968076,373.800608982093,23.9893464279894,5.111444593156091,599.6158485339802,-0.0031792774072192387,2.1828990270478243e-05,False,True,RELEASE,RELEASED,
5.160000000001709,SLOWDOWN_1,0.1974599797504686,1131.3623462440548,35.90290716782305,-0.05039065588353051,264.97766574080896,1.6953104361174103,-0.8580045050527461,1.4621579066974253,0.9515501221883843,-4.194407283739682,-496.9365463874734,393.7852687989358,671.0643602971979,85.60192600106697,17.55329083536197,-0.003939247889718445,393.78526879894247,373.7802629747843,351.21690688451105,-0.017663332138340593,300.0,0.9999999999980638,373.79792630692265,23.989343420627126,5.112886845301051,599.6157596506882,-0.0018311473174037474,2.1825009980602772e-05,False,True,RELEASE,RELEASED,
5.170000000001686,SLOWDOWN_1,0.19746306142076392,1131.3800029142321,35.903459233327666,-0.05039089739856206,264.97719493313,1.6952943658865138,-0.8580156311668583,1.4621327448901118,0.9515344932542144,-4.194372587928024,-496.9401911709599,393.78967550234336,671.0516198505678,85.60119419569872,17.553228458657504,-0.0039069857404001596,393.7896755023436,373.7842455485506,351.2160501874552,-0.011857206395404774,300.0,0.9999999999988255,373.796102754946,23.989340632665545,5.114223878299395,599.6157173150405,-0.0005726322904626713,2.182043886023166e-05,False,True,RELEASE,RELEASED,
5.180000000001662,SLOWDOWN_1,0.19746621140486398,1131.398050993679,35.90402419010043,-0.05039112515009898,264.97693401585724,1.69527680906812,-0.8580252773041798,1.4621067275925077,0.9515191641868647,-4.194332109665656,-496.94332264166854,393.7937148748325,671.0390183505303,85.60027270720377,17.55319389011099,-0.0038588304797713135,393.7937148748347,373.78791363599584,351.21551141025805,-0.00704228849269839,300.0,0.9999999999992875,373.79495592448853,23.989338247664758,5.115367661658887,599.6157168124787,0.0005138333395455774,2.1816594653500943e-05,False,True,RELEASE,RELEASED,
5.190000000001639,SLOWDOWN_1,0.19746943607245537,1131.4165269780108,35.904603269952574,-0.05039133698385449,264.9768633225313,1.6952588114784102,-0.858034372438067,1.4620805222729714,0.9515040821030105,-4.194290037759462,-496.94645308840705,393.79778405694543,671.0268123034621,85.59928862152255,17.553184524061862,-0.003804114122658575,393.797784056948,373.7916284892087,351.2152462293534,-0.002762977130885247,300.0,0.999999999999568,373.79439146633956,23.98933638552005,5.11626069689993,599.6157510192925,0.001375037002434354,2.1812101806517603e-05,False,True,RELEASE,RELEASED,
5.200000000001616,SLOWDOWN_1,0.19747273632624038,1131.435436039331,35.905196684852235,-0.05039153150093876,264.97697030434745,1.6952408475366605,-0.8580433381069043,1.4620544316430817,0.9514892205197145,-4.194248265470807,-496.94980908846463,393.8020578747169,671.0151088361004,85.59829962290074,17.55319869791776,-0.0037471070713763766,393.80205787471795,373.7955487367132,351.21522951176587,0.0011928549859021587,300.0,0.9999999999997378,373.7943558817273,23.989335104512694,5.116875033991126,599.6158114121479,0.0019851597766260554,2.1808993949434807e-05,False,True,RELEASE,RELEASED,
5.2100000000015925,SLOWDOWN_1,0.19747611061664483,1131.4547692992337,35.905804141597855,-0.05039170903700999,264.97724579288615,1.6952231291027584,-0.8580523626779154,1.4620285908106563,0.9514745651508413,-4.194207631413162,-496.9534861020729,393.80660916223957,671.0039467154431,85.59733150395428,17.553235196995907,-0.0036897611192898694,393.8066091622417,373.7997400606969,351.2154450947625,0.004925293749920456,300.0,0.9999999999998408,373.79481476694696,23.98933440785696,5.117209131543995,599.6158889868709,0.0023425181287475283,2.1804594666718913e-05,False,True,RELEASE,RELEASED,
5.220000000001569,SLOWDOWN_1,0.1974795563318309,1131.4745117929904,35.90642519111476,-0.05039186883742837,264.9776822869425,1.695205747327498,-0.8580615271429546,1.4620030579343133,0.9514601073810116,-4.1941684888802,-496.9575194190045,393.8114639507647,670.9933336163722,85.59639538739307,17.55329302753997,-0.0036329466934148513,393.81146395076934,373.8042255033701,351.21588109950824,0.008482665515600729,300.0,0.9999999999999034,373.7957428378545,23.989334253348975,5.1172832294590025,599.6159750409163,0.0024652004561440677,2.1803053073199408e-05,False,True,RELEASE,RELEASED,
5.230000000001546,SLOWDOWN_1,0.19748307043165528,1131.4946461018628,35.907059230468995,-0.05039201237039868,264.97827315266306,1.6951887380650228,-0.858070863463795,1.4619778558298968,0.9514458412542294,-4.194130969584316,-496.9619169996037,393.81662705793804,670.9832631913147,85.59549568146984,17.553371310741838,-0.003577050548074112,393.8166270579422,373.8090087916355,351.21652775019083,0.011889504079931612,300.0,0.9999999999999415,373.7971192875556,23.989334564781135,5.117133874887159,599.6160617880739,0.0023860491957057306,2.1798483999191376e-05,False,True,RELEASE,RELEASED,
5.2400000000015226,SLOWDOWN_1,0.19748664973894428,1131.5151540219867,35.907705677754414,-0.05039213976011506,264.97901225514516,1.6951721118678895,-0.8580803811293521,1.4619529911647458,0.9514317620890261,-4.194095103880104,-496.9666744510747,393.8220937288513,670.9737229464346,85.59463371998892,17.553469233928094,-0.0035222316934095943,393.8220937288554,373.81408494748894,351.2173763753576,0.01515928692754187,300.0,0.9999999999999647,373.7989256605614,23.98933524391199,5.116808181795213,599.6161427904328,0.0021474523340332397,2.1794552594656125e-05,False,True,RELEASE,RELEASED,
5.250000000001499,SLOWDOWN_1,0.1974902910716139,1131.536017321364,35.90836393454252,-0.050392251588000384,264.9798937857715,1.6951558678201097,-0.8580900794663897,1.4619284632725071,0.9514178658396777,-4.1940608764292024,-496.97178195484275,393.82785502945404,670.9646978498472,85.59380944351935,17.55358602767969,-0.003468545811074364,393.8278550294625,373.81944520369984,351.2184189423614,0.01830034197502073,300.0,0.9999999999999768,373.8011448617248,23.98933618196696,5.116358315558726,599.616213208365,0.0017963602081172425,2.1791833034967567e-05,False,True,RELEASE,RELEASED,
5.260000000001476,SLOWDOWN_1,0.19749399130170034,1131.557218078082,35.90903340942806,-0.05039234851787749,264.98091217973564,1.6951399998918748,-0.8580999532884376,1.461904268206303,0.951404148800636,-4.1940282517441085,-496.97722744142186,393.8339003165472,670.9561719828775,85.59302217150224,17.5537209549012,-0.003416001529785717,393.83390031656063,373.82507925465836,351.2196478392427,0.021318562779015338,300.0,0.9999999999999879,373.80376069187935,23.989337269870386,5.115836585937815,599.616269882637,0.001379860294184354,2.178768033900269e-05,False,True,RELEASE,RELEASED,
5.270000000001453,SLOWDOWN_1,0.19749774738082865,1131.5787388262388,35.90971353070656,-0.050392431060582596,264.98206207526357,1.6951244998604682,-0.8581099954908536,1.4618804006025559,0.9513906074691287,-4.193997185919371,-496.98299804436607,393.8402183681659,670.9481292921139,85.5922709570963,17.553873305414715,-0.0033645863132960585,393.8402183681763,373.8309762861783,351.22105577052366,0.024218660239171186,300.0,0.9999999999999889,373.80675762593916,23.989338406653154,5.115291415032458,599.6163112728689,0.000941544279798201,2.1784447653772077e-05,False,True,RELEASE,RELEASED,
5.280000000001429,SLOWDOWN_1,0.19750155635028185,1131.6005626136352,35.91040375793006,-0.05039249928951755,264.9833382921172,1.6951093586501675,-0.8581201982406907,1.4618568545362913,0.9513772384806122,-4.193967632006698,-496.9890807624174,393.84679789770416,670.9405539274338,85.59155474994975,17.554042393108663,-0.0033142783454422897,393.84679789771917,373.8371254435629,351.222635705552,0.027004740673419292,300.0,0.9999999999999889,373.8101207028895,23.989339505720903,5.114764331200668,599.6163372830988,0.0005188007145404683,2.178159337518082e-05,False,True,RELEASE,RELEASED,
5.290000000001406,SLOWDOWN_1,0.19750541534403004,1131.622673019129,35.91110353048367,-0.05039255436092302,264.984735819055,1.6950945669445399,-0.8581305535197147,1.4618336239123948,0.9513640385777925,-4.193939542464397,-496.9954627573092,393.85362778448155,670.9334303897442,85.59087247056526,17.554227554273595,-0.003265052009737701,393.8536277844985,373.8435160412061,351.224380851148,0.02968057371856503,300.0,0.9999999999999889,373.81383546748754,23.989340498889238,5.114288033886795,599.6163490082342,0.00014107249748196438,2.177665095359771e-05,False,True,RELEASE,RELEASED,
5.300000000001383,SLOWDOWN_1,0.19750932158856674,1131.645054151699,35.91181234054408,-0.05039259637891984,264.9862498054959,1.6950801154638149,-0.858141053369875,1.46181070264315,0.9513510045951478,-4.193912870261094,-497.0021314840965,393.8606971739975,670.9267435912815,85.59022304398401,17.554428146495173,-0.0032168803811032376,393.86069717402194,373.8501376534424,351.2262846355432,0.03224971742343996,300.0,0.9999999999999889,373.81788793601896,23.989341338280184,5.113885484118938,599.6163484351166,-0.00017096206449984663,2.1773366256638838e-05,False,True,RELEASE,RELEASED,
5.310000000001359,SLOWDOWN_1,0.19751327240132266,1131.667690641355,35.91252968197467,-0.050392625881921935,264.9878755551933,1.6950659950883051,-0.8581516900019179,1.4617880847275908,0.9513381334506122,-4.193887569360639,-497.00907474458927,393.8679955183663,670.9204788759446,85.58960541476378,17.55464354781365,-0.003169736354550423,393.867995518394,373.85698015089474,351.228340697622,0.03471557755091226,300.0,0.9999999999999889,373.82226457334383,23.989341996321162,5.1135699049945424,599.616338129307,-0.00040538899358288916,2.1769129659787723e-05,False,True,RELEASE,RELEASED,
5.320000000001336,SLOWDOWN_1,0.19751726518846607,1131.6905676265362,35.913255065408116,-0.05039264338975493,264.98960852090903,1.6950521969110415,-0.8581624558410824,1.461765764285698,0.9513254221405995,-4.193863594922652,-497.0162807055546,393.87551258936253,670.9146220214402,85.58901855335411,17.554873156016154,-0.0031235931782021,393.87551258939686,373.8640337118467,351.230542878704,0.03708143648981377,300.0,0.9999999999999889,373.82695227535686,23.98934246418936,5.113345527715705,599.6163209341544,-0.0005583872841770088,2.17659891745825e-05,False,True,RELEASE,RELEASED,
5.330000000001313,SLOWDOWN_1,0.1975212974424704,1131.7136707401735,35.91398802702874,-0.05039264913385987,264.99144429961996,1.6950387122579418,-0.858173343544047,1.4617437355718317,0.95131286773659,-4.19384090337317,-497.0237379009423,393.88323847906713,670.9091592332484,85.58846145853474,17.555116387999654,-0.003078424658951917,393.8832384791012,373.87128882234356,351.2328852155935,0.039350468195323174,300.0,0.9999999999999889,373.83193835414824,23.98934274910155,5.113208891322817,599.6162997029589,-0.0006330591720828949,2.1762564927030326e-05,False,True,RELEASE,RELEASED,
5.3400000000012895,SLOWDOWN_1,0.1975253667396096,1131.7369860953395,35.91472809569944,-0.05039264400543421,264.9933786280387,1.6950255326931474,-0.8581843460026621,1.461721992978717,0.9513004673824785,-4.19381945241571,-497.03143522687304,393.89116359491527,670.9040771350535,85.58793315804705,17.55537267917578,-0.0030342052667720054,393.8911635949529,373.87873627121814,351.23536193430664,0.04152574660599839,300.0,0.9999999999999889,373.83721052461215,23.989342870865407,5.113150496576002,599.6162770787789,-0.000637941649853424,2.1758733907972783e-05,False,True,RELEASE,RELEASED,
5.350000000001266,SLOWDOWN_1,0.1975294707374673,1131.760500270977,35.915474847750914,-0.05039262793973605,264.99540737834525,1.6950126500176512,-0.8581954563417428,1.461700531037137,0.9512882182922943,-4.193799201015702,-497.0393619335069,393.89927865233517,670.8993627577404,85.58743270841343,17.5556414829038,-0.002990910145399539,393.89927865237627,373.8863671428941,351.2379674442004,0.043610250979440934,300.0,0.9999999999999889,373.84275689191463,23.989342858089955,5.113156623348286,599.6162553301133,-0.0005853708122263157,2.175610836729902e-05,False,True,RELEASE,RELEASED,
5.360000000001243,SLOWDOWN_1,0.19753360717248966,1131.7842002978782,35.91622784445333,-0.05039260173185087,264.997526554085,1.6950000562649634,-0.8582066679143509,1.4616793444136693,0.9512761177481324,-4.193780109373622,-497.0475076156858,393.9075746664821,670.8950035279192,85.58695919439818,17.55592226994575,-0.0029485151399626375,393.907574666525,373.89417280942615,351.2406963323779,0.045606869873552114,300.0,0.9999999999999889,373.8485659395526,23.989342744406738,5.113211142829667,599.6162362449572,-0.000489850867476882,2.175207072241392e-05,False,True,RELEASE,RELEASED,
5.37000000000122,SLOWDOWN_1,0.19753777385759663,1131.8080736449974,35.91698669173131,-0.05039256527753057,264.99973228620246,1.6949877436954877,-0.858217974295866,1.4616584279076354,0.9512641630982047,-4.193762138892868,-497.0558622031021,393.9160429436206,670.8909872564323,85.58651172831125,17.556214527939744,-0.00290699677111661,393.91604294366834,373.9021449221932,351.243543358304,0.04751840432828658,300.0,0.9999999999999889,373.8546265178649,23.9893425649893,5.113297186715794,599.6162210807931,-0.00036655186085265967,2.1748695360201964e-05,False,True,RELEASE,RELEASED,
5.380000000001196,SLOWDOWN_1,0.1975419686798582,1131.832108206137,35.91775097341698,-0.050392519512905215,265.002020829202,1.6949757047904688,-0.8582293692777093,1.4616377764477528,0.9512523517549789,-4.193745252146268,-497.0644159504693,393.92467507253593,670.8873021270533,85.58608944925989,17.55651776089021,-0.002866332216626688,393.9246750725906,373.91027540365917,351.2465034486033,0.04934757072493312,300.0,0.9999999999999889,373.86092783293424,23.98934235358338,5.113398571435222,599.6162105642316,-0.00023002786265013953,2.1744706032222894e-05,False,True,RELEASE,RELEASED,
5.390000000001173,SLOWDOWN_1,0.19754618959823755,1131.8562922870174,35.9185203191183,-0.050392464417644646,265.00438855742635,1.6949639322457366,-0.8582408468610082,1.4616173850885974,0.9512406811933831,-4.193729412842342,-497.0731594278352,393.93346291609566,670.8839366853941,85.58569152237777,17.55683148867385,-0.0028264993136417615,393.93346291615507,373.9185564392697,351.24957169202156,0.05109700342961787,300.0,0.9999999999999889,373.8674594358401,23.989342140183076,5.113500912605153,599.6162049313648,-9.321395028116797e-05,2.174069692273406e-05,False,True,RELEASE,RELEASED,
5.40000000000115,SLOWDOWN_1,0.1975504346413991,1131.8806145927183,35.91929435444448,-0.050392400458970255,265.0068319614456,1.6949524189656269,-0.858252401250289,1.4615972490072437,0.9512291489490702,-4.193714585791971,-497.0820835111073,393.94239860298893,670.8808798281818,85.58531713807369,17.55715524656047,-0.0027874765159481285,393.9423986030494,373.9269804695239,351.25274333454183,0.052769257281056525,300.0,0.9999999999999889,373.87421121224287,23.989341949414104,5.113592400383703,599.6162039983892,3.327161617772134e-05,2.1736789278747892e-05,False,True,RELEASE,RELEASED,
5.410000000001126,SLOWDOWN_1,0.19755470190558197,1131.9050642154928,35.92007272790133,-0.050392327793806285,265.00934764455695,1.6949411580569245,-0.858264026847357,1.4615773634998275,0.9512177526167348,-4.193700736875983,-497.09117937285254,393.95147451971695,670.8781207927784,85.58496551128522,17.55748858474842,-0.002749242898744342,393.95147451977914,373.9355401822876,351.25601377464756,0.05436681000264798,300.0,0.9999999999999889,373.88117337228493,23.989341799620192,5.113664237601732,599.6162072516097,0.00014152172023251808,2.1732865661761025e-05,False,True,RELEASE,RELEASED,
5.420000000001103,SLOWDOWN_1,0.19755898955253579,1131.9296306229423,35.92085507070619,-0.0503922474329239,265.01193231938714,1.694930142822931,-0.8582757182452877,1.4615577239781867,0.9512064898484809,-4.193687833013341,-497.1004384733274,393.9606833027881,670.8756491469989,85.58463588075031,17.55783106791386,-0.0027117781262404606,393.9606833028606,373.944228505325,351.25937855872735,0.055892064531178676,300.0,0.9999999999999889,373.8883364407938,23.989341702595507,5.113710768085249,599.6162139464395,0.00022645588650149762,2.1729195793795952e-05,False,True,RELEASE,RELEASED,
5.43000000000108,SLOWDOWN_1,0.19756329580751802,1131.9543036465413,35.92164107318118,-0.05039215899636771,265.0145828045943,1.6949193667577835,-0.8582874702225739,1.461538325966699,0.9511953583522345,-4.193675842130261,-497.1098525517738,393.9700178311327,670.8734547792772,85.58432750830389,17.558182274773294,-0.002675062436708231,393.97001783120606,373.9530385989705,351.26283337661647,0.057347351190969675,300.0,0.9999999999999889,373.89569124777955,23.98934166386689,5.1137293413092815,599.6162232061906,0.00028569847619408506,2.1724849034399085e-05,False,True,RELEASE,RELEASED,
5.440000000001056,SLOWDOWN_1,0.19756761895735103,1131.9790734705048,35.92243039960049,-0.05039206319319062,265.0172960216723,1.6949088235409269,-0.858299277737518,1.4615191650991586,0.951184355890207,-4.193664733130536,-497.1194136180089,393.97947121878406,670.8715278891066,85.58403967819761,17.55854179765967,-0.002639076632931392,393.9794712188572,373.96196384917926,351.2663740572715,0.058734929962270144,300.0,0.9999999999999889,373.903228919217,23.989341683404913,5.113719971388516,599.6162341131293,0.00031927178556490077,2.1720623067267297e-05,False,True,RELEASE,RELEASED,
5.450000000001033,SLOWDOWN_1,0.1975719573485365,1132.003930620985,35.92322274914816,-0.050391960028909284,265.0200689918457,1.6948985070316251,-0.8583111359226825,1.4615002371156656,0.9511734802773986,-4.1936544758661665,-497.1291139441976,393.9890368077205,670.8698589777193,85.58377169642525,17.558909242110666,-0.002603802058729343,393.9890368078026,373.9709978606062,351.26999656457303,0.06005699250380303,300.0,0.9999999999999889,373.9109408681024,23.98934175663183,5.113684853687106,599.6162457862079,0.00032916100153190797,2.1717012657518353e-05,False,True,RELEASE,RELEASED,
5.46000000000101,SLOWDOWN_1,0.19757630938542675,1132.0288659555947,35.92401782091059,-0.050391849819449865,265.0228988330594,1.6948884112638167,-0.858323040079612,1.461481537859742,0.9511627293801469,-4.193645041109493,-497.1389460569458,393.99870816097393,670.8684388391143,85.58352289008761,17.559284226469515,-0.0025692205848031335,393.9987081610559,373.98013445000134,351.27369699325385,0.06131566422271817,300.0,0.9999999999999889,373.9188187857786,23.989341875595613,5.113627801789158,599.6162574419507,0.0003188074815794195,2.1713645026011363e-05,False,True,RELEASE,RELEASED,
5.4700000000009865,SLOWDOWN_1,0.19758067352844957,1132.0538706532348,35.92481531332511,-0.05039173319780166,265.02578275705764,1.6948785304409282,-0.8583349856736079,1.4614630632753902,0.9511521011147187,-4.19363640052552,-497.1489027295531,394.0084790558947,670.8672585512799,85.58329260675544,17.55966638149778,-0.0025353145949793543,394.0084790559814,373.98936763977787,351.2774715649476,0.06251300625910972,300.0,0.9999999999999889,373.92685463351876,23.98934203019016,5.113553662314132,599.6162684368655,0.00029258209400140345,2.1709401778480242e-05,False,True,RELEASE,RELEASED,
5.480000000000963,SLOWDOWN_1,0.19758504829238582,1132.078936204226,35.92561495497721,-0.05039161020437442,265.0287180665483,1.6948688589310028,-0.858346968328734,1.4614448094043615,0.9511415934459414,-4.193628526645524,-497.1589769745496,394.01834347765157,670.8663094677376,85.58308021386856,17.560055349999494,-0.0025020669689297392,394.01834347773837,373.99869165174977,351.2813166243549,0.06365101738947487,300.0,0.9999999999999889,373.9350406343603,23.989342209319915,5.113467756397886,599.61627829147,0.000255282556885561,2.1705827862206206e-05,False,True,RELEASE,RELEASED,
5.49000000000094,SLOWDOWN_1,0.1975894322447002,1132.1040544007462,35.92641648326985,-0.05039148090184324,265.03170215245314,1.694859391261901,-0.8583589838229607,1.4614267723834393,0.9511312043858717,-4.19362139284134,-497.16916203644956,394.02829561292094,670.8655832093068,85.58288509814497,17.560450786456663,-0.0024694610730193745,394.0282956130134,374.0081009010855,351.2852286355231,0.06473163590260356,300.0,0.9999999999999889,373.9433692651829,23.98934240192977,5.113375385779029,599.6162866974107,0.00021168892181933074,2.1701756224956625e-05,False,True,RELEASE,RELEASED,
5.500000000000917,SLOWDOWN_1,0.19759382400391887,1132.1292173275328,35.927219622468805,-0.05039134600840058,265.0347324912384,1.6948501221165746,-0.8583710280833813,1.461408948441759,0.9511209319925067,-4.193614973300072,-497.17945138467195,394.03832984373037,670.8650716560942,85.58270666500161,17.560852356675582,-0.0024374807334766047,394.03832984382996,374.0175899904083,351.2892041782375,0.06575674138377963,300.0,0.9999999999999889,373.9518332490245,23.989342597845713,5.113281429643931,599.6162935102072,0.00016620074029827236,2.169761046388885e-05,False,True,RELEASE,RELEASED,
5.510000000000893,SLOWDOWN_1,0.19759822223805812,1132.1544173528816,35.92802414119228,-0.05039120520856531,265.03780664232596,1.69484104632865,-0.858383097181717,1.4613913338983218,0.9511107743685294,-4.193609243000253,-497.18983870676317,394.04844074155466,670.8647669397744,85.58254433800846,17.56125973744375,-0.0024061102440668947,394.04844074165095,374.0271537041035,351.29323994451886,0.06672815647948482,300.0,0.9999999999999889,373.960425547624,23.989342788396108,5.113190046684088,599.6162987307432,0.00012256892084305804,2.169438710097893e-05,False,True,RELEASE,RELEASED,
5.52000000000087,SLOWDOWN_1,0.19760262566309789,1132.1796471199,35.928829782855686,-0.05039105917865337,265.0409222455811,1.6948321588779744,-0.8583951873297859,1.4613739251594844,0.9511007296600908,-4.193604177687911,-497.20031790172067,394.05862306150783,670.8646614360568,85.58239755834268,17.561672616197047,-0.00237533432670034,394.05862306160617,374.0367870027985,351.2973327352257,0.06764764860901096,300.0,0.9999999999999889,373.9691393541895,23.98934296680561,5.1131044861774315,599.6163024789796,8.372570766113085e-05,2.169065112411772e-05,False,True,RELEASE,RELEASED,
5.530000000000847,SLOWDOWN_1,0.1976070330415021,1132.2048995380276,35.929636306310414,-0.050390908390738516,265.04407701887436,1.6948234548863914,-0.8584072948752356,1.4613567187165575,0.9510907960556297,-4.193599753853947,-497.2108830735911,394.06887173676887,670.8647477573924,85.58226578426745,17.562090690696753,-0.0023451381441645935,394.0688717368728,374.0464850179753,351.30147945675736,0.06851693159603656,300.0,0.9999999999999889,373.97796808637924,23.989343128372674,5.113027002858725,599.616304963298,5.170806933652017e-05,2.1687701860173547e-05,False,True,RELEASE,RELEASED,
5.540000000000823,SLOWDOWN_1,0.19761144318078186,1132.2301677748073,35.930443517650396,-0.05039075217520659,265.04726875571566,1.6948149296135677,-0.8584194162973119,1.461339711143451,0.9510809717847214,-4.193595948711735,-497.2215285252036,394.0791818731285,670.8650187458818,85.58214849062102,17.562513668716146,-0.0023155072616987127,394.07918187323367,374.0562430467422,351.3056771178547,0.06933766724819179,300.0,0.9999999999999889,373.98690537949403,23.9893432704562,5.112958863332981,599.6163064486083,2.7663476062755876e-05,2.1683889201540296e-05,False,True,RELEASE,RELEASED,
5.5500000000008,SLOWDOWN_1,0.19761585493210337,1132.2554452479055,35.93125116992467,-0.05039059164522024,265.05049532296135,1.6948065784530577,-0.8584315482028706,1.4613228990944411,0.9510712551169644,-4.193592740175964,-497.23224875216107,394.0895487437591,670.8654674664303,85.58204516833084,17.56294126773679,-0.0022864276647283077,394.08954874386774,374.0660565468365,351.309922826497,0.07011146696407877,300.0,0.9999999999999889,373.9959450798724,23.98934339230675,5.112900427009149,599.6163072258953,1.192274489270062e-05,2.1679842689081852e-05,False,True,RELEASE,RELEASED,
5.560000000000777,SLOWDOWN_2,0.19762130882735568,1132.2866937658919,35.9255418142743,-0.05058651550246115,265.05094293007625,1.6936524272612337,-0.8582413081022107,1.4600960247308652,0.9510050768831709,-4.191179825169939,-496.9598655485346,394.0028785183089,670.3033648301027,85.47394041399403,17.56300058703064,-0.07995397079861277,394.0028785183158,373.986825173868,351.31404141081396,-0.01788904551909809,299.64,0.9999999999999889,374.0047142193871,23.989343522114687,5.1128381745319045,599.6163341778199,0.0026440560025564608,2.167315443557527e-05,False,True,RELEASE,RELEASED,
5.5700000000007535,SLOWDOWN_2,0.19763718693960963,1132.3776686477706,35.92962975486497,-0.05055138463117956,265.02544218736847,1.6912256101811451,-0.8571319653027528,1.457933077541225,0.9507803306494753,-4.183917423902442,-496.13860202861815,393.4557412368348,669.2460005211288,85.22593880134802,17.559621251652548,-0.1026992612162303,393.4557412421263,373.4837237031789,351.29912859969266,-0.4892391904636497,299.03999999999996,0.9999999999999889,373.97296289364255,23.989344139137323,5.112542266670749,599.6165160342064,0.007111396062057018,2.16630406839613e-05,False,True,RELEASE,RELEASED,
5.58000000000073,SLOWDOWN_2,0.1976651520348702,1132.5378968409816,35.93436852921822,-0.05056147563403514,264.9875669768044,1.689695963645998,-0.8563970749903456,1.456590711047396,0.9504911186495124,-4.178713128570182,-495.59157952135985,393.062217821897,668.5342489633304,85.07037471608584,17.554602663071606,-0.09561567969541329,393.0622178350263,373.11985646087766,351.2601923543725,-0.7702124264841927,298.43999999999994,0.9999999999999889,373.89006888736185,23.989345896320103,5.111699567847102,599.6168148255015,0.00928723643022522,2.1653334727034235e-05,False,True,RELEASE,RELEASED,
5.590000000000707,SLOWDOWN_2,0.19770084248757594,1132.7423880718768,35.94048176974538,-0.05057243929825573,264.9478088893265,1.688738760627285,-0.8560852717090751,1.4556636318902032,0.9501783115131041,-4.175493861276452,-495.2991925056337,392.8601562446778,668.0085042491197,84.98047414869494,17.549335358813774,-0.09077324655265784,392.86015626083764,372.93094379575314,351.21086368956054,-0.8541191544459821,297.8399999999999,0.9999999999999889,373.7850629501991,23.98934898715708,5.110217283109868,599.6171624758479,0.009978097893050375,2.1646450250045746e-05,False,True,RELEASE,RELEASED,
5.6000000000006835,SLOWDOWN_2,0.19774152222001917,1132.9754657699486,35.947558669075434,-0.05058174344081604,264.90963188661163,1.6880360269251518,-0.8559878265265196,1.4549056564037595,0.9498564161690458,-4.173257124889364,-495.1357298946981,392.7588365773915,667.5644620528994,84.92082714401845,17.544278266575027,-0.08821209328573332,392.7588365930935,372.8343544614184,351.1597799718802,-0.8419821140299177,297.2399999999999,0.9999999999999889,373.6763365754483,23.989353300652954,5.108148642442169,599.6175177701189,0.00977092642120958,2.1640213446971757e-05,False,True,RELEASE,RELEASED,
5.61000000000066,SLOWDOWN_2,0.19778588266976757,1133.229632424737,35.95533459491863,-0.050590169898266125,264.87439998344587,1.6874492011022606,-0.8559921443174839,1.454222216570567,0.9495314184941106,-4.171486396055201,-495.03667133322324,392.7085821487149,667.1621329585187,84.87512857287493,17.53961194164762,-0.08665133001306913,392.7085821624573,372.7847821517423,351.1109025855197,-0.7875388010362485,296.6399999999999,0.9999999999999889,373.57232095277857,23.989358582024433,5.105615832741358,599.6178548092814,0.008982558091661375,2.1634356926369946e-05,False,True,RELEASE,RELEASED,
5.620000000000637,SLOWDOWN_2,0.19783328871516548,1133.5012490572078,35.96368354118264,-0.05059802690420171,264.8426746827549,1.6869187458848227,-0.8560469896657418,1.4535743554087093,0.949205960435106,-4.169948903781764,-494.9728232456073,392.68670423488146,666.7850361913737,84.83624905143178,17.53541058327889,-0.08554062398548012,392.68670424621433,372.76152725462674,351.0659522864825,-0.7151480629897833,296.03999999999985,0.9999999999999889,373.4766753176165,23.98936451775674,5.102769207113511,599.6181569920234,0.007833481375773665,2.1629196908179438e-05,False,True,RELEASE,RELEASED,
5.630000000000614,SLOWDOWN_2,0.19788341020255745,1133.7884240262556,35.97254170155287,-0.05060542513487164,264.81465315208527,1.6864178444129823,-0.8561288535219915,1.4529447794467794,0.9488812165746117,-4.16853807417623,-494.93071780631624,392.68270493255096,666.4257182358056,84.80095906772996,17.531700131014812,-0.08464632497918956,392.68270494151085,372.75500575348127,351.02563487077225,-0.6358922356925518,295.4399999999998,0.9999999999999889,373.3908979891738,23.989370786333588,5.099762956214344,599.6184147117306,0.006500261501671822,2.16241570569764e-05,False,True,RELEASE,RELEASED,
5.64000000000059,SLOWDOWN_2,0.19793605779650753,1134.0900725197414,35.981872927733605,-0.05061241512493483,264.790364849077,1.6859341203468743,-0.8562267861396734,1.4523255657209628,0.948557697458272,-4.1672042577165485,-494.903989683141,392.69160368402345,666.0806047023596,84.76776438652372,17.52848432922683,-0.08386271663300704,392.6916036908458,372.7606641511516,350.9901926621186,-0.5548368942719435,294.8399999999998,0.9999999999999889,373.31550104542356,23.989377091378824,5.0967392144132715,599.6186240676307,0.005128131336903152,2.1619359813485062e-05,False,True,RELEASE,RELEASED,
5.650000000000567,SLOWDOWN_2,0.1979911082328186,1134.4054882858393,35.99165380659862,-0.0506190262716408,264.76976333550635,1.6854617692959333,-0.856335619317394,1.451713016696645,0.9482356102163,-4.16592395644003,-494.8895405695258,392.7109613730215,665.7478698353249,84.73596320136245,17.52575689418502,-0.08314089904354205,392.71096137801015,372.7762662880246,350.959656442772,-0.4742805314516545,294.2399999999998,0.9999999999999889,373.25054681947626,23.989383183036878,5.093817806249897,599.6187857998113,0.003833013490053716,2.1614145396142703e-05,False,True,RELEASE,RELEASED,
5.660000000000544,SLOWDOWN_2,0.1980484698716574,1134.7341462669808,36.0018670595608,-0.05062527672958209,264.7527688353461,1.6849980098718087,-0.8564528594896534,1.4511053692767981,0.9479150229581945,-4.164685757722925,-494.88578508798554,392.7395171134177,665.4264921831839,84.70521879296913,17.52350715149556,-0.08245796989706378,392.7395171168813,372.80065052323926,350.93396159119004,-0.3952446224743653,293.63999999999976,0.9999999999999889,373.1958951457136,23.989388870202472,5.091090381301759,599.6189042441817,0.002701248613617757,2.1610161297758168e-05,False,True,RELEASE,RELEASED,
5.67000000000052,SLOWDOWN_2,0.19810806675255177,1135.07561124172,36.012498367742566,-0.05063118147748399,264.7392878992096,1.6845414596471004,-0.8565772538923511,1.4505017536646496,0.9475959403781189,-4.163483854506526,-494.89184242305026,392.77655927036704,665.1158263089177,84.6753634945076,17.52172263934515,-0.08180298116832319,392.77655927261344,372.83315631042757,350.91300171161134,-0.3181611751844571,293.03999999999974,0.9999999999999889,373.151317485612,23.989394025253777,5.088618144181034,599.6189862827914,0.001789826724769128,2.160595926170572e-05,False,True,RELEASE,RELEASED,
5.680000000000497,SLOWDOWN_2,0.19816983118198406,1135.4294953547703,36.02353502156394,-0.05063675240375902,264.72922247367006,1.6840913873958094,-0.8567081278000884,1.4499017155869598,0.9472783387105548,-4.162315053462785,-494.90716288257056,392.82163473782316,664.8154063725051,84.64630833604264,17.52039030787848,-0.08117049917547092,392.82163473913084,372.8733591538318,350.8966533945472,-0.24319043250636696,292.4399999999997,0.9999999999999889,373.1165495863382,23.989398582705864,5.086432500213383,599.6190403260925,0.0011280115455374329,2.160263812811536e-05,False,True,RELEASE,RELEASED,
5.690000000000474,SLOWDOWN_2,0.19823370026421916,1135.795438240115,36.0349651787546,-0.05064200155404833,264.72247406168066,1.6836473673817152,-0.8568450776673978,1.4493049957026058,0.9469621819349597,-4.1611773907060154,-494.9313549692771,392.8744142893737,664.5248553722184,84.61800125775079,17.519497068334307,-0.08055764618114836,392.87441429001535,372.92094784939,350.8847876268706,-0.1703678716788204,291.8399999999997,0.9999999999999889,373.09131572106884,23.9894025331808,5.084537947155739,599.6190753791573,0.0007204245137675258,2.1598561772862013e-05,False,True,RELEASE,RELEASED,
5.7000000000004505,SLOWDOWN_2,0.1982996142585355,1136.1730976086326,36.04677765314204,-0.05064693858018801,264.718945604959,1.6832091190003795,-0.856987828753265,1.4487114273225008,0.9466474292908414,-4.160069489753502,-494.9641050640932,392.934630033639,664.2438429360288,84.59040772807103,17.519030040550316,-0.07996273816701205,392.9346300338585,372.9756674583571,350.877275019182,-0.09967231402259813,291.23999999999967,0.9999999999999889,373.0753397723797,23.989405914092117,5.082916542659373,599.6191002389444,0.0005512886523382221,2.1593710982870107e-05,False,True,RELEASE,RELEASED,
5.710000000000427,SLOWDOWN_2,0.19836751578460543,1136.562144695263,36.05896167196524,-0.05065157360396754,264.7185423081822,1.6827764321676164,-0.857136168895168,1.448120888817811,0.946334038753714,-4.15899026289294,-495.00513997346127,393.00204624140446,663.9720655399467,84.56350172752363,17.518976660442213,-0.07938465591064414,393.00204624142754,373.03729270278615,350.87398816600154,-0.03105751392303091,290.63999999999965,0.9999999999999889,373.0683502167092,23.98940879839221,5.081533300709393,599.619122856175,0.0005893891655919248,2.1589919299458415e-05,False,True,RELEASE,RELEASED,
5.720000000000404,SLOWDOWN_2,0.1984373494230351,1136.962261970269,36.07150682662055,-0.050655916533727974,264.7211719717201,1.6823491324808557,-0.8572899176030013,1.4475332813912523,0.9460219686295303,-4.157938771747405,-495.0542093572951,393.07644564874795,663.7092371253502,84.53726153981586,17.519324722520253,-0.07882255378888203,393.0764456487767,373.1056154687084,350.874802675256,0.03553318871308875,290.0399999999996,0.9999999999999889,373.0700822799953,23.989411282613684,5.080341926713337,599.619149878966,0.0007932834905091113,2.158420630848923e-05,False,True,RELEASE,RELEASED,
5.730000000000381,SLOWDOWN_2,0.19850906150076178,1137.3731419096546,36.084403053021866,-0.05065997649863297,264.72674509641365,1.6819270648741462,-0.8574489115750492,1.4469485186401496,0.9457111782710755,-4.15691416182235,-495.11107740154824,393.15762295621727,663.4550845526257,84.51166777790351,17.520062392335394,-0.07827572490623425,393.15762295644026,373.180438869183,350.8795975798365,0.10016008801130738,289.4399999999996,0.9999999999999889,373.08027878117167,23.98941347525688,5.079290386573527,599.6191863794179,0.0011163362199777538,2.158000631879986e-05,False,True,RELEASE,RELEASED,
5.740000000000357,SLOWDOWN_2,0.1985825999638298,1137.794486266222,36.09764058636603,-0.05066376249159759,264.7351748838633,1.6815100858834626,-0.8576129978421746,1.4463665216189046,0.9454016283848279,-4.155915631419774,-495.175518790596,393.2453816728938,663.2093453154416,84.48670244976657,17.521178205197423,-0.07774353726216532,393.2453816734829,373.26157435659286,350.8882554640737,0.16288398501802703,288.8399999999996,0.9999999999999889,373.09869037157483,23.989415486354435,5.078325911288886,599.619235750615,0.0015112340150178483,2.1576019719304895e-05,False,True,RELEASE,RELEASED,
5.750000000000334,SLOWDOWN_2,0.19865791429166374,1138.226005578397,36.111209952589206,-0.05066728316293487,264.7463771889125,1.6810980599424503,-0.8577820305009918,1.4457872164643963,0.9450932811461593,-4.154942416698744,-495.24731670200237,393.3395325365295,662.9717663113697,84.46234851156879,17.522661058663488,-0.07722540476146378,393.3395325376374,373.348840271906,350.9006624579679,0.22376477663527794,288.23999999999955,0.9999999999999889,373.1250754952707,23.98941741880117,5.077399154941671,599.6192997509272,0.0019337329786033308,2.15732680999281e-05,False,True,RELEASE,RELEASED,
5.760000000000311,SLOWDOWN_2,0.19873495543179157,1138.6674187962171,36.12510194063809,-0.05067054728067988,264.7602704515893,1.6806908575577852,-0.8579558691014669,1.4452105332278309,0.9447861002257221,-4.153993784197776,-495.32626173989047,393.4398926628479,662.7421031152461,84.43858964732189,17.52450020239968,-0.07672077268017574,393.43989266461904,373.442061058935,350.9167081725316,0.28286083273997065,287.63999999999953,0.9999999999999889,373.159200226195,23.989419361795168,5.076467340222727,599.6193786655151,0.0023454921859542566,2.1571041372681066e-05,False,True,RELEASE,RELEASED,
5.770000000000287,SLOWDOWN_2,0.19881367574495634,1139.118452966846,36.13930762694926,-0.050673562727028894,264.7767756208731,1.6802883543717166,-0.8581343778242688,1.4446364052706708,0.9444800507747843,-4.153069026912469,-495.41215131779813,393.54628504573793,662.5201194917365,84.41541015582246,17.526685227046546,-0.076229110806878,393.5462850483009,373.5410667987474,350.9362856092871,0.34022874649969026,287.0399999999995,0.9999999999999889,373.2008380522477,23.98942138651117,5.075496333370329,599.6194715514628,0.002715942458269005,2.15673341585898e-05,False,True,RELEASE,RELEASED,
5.780000000000264,SLOWDOWN_2,0.19889402895592556,1139.5788429527322,36.15381832614358,-0.05067633767162296,264.7958160761086,1.6798904306423186,-0.8583174250271189,1.4440647689277826,0.9441750993920418,-4.152167462040279,-495.50478925493474,393.6585382239639,662.3055870255414,84.39279488799966,17.529206052853088,-0.07574990988405261,393.65853822743804,373.64569289624865,350.959291059717,0.3959232564372428,286.4399999999995,0.9999999999999889,373.2497696398114,23.989423543934485,5.074461682988834,599.6195765326306,0.0030232220461154924,2.156337484393589e-05,False,True,RELEASE,RELEASED,
5.790000000000241,SLOWDOWN_2,0.1989759701077681,1140.048331169634,36.16862562052622,-0.0506788794711992,264.8173175487594,1.6794969709230467,-0.8585048829671772,1.4434955632980666,0.9438712140824723,-4.151288429523925,-495.6039854770056,393.7764860298512,662.0982848118817,84.37072920833153,17.53205291843012,-0.07528267960674384,393.77648603433494,373.7557798417924,350.98562400195294,0.44999724773504113,285.83999999999946,0.9999999999999889,373.30578259405735,23.989425864630963,5.0733487303613405,599.6196911126522,0.0032542763793035334,2.156021230348415e-05,False,True,RELEASE,RELEASED,
5.800000000000217,SLOWDOWN_2,0.19905945551851795,1140.526667338322,36.18372130793015,-0.05068119595570776,264.841208045721,1.6791078638386328,-0.8586966276083443,1.4429287300968103,0.943568364213203,-4.150431290983797,-495.7095557701525,393.89996737991805,661.8979991801207,84.34919896789545,17.535216369779217,-0.07482694744021501,393.8999673855097,373.8711730114036,351.0151869980633,0.5025017893308927,285.23999999999944,0.9999999999999889,373.3686712220727,23.989428360120918,5.0721519505639625,599.6198124788452,0.003404265403467832,2.155790895130849e-05,False,True,RELEASE,RELEASED,
5.810000000000194,SLOWDOWN_2,0.1991444427396973,1141.0136082469344,36.19909741677037,-0.050683294770331226,264.86741777471696,1.678723001908792,-0.8588925384706934,1.4423642135386732,0.9432665204687204,-4.149595428846637,-495.82132156371523,394.02882608856333,661.7045234375262,84.32819048321826,17.538687249661614,-0.07438225772790474,394.0288260953453,373.99172248828484,351.04788559345525,0.5534861863627611,284.6399999999994,0.9999999999999889,373.4382363019221,23.989431025462,5.070873713784406,599.6199377753844,0.003475449033190081,2.15538038332852e-05,False,True,RELEASE,RELEASED,
5.820000000000171,SLOWDOWN_2,0.19923089051641996,1141.508917522384,36.21474623493716,-0.050685182326037685,264.8958790719809,1.6783422813969653,-0.8590924985017703,1.4418019602368268,0.9429656548064905,-4.148780245579477,-495.9391097302384,394.16291069577295,661.5176576270007,84.30769051815807,17.54245668732939,-0.07394817102226625,394.1629107038204,374.11728289745463,351.08362821904257,0.6029980385287672,284.0399999999994,0.9999999999999889,373.51428485892586,23.989433842624873,5.0695226664280515,599.6200643304098,0.003475730378173836,2.1549975940615695e-05,False,True,RELEASE,RELEASED,
5.8300000000001475,SLOWDOWN_2,0.1993187587489228,1142.0123654099527,36.23066024152457,-0.05068686557826259,264.92652633227704,1.6779656021730804,-0.8592963939601049,1.4412419191111632,0.9426657404134892,-4.147985162985107,-496.06275239708384,394.3020743044508,661.3372082956083,84.28768626749911,17.54651608862167,-0.07352426348643348,394.30207431382763,374.24771324945954,351.1223260964298,0.6510832998649221,283.4399999999994,0.9999999999999889,373.5966299495946,23.989436784260008,5.068111924660299,599.620189827958,0.0034170301418470217,2.154574389123809e-05,False,True,RELEASE,RELEASED,
5.840000000000124,SLOWDOWN_2,0.199408008455427,1142.5237285604999,36.246832125459676,-0.050688351289044566,264.95929594123635,1.6775928675852132,-0.8595041143063613,1.4406840413023307,0.9423667516638512,-4.147209621538332,-496.19208676688635,394.4461744252038,661.1629882723189,84.26816534163262,17.55085712641892,-0.07311012636648684,394.4461744359719,374.38287679115405,351.1638931461661,0.6977863379097471,282.83999999999935,0.9999999999999889,373.6850904532443,23.989439817496557,5.06665725256322,599.6203124215695,0.003313647159481903,2.1542693218634668e-05,False,True,RELEASE,RELEASED,
5.850000000000101,SLOWDOWN_2,0.19949860173626488,1143.0427898249252,36.2632547874973,-0.05068964577978161,264.9941262099606,1.6772239843376275,-0.8597155520999428,1.440128280089964,0.9420686640777276,-4.146453079753062,-496.32695494545897,394.5950728274673,660.9948164540507,84.24911575202374,17.555471731445138,-0.07270536547611073,394.5950728396766,374.5226408625477,351.208245899042,0.7431499913943753,282.2399999999993,0.9999999999999889,373.7794908711533,23.98944290747658,5.065175367191069,599.620430791372,0.0031807331358075785,2.1539330134601187e-05,False,True,RELEASE,RELEASED,
5.860000000000078,SLOWDOWN_2,0.19959050173921533,1143.5693380555556,36.27992131525874,-0.050690755471759184,265.03095731182924,1.6768588623736413,-0.8599306028997772,1.4395745908140531,0.9417714542813614,-4.145715013574078,-496.46720377622887,394.7486353962571,660.8325175993338,84.23052589727797,17.560352083406165,-0.07230960071188974,394.7486354099545,374.6668767590332,351.2553034103618,0.7872156259908252,281.6399999999993,0.9999999999999889,373.87966113304236,23.989446020402024,5.063682477320668,599.6205441505301,0.0030329777005171366,2.1535905148084566e-05,False,True,RELEASE,RELEASED,
5.870000000000054,SLOWDOWN_2,0.19968367262600445,1144.1031679142063,36.29682499422461,-0.05069168639061488,265.0697312214385,1.67649741476316,-0.8601491651688826,1.4390229307995177,0.9414750999683813,-4.144994915791772,-496.6126846808502,394.9067319942236,660.6759221294026,84.21238454977205,17.565490602451412,-0.07192246559702653,394.90673200944445,374.815459598762,351.30498717710094,0.8300231881507898,281.0399999999993,0.9999999999999889,373.9854364106112,23.989449125949108,5.062193125564239,599.6206522096661,0.0028835664826933893,2.1532529558498936e-05,False,True,RELEASE,RELEASED,
5.880000000000031,SLOWDOWN_2,0.19977807953992754,1144.6440796866711,36.31395929371622,-0.050692444401805786,265.1103916556023,1.6761395575938607,-0.8603711401821703,1.4384732592831107,0.9411795798622887,-4.144292295476873,-496.7632535054926,395.0692363286264,660.524865936113,84.19468084274527,17.570879940946718,-0.07154360682670813,395.0692363454114,374.96826819466634,351.35722105786294,0.8716112567796586,280.43999999999926,0.9999999999999889,374.0966569378867,23.989452198979592,5.06071936766772,599.620755109615,0.002743442646516492,2.1529611444748298e-05,False,True,RELEASE,RELEASED,
5.890000000000008,SLOWDOWN_2,0.19987368857455626,1145.1918791034254,36.33131786142556,-0.05069303520395412,265.1528840163477,1.675785209866362,-0.8605964319375307,1.4379255373430284,0.9408848736801095,-4.143606677435384,-496.918770372703,395.2360258231175,660.3791901966459,84.17740425787557,17.576512975546684,-0.07117268383592545,395.23602584148256,375.1251849311776,351.41193119553833,0.9120170930672771,279.83999999999924,0.9999999999999889,374.21316783811034,23.98945522054508,5.05927029088805,599.6208533333574,0.0026208735918240578,2.152639791574984e-05,False,True,RELEASE,RELEASED,
5.899999999999984,SLOWDOWN_2,0.19997046674349017,1145.7463771663174,36.348894522974675,-0.05069346418237204,265.1971553358337,1.6754342933928064,-0.8608249470697369,1.4373797278308322,0.9405909620971771,-4.142937601681402,-497.0790995384314,395.4069814939925,660.2387411946168,84.16054461327164,17.582382799554587,-0.07080936838684693,395.4069815139644,375.2860956452201,351.46904594257796,0.9512766882970141,279.2399999999992,0.9999999999999889,374.3348189569231,23.98945817823508,5.05785184704007,599.6209476076526,0.0025213008517859237,2.152289505374938e-05,False,True,RELEASE,RELEASED,
5.909999999999961,SLOWDOWN_2,0.20006838195112048,1146.3073899810536,36.36668325917381,-0.05069373691269811,265.2431542231292,1.675086732698893,-0.8610565947673186,1.43683579530563,0.9402978267130182,-4.142284622928216,-497.24410925415316,395.58198783085305,660.1033701473708,84.14409205189274,17.588482715558676,-0.07045334415022353,395.5819878524548,375.4508895114376,351.5284957887877,0.9894248098424896,278.6399999999992,0.9999999999999889,374.4614647015951,23.989461065960953,5.056466956129136,599.6210388037591,0.0024474335125486135,2.1522071847357438e-05,False,True,RELEASE,RELEASED,
5.919999999999938,SLOWDOWN_2,0.2001674029643691,1146.8747385952793,36.384678224170365,-0.05069385848739823,265.2908308127861,1.6747424549291035,-0.8612912866921508,1.4362937059703842,0.9400054500183149,-4.1416473100964195,-497.4136716338192,395.76093268145297,659.9729330392172,84.12803703035758,17.594806228334583,-0.07010430632595899,395.7609327046945,375.61945893146225,351.59021329156195,1.0264950453875485,278.03999999999917,0.9999999999999889,374.5929638860747,23.989463883294114,5.0551158237208345,599.6211278450128,0.0023995339911451197,2.151914264914012e-05,False,True,RELEASE,RELEASED,
5.9299999999999145,SLOWDOWN_2,0.20026749938537414,1147.4482488420747,36.402873717869575,-0.050693834169114965,265.34013671514566,1.6744013897552812,-0.8615289369016932,1.435753427610554,0.9397138153628944,-4.141025245838632,-497.58766252548423,395.94370714057516,659.847290460515,84.11237030815563,17.60134703800305,-0.06976196124827538,395.94370716546126,375.7916994270501,351.6541330084686,1.062519845424788,277.43999999999915,0.9999999999999889,374.7291795816253,23.989466634489812,5.053796409110049,599.6212156270951,0.002375839527456236,2.1516381025321607e-05,False,True,RELEASE,RELEASED,
5.939999999999891,SLOWDOWN_2,0.20036864162508386,1148.0277511886613,36.42126421672392,-0.050693668363027154,265.3910249683202,1.674063469288027,-0.8617694617738177,1.4352149295345031,0.9394229069247394,-4.140418026080219,-497.7659613874227,396.1302054428154,659.7263074521859,84.09708293721046,17.608099033433895,-0.06942602603618298,396.13020546936065,375.96750953699706,351.7201914321084,1.0975305641558748,276.8399999999991,0.9999999999999889,374.8699789728412,23.98946932732805,5.052504981197679,599.6213029548105,0.0023730626088589446,2.151428111574205e-05,False,True,RELEASE,RELEASED,
5.949999999999868,SLOWDOWN_2,0.20047080087773483,1148.6130805901726,36.439844305839486,-0.05069336644239097,265.4434499917877,1.6737286279911472,-0.8620127799340668,1.4346781825160202,0.9391327096799684,-4.139825259575263,-497.94845116855765,396.32032485908104,659.6098533556258,84.08216625180842,17.615056285885675,-0.0690962282181431,396.3203248872876,376.14679071759383,351.7883269271663,1.1315574987651758,276.2399999999991,0.9999999999999889,375.01523321882866,23.989471971893433,5.051236703635187,599.6213904972299,0.002386917731063143,2.1511332590762322e-05,False,True,RELEASE,RELEASED,
5.9599999999998445,SLOWDOWN_2,0.20057394909618073,1149.2040763482967,36.458608751801656,-0.05069293251762484,265.497367541551,1.673396802599098,-0.8622588121853517,1.4341431587389006,0.9388432093737661,-4.139246567477704,-498.13501819308823,396.51396559672554,659.4978016678556,84.0676118588854,17.622213042873355,-0.06877230539697621,396.51396562659176,376.3294472466136,351.85847966958346,1.164629927252065,275.6399999999991,0.9999999999999889,375.16481731936153,23.989474579398518,5.04998619913517,599.6214787613173,0.0024126294034561013,2.150873757500449e-05,False,True,RELEASE,RELEASED,
5.969999999999821,SLOWDOWN_2,0.20067805896804472,1149.8005819746422,36.47755243199789,-0.05069237135004336,265.5527346668034,1.6730679320368773,-0.8625074814399659,1.4336098317430166,0.9385543924922383,-4.138681582926698,-498.3255520491147,396.71103070315456,659.3900299014787,84.05341162862204,17.629563722254424,-0.06845400491704368,396.71103073468055,376.51538613062064,351.9305915877755,1.1967761448016745,275.03999999999905,0.9999999999999889,375.31860998581897,23.98947716113279,5.048748053504511,599.6215680827057,0.002445385901385322,2.150659491917395e-05,False,True,RELEASE,RELEASED,
5.979999999999798,SLOWDOWN_2,0.2007831038926661,1150.4024450586498,36.49667035566177,-0.050691687623303595,265.6095096680489,1.6727419573428284,-0.8627587126537583,1.4330781763725053,0.9382662462351556,-4.138129950645688,-498.5199454811078,396.9114259727438,659.286419449586,84.03955768537719,17.637102906525342,-0.06814108353989923,396.91142600592246,376.7045170154722,352.00460630582626,1.2280234987499625,274.43999999999903,0.9999999999999889,375.47649351672226,23.98947972759518,5.047517231683409,599.6216586312669,0.0024807138187110667,2.150339645368149e-05,False,True,RELEASE,RELEASED,
5.989999999999775,SLOWDOWN_2,0.20088905795881987,1151.0095171399357,36.5159577067933,-0.05069088459172097,265.66765205663,1.6724188215939044,-0.8630124327625956,1.4325481687254815,0.9379787584895604,-4.137591326555311,-498.71809428616814,397.1150598570447,659.1868554552018,84.02604239892824,17.64482533732066,-0.06783330712551106,397.1150598918633,376.89675209998177,352.08046908859006,1.258398422284074,273.839999999999,0.9999999999999889,375.6383536776977,23.98948228784336,5.046289389807193,599.6217504283304,0.0025147590374245965,2.1500902221305296e-05,False,True,RELEASE,RELEASED,
5.999999999999751,SLOWDOWN_2,0.2009958959231746,1151.6216535848655,36.535409728377765,-0.05068996730075297,265.7271225156139,1.6720984698334713,-0.8632685706208131,1.4320197861055324,0.9376919178042159,-4.137065377398905,-498.91989721382356,397.3218433780504,659.0912266852472,84.01285837600864,17.652725910107023,-0.06753045034179195,397.3218434145052,377.09200605253545,352.1581267886385,1.2879264668341648,273.239999999999,0.9999999999999889,375.8040795857013,23.98948484907044,5.045061078208175,599.621843372157,0.0025444695390621774,2.1498495186733635e-05,False,True,RELEASE,RELEASED,
6.009999999999728,SLOWDOWN_2,0.20110359318947285,1152.238713467264,36.55502183988701,-0.050688939095821374,265.7878828619879,1.6717808490014694,-0.8635270569417195,1.431493006974762,0.937405713364866,-4.136551780380584,-499.1252558693079,397.5316900444722,658.9994254087715,83.99999845213338,17.66079966906445,-0.06723229636276074,397.53169008255213,377.2901959305733,352.23752779498545,1.3166323332346224,272.63999999999896,0.9999999999999889,375.9735635973387,23.989487416400475,5.043829839493816,599.6219372682226,0.002567683781199648,2.1496055239822454e-05,False,True,RELEASE,RELEASED,
6.019999999999705,SLOWDOWN_2,0.20121212578840364,1152.8605594530961,36.57478954297054,-0.050687804230686785,265.84989601012524,1.671465907866916,-0.8637878242400913,1.4309678109083879,0.9371201349702822,-4.136050222815564,-499.3340746201921,397.7445157709245,658.9113472793496,83.9874556837058,17.669041802148605,-0.0669386365864284,397.744515810614,377.49124110291996,352.3186219835339,1.3445399017840032,272.03999999999894,0.9999999999999889,376.14670120113595,23.989489992878887,5.042594213140965,599.6220318611187,0.002583134934913467,2.149389831629378e-05,False,True,RELEASE,RELEASED,
6.029999999999681,SLOWDOWN_2,0.20132147035814799,1153.4870576889984,36.59470847595415,-0.05068656619844185,265.91312593647126,1.6711535969626479,-0.8640508067764628,1.4304441785508932,0.9368351730090742,-4.135560401791802,-499.54626050619527,397.96023879984676,658.8268912214976,83.975223340387,17.677447636326416,-0.066649270364735,397.9602388411403,377.6950631746927,352.40136066918143,1.3716722610893157,271.4399999999989,0.9999999999999889,376.32339091360336,23.98949257962335,5.041353663132717,599.6221268653376,0.002590385856839461,2.149159251985111e-05,False,True,RELEASE,RELEASED,
6.039999999999658,SLOWDOWN_2,0.20143160412557143,1154.1180776945223,36.61477437764218,-0.050685228673932325,265.97753764541403,1.670843868522251,-0.8643159405033766,1.429922091573581,0.936550818437238,-4.135082023843371,-499.7617231521508,398.178779626174,658.7459593209371,83.96329489773376,17.686012632979413,-0.06636400473763615,398.17877966904626,377.9015859148881,352.485696559531,1.3980517359293572,270.8399999999989,0.9999999999999889,376.5035341789587,23.989495176094575,5.040108448098555,599.622221992785,0.0025897123110700804,2.1489593336809776e-05,False,True,RELEASE,RELEASED,
6.049999999999635,SLOWDOWN_2,0.2015425048880465,1154.7534922579828,36.6349830856932,-0.050683795464833134,266.04309713629584,1.670536676419081,-0.8645831630132836,1.4294015326335898,0.9362670627564231,-4.13461480463433,-499.9803746839223,398.4000609245443,658.668456718616,83.95166403008056,17.694732383468146,-0.06608265417077064,398.40006096897963,378.11073518641876,352.5715837101507,1.423699914047745,270.2399999999989,0.9999999999999889,376.687035272371,23.989497780444644,5.038859454258455,599.6223169755126,0.002581952711168789,2.1487423282451346e-05,False,True,RELEASE,RELEASED,
6.0599999999996115,SLOWDOWN_2,0.20165415099587908,1155.3931773357697,36.65533056253061,-0.0506822696767806,266.1097713715282,1.6702319761072701,-0.8648524134882152,1.4288824853341882,0.9359838979928893,-4.134158468653265,-500.20212964721856,398.62400747902655,658.5942915082895,83.94032460366103,17.703602604851756,-0.0658050403208108,398.62400752501065,378.32243887853735,352.6589774813313,1.4486376719411282,269.63999999999885,0.9999999999999889,376.8738012065962,23.989500389902208,5.0376080106963395,599.6224115827831,0.0025683419555928566,2.1485356569428404e-05,False,True,RELEASE,RELEASED,
6.069999999999588,SLOWDOWN_2,0.2017665213353223,1156.0370119550246,36.67581285729283,-0.050680654716697034,266.1775282457708,1.6699297245648017,-0.8651236326510808,1.4283649341865237,0.9357013166771367,-4.13371274891799,-500.42690492919326,398.85054611524674,658.5233746376396,83.92927066997308,17.712619135757027,-0.06553099178358934,398.85054616276267,378.53662684158735,352.74783449628825,1.472885199710447,269.0399999999988,0.9999999999999889,377.0637416418769,23.989503001158404,5.03635570427231,599.6225056321964,0.002550344934822313,2.1483636658103933e-05,False,True,RELEASE,RELEASED,
6.079999999999565,SLOWDOWN_2,0.20187959531215832,1156.684878119571,36.69642612563187,-0.050678953639434685,266.24633655614196,1.6696298802383354,-0.8653967627185821,1.4278488645724643,0.9354193118241868,-4.13327738669003,-500.6546196827271,399.07960563484494,658.4556198126677,83.91849645935623,17.72177793239161,-0.06526034386723722,399.0796056838654,378.7532308239886,352.8381126007613,1.496462025000369,268.4399999999988,0.9999999999999889,377.2567687989882,23.989505610723874,5.035104208415346,599.6225989950967,0.002529502528155092,2.1482024919805554e-05,False,True,RELEASE,RELEASED,
6.089999999999542,SLOWDOWN_2,0.20199335283582542,1157.3366607189696,36.717166592407175,-0.050677170133545314,266.31616597342287,1.6693324029899546,-0.8656717473556573,1.4273342627087813,0.9351378769144929,-4.132852131198563,-500.8851952532906,399.3111167521644,658.3909434053749,83.90799637479466,17.731075064695933,-0.06499293836293418,399.3111168026726,378.9721844114074,352.92977082396357,1.5193870360920982,267.8399999999988,0.9999999999999889,377.4527973753153,23.9895082152347,5.0338551363923845,599.6226915968678,0.002507299626327786,2.1480229122516903e-05,False,True,RELEASE,RELEASED,
6.099999999999518,SLOWDOWN_2,0.20210777430407748,1157.9922474406226,36.738030620746954,-0.05067530646446184,266.38698701422163,1.6690372540456913,-0.8659485316314459,1.4268211156125088,0.9348570058754618,-4.132436739373662,-501.1185551083259,399.5450120331135,658.3292643645593,83.89776498592886,17.740506712628772,-0.06472862334584306,399.5450120850803,379.1934229679472,353.02276934083375,1.5416785040983427,267.23999999999876,0.9999999999999889,377.65174446384884,23.98951081169317,5.032609925851419,599.6227834130373,0.002485061297986313,2.1478571966326854e-05,False,True,RELEASE,RELEASED,
6.109999999999495,SLOWDOWN_2,0.2022228405881538,1158.6515286848055,36.75901460676079,-0.05067336641073782,266.4587710140667,1.6687443959457215,-0.8662270619766251,1.4263094110674568,0.9345766930635582,-4.132030975588016,-501.35462476898937,399.7812258360764,658.2705041296288,83.88779702326866,17.75006916258171,-0.06446725293756117,399.78122588948276,379.41688357937846,353.1170694355484,1.5633541043829382,266.63999999999874,0.9999999999999889,377.8535294749955,23.989513397636642,5.031369757829946,599.6228744622338,0.0024638799722564997,2.1477568793670798e-05,False,True,RELEASE,RELEASED,
6.119999999999472,SLOWDOWN_2,0.20233853301844573,1159.3143974825393,36.78011508753315,-0.050671352100160855,266.531490101396,1.6684537924962164,-0.8665072861422496,1.4257991375917582,0.9342969332469931,-4.131634611407664,-501.59333174427763,400.0196942548865,658.214586547291,83.87808737260124,17.75975880391764,-0.06420868712831407,400.0196943097164,379.64250499828324,353.21263346624954,1.584430937186994,266.0399999999987,0.9999999999999889,378.05807406109625,23.989515971234663,5.030135510177925,599.6229647971065,0.002444573592085497,2.147555130704859e-05,False,True,RELEASE,RELEASED,
6.129999999999448,SLOWDOWN_2,0.2024548333706406,1159.9807494162046,36.80132864010563,-0.050669266826480666,266.60511717241377,1.6681654087228175,-0.8667891531598639,1.4252902844065733,0.9340177215889561,-4.131247425350684,-501.83460546735637,400.2603550637008,658.161437791091,83.86863106959072,17.769572125629125,-0.06395279156510014,400.260355119923,379.87022759110204,353.30942483094975,1.6049255475409723,265.4399999999987,0.9999999999999889,378.26530204356106,23.989518531319845,5.028907742760422,599.6230544942762,0.0024276723665535016,2.1473961737683567e-05,False,True,RELEASE,RELEASED,
6.139999999999425,SLOWDOWN_2,0.20257172385233088,1160.6504825428149,36.82265194965747,-0.05066711303105151,266.6796258667842,1.6678792108256795,-0.8670726133029686,1.4247828414058232,0.9337390536313835,-4.130869202653991,-502.0783772340735,400.50314766377085,658.1109862836557,83.8594232945615,17.779505713112002,-0.0636994373703601,400.503147721367,380.0999932869557,353.40740793457155,1.6248539444366088,264.83999999999867,0.9999999999999889,378.47513934251907,23.989521077362074,5.027686709811949,599.6231436442549,0.0024134299574178897,2.147242668115723e-05,False,True,RELEASE,RELEASED,
6.149999999999402,SLOWDOWN_2,0.20268918709006786,1161.323497319842,36.84408177043798,-0.05066489335213967,266.75499054413353,1.6675951661358905,-0.8673576180496814,1.424276799126831,0.9334609252792513,-4.130499735047607,-502.3245801435241,400.7480130319864,658.0631626215124,83.85045936744669,17.789556245050193,-0.06344850096002119,400.7480130909322,380.33174552817013,353.5065481570863,1.6442316192701583,264.23999999999864,0.9999999999999889,378.6875139089,23.989523609398372,5.026472393580981,599.6232323421161,0.002401853824655298,2.147116333617305e-05,False,True,RELEASE,RELEASED,
6.159999999999378,SLOWDOWN_2,0.2028072061168515,1161.9996965335363,36.865614923954304,-0.05066261061107787,266.8311862613347,1.6673132430734985,-0.8676441200467236,1.4237721487220538,0.933183332785363,-4.130138820536801,-502.5731490406901,400.99489367121134,658.0178995024906,83.84173474292464,17.799720490407783,-0.06319986385454968,400.99489373147696,380.56542922256074,353.60681182271054,1.6630735637109524,263.6399999999986,0.9999999999999889,378.9023556588498,23.989526127931736,5.0252645528453534,599.6233206795011,0.002392748953357504,2.1469783007432852e-05,False,True,RELEASE,RELEASED,
6.169999999999355,SLOWDOWN_2,0.20292576436003665,1162.6789852296358,36.887248328242386,-0.050660266915275434,266.9081887505468,1.6670334111068341,-0.8679320730745091,1.423268881931686,0.9329062727356253,-4.129786263191058,-502.82402046097485,401.24373356226556,657.9751316555344,83.83324500570686,17.80999530552438,-0.06295341252058506,401.2437336238317,380.8009906972665,353.70816617012963,1.681394286858449,263.0399999999986,0.9999999999999889,379.11959641040806,23.989528633812323,5.024062779887868,599.6234087383143,0.0023857691927817726,2.1468625334364333e-05,False,True,RELEASE,RELEASED,
6.179999999999332,SLOWDOWN_2,0.20304484562964506,1163.361270646398,36.90897894680073,-0.05065786505340149,266.98597439798493,1.666755640713202,-0.8682214320134006,1.422766991057171,0.9326297420347941,-4.129441872940153,-503.0771325766354,401.49447811754294,657.9347957728702,83.82498586598774,17.820377631310375,-0.06270903820592366,401.49447818038436,381.03837765416836,353.8105793237114,1.6992078318081099,262.4399999999986,0.9999999999999889,379.33916982236025,23.989531128113324,5.022866560033276,599.6234965863102,0.002380470898539322,2.1467260410190647e-05,False,True,RELEASE,RELEASED,
6.1899999999993085,SLOWDOWN_2,0.2031644341070684,1164.0464621498732,36.930803837006515,-0.050655407057455075,267.06452022339397,1.6664799033408872,-0.8685121528110634,1.4222664689356015,0.9323537378926753,-4.129105465376856,-503.3324251450153,401.7470741361898,657.8968304444543,83.8169531550495,17.830864490537902,-0.06246663676256503,401.7470742002785,381.2775391267938,353.9140202656744,1.7165277916095079,261.83999999999855,0.9999999999999889,379.5610113351843,23.989533612011947,5.021675328715021,599.623584274548,0.0023763643496126363,2.1466286113991373e-05,False,True,RELEASE,RELEASED,
6.199999999999285,SLOWDOWN_2,0.20328451433415023,1164.7344711713495,36.952720114334646,-0.0506528951658304,267.1438038602073,1.6662061713724154,-0.8688041924509321,1.4217673089149319,0.9320782578107659,-4.128776861566341,-503.58983945855437,402.0014697608252,657.8611760946073,83.80914282101455,17.84145298522523,-0.062226108510571976,402.0014698261366,381.518425438756,354.01845880918364,1.7333673247309775,261.23999999999853,0.9999999999999889,379.78505811402505,23.98953608668376,5.0204885221573194,599.623671836576,0.0023729594171832957,2.146470308161952e-05,False,True,RELEASE,RELEASED,
6.209999999999262,SLOWDOWN_2,0.20340507120263382,1165.4252111468916,36.97472493786799,-0.050650332179853645,267.2238035363608,1.6659344180890425,-0.8690975089216516,1.42126950483005,0.9318032995693176,-4.1284558878616195,-503.8493182964553,402.25761443568615,657.8277749207822,83.80155092473976,17.852140294109887,-0.06198735808237643,402.2576145021969,381.76098816348565,354.1238655723384,1.7497391698668707,260.6399999999985,0.9999999999999889,380.0112489936188,23.989538553216022,5.019305618932864,599.6237592891064,0.0023698030196825925,2.146318666973457e-05,False,True,RELEASE,RELEASED,
6.219999999999239,SLOWDOWN_2,0.20352608994396412,1166.118597458913,36.996815590046374,-0.05064771914464032,267.3044980557454,1.6656646176364132,-0.8693920611875625,1.4207730509796068,0.9315288612148167,-4.128142375725189,-504.1108058780007,402.51545886620875,657.7965708343658,83.7941736358512,17.862923670208502,-0.06175029426793799,402.51545893389795,382.0051800853975,354.2302119530238,1.7656556602981937,260.0399999999985,0.9999999999999889,380.2395244250993,23.989541012543278,5.018126170854789,599.6238466338455,0.0023665069768838976,2.146250602663713e-05,False,True,RELEASE,RELEASED,
6.229999999999215,SLOWDOWN_2,0.20364755611943156,1166.814547379701,37.01898933719471,-0.05064505926183113,267.3858667802745,1.665396744991408,-0.8696878091601312,1.4202779421036678,0.9312549410478592,-4.127836161556509,-504.37424781743886,402.7749549799605,657.7675094034885,83.78700722891247,17.87380043845968,-0.061514829894747436,402.77495504879766,382.2509551623453,354.3374701045972,1.781128737724373,259.43999999999846,0.9999999999999889,380.4698264246209,23.98954346540607,5.01694982277194,599.6239338601431,0.002362765875078665,2.1462036272623664e-05,False,True,RELEASE,RELEASED,
6.239999999999192,SLOWDOWN_2,0.20376945561064808,1167.5129800168506,37.041243571731165,-0.05064235380033133,267.4678896125473,1.6651307759300047,-0.8699847136703475,1.4197841733619874,0.9309815376114154,-4.127537086525181,-504.6395910803979,403.0360558889046,657.7405377976906,83.78004807972009,17.88476799344745,-0.06128088167406531,403.03605595886324,382.4982684893441,354.4456129123819,1.796169965608783,258.83999999999844,0.9999999999999889,380.70209852373534,23.98954591233185,5.015776321732306,599.6240209480993,0.002358365362188586,2.1461131098021724e-05,False,True,RELEASE,RELEASED,
6.249999999999169,SLOWDOWN_2,0.203891774610342,1168.2138162605231,37.06357568634705,-0.05063960562126133,267.550546979084,1.6648666869962672,-0.8702827364419561,1.419291740313114,0.9307086496794629,-4.127244996409394,-504.90678394173955,403.29871585289516,657.7156047344804,83.77329266172207,17.895823797201764,-0.06104837007893593,403.2987159239484,382.74707626349635,354.5546139709385,1.8107905420424117,258.2399999999984,0.9999999999999889,380.93628572145394,23.98954835363543,5.014605516758819,599.6241078718158,0.0023531819921567276,2.146061041230496e-05,False,True,RELEASE,RELEASED,
6.259999999999145,SLOWDOWN_2,0.2040144996134634,1168.9169787324818,37.085983215313995,-0.050636815124083835,267.63381981412044,1.6646044554723827,-0.8705818400656838,1.4188006388941174,0.9304362762459847,-4.126959741440091,-505.17577594488506,403.562890244464,657.6926604276541,83.76673754256521,17.90696537707428,-0.06081721921884764,403.5628903165946,382.99733575013636,354.66444756209205,1.825001312189272,257.6399999999984,0.9999999999999889,381.1723344379471,23.98955078943551,5.013437350927129,599.6241946025159,0.002347176139647189,2.1460144978391327e-05,False,True,RELEASE,RELEASED,
6.269999999999122,SLOWDOWN_2,0.20413761740858985,1169.6223917368518,37.10846364407276,-0.05063398560081367,267.71768954393656,1.6643440593496666,-0.8708819879742072,1.41831086540103,0.9301644165143143,-4.126681176149844,-505.44651786246374,403.828535514736,657.6716565373481,83.76037938075208,17.918190323685902,-0.060587356710129825,403.828535587916,383.2490052500765,354.7750886336862,1.838812780262856,257.0399999999984,0.9999999999999889,381.41019246981364,23.9895532196831,5.012271847733052,599.6242811113189,0.0023403797737859833,2.1459265838075225e-05,False,True,RELEASE,RELEASED,
6.279999999999099,SLOWDOWN_2,0.2042611150696199,1170.3299812125276,37.1310145781846,-0.05063111840393572,267.8021380717059,1.6640854773004876,-0.8711831444179888,1.4178224164698408,0.9298930698868194,-4.126409159226844,-505.71896165830066,404.095609160515,657.6525461217166,83.75421492240757,17.929496288944254,-0.0603587135659609,404.09560923472065,383.50204406797064,354.88651277904194,1.852235121098829,256.43999999999835,0.9999999999999889,381.6498089468718,23.989555644197477,5.0111090938482326,599.6243673715112,0.0023328809801279604,2.1454548630117642e-05,False,True,RELEASE,RELEASED,
6.289999999999075,SLOWDOWN_2,0.20438497994774843,1171.0396746871945,37.15363365015639,-0.050628215545807834,267.8871477628459,1.6638286886512481,-0.8714852744418952,1.4173352890582618,0.9296222359549142,-4.126143553373683,-505.9930604506869,404.36406969247037,657.6352835902845,83.7482409981651,17.94088098412822,-0.06013122407762239,404.36406976767375,383.7564124817413,354.9986962170961,1.8652781913270928,255.83999999999833,0.9999999999999889,381.8911342904142,23.989558062705633,5.009949220206639,599.624453360241,0.0023248069785770653,2.145511263051958e-05,False,True,RELEASE,RELEASED,
6.299999999999052,SLOWDOWN_2,0.20450919966371203,1171.7514012328975,37.17631858129912,-0.0506252779086145,267.97270143085393,1.6635736733561564,-0.8717883438625988,1.4168494804279683,0.9293519144893848,-4.125884225170749,-506.26876847688266,404.6338766043977,657.6198246587859,83.74245452014935,17.9523421780374,-0.05990482570189215,404.6338766805811,384.01207171304236,355.11161577319825,1.8779515401629965,255.23999999999833,0.9999999999999889,382.13412017287936,23.9895604748815,5.008792383186312,599.6245390596123,0.0023163072259269057,2.1454039085710974e-05,False,True,RELEASE,RELEASED,
6.309999999999029,SLOWDOWN_2,0.20463376210029804,1172.4650914231217,37.19906709492063,-0.05062230766105845,268.0587823236118,1.6633204119718907,-0.8720923192467162,1.416364988127433,0.9290821054310243,-4.125631044944081,-506.5460410588146,404.9049903435117,657.606126305516,83.73685247906104,17.96387769520438,-0.05967945896139781,404.9049904206444,384.26898389868904,355.225248860544,1.8902644197980294,254.63999999999828,0.9999999999999889,382.378719478891,23.989562880382056,5.00763874729372,599.6246244571939,0.0023075378694370485,2.1453777549140796e-05,False,True,RELEASE,RELEASED,
6.3199999999990055,SLOWDOWN_2,0.2047586553951047,1173.1806772913123,37.22187697167809,-0.05061930665486371,268.1453741101431,1.663068885633182,-0.8723971678896391,1.415881809975441,0.9288128088815614,-4.125383886637519,-506.8248345699177,405.17737228172064,657.5941467291746,83.73143194136588,17.975485414167157,-0.05945506733689854,405.17737235977955,384.52711206307106,355.339573462221,1.9022257954597421,254.03999999999823,0.9999999999999889,382.6248862676113,23.989565278878107,5.006488470410818,599.6247095460124,0.0022986485052367556,2.1453553586070484e-05,False,True,RELEASE,RELEASED,
6.329999999998982,SLOWDOWN_2,0.20488386793354846,1173.898092290807,37.24474603861529,-0.05061627669910038,268.2324608678101,1.6628190760290975,-0.8727028577950965,1.41539994404498,0.9285440250948768,-4.125142627689034,-507.1051064030947,405.4509846878851,657.5838453080396,83.72619004657106,17.98716326580033,-0.059231597163488914,405.4509847668582,384.7864200914905,355.4545681138512,1.913844355117476,253.43999999999824,0.9999999999999889,382.87257573637305,23.989567670078298,5.005341692265301,599.6247943241349,0.002289771836863075,2.1453548924910137e-05,False,True,RELEASE,RELEASED,
6.339999999998959,SLOWDOWN_2,0.20500938834210863,1174.6172712561324,37.26767220502423,-0.05061321851469324,268.3200270699319,1.6625709653802478,-0.8730093576553819,1.4149193886478293,0.9282757544684969,-4.124907148911223,-507.3868149397686,405.7257907009997,657.5751825605607,83.72112400460264,17.99890923170225,-0.05900899753646627,405.72579078084243,385.04687270435517,355.5702118868062,1.9251285188192355,252.83999999999824,0.9999999999999889,383.12174418553593,23.989570053745837,5.004198526420441,599.6248787939294,0.0022810164997419946,2.1452791713727493e-05,False,True,RELEASE,RELEASED,
6.349999999998936,SLOWDOWN_2,0.20513520548180053,1175.3381503656078,37.290653386399796,-0.050610133846803886,268.40805757381617,1.6623245364166097,-0.8733166368322232,1.41444014231948,0.9280079975353551,-4.124677334375504,-507.6699195199466,406.0017543042775,657.5681201071925,83.71623109325967,18.010721342637254,-0.058787220227827675,406.0017543849783,385.30843543232277,355.6864843719794,1.936086447786579,252.2399999999982,0.9999999999999889,383.3723489845362,23.989572429707916,5.003059055755662,599.6249629611345,0.0022724630265349433,2.1452445309932955e-05,False,True,RELEASE,RELEASED,
6.359999999998912,SLOWDOWN_2,0.20526130844187088,1176.0606671052217,37.31368752988385,-0.05060702471297002,268.49653760918216,1.6620797723562186,-0.8736246653382795,1.4139622038047124,0.9277407549558138,-4.12445307130025,-507.95438041330937,406.2788403000946,657.5626206335469,83.71150865576598,18.022597677029744,-0.05856621958065489,406.2788403816344,385.57107459219446,355.803365664093,1.9467260531191073,251.63999999999814,0.9999999999999889,383.62434853907536,23.989574797858406,5.001923331170726,599.6250468338278,0.002264162712444673,2.1451915472425753e-05,False,True,RELEASE,RELEASED,
6.371999999998884,SLOWDOWN_2,0.20541299424257936,1176.9297627244875,37.34139565028036,-0.05060326234811473,268.6032867700066,1.6617882302168347,-0.8739952473728152,1.4133904024214015,0.9274207439134278,-4.124191129227375,-508.29746920996774,406.61277666885246,657.5580333797002,83.70606310859506,18.036931415912605,-0.05830198339026538,406.6127767513632,385.88761617468515,355.9443995347176,1.95908417429348,250.91999999999817,0.9999999999999889,383.92853200039167,23.9895776292721,5.000565433158838,599.625147105585,0.002254567600247448,2.1452386079090502e-05,False,True,RELEASE,RELEASED,
6.381999999998861,SLOWDOWN_2,0.20553968868766165,1177.655668423584,37.364539387902035,-0.05060010348108094,268.69270554735965,1.6615470721449488,-0.8743048219418577,1.4129153376202936,0.9271546358151174,-4.123978697193785,-508.5847785454553,406.8922119156458,657.5558461372577,83.70170666906316,18.04894250359003,-0.05808254284369241,406.8922119989464,386.1525086461238,356.06255252196047,1.9690501356618597,250.31999999999812,0.9999999999999889,384.18345851046195,23.98957998016657,4.999437983778991,599.6252303639351,0.0022468719390893455,2.1452199916893733e-05,False,True,RELEASE,RELEASED,
6.391999999998838,SLOWDOWN_2,0.20566663550281494,1178.3830200966752,37.38772988031251,-0.05059692388293746,268.78252896589436,1.6613075283175833,-0.8746150540503213,1.4124415778619777,0.92688904495142,-4.1237714756281605,-508.8733229849533,407.1726621505693,657.5551092185099,83.69751261424265,18.06101196932546,-0.05786374918312731,407.17266223463633,386.41837478007216,356.18125383144366,1.9787215045028006,249.71999999999807,0.9999999999999889,384.43965327556936,23.989582323297437,4.998314257473008,599.6253133581004,0.0022394235707787757,2.1451869542943314e-05,False,True,RELEASE,RELEASED,
6.401999999998814,SLOWDOWN_2,0.2057938246717349,1179.1117603545642,37.41096525091331,-0.050593725169724886,268.87274370147816,1.6610695837850071,-0.8749259162562298,1.4119691226223374,0.9266239724362936,-4.123569363824115,-509.1630664083343,407.45409536143904,657.5557894068413,83.69347853716917,18.073138076390194,-0.05764556666349563,407.45409544624016,386.6851839500021,356.30048551402456,1.9881052302196736,249.11999999999807,0.9999999999999889,384.69707871978244,23.989584658763697,4.997194206764706,599.6253960961358,0.002232183659065967,2.1451800137128885e-05,False,True,RELEASE,RELEASED,
6.411999999998791,SLOWDOWN_2,0.2059212463768726,1179.8418329468393,37.43424367988604,-0.05059050837347396,268.9633367480946,1.660833223985506,-0.8752373816817456,1.4114979715185467,0.926359419473504,-4.123372263696387,-509.4539734897119,407.73648023791026,657.5578543778345,83.68960208482508,18.085319128667237,-0.057427961691189466,407.7364803234339,386.952906202795,356.4202300507811,1.9972080529456662,248.51999999999808,0.9999999999999889,384.95569814984935,23.98958698668309,4.9960777751894385,599.6254785845574,0.0022251049697645797,2.1452593102821993e-05,False,True,RELEASE,RELEASED,
6.421999999998768,SLOWDOWN_2,0.2060488909943537,1180.5731827327622,37.45756336396176,-0.05058727504647892,269.0542954084457,1.6605984347280058,-0.8755494239981647,1.411028124297168,0.9260953873500805,-4.123180079689758,-509.7460096740513,408.0197861512136,657.561272669269,83.68588095615229,18.09755346943379,-0.05721090274857943,408.0197862374369,387.22151223923595,356.54047034027275,2.0060365105647406,247.91999999999803,0.9999999999999889,385.2154757286712,23.989589307180363,4.994964902925522,599.6255608281351,0.002218136964783568,2.1452628459428524e-05,False,True,RELEASE,RELEASED,
6.4319999999987445,SLOWDOWN_2,0.20617674908907188,1181.3057556531558,37.48092255146471,-0.05058402625239171,269.1456072848669,1.6603652021754727,-0.8758620174113682,1.410559580822904,0.9258318774299702,-4.122992718690818,-510.0391411545522,408.3039831345544,657.5660136522365,83.68231290014504,18.109839480184956,-0.05699436033103211,408.3039832214514,387.4909733951862,356.6611896862243,2.014596945515109,247.31999999999798,0.9999999999999889,385.4763764496711,23.98959162037701,4.993855531708753,599.6256428298522,0.002211230249417717,2.145277136378354e-05,False,True,RELEASE,RELEASED,
6.441999999998721,SLOWDOWN_2,0.20630481140995124,1182.0394987032596,37.50431952574473,-0.050580763007713594,269.2372602705421,1.6601335128286994,-0.8761751366478312,1.4100923410674606,0.9255688911478986,-4.1228100899428135,-510.3333348508177,408.5890418642049,657.5720475030823,83.6788957139978,18.122175579496915,-0.056778306882392826,408.5890419517613,387.7612616234088,356.7823717856147,2.0228955113869915,246.71999999999798,0.9999999999999889,385.7383661120218,23.989593926383105,4.992749608748015,599.6257245910137,0.0022043401203779567,2.1452163309731986e-05,False,True,RELEASE,RELEASED,
6.451999999998698,SLOWDOWN_2,0.20643306888537347,1182.7743599065293,37.52775258775702,-0.05057748674634215,269.3292425410079,1.6599033535107481,-0.8764887569409705,1.4096264050989895,0.925306430003413,-4.122632104962911,-510.62855838771645,408.8749336411722,657.5793451763697,83.6756272413216,18.134560221928268,-0.05656271670625301,408.87493372936865,388.0323494759613,356.9040007171622,2.030938179250086,246.119999999998,0.9999999999999889,386.00141129671124,23.989596225291447,4.991647089542707,599.6258061114584,0.002197429124215944,2.1452321959714027e-05,False,True,RELEASE,RELEASED,
6.461999999998675,SLOWDOWN_2,0.20656151261876185,1183.510288289335,37.551220097003544,-0.05057419815037734,269.42154254594095,1.6596747113518666,-0.8768028540180873,1.4091617730717216,0.9250444955551194,-4.1224586774625545,-510.92478007500335,409.1616303735524,657.5878783786641,83.67250537041915,18.14699189695857,-0.056347565926898824,409.1616304623649,388.30421008721777,357.0260609301891,2.0387307438066387,245.51999999999794,0.9999999999999889,386.26547934341113,23.989598517174034,4.990547939564104,599.6258873898498,0.002190468592714545,2.145280677723349e-05,False,True,RELEASE,RELEASED,
6.471999999998651,SLOWDOWN_2,0.20669013388431848,1184.2472338565376,37.57472041252475,-0.05057089878065416,269.5141490012154,1.6594475737749466,-0.8771174040876406,1.4086984452160496,0.9247830894150935,-4.122289723270136,-511.22196888759265,409.4491045594258,657.5976195432265,83.6695280326202,18.159469127962335,-0.05613283241575573,409.4491046488346,388.5768171574449,357.14853723385454,2.0462788293219774,244.91999999999788,0.9999999999999889,386.53053832812293,23.989600802080737,4.989452134898439,599.6259684239974,0.0021834392430015725,2.1453354008826864e-05,False,True,RELEASE,RELEASED,
6.481999999998628,SLOWDOWN_2,0.20681892412277914,1184.9851475671655,37.59825195272035,-0.050567589380910216,269.6070508811631,1.6592219285238714,-0.8774323838692841,1.4082364218525028,0.9245222132445768,-4.122125160441669,-511.52009446919055,409.7373292900113,657.6085418163982,83.66669320585777,18.17199047120952,-0.05591849788709169,409.73732938000023,388.85014495491134,357.2714147858836,2.0535879151977383,244.3199999999979,0.9999999999999889,386.7965570397136,23.98960308003988,4.9883596619646955,599.6260492111899,0.002176330894270606,2.1453632712109538e-05,False,True,RELEASE,RELEASED,
6.491999999998605,SLOWDOWN_2,0.2069478749373992,1185.7239813114159,37.621813165418,-0.050564270695787276,269.70023741075494,1.6589977634756465,-0.8777477704302978,1.407775703271597,0.9242618687444151,-4.121964908500517,-511.8191270284278,410.02627816227914,657.6206189811969,83.66399889267818,18.1845545148544,-0.055704541383136075,410.0262782528201,389.1241682351691,357.3946790847428,2.060663271275587,243.7199999999979,0.9999999999999889,387.06350496389354,23.98960535106033,4.987270516510753,599.6261297485048,0.0021691418182969713,2.145346491033706e-05,False,True,RELEASE,RELEASED,
6.501999999998581,SLOWDOWN_2,0.20707697809103695,1186.4636878939432,37.64540247685367,-0.05056094487982705,269.7936980597761,1.6587750668976078,-0.8780635413560733,1.4073162899300193,0.9240020576560523,-4.121808889256771,-512.1190374336394,410.3159253505289,657.633825533525,83.66144314834985,18.197159878192412,-0.055490943431209416,410.3159254416099,389.39886230597483,357.51831595844004,2.067510046103507,243.11999999999784,0.9999999999999889,387.3313522598713,23.9896076151347,4.986184702080013,599.6262100330832,0.0021618769452143027,2.1453852866670786e-05,False,True,RELEASE,RELEASED,
6.511999999998558,SLOWDOWN_2,0.20720622550129267,1187.204221006008,37.66901842567588,-0.0505576117311198,269.8874225348136,1.658553827246779,-0.8783796746812776,1.406858182256389,0.9237427817532031,-4.121657026349172,-512.4197971444163,410.60624556292817,657.6481365707702,83.65902406151065,18.209805210621255,-0.055277690645709754,410.6062456545302,389.6742029866843,357.6423115546941,2.074133246734391,242.5199999999978,0.9999999999999889,387.6000697399499,23.98960987224319,4.985102228172888,599.6262900623392,0.0021545466192867124,2.1454226555306377e-05,False,True,RELEASE,RELEASED,
6.521999999998535,SLOWDOWN_2,0.20733560923734579,1187.9455352073558,37.6926595238048,-0.0505542725607787,269.9814007724914,1.6583340332061967,-0.8786961488432609,1.4064013807224285,0.923484042837389,-4.121509245113707,-512.7213781878021,410.89721401027083,657.6635278074102,83.6567397554287,18.222489190769156,-0.055064768667193675,410.8972141023744,389.95016657904125,357.7666523324193,2.0805377270874033,241.9199999999978,0.9999999999999889,387.86962885195385,23.989612122357627,4.984023108301142,599.6263698341218,0.0021471646975612657,2.145463162150918e-05,False,True,RELEASE,RELEASED,
6.531999999998511,SLOWDOWN_2,0.20746512151652882,1188.6875859065865,37.71632432445347,-0.050550928276166515,270.0756229332136,1.6581156736754084,-0.8790129426937524,1.405945885823819,0.9232258427335542,-4.1213654725938955,-513.0237531514312,411.18880640272187,657.679975549719,83.65458838768659,18.235210525690846,-0.05485216467053533,411.1888064953113,390.22672986358384,357.8913250528451,2.0867282027359124,241.3199999999978,0.9999999999999889,388.14000166084793,23.989614365445473,4.9829473580704455,599.6264493468095,0.0021397468647119666,2.145472836900808e-05,False,True,RELEASE,RELEASED,
6.541999999998488,SLOWDOWN_2,0.20759475470100394,1189.430329342113,37.74001139794923,-0.05054758003839755,270.1700793948803,1.657898737757703,-0.879330035487804,1.4054916980713912,0.9229681832855664,-4.121225637475117,-513.3268951674813,411.4809989358739,657.6974566752588,83.65256814873207,18.24796795005898,-0.05463986718262959,411.48099902893256,390.50387008622334,358.0163167710164,2.0927092550617203,240.71999999999775,0.9999999999999889,388.4111608311616,23.989616601473383,4.98187499347693,599.6265285993481,0.002132309118533904,2.145487559346293e-05,False,True,RELEASE,RELEASED,
6.551999999998465,SLOWDOWN_2,0.20772450129455902,1190.1737225638037,37.76371934075646,-0.05054422899433509,270.26476074682273,1.657683214749051,-0.8796474068742323,1.4050388179833995,0.9227110663518854,-4.121089670025796,-513.6307778977604,411.77376827782246,657.7159486134444,83.65067726061974,18.260760225384338,-0.054427866066021124,411.77376837132607,390.78156494585704,358.1416148275689,2.0984853358652344,240.1199999999977,0.9999999999999889,388.6830796099918,23.98961883041019,4.980806029466994,599.626607591236,0.0021248664901563075,2.1454690056543768e-05,False,True,RELEASE,RELEASED,
6.5619999999984415,SLOWDOWN_2,0.20785435393951662,1190.917723415272,37.787446834226614,-0.05054087462768903,270.35965778393705,1.657469094127505,-0.8799650368862126,1.4045872460782558,0.922454493801351,-4.120957502039813,-513.9353755192137,412.0670915565946,657.735429326831,83.64891397580001,18.27358613926189,-0.05421615244415534,412.0670916505268,391.059792582285,358.2672068407765,2.104060771708305,239.5199999999977,0.9999999999999889,388.9557318105767,23.989621052229186,4.979740478853952,599.6266863224739,0.0021174320842787253,2.145579918533258e-05,False,True,RELEASE,RELEASED,
6.571999999998418,SLOWDOWN_2,0.2079843054137535,1191.6622905167997,37.8111924928763,-0.050537518964621296,270.4547615010143,1.657256365542859,-0.8802829059322889,1.4041369828673167,0.922198467509108,-4.120829066781128,-514.2406627099674,412.3609463480526,657.7558772929341,83.64727657594283,18.28644450464263,-0.054004718671194496,412.36094644240325,391.3385315645685,358.3930806988644,2.1094397681401915,238.9199999999977,0.9999999999999889,389.2290917964283,23.989623266909636,4.97867835158279,599.6267647934862,0.0021100164327236826,2.145602621794751e-05,False,True,RELEASE,RELEASED,
6.581999999998395,SLOWDOWN_2,0.20811434862782607,1192.407383248867,37.83495500290485,-0.0505341627051119,270.550063087257,1.657045018806776,-0.880600994787632,1.40368802884807,0.9219429893526521,-4.120704298930067,-514.5466146358282,412.6553106641839,657.7772714867159,83.64576337080894,18.299334159129693,-0.05379355829381893,412.6553107589268,391.617760879758,358.51922455257574,2.114626413761698,238.31999999999766,0.9999999999999889,389.5031344659963,23.989625474437574,4.977619654351902,599.6268430050202,0.002102627168173221,2.1456646550177538e-05,False,True,RELEASE,RELEASED,
6.591999999998372,SLOWDOWN_2,0.20824447662219894,1193.1529617362737,37.85873307762318,-0.050530806449956556,270.64555392098003,1.6568350438832076,-0.8809192845855929,1.4032403844974948,0.9216880612079991,-4.1205831345313735,-514.8532069372475,412.95016294178834,657.799591363623,83.6443726971589,18.312253964298527,-0.05358266599932904,412.95016303691574,391.8974599220732,358.64562680798514,2.1196246842213213,237.7199999999976,0.9999999999999889,389.7778352378519,23.989627674805945,4.976564390548345,599.6269209580421,0.0020952689799980106,2.1457345837916364e-05,False,True,RELEASE,RELEASED,
6.601999999998348,SLOWDOWN_2,0.20837468256457262,1193.8989868328272,37.88252544286638,-0.05052745109214026,270.74122556448486,1.6566264308790948,-0.881237756809543,1.402794050265574,0.921433684945973,-4.12046551094382,-515.1604157167128,413.24548203155183,657.8228168431476,83.64310291769469,18.325202805039822,-0.05337203757528641,413.2454821270461,392.1776084823389,358.7722761195525,2.124438445966234,237.11999999999762,0.9999999999999889,390.05317003637265,23.989629868014177,4.9755125604463615,599.6269986536374,0.0020879438063570177,2.1458225489823235e-05,False,True,RELEASE,RELEASED,
6.611999999998325,SLOWDOWN_2,0.2085049597473078,1194.645420106585,37.90633085353223,-0.050524097344603384,270.8370697591069,1.6564191700355089,-0.8815563932850354,1.4023490265691358,0.9211798624286054,-4.1203513667917955,-515.4682175266128,413.5412471875159,657.8469282929807,83.64195242004956,18.338179588924838,-0.05316166987830684,413.54124728335336,392.4581867379021,358.8991613834054,2.1290714599923035,236.51999999999762,0.9999999999999889,390.3291152779098,23.98963205406737,4.974464161604945,599.6270760929151,0.0020806512049027504,2.1459067625073658e-05,False,True,RELEASE,RELEASED,
6.621999999998302,SLOWDOWN_2,0.2086353015849426,1195.3922238256305,37.930148098962725,-0.050520745579267244,270.93307842042583,1.656213251719042,-0.8818751761721668,1.4019053137858748,0.9209265955056479,-4.120240641918123,-515.776589357475,413.83743805687277,657.8719065136709,83.64091961580587,18.351183245592154,-0.05295156079654362,413.83743815304797,392.73917524281876,359.02627173084625,2.133527385394416,235.91999999999757,0.9999999999999889,390.60564785742434,23.98963423297518,4.973419189393149,599.6271532769372,0.0020733888380322085,2.1459821084590658e-05,False,True,RELEASE,RELEASED,
6.631999999998278,SLOWDOWN_2,0.20876570161180039,1196.1393609443649,37.953975951656716,-0.05051739723564905,271.0292436336347,1.6560086664134415,-0.8821940879582074,1.4014629122484872,0.9206738860111904,-4.1201332773384785,-516.0855086266164,414.1340346701158,657.8977327237449,83.64000293954527,18.364212726155028,-0.05274170919909693,414.13403476660346,393.0205549183626,359.1535965220751,2.1378097827866327,235.31999999999752,0.9999999999999889,390.882745135576,23.989636404750595,4.972377637585043,599.6272302066548,0.002066153020528816,2.1461403605371743e-05,False,True,RELEASE,RELEASED,
6.641999999998255,SLOWDOWN_2,0.20889615347968382,1196.8867950902968,37.97781324581161,-0.050514052633345206,271.12555764906637,1.6558054047116864,-0.8825131114505456,1.4010218222391495,0.9204217357603821,-4.1200292151975315,-516.3949531672108,414.43101743156035,657.9243885453897,83.63920084794393,18.377267002629303,-0.052532114921973516,414.4310175283596,393.3023070439573,359.2811253401212,2.141922117707395,234.71999999999753,0.9999999999999889,391.1603849262499,23.989638569408676,4.971339498958049,599.6273068828765,0.00205893926950651,2.1462151892137626e-05,False,True,RELEASE,RELEASED,
6.651999999998232,SLOWDOWN_2,0.2090266509556541,1197.6344905513174,38.001658841628895,-0.05051071195114031,271.22201287786436,1.6556034573081884,-0.8828322297697975,1.400582043984041,0.9201701465462551,-4.119928398726243,-516.7049012177023,414.72836711014776,657.951855990528,83.63851181888761,18.39034506738011,-0.052322778713573825,414.7283672072304,393.5844132482587,359.408847984977,2.145867763753074,234.11999999999753,0.9999999999999889,391.43854548450565,23.9896407269654,4.970304765851113,599.6273833062439,0.0020517428181223707,2.1463425412093784e-05,False,True,RELEASE,RELEASED,
6.6619999999982085,SLOWDOWN_2,0.20915718791989057,1198.3824122634376,38.02551155136479,-0.05050737725966321,271.31860188780297,1.65540281499132,-0.8831514263431653,1.4001435776480993,0.9199191201366428,-4.119830772200501,-517.0153314115728,415.0260648305805,657.9801174473843,83.63793435062036,18.403445932588035,-0.05211370221741163,415.0260649279411,393.8668555007348,359.53675446792715,2.1496500057981507,233.51999999999748,0.9999999999999889,391.71720549493665,23.989642877436648,4.969273430652982,599.6274594772319,0.002044559065768503,2.146437520877953e-05,False,True,RELEASE,RELEASED,
6.671999999998185,SLOWDOWN_2,0.20928775836363073,1199.1305257989836,38.04937030870477,-0.050504047828838536,271.4153173992419,1.6552034686362853,-0.8834706848980572,1.399706423330031,0.9196686582711939,-4.119736280901455,-517.3262227675118,415.3240920647702,658.009155667515,83.63746696093345,18.416568629732815,-0.05190488792476344,415.3240921623766,394.14961610334854,359.66483500606705,2.1532720429243,232.91999999999743,0.9999999999999889,391.99634406042424,23.989645020837397,4.968245486179943,599.6275353961621,0.002037383928434444,2.1465853365043586e-05,False,True,RELEASE,RELEASED,
6.681999999998162,SLOWDOWN_2,0.20941835638718606,1199.8787973552307,38.07323399389494,-0.0505007249516655,271.51215228122163,1.6550054091981674,-0.8837899894559188,1.3992705810573955,0.9194187626584757,-4.119644871076895,-517.6375546798946,415.6224306235873,658.0389537532335,83.63710818637463,18.429712209095324,-0.05169633916210614,415.6224307214424,394.4326776827062,359.79308001700406,2.1567369914308756,232.31999999999744,0.9999999999999889,392.2759406912753,23.989647157181185,4.967220925942665,599.6276110632248,0.002030214088872384,2.1467234660121903e-05,False,True,RELEASE,RELEASED,
6.6919999999981385,SLOWDOWN_2,0.20954897619803034,1200.627193743448,38.09710152488771,-0.05049740941500394,271.60909954768357,1.6548086277051828,-0.8841093243262246,1.398836050781841,0.9191694349731679,-4.119556489903781,-517.9493069095732,415.92106264886405,658.0694951454274,83.63685658148248,18.442875739275877,-0.0514880600487686,415.9210627469522,394.7160231823086,359.92148011373695,2.1600478875761837,231.71999999999744,0.9999999999999889,392.55597529473243,23.989649286479768,4.966199744303294,599.6276864785077,0.0020230471477606926,2.1468433487825678e-05,False,True,RELEASE,RELEASED,
6.701999999998115,SLOWDOWN_2,0.20967961210896163,1201.3756823783692,38.12097186381533,-0.05049410131358049,271.7061523538203,1.654613115252315,-0.8844286741007488,1.398402832374621,0.918920676853341,-4.119471085452306,-518.2614595750335,416.21997060571107,658.1007636118374,83.63671071806203,18.45605830672936,-0.0512800554668047,416.21997070401693,394.99963585518486,360.0500260997037,2.1632076903488837,231.1199999999974,0.9999999999999889,392.836428164836,23.98965140874303,4.96518193652558,599.6277616420293,0.002015881677993825,2.1469951661856612e-05,False,True,RELEASE,RELEASED,
6.711999999998092,SLOWDOWN_2,0.20981025853633117,1202.1242312680429,38.144843963264826,-0.05049080152286697,271.80330399254717,1.654418862995045,-0.8847480236479721,1.3979709256221406,0.9186724898978157,-4.119388606650832,-518.5739931438168,416.51913727507474,658.1327432356636,83.63666918447163,18.469259015316258,-0.05107233104604347,416.51913737358274,395.2834992567544,360.1787089639983,2.1662192841145043,230.51999999999734,0.9999999999999889,393.1172799726399,23.989653523979058,4.964167498730967,599.6278365537803,0.0020087171942524407,2.147185432477272e-05,False,True,RELEASE,RELEASED,
6.721999999998069,SLOWDOWN_2,0.20994090999834064,1202.8728090040786,38.16871680578461,-0.05048751060080923,271.9005478910913,1.6542258621433437,-0.8850673581077075,1.3975403302216833,0.9184248756636051,-4.1193090032520825,-518.8868884242598,416.81854574656296,658.165418404555,83.63673058494383,18.482476985868917,-0.050864893114237475,416.81854584526457,395.5675972379043,360.3075198767453,2.1690854811474196,229.91999999999734,0.9999999999999889,393.3985117567569,23.9896556321944,4.963156427782053,599.6279112137429,0.002001554056752397,2.147357542980899e-05,False,True,RELEASE,RELEASED,
6.731999999998045,SLOWDOWN_2,0.2100715611134037,1203.6213847522577,38.19258938984188,-0.050484229166881195,271.9978776076966,1.6540341039559927,-0.8853866628859572,1.3971110457773828,0.9181778356634325,-4.11923222580066,-519.2001265575511,417.11817941154396,658.1987738000104,83.63689353893577,18.495711355772873,-0.05065774870155337,417.11817951042053,395.85191393836385,360.4364501846308,2.171809024132301,229.31999999999735,0.9999999999999889,393.68010491423155,23.989657733394402,4.962148721115975,599.6279856219342,0.00199439332949769,2.1473133529070765e-05,False,True,RELEASE,RELEASED,
6.741999999998022,SLOWDOWN_2,0.21020220659856875,1204.3699282434975,38.21646072326676,-0.05048095807422467,272.0952868284371,1.6538435797348927,-0.8857059236498174,1.3966830717961565,0.9179313713633265,-4.119158225601042,-519.5136890099905,417.4180219564247,658.2327943870413,83.63715668048712,18.508961278562364,-0.05045090548344433,417.4180220554693,396.1364337802381,360.56549140658285,2.1743925885135127,228.7199999999973,0.9999999999999889,393.9620411917246,23.989659827583637,4.961144376542671,599.6280597784146,0.0019872366069444425,2.1474848608704633e-05,False,True,RELEASE,RELEASED,
6.751999999997999,SLOWDOWN_2,0.21033284126800447,1205.1184097651726,38.240329869955055,-0.050477697118419214,272.1927693641398,1.6536542808197978,-0.8860251263227219,1.3962564076839354,0.9176854841802851,-4.119086954687302,-519.8275575656113,417.7180573562414,658.2674654042489,83.63751865762033,18.522225923529952,-0.05024437178082053,417.7180574554324,396.42114146184963,360.69463522959677,2.1768387848483144,228.11999999999725,0.9999999999999889,394.2443026770013,23.9896619147663,4.9601433920498925,599.6281336833074,0.0019800858460659043,2.1476932090536138e-05,False,True,RELEASE,RELEASED,
6.761999999997975,SLOWDOWN_2,0.21046346003154137,1205.8668001527608,38.26419587076936,-0.05047444720504522,272.2903191474098,1.6534661985831018,-0.8863442570797239,1.39583105274193,0.917440175480015,-4.119018365793298,-520.1417143189935,418.0182698684166,658.3027723541842,83.63797813175015,18.535504475349573,-0.05003815652105459,418.0182699677494,396.70602195174456,360.823873504701,2.1791501610323394,227.51999999999725,0.9999999999999889,394.5268717907122,23.989663994946653,4.959145765597419,599.6282073368134,0.001972943188696341,2.147807072105934e-05,False,True,RELEASE,RELEASED,
6.771999999997952,SLOWDOWN_2,0.2105940578932725,1206.6150707818235,38.28805779079893,-0.05047120904261637,272.387930229755,1.6532793244249104,-0.8866633023430298,1.3954070061630912,0.9171954465747347,-4.118952412324194,-520.4561416683814,418.3186440267743,658.3387009940503,83.63853377712307,18.54879613371247,-0.04983226922922768,418.31864412623423,396.9910604829012,360.9531982430591,2.1813292044415675,226.91999999999726,0.9999999999999889,394.80973127845965,23.989666068129388,4.958151494936373,599.6282807392083,0.001965810805955037,2.1480176656041294e-05,False,True,RELEASE,RELEASED,
6.781999999997929,SLOWDOWN_2,0.21072462995020594,1207.3631935602864,38.31191472787652,-0.05046798290296587,272.4855967788096,1.6530936497681838,-0.8869822487776169,1.3949842670285915,0.9169512987210489,-4.118889048328578,-520.7708223089973,418.61916463573795,658.375237326669,83.63918428026979,18.562100112976008,-0.04962671998788437,418.61916473531545,397.2762425471945,361.08260161220244,2.183378344057985,226.3199999999972,0.9999999999999889,395.0928642031365,23.989668134319924,4.95716057746798,599.6283538908447,0.0019586907782045415,2.148196978168926e-05,False,True,RELEASE,RELEASED,
6.7919999999979055,SLOWDOWN_2,0.21085517139097332,1208.1111409210391,38.3357657612989,-0.05046477002133549,272.58331307564976,1.6529091660541964,-0.8873010832870557,1.3945628343045702,0.9167077331178791,-4.118828228471768,-521.0857392266362,418.91981676475274,658.4123675918063,83.63992833948699,18.575415641824424,-0.04942151942822193,418.9198168644346,397.56155389000264,361.2120759323905,2.1852999524705297,225.71999999999716,0.9999999999999889,395.3762539375321,23.989670193524677,4.956173010118888,599.6284267921476,0.001951584989305033,2.148480086816562e-05,False,True,RELEASE,RELEASED,
6.801999999997882,SLOWDOWN_2,0.2109856774945869,1208.8588858148146,38.35961005663668,-0.050461569717014765,272.6810735122006,1.6527258647380496,-0.8876197930094732,1.3941427068388497,0.9164647509044657,-4.118769908009883,-521.4008756914695,419.220585742908,658.4500782577164,83.64076466433124,18.58874196294154,-0.04921667871195723,419.2205858426798,397.84698050504284,361.3416136730941,2.187096347848467,225.11999999999716,0.9999999999999889,395.65988415719437,23.989672245751198,4.955188789268415,599.628499443606,0.0019444950676090755,2.1486511172952305e-05,False,True,RELEASE,RELEASED,
6.811999999997859,SLOWDOWN_2,0.21111614362924733,1209.6064017033573,38.38344671626883,-0.05045838348389346,272.7788725887312,1.652543737284418,-0.8879383653136123,1.3937238833578698,0.9162223531584217,-4.118714042764631,-521.7162152520574,419.5214571537266,658.4883560130145,83.64169197513556,18.602078332694813,-0.04901220950046081,419.52145725357707,398.13250862937525,361.47120744959716,2.188769795835128,224.51999999999717,0.9999999999999889,395.9437388335401,23.98967429100827,4.954207910706073,599.6285718457609,0.0019374223538619617,2.148871544704889e-05,False,True,RELEASE,RELEASED,
6.821999999997836,SLOWDOWN_2,0.21124656525119995,1210.353662552871,38.40727492500578,-0.0504552109951504,272.87670491143376,1.6523627751634398,-0.8882567877951051,1.3933063624636708,0.9159805408938503,-4.1186605890991945,-522.0317417296131,419.82241683017867,658.5271877587861,83.6427090025456,18.615424020830424,-0.048808123940773385,419.8224169301091,398.41812473857715,361.6008500197135,2.1903225113714484,223.91999999999712,0.9999999999999889,396.2278022272057,23.989676329305937,4.953230369618679,599.6286439991977,0.0019303678955013837,2.1491653171779035e-05,False,True,RELEASE,RELEASED,
6.831999999997812,SLOWDOWN_2,0.2113769379036359,1211.1006428277215,38.43109385377257,-0.05045205273614176,272.9745651900857,1.6521829698467487,-0.8885750482728361,1.3928901426309792,0.9157393150595156,-4.118609503894726,-522.3474392124481,420.1234508498526,658.5665606009561,83.64381448706992,18.628778310179094,-0.04860443465298658,420.1234509498374,398.7038155421094,361.73053428061627,2.1917566604771537,223.31999999999707,0.9999999999999889,396.51205888163224,23.989678360655443,4.952256160612641,599.628715904535,0.001923332472467898,2.1494093743967824e-05,False,True,RELEASE,RELEASED,
6.841999999997789,SLOWDOWN_2,0.2115072572156389,1211.8473174844034,38.45490265668568,-0.05044891007650184,273.0724482357912,1.6520043128036577,-0.8888931347853869,1.3924752222044356,0.915498676537068,-4.118560744527435,-522.6632920505983,420.42454553027943,658.6064618429302,83.64500717864726,18.642140496372225,-0.04840115470011597,420.42454563030833,398.9895679788437,361.860253265773,2.1930743619711848,222.71999999999707,0.9999999999999889,396.7964936168725,23.989680385069175,4.951285277750502,599.6287875624139,0.0019163166354836392,2.149618120483865e-05,False,True,RELEASE,RELEASED,
6.851999999997766,SLOWDOWN_2,0.21163751890117566,1212.5936619657552,38.47870056106604,-0.050445782805094395,273.17034895879897,1.6518267954975518,-0.8892110355877269,1.3920615993959151,0.9152586261393232,-4.1185142688468925,-522.9792848507075,420.72568742448095,658.6468789784692,83.64628583623913,18.655509887568,-0.04819829758071137,420.7256875245494,399.2753692127405,361.9900001419864,2.194277689122714,222.11999999999708,0.9999999999999889,397.0810915236178,23.989682402560554,4.9503177145952515,599.6288589734941,0.0019093207511877708,2.1499186175333307e-05,False,True,RELEASE,RELEASED,
6.861999999997742,SLOWDOWN_2,0.21176771875812728,1213.3396521954087,38.50248679387634,-0.05044267113709758,273.2682623663946,1.6516504093822943,-0.8895287391479135,1.3916492722818579,0.9150191646085932,-4.118470035154601,-523.2954024710365,421.0268633166303,658.6877996847641,83.6476492274245,18.66888580418717,-0.047995877205551096,421.02686341672273,399.5612066287071,362.1197682065353,2.195368671272604,221.51999999999703,0.9999999999999889,397.3658379574345,23.98968441314392,4.9493534642747745,599.6289301384468,0.0019023450653303797,2.1501446155980375e-05,False,True,RELEASE,RELEASED,
6.871999999997719,SLOWDOWN_2,0.21189785266736214,1214.0852645724783,38.526260587121854,-0.050439575560840284,273.366183560866,1.651475145898901,-0.8898462341439649,1.3912382388008173,0.9147802926150637,-4.118428002183485,-523.6116300166888,421.328060217895,658.7292118157967,83.64909612802202,18.682267578658276,-0.04779390788655746,421.3280603180073,399.84706782857694,362.24955088441357,2.196349295371192,220.91999999999697,0.9999999999999889,397.65071853320575,23.989686416834413,4.948392519527975,599.6290010579521,0.0018953897489888405,2.1504500921309955e-05,False,True,RELEASE,RELEASED,
6.881999999997696,SLOWDOWN_2,0.21202791659184683,1214.8304759664663,38.55002115904699,-0.05043649734492881,273.4641077375363,1.6513009964722436,-0.8901635094608152,1.3908284967509938,0.914542010755221,-4.118388129077905,-523.9279528349892,421.6292653624174,658.7711033958651,83.65062532171882,18.69565455517172,-0.047592404319118486,421.62926546253766,400.13294062723935,362.3793417256632,2.197221507471113,220.31999999999698,0.9999999999999889,397.93571911976824,23.989688413647862,4.947434872764885,599.6290717326938,0.0018884549574238463,2.1506807740934164e-05,False,True,RELEASE,RELEASED,
6.891999999997672,SLOWDOWN_2,0.21215790657579683,1215.5752637123971,38.57376780720126,-0.050433435997285885,273.56203018286686,1.6511279525079692,-0.8904805541874389,1.390420043787916,0.9143043195503269,-4.11835037537463,-524.2443565110771,421.93046620347434,658.8134626133603,83.65223559972313,18.70904608944295,-0.047391381562420065,421.93046630359584,400.4188130489705,362.50913440279817,2.1979872142294425,219.719999999997,0.9999999999999889,398.22082583474105,23.989690403600697,4.946480516107181,599.629142163367,0.0018815408710697312,2.1509969883481972e-05,False,True,RELEASE,RELEASED,
6.901999999997649,SLOWDOWN_2,0.21228781874386146,1216.3196056061472,38.59749980849699,-0.050430391986496965,273.65994627262256,1.6509560053894405,-0.8907973576139784,1.3900128774221527,0.9140672194449331,-4.118314700983912,-524.5608268635916,422.23165040972634,658.8562778147136,83.65392576041725,18.72244154848367,-0.04719085503467113,422.23165050983744,400.70467332380025,362.6389227083173,2.198648284262447,219.11999999999694,0.9999999999999889,398.5060250395378,23.989692386709883,4.945529441420521,599.6292123506714,0.0018746477289059982,2.1512324849481956e-05,False,True,RELEASE,RELEASED,
6.911999999997626,SLOWDOWN_2,0.2124176493003464,1217.0634798999893,38.62121643889007,-0.05042736619972897,273.75785147010237,1.6507851464748948,-0.8911139092290873,1.3896069950171506,0.9138307108054462,-4.118281066171724,-524.8773499405931,422.5328058616625,658.899537498572,83.65569460903897,18.735840310381665,-0.04699084049019575,422.53280596175256,400.9905098840909,362.76870055230256,2.1992065495311977,218.51999999999688,0.9999999999999889,398.7913033345597,23.989694362992868,4.944581640341582,599.6292822953196,0.0018677758569864977,2.1515992557397112e-05,False,True,RELEASE,RELEASED,
6.9219999999976025,SLOWDOWN_2,0.21254739452846924,1217.8068652983293,38.64491704346475,-0.050424358032766424,273.85574132442963,1.650615367094645,-0.8914301987172727,1.3892023937871238,0.9135947939187257,-4.1182494315421065,-525.1939120155745,422.8339206481294,658.943230310147,83.65754095736486,18.749241764088232,-0.04679135400635914,422.8339207481857,401.2763113612221,362.89846196009904,2.199663806664546,217.9199999999969,0.9999999999999889,399.07664755455755,23.989696332467528,4.943637104294655,599.6293519980338,0.001860925687284798,2.151894472035565e-05,False,True,RELEASE,RELEASED,
6.931999999997579,SLOWDOWN_2,0.2126770507896493,1218.5497409536356,38.668600887427466,-0.0504213694388146,273.9536114689026,1.6504466585484603,-0.8917462159564432,1.3887990707950313,0.9133594689907316,-4.1182197580205955,-525.51049958369,423.1349830630429,658.9873450357636,83.65946362341484,18.762645309213607,-0.04659241198299924,423.134983163065,401.5620665823912,363.02820107007625,2.200021818226787,217.3199999999969,0.9999999999999889,399.3620447641644,23.98969829515221,4.942695824483584,599.6294214595613,0.0018540977543670678,2.1521933774693025e-05,False,True,RELEASE,RELEASED,
6.941999999997556,SLOWDOWN_2,0.21280661452282773,1219.292086462544,38.69226736388442,-0.05041839927654214,274.0514576193997,1.65027901210292,-0.8920619510153982,1.3883970229505649,0.9131247361452035,-4.118192006837495,-525.8270993580342,423.4359816021513,659.031870597549,83.66146143115682,18.776050355829415,-0.04639403110263629,423.43598170212135,401.84776456751996,363.1579121314661,2.2002823139314387,216.71999999999684,0.9999999999999889,399.6474822535885,23.989700251065752,4.9417577918772135,599.6294906806679,0.0018472926859969263,2.1525585964354832e-05,False,True,RELEASE,RELEASED,
6.951999999997533,SLOWDOWN_2,0.2129360822438211,1220.0338818621537,38.71591580966056,-0.05041544831348637,274.1492755728433,1.6501124189890632,-0.8923773941515981,1.3879962470083054,0.9128905954223834,-4.1181661395125495,-526.143698266178,423.7369049600129,659.0767960483523,83.6635332102393,18.789456324278696,-0.04619622835292603,423.7369050599257,402.13339452633676,363.287589502275,2.200446991876106,216.1199999999968,0.9999999999999889,399.93294753446065,23.989702200227477,4.940822997207442,599.6295596621462,0.0018405112048416328,2.1528606509946258e-05,False,True,RELEASE,RELEASED,
6.961999999997509,SLOWDOWN_2,0.2130654505447027,1220.775107626483,38.73954557569975,-0.05041251730827531,274.2470612057142,1.6499468703999707,-0.8926925358088164,1.3875967395658881,0.9126570467777679,-4.118142117839204,-526.4602834467156,424.0377420269916,659.1221105667989,83.66567779571989,18.802862644992693,-0.045999020990052486,424.0377421268401,402.4189458555016,363.41722764727035,2.2005175196638334,215.5199999999968,0.9999999999999889,400.21842833583776,23.98970414265728,4.939891430936639,599.6296284048142,0.0018337541025603699,2.152989333126243e-05,False,True,RELEASE,RELEASED,
6.971999999997486,SLOWDOWN_2,0.2131947160932145,1221.5157446631001,38.763156044946484,-0.050409606523209416,274.34481047261846,1.6497823574885149,-0.8930073666150531,1.3871984970621942,0.9124240900809052,-4.118119903870161,-526.7768422460489,424.3384818864496,659.167803452489,83.66789402781552,18.816268758314237,-0.04580242653048572,424.33848198622485,402.70440813586,363.5468211360344,2.2004955355135394,214.9199999999968,0.9999999999999889,400.50391260034644,23.989706078375633,4.938963083247979,599.6296969095197,0.0018270222344733966,2.1533171320697875e-05,False,True,RELEASE,RELEASED,
6.981999999997463,SLOWDOWN_2,0.21332387563220667,1222.2557743099107,38.78674661938428,-0.050406716074049694,274.44251940490557,1.6496188713651998,-0.8933218773804228,1.3868015157756757,0.9121917251142166,-4.118099459902924,-527.0933622152332,424.6391138120019,659.213864121391,83.67018075165703,18.82967411432799,-0.045606462752232346,424.6391139116967,402.9897711298584,363.67636464108807,2.2003826493851193,214.31999999999675,0.9999999999999889,400.7893884804733,23.98970800740365,4.9380379440166,599.6297651771436,0.0018203164966434926,2.153665946025285e-05,False,True,RELEASE,RELEASED,
6.991999999997439,SLOWDOWN_2,0.21345292597910406,1222.9951783321028,38.810316714472904,-0.05040384607840712,274.5401841093328,1.6494564030961363,-0.8936360590951565,1.38640579182277,0.9119599515718568,-4.118080748466015,-527.4098311069739,424.93962726488905,659.2602821013943,83.67253681706163,18.84307817269659,-0.04541114767334875,424.93962736449834,403.2750247789551,363.80585293607936,2.200180443964996,213.7199999999967,0.9999999999999889,401.07484433499013,23.989709929763134,4.937116002786042,599.6298332085994,0.001813637807646984,2.1540422551424854e-05,False,True,RELEASE,RELEASED,
7.001999999997416,SLOWDOWN_2,0.21358186402539903,1223.733938919239,38.83386573433482,-0.050400997324421305,274.6378007667783,1.6492949437008813,-0.8939499029276684,1.3860113211561098,0.9117287690586053,-4.118063732305412,-527.726236872709,425.2400118914526,659.3070470278924,83.67496107829623,18.856480402503152,-0.04521649954392615,425.24001199096097,403.5601592012343,363.9352808940355,2.199890475722043,213.1199999999967,0.9999999999999889,401.36026872551224,23.98971184547664,4.936197248742572,599.6299010048397,0.0018069870886314732,2.154409963850412e-05,False,True,RELEASE,RELEASED,
7.011999999997393,SLOWDOWN_2,0.21371068673616977,1224.4720386824988,38.85739312787146,-0.05039816974942233,274.7353656309987,1.649134484150776,-0.8942634002227186,1.3856180995632774,0.9114981770887841,-4.1180483743718135,-528.0425676598607,425.54025752071715,659.3541486397334,83.6774523938837,18.869880282099636,-0.045022536839894656,425.5402576201224,403.84516468906514,364.06464348567573,2.1995142758811994,212.5199999999967,0.9999999999999889,401.64565041318394,23.989713754567493,4.935281670701088,599.6299685668444,0.0018003652529676728,2.1547879100580758e-05,False,True,RELEASE,RELEASED,
7.0219999999973695,SLOWDOWN_2,0.2138393911496237,1225.2094606520607,38.880898337411864,-0.050395363827574924,274.83287502742905,1.64897501536686,-0.8945765424995967,1.3852261226650342,0.9112681750852122,-4.1180346378078205,-528.3588118091312,425.84035416204324,659.4015767750337,83.68000962637697,18.88327729896061,-0.04482927825023353,425.8403542613331,404.1300317068229,364.19393577778413,2.1990533513341575,211.91999999999666,0.9999999999999889,401.9309783554887,23.989715657059822,4.934369257090658,599.6300358956296,0.0017937731963844072,2.155178299290128e-05,False,True,RELEASE,RELEASED,
7.031999999997346,SLOWDOWN_2,0.21396797437666484,1225.9461882746236,38.90438082231395,-0.050392579928917644,274.9303253520284,1.6488165282182985,-0.8948893214504554,1.3848353859140756,0.9110387623781815,-4.118022485936017,-528.6749578519723,426.14029200291657,659.4493213673552,83.68263164217967,18.89667094954305,-0.04463674266850148,426.1402921020894,404.41475088877746,364.32315293163975,2.1985091855972314,211.3199999999966,0.9999999999999889,402.21624170318023,23.989717552978572,4.933459995949902,599.6301029922417,0.0017872117950732402,2.1555863554567622e-05,False,True,RELEASE,RELEASED,
7.041999999997323,SLOWDOWN_2,0.21409643360048186,1226.6822054110478,38.92784006328164,-0.050389818201177675,275.0277130701631,1.6486590135206085,-0.8952017289386351,1.3844458845935526,0.9108099382044654,-4.118011882247078,-528.9909945081041,426.44006140678664,659.4973724418685,83.68531731135064,18.910060739150993,-0.04444494918431019,426.4400615058423,404.6993130370109,364.4522902015019,2.197883239682824,210.71999999999662,0.9999999999999889,402.50142979732806,23.98971944234953,4.932553874914043,599.6301698577627,0.001780681896619285,2.155988204322057e-05,False,True,RELEASE,RELEASED,
7.0519999999972995,SLOWDOWN_2,0.21422476607616273,1227.4174963341457,38.95127553076262,-0.05038707942077169,275.12503471553094,1.648502462034082,-0.8955137569970812,1.3840576138157694,0.9105817017063481,-4.118002790388366,-529.3069106831598,426.7396529110073,659.5457201117051,83.68806550742686,18.923446181805527,-0.04425391707775361,426.7396530099214,404.9837091194053,364.58134293314976,2.197176952928146,210.11999999999662,0.9999999999999889,402.7865321664772,23.989721325199316,4.931650881214717,599.6302364933031,0.0017741843221887876,2.156390377194839e-05,False,True,RELEASE,RELEASED,
7.061999999997276,SLOWDOWN_2,0.21435296913032664,1228.1520457265735,38.974686770478904,-0.050384362684028565,275.2222868891256,1.6483468644622559,-0.8958253978268383,1.3836705685208948,0.9103540519306859,-4.117995174152993,-529.6226954664303,427.039057224871,659.5943545744174,83.69087510725393,18.93682680012004,-0.04406366581469001,427.0390573236422,405.26793026780376,364.71030656247297,2.1963917438900467,209.51999999999657,0.9999999999999889,403.0715385239137,23.9897232015554,4.930751001682215,599.6303029000007,0.0017677198707906072,2.1568602448951424e-05,False,True,RELEASE,RELEASED,
7.071999999997253,SLOWDOWN_2,0.21448104016077935,1228.8858386788568,38.99807325143474,-0.05038166950435699,275.3194662582336,1.6481922114503547,-0.8961366437955516,1.3832847434756357,0.9101269878279903,-4.1179889974689265,-529.9383381286682,427.3382652276928,659.6432661085055,83.69374499081616,18.95020212517966,-0.04387421502002553,427.3382653263162,405.5519677761067,364.8391766141137,2.1955290110674923,208.91999999999652,0.9999999999999889,403.35643876503923,23.98972507144608,4.929854222744641,599.6303690790273,0.0017612893208394098,2.1572759806076647e-05,False,True,RELEASE,RELEASED,
7.08199999999723,SLOWDOWN_2,0.21460897663618825,1229.6188606875278,39.02143453946932,-0.05037899913169977,275.41656955547217,1.6480384935839683,-0.8964474874361192,1.3829001332720974,0.9099005082515303,-4.117984224388878,-530.2538281200386,427.63726796702537,659.6924450701374,83.69667404108723,18.963571696426058,-0.04368558450102,427.63726806549863,405.8358130985912,364.9679487001562,2.1945901337476243,208.31999999999653,0.9999999999999889,403.64122296484356,23.989726934900492,4.928960530433759,599.6304350315802,0.0017548934373943226,2.1577244353920833e-05,False,True,RELEASE,RELEASED,
7.091999999997206,SLOWDOWN_2,0.214736776095776,1230.3510976533707,39.044770119399864,-0.050376353342523536,275.5135935778569,1.6478857013876473,-0.8967579214452732,1.3825167323265972,0.9096746119564658,-4.117980819080041,-530.5691550680946,427.9360566568803,659.7418818899225,83.69966114387648,18.97693506154613,-0.0434977942066439,427.9360567551958,406.1194578481644,365.0966185188635,2.1935764726884486,207.71999999999653,0.9999999999999889,403.92588137547597,23.989728791948583,4.928069910383506,599.6305007588858,0.001748532972891681,2.1581742430498707e-05,False,True,RELEASE,RELEASED,
7.101999999997183,SLOWDOWN_2,0.21486443614903614,1231.0825358797929,39.068079622128835,-0.05037373032491927,275.6105351859088,1.6477338253236133,-0.8970679386823905,1.3821345348784666,0.9094492975989954,-4.117978745814697,-530.8843087759138,428.23462267611643,659.7915670697779,83.70270518768872,18.990291776365773,-0.04331086425730746,428.2346227742644,406.4028937948326,365.225181853461,2.192489370916917,207.11999999999648,0.9999999999999889,404.2104044239157,23.98973064262113,4.927182347838221,599.6305662621985,0.001742208676605017,2.1586819627827936e-05,False,True,RELEASE,RELEASED,
7.11199999999716,SLOWDOWN_2,0.21499195447546168,1231.8131620712684,39.09136257616082,-0.050371131364679834,275.7073913027875,1.6475828557905121,-0.8973775321681219,1.3817535349890264,0.9092245637355275,-4.1179779689603535,-531.199279220207,428.53295756677875,659.8414911799522,83.70580506358476,19.003641404747103,-0.04312481490256914,428.5329576647563,406.68611286409265,365.353634570962,2.1913301543636976,206.51999999999643,0.9999999999999889,404.49478270972895,23.989732486949702,4.926297827657954,599.6306315427989,0.0017359213011518548,2.159037114779494e-05,False,True,RELEASE,RELEASED,
7.121999999997136,SLOWDOWN_2,0.21511932882429805,1232.5429633319236,39.11461854022515,-0.050368557273445365,275.80415891346047,1.6474327831222406,-0.8976866950833157,1.3813737265404638,0.9090004088218732,-4.117978452971032,-531.5140565496298,428.831053032627,659.8916448560841,83.70895966505554,19.016983518490342,-0.04293966654063297,428.8310531304248,406.96910713551097,365.48197262103685,2.1901001325932725,205.91999999999643,0.9999999999999889,404.7790070029177,23.98973432496668,4.9254163343152655,599.6306966019988,0.001729671601529148,2.1594972963612236e-05,False,True,RELEASE,RELEASED,
7.131999999997113,SLOWDOWN_2,0.21524655701430828,1233.2719271641909,39.137847142923356,-0.05036600732494385,275.9008350639009,1.6472835975867908,-0.8979954207678377,1.380995103234792,0.9087768312124572,-4.117980162378262,-531.8286310830858,429.12890093765884,659.9420187963838,83.7121678878954,19.030317697239468,-0.042755439708002996,429.12890103527263,407.25186884129164,365.61019203492356,2.1888005994364903,205.31999999999644,0.9999999999999889,405.06306824185515,23.98973615670524,4.924537851900377,599.6307614411367,0.0017234603414859606,2.1600323066195415e-05,False,True,RELEASE,RELEASED,
7.14199999999709,SLOWDOWN_2,0.2153736369335556,1234.0000414675644,39.16104795986036,-0.05036348255405969,275.9974168603143,1.647135289385147,-0.8983037027194394,1.380617658592862,0.9085538291595444,-4.1179830617823585,-532.1429933081072,429.42649330469203,659.9926037589041,83.71542863008277,19.043643528391527,-0.04257215505936074,429.42649340211494,407.5343903649233,365.7382889243777,2.1874328336199937,204.7199999999964,0.9999999999999889,405.3469575313033,23.989737982199355,4.92366236412245,599.6308260615776,0.001717288296377184,2.1605209212793852e-05,False,True,RELEASE,RELEASED,
7.1519999999970665,SLOWDOWN_2,0.21550056653920546,1234.727294537464,39.18422063574334,-0.050360982477694875,276.0939014683952,1.646987848650294,-0.8986115345927566,1.3802413859534044,0.9083314008124882,-4.117987115844313,-532.4571338793588,429.7238223140575,660.043390558911,83.71874079167159,19.056960607009984,-0.04238983338075286,429.72382241128696,407.81666423992124,365.8662594806607,2.185998099410199,204.11999999999637,0.9999999999999889,405.63066614051104,23.98973980148379,4.922789854308378,599.6308904647187,0.0017111562536094027,2.160966425890365e-05,False,True,RELEASE,RELEASED,
7.161999999997043,SLOWDOWN_2,0.21562734385733948,1235.4536750641707,39.207364795920114,-0.050358507468245814,276.19028611260967,1.6468412654461362,-0.8989189101983142,1.379866278471978,0.9081095442169945,-4.117992289277693,-532.7710436171722,430.02088030232596,660.0943700662702,83.72210327467894,19.070268535741302,-0.04220849557299289,430.020880399349,408.09868314855754,365.99409997356565,2.1844976471669497,203.51999999999634,0.9999999999999889,405.9141855013906,23.989741614594113,4.921920305402996,599.6309546519853,0.0017050650146135382,2.1615261118768103e-05,False,True,RELEASE,RELEASED,
7.17199999999702,SLOWDOWN_2,0.21575396698278607,1236.1791721318552,39.230480064412994,-0.05035605826741346,276.2865680755058,1.646695529766648,-0.8992258235015302,1.3794923291201935,0.9078882573143994,-4.117998546840738,-533.0847135061425,430.3176597610783,660.1455332030404,83.7255149829885,19.083566924735276,-0.04202816265774345,430.3176598579009,408.3804399207394,366.12180675047915,2.1829327139705015,202.91999999999632,0.9999999999999889,406.1975072067689,23.989743421566697,4.921053699961796,599.6310186248322,0.0016990153895282134,2.162024611607194e-05,False,True,RELEASE,RELEASED,
7.181999999996997,SLOWDOWN_2,0.21588043407896593,1236.9037752176935,39.25356611022857,-0.05035363474520516,276.3827446970477,1.646550631534861,-0.8995322686217949,1.3791195306846964,0.9076675379409641,-4.1180058533287065,-533.3981346937942,430.6141533357425,660.19687094101,83.72897482224627,19.09685539156837,-0.04184885576330544,430.61415343235257,408.6619275328129,366.2493762354777,2.181304524100767,202.3199999999963,0.9999999999999889,406.48062300871214,23.989745222438728,4.920190020153318,599.6310823847467,0.0016930082009984915,2.1626077341352357e-05,False,True,RELEASE,RELEASED,
7.191999999996973,SLOWDOWN_2,0.21600674337775208,1237.6274741910638,39.276622613660834,-0.050351236802969254,276.4788133739783,1.6464065606020386,-0.8998382398316525,1.3787478757663083,0.9074473838271857,-4.118014173566746,-533.7112984893467,430.91035382452196,660.2483742993842,83.73248169977455,19.110133561170787,-0.04167059612245794,430.9103539209149,408.94313910659446,366.37680492845817,2.179614289673225,201.71999999999628,0.9999999999999889,406.76352481692123,23.98974701724821,4.91932924775327,599.6311459332446,0.0016870442803549324,2.1631823301504483e-05,False,True,RELEASE,RELEASED,
7.20199999999695,SLOWDOWN_2,0.21613289317934295,1238.3502593128208,39.299649257209296,-0.05034886461542017,276.57477155920157,1.6462633067468022,-0.900143731555875,1.378377356779188,0.9072277925971189,-4.118023472402404,-534.0241963624654,431.2062541772983,660.300034342532,83.73603452447719,19.123401065756138,-0.04149340506592125,431.20625427347267,409.2240679082656,366.50408940430066,2.177863211071326,201.11999999999625,0.9999999999999889,407.0462046971943,23.98974880603397,4.918471364140812,599.6312092718737,0.001681124465543249,2.163740094829336e-05,False,True,RELEASE,RELEASED,
7.211999999996927,SLOWDOWN_2,0.21625888185215,1239.0721212346507,39.34387268163826,-0.04977983167454701,276.67061676119147,1.6461208596743846,-0.9004487383707532,1.3780079659499989,0.9070087617677124,-4.1180337146990205,-534.3368199421595,431.5018474946778,660.3518421778052,83.7396322067626,19.136657544754527,-0.04131730403514666,431.5018475906247,409.50470734746955,366.6312263120629,2.176052477513167,200.51999999999623,0.9999999999999889,407.3286548699564,23.989750588835655,4.9176163503010475,599.6312724022114,0.0016752496047027776,2.164259882420083e-05,False,True,RELEASE,RELEASED,
7.221999999996903,SLOWDOWN_2,0.21638446127095545,1239.7916383037764,39.365184913299665,-0.049820749844793726,276.7658301998373,1.646867898120216,-0.9007564149530046,1.3786992981719794,0.9068273737252592,-4.119460633665116,-534.8323619655209,431.7978362462969,660.9105013323816,83.82155646627112,19.1498311915513,0.0631380614020145,431.79783634219854,409.7856437259592,366.7574392643811,2.1764944660660603,200.0,0.9999999999999889,407.6091492598931,23.98975236159681,4.916766151674548,599.6313254558827,-0.0005192795778397041,2.164974677043574e-05,False,True,RELEASE,RELEASED,
7.23199999999688,SLOWDOWN_2,0.2164896331218672,1240.3942286218585,39.37645015733679,-0.050030516265098884,276.92863415873444,1.6536551672010753,-0.90420077040752,1.3845563833969579,0.9070938739897162,-4.138697642750169,-537.5910805687923,433.7039362702516,664.1086505563654,84.52927699186117,19.172367104255546,0.18550020242429355,433.70393652858945,411.54605480814524,366.9196948060847,3.5761686366639083,200.0,0.9999999999999889,407.96988617148133,23.989753385509868,4.916275093092939,599.6310478320711,-0.01309970032031238,2.167829700283619e-05,False,True,RELEASE,RELEASED,
7.241999999996857,SLOWDOWN_2,0.21656162115561856,1240.8066896727985,39.390280087625676,-0.050010888399000204,277.1352300472447,1.6577648183707387,-0.906853743288153,1.387732136008975,0.907530352844943,-4.153207471567757,-539.6552058230046,435.3009501807698,666.1284930145007,84.97907548144609,19.200983933334815,0.1741962274530806,435.30095059446234,413.02847229994313,367.1571516950618,4.530369145915358,200.0,0.9999999999999889,408.4981031540278,23.98975193922423,4.916968717376334,599.6304629185374,-0.019078515345321456,2.1702667822864896e-05,False,True,RELEASE,RELEASED,
7.251999999996833,SLOWDOWN_2,0.21661049814195135,1241.0867341760172,39.39999975226996,-0.04998878340053298,277.35618517088227,1.6606043266486246,-0.9084873993306173,1.3900566085385244,0.9080636064855564,-4.163474253799662,-541.1113392700404,436.43280829821015,667.7762507272548,85.27991574775419,19.231613363136184,0.16700186094078617,436.4328087960592,414.0872064037203,367.4331916552768,4.974629646199503,200.0,0.9999999999999889,409.1125767575208,23.98974736017587,4.919164783115652,599.6297216633784,-0.021944726402125525,2.1722903625231993e-05,False,True,RELEASE,RELEASED,
7.26199999999681,SLOWDOWN_2,0.21664260387513495,1241.2706864769766,39.40678074975442,-0.049963705789146586,277.58029696545293,1.6626887274951807,-0.9094994299730824,1.391885265177479,0.9086482245849054,-4.171133180985229,-542.1870920631686,437.27202589892687,669.1950205411722,85.4911619384618,19.26270531585726,0.16119890992285946,437.2720264246166,414.87880841718464,367.7249957772007,5.116164419182326,200.0,0.9999999999999889,409.7626439980023,23.989739692227186,4.9228422526384845,599.628921373818,-0.02245041618899446,2.1740623424193473e-05,False,True,RELEASE,RELEASED,
7.271999999996787,SLOWDOWN_2,0.21666187161413358,1241.3810824895147,39.41126142378558,-0.04993770616394881,277.80094706189647,1.6643170816848878,-0.9101292572747085,1.393418847095405,0.9092584865256184,-4.177172405995886,-543.0203949227893,437.9226669012137,670.4648738110523,85.64792456817506,19.293341547121653,0.15646190627910528,437.92266741859856,415.4976876049451,368.01900880430304,5.079533540399154,200.0,0.9999999999999889,410.41815406454594,23.98972939601148,4.927780208363757,599.628135021607,-0.02120987505313554,2.1757213346518256e-05,False,True,RELEASE,RELEASED,
7.2819999999967635,SLOWDOWN_2,0.21667076097441268,1241.432014772171,39.413854356320606,-0.04991170832893408,278.0143773734505,1.6656639509255784,-0.9105226540252063,1.3947705524278544,0.909879420534196,-4.182190283665949,-543.6950107810176,438.4485506494123,671.630875406581,85.7710354350145,19.322998506586835,0.15242619000514424,438.44855113810723,416.00176161594345,368.30735610075845,4.940220531308967,200.0,0.9999999999999889,411.0615410846345,23.98971716215639,4.933647429850432,599.6274152406215,-0.01875598357454411,2.1772656339180685e-05,False,True,RELEASE,RELEASED,
7.29199999999674,SLOWDOWN_2,0.21667084376664955,1241.432489136746,39.41482712970521,-0.049886197269092575,278.21852160285,1.6668326231637218,-0.9107671949518147,1.396006486461455,0.9105022706769093,-4.186546046157572,-544.261478573335,438.8883421835627,672.7196323238053,85.87290626956971,19.351386440718883,0.14884367948309318,438.88834263349304,416.42613861120583,368.5855725855469,4.743337646921077,200.0,0.9999999999999889,411.68280096428475,23.989703773698874,4.940068379018657,599.6267966979026,-0.015564041565050424,2.178496839633226e-05,False,True,RELEASE,RELEASED,
7.301999999996717,SLOWDOWN_2,0.21666315905687938,1241.3884589930847,39.414358853813035,-0.04986143383038509,278.4123139994263,1.667884584100152,-0.9109153519309099,1.3971657766691552,0.9111219320959726,-4.190455194974264,-544.7503562576613,439.26549362253854,673.7472513336706,85.96095029241185,19.378354146628794,0.14555819608199272,439.2654940298198,416.7921324494568,368.85122158775755,4.515697095579469,200.0,0.9999999999999889,412.27643535387733,23.98969000425562,4.946672037057295,599.6262981767866,-0.012049322270074825,2.179853265715792e-05,False,True,RELEASE,RELEASED,
7.311999999996694,SLOWDOWN_2,0.21664842586683994,1241.3040440322823,39.4125751242148,-0.04983755406332571,278.59527858579327,1.6688565978057015,-0.9109986160259724,1.398271742415752,0.9117354572213802,-4.194047391334832,-545.1802592061707,439.59434465885647,674.7236927138491,86.0396081775853,19.40383231257394,0.14247405715400419,439.594345023151,417.11279415965214,369.1030672335813,4.273175246815356,200.0,0.9999999999999889,412.8396189128368,23.989676545588235,4.95312664342755,599.6259248671006,-0.00855892014399462,2.181065895001666e-05,False,True,RELEASE,RELEASED,
7.32199999999667,SLOWDOWN_2,0.21662717004754273,1241.1822571586997,39.4095691129222,-0.049814622097049975,278.76728524477795,1.6697707623806772,-0.9110359810606115,1.399338357980041,0.9123411750631218,-4.197401151580709,-545.5626798127355,439.883794558631,675.655275506349,86.11155229693313,19.42779983068585,0.13953312648436622,439.8837948815211,417.3962411463176,369.3405813511861,4.025134986224941,200.0,0.9999999999999889,413.37110616009267,23.989663960546036,4.959162263670696,599.6256709272932,-0.0053648427820816025,2.182193691169232e-05,False,True,RELEASE,RELEASED,
7.331999999996647,SLOWDOWN_2,0.21659979984144173,1241.0254374293008,39.40541408962141,-0.04979266267556016,278.92840500513364,1.6706404661677634,-0.9110390060074127,1.4003740560044189,0.9129381697339436,-4.200564544354171,-545.9048637169021,440.13949660019694,676.5461500522687,86.17840325359049,19.45026377967697,0.1367000834392229,440.1394968842473,417.6476466991447,369.5636504176017,3.7770657598059074,200.0,0.9999999999999889,413.87058093933877,23.98965265794462,4.9645828368296785,599.6255222215973,-0.0026610694009905345,2.1833410698945954e-05,False,True,RELEASE,RELEASED,
7.341999999996624,SLOWDOWN_2,0.21656665086519086,1240.8355077858653,39.400171071156954,-0.04977167530982601,279.0788242714197,1.6714739229634248,-0.9110148278139898,1.401383979732103,0.9135259713165224,-4.2035675138894595,-546.211522901254,440.3651658412125,677.3991704643793,86.2411561647852,19.471247539179494,0.13395335607697234,440.36516608938564,417.8704256439569,369.77240164792505,3.5321558849481107,200.0,0.9999999999999889,414.33826975900877,23.989642885891826,4.969269375670981,599.6254590755932,-0.0005653558834559647,2.1844806894932844e-05,False,True,RELEASE,RELEASED,
7.3519999999966,SLOWDOWN_2,0.21652801289392193,1240.6141285175997,39.393893167087505,-0.04975164826993881,279.2187940555966,1.6722762711210926,-0.9109679521604217,1.4023713192629528,0.914104372622091,-4.206429210148787,-546.4858549514798,440.5633574615815,678.2164129452419,86.300434123603,19.490783738465424,0.13127962782618852,440.56335767700654,418.0669400345341,369.9670999171236,3.2922278494268653,200.0,0.9999999999999889,414.77471218510726,23.98963473988035,4.973176085083727,599.6254588855043,0.0008744887568656878,2.1855432692063914e-05,False,True,RELEASE,RELEASED,
7.361999999996577,SLOWDOWN_2,0.21648414582429984,1240.3627887227044,39.38662837539264,-0.049732561434173546,279.34859997773555,1.6730508196132907,-0.9109013169796969,1.4033381045683029,0.9146733206352905,-4.209162345795402,-546.7301490391943,440.73592963473453,678.9994838952933,86.35663879599679,19.508910077380236,0.12867053108288928,440.73592982049524,418.2389188453497,370.1480867494825,3.0582942262560096,200.0,0.9999999999999889,415.1806246190937,23.989628181849504,4.97632122000375,599.625498437251,0.0016707212033590935,2.18643861558121e-05,False,True,RELEASE,RELEASED,
7.371999999996554,SLOWDOWN_2,0.21643528920736965,1240.082860927566,39.37842109460881,-0.04971439217788744,279.4685445809531,1.6737997873380415,-0.9108169236663574,1.4042856759419813,0.9152328522569002,-4.2117757842830725,-546.9461459687417,440.8843186199934,679.749703039434,86.41003983278486,19.52566685254905,0.12612066341432637,440.88431877904526,418.387707422132,370.31574427161456,2.830887860197663,200.0,0.9999999999999889,415.55681956193433,23.989623066471644,4.9787744786214665,599.6255558276148,0.0018833360174586034,2.1872598097161244e-05,False,True,RELEASE,RELEASED,
7.3819999999965304,SLOWDOWN_2,0.21638166796277514,1239.7756338268152,39.36931322001325,-0.049697113839567694,279.57893694161476,1.6745247415082423,-0.9107162114981282,1.4052149629283566,0.9157830563051158,-4.214276076299779,-547.1352519872192,441.00970217529186,680.4682122369051,86.46082791696847,19.54109549535085,0.12362639960872457,441.00970231043,418.51441567692075,370.47047396765237,2.610257853237499,200.0,0.9999999999999889,415.90415782368325,23.98961917116557,4.98064260837943,599.6256119227212,0.001606528513182326,2.1881684006075375e-05,False,True,RELEASE,RELEASED,
7.391999999996507,SLOWDOWN_2,0.21632349582648877,1239.4423320373683,39.359344563610065,-0.04968070122395855,279.6800865977892,1.6752268574661913,-0.9106002796422467,1.4061266495915337,0.9163240510708377,-4.216668371429632,-547.2986657091872,441.1130966021397,681.156040123114,86.50914621600481,19.55523770983672,0.1211851812072382,441.1130967159834,418.62000610625773,370.6126842044377,2.3964858237827684,200.0,0.9999999999999889,416.22352028247496,23.98961622675857,4.982054700952024,599.6256513319515,0.0009551148381907737,2.189162086096985e-05,False,True,RELEASE,RELEASED,
7.401999999996484,SLOWDOWN_2,0.21626097745387587,1239.084128148094,39.34855334208098,-0.049665127775668165,279.7723000315033,1.675907072602335,-0.9104700187632343,1.4070212723807,0.9168559710789822,-4.2189569589104154,-547.4374534618788,441.1954143827619,681.8141405211871,86.55510902076163,19.568134966229373,0.11879509212531048,441.19541447774446,418.7053460751939,370.74278294842514,2.189554837795299,200.0,0.9999999999999889,416.5157912373986,23.989613946268943,4.983148388666077,599.6256629139507,5.19041006148413e-05,2.1902044750277128e-05,False,True,RELEASE,RELEASED,
7.4119999999964605,SLOWDOWN_2,0.21619430972513234,1238.702150199421,39.33697634574596,-0.04965036738974709,279.85587865986076,1.6765661775252592,-0.9103261890546572,1.407899278053257,0.9173789592941165,-4.2211455883721865,-547.5525940364474,441.2574984377462,682.443415289669,86.59881278816957,19.579828205120684,0.11645460541092234,441.2574985161246,418.7712388999368,370.8611735532926,1.989390265621978,200.0,0.9999999999999889,416.7818486343148,23.989612049907294,4.984057854357177,599.6256398627329,-0.0009832139357026648,2.191038714727256e-05,False,True,RELEASE,RELEASED,
7.421999999996437,SLOWDOWN_2,0.21612368257749145,1238.297486451534,39.32464906510123,-0.049636395060644725,279.9311177166774,1.6772048700782145,-0.9101694665421542,1.4087610579471779,0.9178931625430511,-4.223237660164763,-547.6450053088541,441.30014252588046,683.0447279437566,86.64034268422054,19.590357666527083,0.11416243222538469,441.3001425897216,418.8184423628994,370.9682523619972,1.7958839977087564,200.0,0.9999999999999889,417.02255836519066,23.989610285043263,4.984904255695792,599.6255794444512,-0.002041958665125243,2.1919141488524474e-05,False,True,RELEASE,RELEASED,
7.431999999996414,SLOWDOWN_2,0.2160492795564065,1237.871188542415,39.31160583616178,-0.04962318566639649,279.9983056590123,1.6778237873739872,-0.910000470609504,1.4096069682604693,0.918398728836574,-4.225236338447625,-547.7155601262949,441.32410343759375,683.6189118125047,86.67977646383186,19.59976279297943,0.11191743188942382,441.3241034888177,418.84767978521666,371.06440737978454,1.6089088030676635,200.0,0.9999999999999889,417.238770982149,23.989608440505428,4.985788867219684,599.6254824688854,-0.0030338732286381287,2.1927184832293278e-05,False,True,RELEASE,RELEASED,
7.441999999996391,SLOWDOWN_2,0.21597127819950204,1237.4242736877231,39.297879878608185,-0.04961071480204326,280.05772388256025,1.6784235248337642,-0.9098197804200995,1.4104373420580303,0.9188958058112788,-4.2271446185703185,-547.7650958440669,441.3301083334149,684.1667749634396,86.71718677579581,19.608082176570093,0.10971855828756816,441.33010837377384,418.8596466957969,371.1500175784582,1.4283268518930754,200.0,0.9999999999999889,417.43131984390385,23.989606355135653,4.986788977816189,599.6253525845162,-0.003890041869210492,2.1934667131517926e-05,False,True,RELEASE,RELEASED,
7.451999999996367,SLOWDOWN_2,0.21588985032062483,1236.9577263082865,39.283503328715106,-0.049598959269421095,280.1096466183657,1.6790046475479248,-0.9096279447752387,1.4112524963915942,0.9193845398313077,-4.228965367422792,-547.7944201104076,441.3188592131702,684.6891032169955,86.7526425371289,19.615353532166424,0.1075648279405641,441.3188592442752,418.8550148981708,371.22545257207963,1.2539947850077624,200.0,0.9999999999999889,417.60102011316303,23.98960392097653,4.987956362084013,599.625195483289,-0.004564480553019834,2.194212970607623e-05,False,True,RELEASE,RELEASED,
7.461999999996344,SLOWDOWN_2,0.215805162233787,1236.472499313202,39.26850731856102,-0.04958789603966709,280.154340935595,1.6795676971030595,-0.9094254880947257,1.412052736534916,0.9198650754784047,-4.230701347811218,-547.8043144362607,441.29103569107286,685.1866620336045,86.78620975792674,19.6216136862644,0.10545530099795997,441.29103571438407,418.83443500077436,371.29107251066455,1.0857667398107083,200.0,0.9999999999999889,417.74866826096365,23.989601081814953,4.989317978833791,599.625018092454,-0.005033517116399544,2.1949611664240365e-05,False,True,RELEASE,RELEASED,
7.471999999996321,SLOWDOWN_2,0.21571737494052307,1235.969515173312,39.252921972877246,-0.049577503238557086,280.1920668059934,1.6801131957332014,-0.9092129141071189,1.412838358517234,0.9203375552701267,-4.232355233399558,-547.7955364588424,441.2472967717662,685.6601977364144,86.81795204199028,19.626898575253573,0.10338906983167817,441.2472967886257,418.7985380412657,371.34722810132604,0.9234961669119457,200.0,0.9999999999999889,417.87504187435377,23.989597828030867,4.990878441550503,599.6248278177802,-0.005293573077806535,2.1956085504371003e-05,False,True,RELEASE,RELEASED,
7.481999999996297,SLOWDOWN_2,0.21562664429454578,1235.4496668646125,39.23677652137733,-0.04956775793538477,280.22307720386704,1.6806416488920133,-0.9089907081866938,1.413609650653503,0.9208021195118398,-4.233929618080881,-547.7688214356409,441.18828203773995,686.1104383431124,86.84793089625062,19.63124324940111,0.1013652522490247,441.18828204937137,418.74793657709245,371.3942607034608,0.7670369302176709,200.0,0.9999999999999889,417.9808996468748,23.98959418881241,4.992623751912839,599.6246318868616,-0.005357806593985437,2.196352738792484e-05,False,True,RELEASE,RELEASED,
7.491999999996274,SLOWDOWN_2,0.21553312115190126,1234.9138187285794,39.22009916720309,-0.049558640383081796,280.2476182261803,1.6811535468930787,-0.9087593388901023,1.4143668944836072,0.9212589062269491,-4.235427022060408,-547.7248832854693,441.1146124902953,686.538094168282,86.87620592747218,19.63468188036173,0.09938298734175532,441.1146124977956,418.6832254619347,371.43250246649575,0.6162439815655603,200.0,0.9999999999999889,418.0669814803691,23.989590222808832,4.994525782536974,599.624436824748,-0.005252079875122995,2.197233351353134e-05,False,True,RELEASE,RELEASED,
7.501999999996251,SLOWDOWN_2,0.2154369515114648,1234.3628072771494,39.20291729513728,-0.049550129126282635,280.26592922368803,1.6816493659994263,-0.9085192590186625,1.4151103653632298,0.9217080511327063,-4.2368498959959044,-547.6644153630147,441.0268911866601,686.9438582912239,86.90283497248706,19.63724777090433,0.0974414329625688,441.026891191045,418.6049824375533,371.4622764916376,0.47097378195240935,200.0,0.9999999999999889,418.1340086556009,23.989586008218843,4.996547030458601,599.6242480781461,-0.005010682206099126,2.1979744417421898e-05,False,True,RELEASE,RELEASED,
7.5119999999962275,SLOWDOWN_2,0.21533827664864216,1233.7974419587724,39.18525732544605,-0.04954220555594105,280.2782429377436,1.6821295691870153,-0.9082709063982334,1.4158403328496563,0.9221496876423991,-4.238200623988325,-547.5880910765075,440.9257037570684,687.3284069452068,86.92787418920415,19.638973366067205,0.09553976416782461,440.9257037592331,418.5137686167622,371.48389700669,0.3310845704727967,200.0,0.9999999999999889,418.1826840462894,23.989581633175163,4.998645228574952,599.6240697901521,-0.004672180375422386,2.1988411901929794e-05,False,True,RELEASE,RELEASED,
7.521999999996204,SLOWDOWN_2,0.2152372332439795,1233.218505895292,39.16714491656277,-0.04953484910409866,280.28478563963586,1.6825946067145472,-0.9080147044901952,1.4165570609666476,0.9225839468826676,-4.239481525891532,-547.4965644131146,440.8116188512289,687.6923998608984,86.95137812445131,19.639890265264164,0.09367717217389782,440.81161885198935,418.41012890262806,371.4976695474862,0.19643654138042166,200.0,0.9999999999999889,418.21369236124764,23.98957718710782,5.000777487675368,599.6239047155316,-0.0042756913230173055,2.199585838980056e-05,False,True,RELEASE,RELEASED,
7.531999999996181,SLOWDOWN_2,0.21513395350768222,1232.6267565953863,39.1486048318004,-0.04952804141321874,280.28577727057854,1.6830449165768948,-0.9077510628994163,1.4172608083977718,0.9230109577193568,-4.240694859213078,-547.3904704093279,440.6851885426099,688.0364805830352,86.97339976800538,19.640029235043095,0.09185286366971468,440.6851885426976,418.2945923694972,371.503891142137,0.06689196420262533,200.0,0.9999999999999889,418.22770040529457,23.989572753570485,5.0029037368043126,599.6237542576714,-0.003857786141345798,2.2003320395924675e-05,False,True,RELEASE,RELEASED,
7.5419999999961576,SLOWDOWN_2,0.21502856530062045,1232.0229266478773,39.12966101695754,-0.04952176484394444,280.2814315811541,1.683480924887759,-0.9074803778200486,1.4179518286361228,0.9234308467879211,-4.241842820773058,-547.2704255889404,440.5469487079616,688.3612767706477,86.99399059840911,19.639420222295296,0.09006606027514863,440.5469487080299,418.16767262163285,371.5028504956794,-0.05768473113556638,200.0,0.9999999999999889,418.2253573527684,23.98956840481482,5.0049893253250435,599.6236186023846,-0.0034501484568556506,2.2010616362422297e-05,False,True,RELEASE,RELEASED,
7.551999999996134,SLOWDOWN_2,0.21492119225242307,1231.4077243983609,39.11033667141699,-0.04951600113967707,280.2719562701263,1.6839030462224724,-0.9072030324339019,1.4186303701176197,0.9238437385270379,-4.24292754819138,-547.137028378765,440.39741938862744,688.6674004935635,87.01320062375206,19.6380923678709,0.0883159985145312,440.3974193892517,418.0298681354863,371.4948281747386,-0.17742689656517996,200.0,0.9999999999999889,418.2072950320515,23.989564198212175,5.007006738977429,599.6234969208051,-0.003078030185358571,2.2017815808794694e-05,False,True,RELEASE,RELEASED,
7.561999999996111,SLOWDOWN_2,0.21481195387632573,1230.7818346072368,39.09065420748318,-0.04951073307237922,280.2575531207874,1.6843116839214958,-0.9069193972978054,1.419296676315227,0.924249755211598,-4.243951121323164,-546.9908595162314,440.2371051480049,688.955448509418,87.0310784191362,19.63607402031275,0.08660192877835016,440.2371051497013,417.8816625984696,371.4800967889913,-0.29246561473291877,200.0,0.9999999999999889,418.1741282132025,23.98956017446291,5.008936458659381,599.6233876133615,-0.0027594787561371348,2.2024931581654528e-05,False,True,RELEASE,RELEASED,
7.571999999996088,SLOWDOWN_2,0.2147009656816569,1230.1459190942066,39.070635292004326,-0.04950594387182632,280.2384181365246,1.6847072303938488,-0.9066298306930727,1.419950985857879,0.9246490169881727,-4.244915563581434,-546.8324824428171,440.06649541435297,689.226002556025,87.04767116275495,19.63339274991541,0.08492311579323086,440.0664954175658,417.7235252344963,371.4589211722594,-0.40292966991967205,200.0,0.9999999999999889,418.126454904416,23.98955635740726,5.010767051102908,599.6232885687402,-0.0025052556864526565,2.2030911111414753e-05,False,True,RELEASE,RELEASED,
7.581999999996064,SLOWDOWN_2,0.2145883392835349,1229.5006173667919,39.05030084123299,-0.04950161789668728,280.21474167402846,1.6850900673904001,-0.9063346789726519,1.420593532615619,0.9250416419091205,-4.245822843241745,-546.6624436940054,439.8860648233656,689.4796296266005,87.0630246697564,19.630075362860627,0.08327883802303404,439.886064828495,417.55591112934195,371.43155856039226,-0.5089455209628113,200.0,0.9999999999999889,418.06485665030476,23.989552755162933,5.012494623297784,599.6231974152747,-0.0023193277139821333,2.2038472138774523e-05,False,True,RELEASE,RELEASED,
7.591999999996041,SLOWDOWN_2,0.2144741825100586,1228.8465472344894,39.0296711182002,-0.04949773853928047,280.18670857460023,1.685460566275815,-0.9060342768933253,1.4212245457932322,0.9254277459668238,-4.246674874707639,-546.4812732833558,439.69627355474773,689.7168822492555,87.07718342563489,19.626147915466994,0.08166838750730676,439.69627356213203,417.37926155051537,371.39825876680555,-0.6106372828589883,200.0,0.9999999999999889,417.98989883337435,23.989549362262448,5.014121797441919,599.6231117469031,-0.0021997894761609516,2.204577094744309e-05,False,True,RELEASE,RELEASED,
7.601999999996018,SLOWDOWN_2,0.21435859950701527,1228.1843054087065,39.008765645387925,-0.049494291081143886,280.15449829343214,1.6858190882903878,-0.9057289479384614,1.4218442500184474,0.9258074431274792,-4.247473519747883,-546.2894850817734,439.49756766493823,689.938298763466,87.09019061867096,19.621635728511173,0.08009106965153023,439.4975676748709,417.1940042636564,371.3592643553957,-0.7081267138560747,200.0,0.9999999999999889,417.90213097751246,23.98954616244597,5.015656371543193,599.6230293109691,-0.0021400690940192035,2.2052523434012983e-05,False,True,RELEASE,RELEASED,
7.611999999995994,SLOWDOWN_3,0.21425684897464778,1227.6013178019195,38.97834817434786,-0.049814726465516344,280.06813497662034,1.6793329820616196,-0.9028641085799128,1.415978695488803,0.9257545985491553,-4.230489165992935,-543.8467669962191,437.97237226931,686.8802762815144,86.41390914121823,19.60954005732061,-0.14905447162868768,437.97237234567507,415.7893196684976,371.2923847680147,-1.9623015033748743,199.39999999999998,0.9999999999999889,417.7516211718725,23.989543645538063,5.016863434756231,599.6232244448219,0.011430341721979431,2.2038677229829773e-05,False,True,RELEASE,RELEASED,
7.621999999995971,SLOWDOWN_3,0.21418695187974499,1227.200836948104,38.96476067101719,-0.04983820920435079,279.9265122923713,1.6754295400482304,-0.9001829646796987,1.4130586589971037,0.9255105516922351,-4.216586811146094,-541.8827258494294,436.45095737373356,685.1171692234523,85.9754630513745,19.589713071042777,-0.13340764672170735,436.45095755728005,414.381974655024,371.1456209395399,-3.039455474052147,198.79999999999995,0.9999999999999889,417.42143012907616,23.989543537019788,5.016915478140553,599.6237531640797,0.017672850001468454,2.2027777959010564e-05,False,True,RELEASE,RELEASED,
7.631999999995948,SLOWDOWN_3,0.21413859529084558,1226.9237741025456,38.955182398467755,-0.04985926438275797,279.7675882638563,1.6728582571783808,-0.8985826248169304,1.4110294167688373,0.9251642005917535,-4.207277666212346,-540.5643176647553,435.4276895959495,683.7448910396503,85.69593561864733,19.567475860743656,-0.12678341058551723,435.4276898487419,413.4285486542796,370.95499069472106,-3.5641941375963597,198.19999999999993,0.9999999999999889,416.99274279187597,23.98954657851742,5.015456831225507,599.6244445265643,0.020658136862689247,2.2024417830834864e-05,False,True,RELEASE,RELEASED,
7.6419999999959245,SLOWDOWN_3,0.2141051290288021,1226.7320265454287,38.9482660765705,-0.049881590906366235,279.60237683227524,1.6710408817271862,-0.8976054147183655,1.409497125882789,0.9247621975906501,-4.200634049435718,-539.6263770943283,434.697307346964,682.5990521979824,85.50671006274209,19.54437228256441,-0.12201259794244379,434.6973076311439,412.74248214107894,370.74416558416624,-3.7764157822488187,197.5999999999999,0.9999999999999889,416.51889792332776,23.98955274573157,5.012499146412496,599.6251982375529,0.021237620867364804,2.2023719111530227e-05,False,True,RELEASE,RELEASED,
7.651999999995901,SLOWDOWN_3,0.21408261376150617,1226.603023566362,38.94334059828169,-0.04990395852214413,279.4373723688651,1.6696591637531748,-0.8969981800336498,1.408245712978126,0.9243302794016721,-4.195573483686025,-538.9196025695833,434.1468737861313,681.5905398930013,85.36997197970517,19.521311269103947,-0.1185544653570787,434.1468740756663,412.2211351605497,370.52680447486836,-3.8095097920436842,196.9999999999999,0.9999999999999889,416.0306449525934,23.989561585452712,5.008259772732344,599.6259405501398,0.020066804368162217,2.202574086140885e-05,False,True,RELEASE,RELEASED,
7.661999999995878,SLOWDOWN_3,0.21406870139276699,1226.5233115651833,38.939992860557815,-0.04992598565464782,279.2761894008299,1.6685339579951974,-0.896611359874196,1.4071580004845456,0.923882978473565,-4.191461638384088,-538.3564499198886,433.7093395844927,680.6712410679456,85.26419822445482,19.498797491562055,-0.11588538062255793,433.70933986414593,411.803531922218,370.31067172404835,-3.7419032072195932,196.39999999999986,0.9999999999999889,415.5454351294376,23.98957241196359,5.003067565631642,599.6266189489222,0.017690580322722305,2.2028900730219902e-05,False,True,RELEASE,RELEASED,
7.671999999995855,SLOWDOWN_3,0.21406196950743991,1226.4847407034429,38.937970241001125,-0.0499475046356097,279.12080059000215,1.6675630726722654,-0.896358095574996,1.4061681143580709,0.923428577416846,-4.1879311194630295,-537.8860701562522,433.3455834417375,679.8139548712124,85.17706780369453,19.47710533050094,-0.11368641968124393,433.34558370358366,411.45407603749925,370.1001020598101,-3.6189104615321526,195.79999999999984,0.9999999999999889,415.0729864990314,23.989584447498153,4.997295526209022,599.6271990761027,0.014584399210116672,2.2032256595139188e-05,False,True,RELEASE,RELEASED,
7.681999999995831,SLOWDOWN_3,0.21406153143896461,1226.4822307559657,38.93711439645466,-0.04996843394541191,278.9722376440885,1.666687802467416,-0.8961880850329791,1.4052384662891158,0.9229718085582628,-4.184769387668274,-537.4788863059013,433.0327857689225,679.0029212499862,85.10149408117756,19.456377344037456,-0.11177088823592385,433.0327860094191,411.1519899863481,369.89745262877716,-3.4665720174607486,195.19999999999982,0.9999999999999889,414.61856200380885,23.989596924146266,4.9913119300485596,599.6276623735869,0.011159376689758638,2.2036413156456547e-05,False,True,RELEASE,RELEASED,
7.691999999995808,SLOWDOWN_3,0.2140668108098952,1226.5124793232462,38.937321774774155,-0.049988736956780876,278.8309935450232,1.6658742460651588,-0.8960721517383204,1.4043474294426634,0.9225153706441669,-4.181853167502394,-537.1175825054976,432.75755064238274,678.2288152104206,85.03338246401728,19.436680740326192,-0.11003134122688607,432.757550860487,410.88506413515023,369.70394457445974,-3.299804452467015,194.5999999999998,0.9999999999999889,414.18486858761725,23.9896091555184,4.985445958187205,599.628003706868,0.007757585431821035,2.2040998430838954e-05,False,True,RELEASE,RELEASED,
7.701999999995785,SLOWDOWN_3,0.21407741170789552,1226.5732179946929,38.93852076905357,-0.05000840108056804,278.6972535721085,1.6651027170748403,-0.8959932919409359,1.4034824826861432,0.9220607928346863,-4.179110542951927,-536.7919009657958,432.51191349311694,677.4859807551657,84.97035385529023,19.41803978715904,-0.108406169771456,432.51191368915335,410.6460275105159,369.5201481920046,-3.1271237617251018,193.99999999999977,0.9999999999999889,413.773151272241,23.98962058298895,4.979965519353779,599.6282288021371,0.004646658013253813,2.2044229638140678e-05,False,True,RELEASE,RELEASED,
7.711999999995761,SLOWDOWN_3,0.21409304398433948,1226.662784341135,38.9406586726129,-0.050027423054223794,278.5710281662722,1.6643616997201918,-0.8959415149902442,1.4026363282093015,0.9216089301259004,-4.176499158230667,-536.495650790181,432.29104120449716,676.7708702051318,84.91101510340538,19.40045443340351,-0.1068599511248749,432.2910413794815,410.430456862999,369.34626218032577,-2.95336552056591,193.39999999999975,0.9999999999999889,413.3838223835649,23.98963080025262,4.975065472674088,599.6283515441412,0.0020174234973291405,2.2047622280751966e-05,False,True,RELEASE,RELEASED,
7.721999999995738,SLOWDOWN_3,0.21411348023202362,1226.7798754152734,38.94369378230292,-0.05004581081687715,278.452229426461,1.6636443858784427,-0.8959108754787726,1.401804674647549,0.9211602484481123,-4.173993695817845,-536.2249900068513,432.091910158166,676.0811550740655,84.85454099556563,19.383911018141617,-0.10537216502177671,432.09191031347115,410.2355747949478,369.18227437641434,-2.7812485800236004,192.79999999999973,0.9999999999999889,413.0168233749714,23.989639559747342,4.9708645468317165,599.6283912673275,-1.4167249245744529e-05,2.205159501045273e-05,False,True,RELEASE,RELEASED,
7.731999999995715,SLOWDOWN_3,0.21413853096164914,1226.9234055234,38.947591191908394,-0.05006357515831957,278.3407151875947,1.6629466862625717,-0.8958977660321036,1.4009849657188882,0.9207149891155811,-4.171578681087221,-535.9774383353707,431.9125464033383,675.4152169576404,84.80043426891763,19.368388432785427,-0.10393076967045545,431.91254654043473,410.0595589558604,369.0280543184291,-2.612273995787916,192.1999999999997,0.9999999999999889,412.6718329516483,23.989646764592464,4.967409205948867,599.6283701931227,-0.0014008702737857703,2.205732818083561e-05,False,True,RELEASE,RELEASED,
7.741999999995691,SLOWDOWN_3,0.21416803024044684,1227.0924239407789,38.952320208671665,-0.050080728924589576,278.2363144257912,1.6622660860197687,-0.8958999343506722,1.4001756491104758,0.9202732638567579,-4.169244343317348,-535.751309159641,431.7515884731806,674.7718550543962,84.74838757415077,19.353861666311943,-0.10252855400460703,431.7515885935802,409.9011445810433,368.8834065759047,-2.4472422281770037,191.59999999999968,0.9999999999999889,412.3483868092203,23.989652449771903,4.964682673572994,599.6283111515663,-0.0021544800557631305,2.2060489698105812e-05,False,True,RELEASE,RELEASED,
7.751999999995668,SLOWDOWN_3,0.21420182735280488,1227.2860671305634,38.9578527760072,-0.050097288632230605,278.1388418923294,1.661600985056181,-0.8959159164876691,1.3993757551578956,0.9198351098145473,-4.166984231423439,-535.5453821527342,431.6080354384337,674.1501176714353,84.6982039387434,19.34030384230156,-0.10116106674570347,431.6080355436015,409.75939543840906,368.74810147734183,-2.286551055962036,190.99999999999966,0.9999999999999889,412.0459464943711,23.989656756230932,4.962617355319897,599.6282356923118,-0.002333758304893685,2.2064839299673622e-05,False,True,RELEASE,RELEASED,
7.761999999995645,SLOWDOWN_3,0.21423978193251605,1227.5035308536278,38.964162824904214,-0.0501132680729725,278.048106525435,1.6609503171082671,-0.8959447095861565,1.3985846535932787,0.9194005214217236,-4.164793838212962,-535.3587142155789,431.4811014145239,673.5492048751782,84.64975085514754,19.327687385594913,-0.09982543968806112,431.4811015058615,409.6335715529548,368.6218927996251,-2.1303673900050626,190.39999999999964,0.9999999999999889,411.76393894295984,23.98965990131445,4.961109016248137,599.6281626489422,-0.0020311603266502942,2.2070564000387094e-05,False,True,RELEASE,RELEASED,
7.7719999999956215,SLOWDOWN_3,0.21428176109991495,1227.7440537655707,38.971225566055345,-0.05012868334918218,277.9639162629976,1.6603133293758299,-0.8959855825587874,1.3978019128438206,0.9189694688950781,-4.162669805076449,-535.1905300255327,431.3701313291066,672.9684120513773,84.60293372853546,19.31598468606569,-0.09851971817511185,431.3701314079408,409.52305262041733,368.50452792660343,-1.9787264777866653,189.7999999999996,0.9999999999999889,411.501779098204,23.989662148565788,4.960031264976353,599.6281071787041,-0.0013595021836678711,2.207479747085017e-05,False,True,RELEASE,RELEASED,
7.781999999995598,SLOWDOWN_3,0.214327637759189,1228.006907661027,38.97901727328762,-0.050143550354532336,277.88608077113264,1.6596894547904322,-0.8960379663477358,1.397027218491456,0.9185419089740342,-4.160609461234582,-535.040158478964,431.27455199770185,672.4070970332949,84.5576804892225,19.305168471585112,-0.09724247954591192,431.2745520652806,409.4272935163397,368.3957536524424,-1.8315892386588075,189.1999999999996,0.9999999999999889,411.2588827549985,23.98966377936875,4.959249153860774,599.6280802618567,-0.00043954842978166653,2.207839816037449e-05,False,True,RELEASE,RELEASED,
7.791999999995575,SLOWDOWN_3,0.21437728956862145,1228.2913915735937,38.98751510609793,-0.050157884501407256,277.81441296484536,1.6590782378163025,-0.8961013901667056,1.3962603259195419,0.918117791157283,-4.15861055612371,-534.9069956359551,431.1938435840232,671.864660833887,84.51393265445904,19.29521201275041,-0.09599261527750969,431.193843641506,409.3457983340843,368.2953194635587,-1.688875419743738,188.59999999999957,0.9999999999999889,411.03467375382803,23.9896650683027,4.958630998440244,599.6280886139571,0.0006107252935123597,2.2084233933128417e-05,False,True,RELEASE,RELEASED,
7.801999999995552,SLOWDOWN_3,0.21443059830227784,1228.5968281185635,38.996696985728875,-0.05017170092480521,277.74872982841975,1.6584792912368111,-0.8961754443545366,1.395501032746771,0.9176970613221161,-4.156671103461646,-534.790482996642,431.12752285067245,671.3405362462215,84.47164012194153,19.286089230325132,-0.09476920629703045,431.1275228991339,409.2781051395176,368.20297935970757,-1.550482767645235,187.99999999999955,0.9999999999999889,410.82858790716284,23.98966626344505,4.958057824153621,599.6281349420576,0.0016846924402811325,2.2090952256803575e-05,False,True,RELEASE,RELEASED,
7.811999999995528,SLOWDOWN_3,0.2144874494402357,1228.9225611451138,39.00654150215348,-0.050185014973507275,277.6888528300371,1.6578922709063368,-0.8962597586557152,1.3947491627333461,0.9172796638199052,-4.154789290001821,-534.690094664459,431.0751332430547,670.8341810054135,84.43075812629942,19.277774746515504,-0.09357145141024148,431.07513328350456,409.223776936601,368.11849282850886,-1.4162981007669941,187.39999999999952,0.9999999999999889,410.640075037368,23.989667572245963,4.9574301406718035,599.6282184623808,0.0026932063956000007,2.2096854877418082e-05,False,True,RELEASE,RELEASED,
7.821999999995505,SLOWDOWN_3,0.21454773189292292,1229.2679541568812,39.017027910539134,-0.05019784094902483,277.6346081017287,1.657316860935877,-0.8963539894593814,1.3940045563492969,0.9168655426831555,-4.1529634218237685,-534.6053296719369,431.03623894256964,670.3450736020122,84.39124545147106,19.270243903950128,-0.09239862605363669,431.036238975937,409.1823962408119,368.04162532974397,-1.2862036845157263,186.7999999999995,0.9999999999999889,410.4685999253276,23.989669153056127,4.956672005088011,599.628335592229,0.0035682772372593874,2.2103708829490643e-05,False,True,RELEASE,RELEASED,
7.831999999995482,SLOWDOWN_3,0.2146113378047227,1229.6323891867019,39.02813603436988,-0.05021019374657808,277.5858264842113,1.656752764949473,-0.8964578122502228,1.39326706521875,0.9164546423139495,-4.151191892447213,-534.5357073133289,431.0104212317866,669.8727106420611,84.35306337368735,19.26347276623067,-0.09125005837802291,431.0104212589366,409.1535617543206,367.9721484964086,-1.1600808791989152,186.19999999999948,0.9999999999999889,410.3136426335195,23.98967111193835,4.955732551021186,599.6284807314325,0.004264459651611929,2.210967568316846e-05,False,True,RELEASE,RELEASED,
7.841999999995458,SLOWDOWN_3,0.21467816240492293,1230.0152659426142,39.039846355640094,-0.05022208569297959,277.54234349457266,1.656199700879512,-0.8965709170974944,1.3925365488231687,0.9160469078693763,-4.149473163661425,-534.4807642340261,430.9972762108277,669.4166051133998,84.31617503033416,19.257438108114844,-0.09012511524997535,430.9972762325657,409.1368862696376,367.90984017290816,-1.0378122032511783,185.59999999999945,0.9999999999999889,410.1746984728888,23.989673504054544,4.9545853234488835,599.6286470572002,0.004758261247743256,2.2116017703410762e-05,False,True,RELEASE,RELEASED,
7.851999999995435,SLOWDOWN_3,0.2147481038873902,1230.4160011184406,39.052139745231216,-0.050233533207520574,277.50399925060833,1.6556573978295164,-0.8966930059192165,1.3918128725238768,0.9156422854698154,-4.1478057537826105,-534.4400525508137,430.99641330712524,668.9762851864157,84.2805450376612,19.252117400020413,-0.089023193993512,430.996413324182,409.13199529495216,367.85448436049677,-0.9192824751249873,184.99999999999943,0.9999999999999889,410.05127777007715,23.989676338696324,4.953225866110309,599.6288272690113,0.0050459754069072105,2.2122963287074526e-05,False,True,RELEASE,RELEASED,
7.861999999995412,SLOWDOWN_3,0.21482106330807843,1230.834027806556,39.06499780461865,-0.050244547102841285,277.47063837150944,1.6551255941478697,-0.896823790786125,1.3910959063570505,0.9152407223036765,-4.146188230263237,-534.4131385803531,431.0074542538284,668.5512933330078,84.2461392542978,19.247488789573246,-0.08794371734609285,431.00745426688565,409.13852610598013,367.8058711108064,-0.8043794200125944,184.3999999999994,0.9999999999999889,409.9429055259927,23.989679586916434,4.951668061587359,599.6290142355083,0.0051403899161144295,2.2128558384792996e-05,False,True,RELEASE,RELEASED,
7.8719999999953885,SLOWDOWN_3,0.2148969444939742,1231.2687949761835,39.07840254370874,-0.05025514080232561,277.44210986638717,1.6546040362129626,-0.896962992836978,1.3903855242820808,0.9148421666717089,-4.144619204862887,-534.3996019296476,431.03003234770466,668.1411856375298,84.21292463051002,19.24353108177812,-0.08688613034541959,431.0300323573986,409.1561270524579,367.76379639127254,-0.6929939660871014,183.7999999999994,0.9999999999999889,409.849121018545,23.9896831907072,4.949939729463655,599.6292015115419,0.005066826917421885,2.2135089579933265e-05,False,True,RELEASE,RELEASED,
7.881999999995365,SLOWDOWN_3,0.21497565395970564,1231.7197669955979,39.09233646280417,-0.050265327721851875,277.41826701731526,1.6540924776380306,-0.897110341554686,1.3896816036971753,0.9144465679961569,-4.143097330334126,-534.3990348043736,431.06379187583264,667.7455312260229,84.18086910811455,19.240223718722614,-0.08584989829495271,431.063791882747,409.1844570186994,367.7280619363267,-0.5850203614381826,183.19999999999936,0.9999999999999889,409.7694773801376,23.989687072743955,4.948077953530222,599.6293837092132,0.004858938436433924,2.2141910676509724e-05,False,True,RELEASE,RELEASED,
7.891999999995342,SLOWDOWN_3,0.21505710082957374,1232.186423185397,39.10678258643813,-0.05027511997599777,277.3989672607604,1.6535906787249735,-0.8972655742569312,1.3889840251131391,0.9140538768096226,-4.141621298012927,-534.4110414508057,431.1083876463156,667.3639117703946,84.14994155052631,19.23754675933411,-0.08483450537039516,431.1083876509745,409.2231849793245,367.6984750924124,-0.4803561882025065,182.59999999999934,0.9999999999999889,409.703541167527,23.989691145845445,4.94612454470694,599.6295567209038,0.004554623721622519,2.214918845311331e-05,False,True,RELEASE,RELEASED,
7.9019999999953185,SLOWDOWN_3,0.21514119676366197,1232.6682573951437,39.12172444349529,-0.05028452854928412,277.38407206962404,1.6530984060670735,-0.8974284357153668,1.3882926719215114,0.9136640447323571,-4.140189835954902,-534.4352376816522,431.16348458485174,666.9959210420458,84.1201116909051,19.2354808594816,-0.08383945358815481,431.1634845877512,409.27198961546486,367.67484866148766,-0.37890231861496204,181.99999999999932,0.9999999999999889,409.6508919340798,23.989695321478223,4.944121962463659,599.6297178039431,0.0041923590340653405,2.215601102761866e-05,False,True,RELEASE,RELEASED,
7.911999999995295,SLOWDOWN_3,0.21522785588720586,1233.1647775986803,39.13714593465563,-0.050293566507211646,277.3734468371584,1.652615432241923,-0.8975986778530097,1.3876074302196164,0.9132770244431383,-4.138801707407525,-534.4712504565771,431.22875737465597,666.6411644998375,84.09135009133648,19.234007252581485,-0.08286426199686048,431.2287573762459,409.33055897101366,367.65700074569014,-0.2805628390314041,181.3999999999993,0.9999999999999889,409.61112181004506,23.98969951682658,4.942109924168958,599.629865545428,0.0038081464515435925,2.2163439666655904e-05,False,True,RELEASE,RELEASED,
7.921999999995272,SLOWDOWN_3,0.21531699472270396,1233.6755055051556,39.153031500761735,-0.050302244140962606,277.36696076344515,1.652141535559678,-0.8977760594898907,1.3869281886703062,0.9128927696467491,-4.137455709493088,-534.5187174998067,431.30389012619753,666.2992589032384,84.06362810884679,19.23310773078763,-0.08190846602508373,431.3038901268878,409.39859013652324,367.6447545946707,-0.18524495733777258,180.79999999999927,0.9999999999999889,409.583835093861,23.989703660145985,4.940122837638906,599.6299997315593,0.003433203478799385,2.2170005763655354e-05,False,True,RELEASE,RELEASED,
7.931999999995249,SLOWDOWN_3,0.21540853212445704,1234.19997618396,39.1693659684772,-0.050310572788968035,277.3644867448022,1.6516764998465387,-0.8979603461197566,1.386254838383549,0.9125112350398596,-4.136150672030703,-534.5772869446321,431.3885760688696,665.9698319452359,84.03691786583437,19.23276462680189,-0.08097161687305743,431.38857606904674,409.47578895365996,367.63793845641675,-0.09285890234781391,180.19999999999925,0.9999999999999889,409.5686478560078,23.989707694300392,4.938188104680043,599.6301211487432,0.003092436505686358,2.2177765799824556e-05,False,True,RELEASE,RELEASED,
7.941999999995225,SLOWDOWN_3,0.21550238921529652,1234.7377377022078,39.18613459866874,-0.050318563226489886,277.3659012661957,1.651220114270933,-0.8981513097282903,1.385587272821987,0.9121323762764248,-4.134885456558017,-534.6466170119008,431.48251726956596,665.6525219061007,84.01119222611254,19.232960796302258,-0.08005328008016477,431.4825172695696,409.5618697446585,367.63638543148124,-0.0033178102600572856,179.59999999999923,0.9999999999999889,409.56518755491857,23.989711578540728,4.9363252681284155,599.6302313440201,0.0028036733608702846,2.2185936018104258e-05,False,True,RELEASE,RELEASED,
7.951999999995202,SLOWDOWN_3,0.2155984893253618,1235.2883507739562,39.20332307393542,-0.05032622569968265,277.3710842971517,1.650772173068314,-0.8983487285001046,1.3849253876577352,0.9117561499324431,-4.133658954794936,-534.7263756240253,431.58542430540007,665.3469772941463,83.9864247570508,19.23367960104441,-0.0791530394690767,431.5854243055393,409.6565550003947,367.6399333341096,0.08346232794912112,178.9999999999992,0.9999999999999889,409.57309267244557,23.9897152887063,4.934545915247928,599.6303323705149,0.002577576688941541,2.2193917288859666e-05,False,True,RELEASE,RELEASED,
7.961999999995179,SLOWDOWN_3,0.2156967579329397,1235.8513884212402,39.22091746685968,-0.05033357048611618,277.3799191904545,1.6503324755628312,-0.8985523868453882,1.3842690807757712,0.9113825134735947,-4.1324700887051,-534.8162402331226,431.6970160963116,665.0528565655123,83.96258973230684,19.234904892525762,-0.07827048802136005,431.6970160968777,409.75957521507,367.6484245513518,0.16756286631391504,178.39999999999918,0.9999999999999889,409.5920123487561,23.989718816118703,4.932854208183284,599.6304265401143,0.002418121371108306,2.22023223841461e-05,False,True,RELEASE,RELEASED,
7.971999999995155,SLOWDOWN_3,0.21579712260681755,1236.4264356437811,39.23890424396359,-0.050340607505615,277.3922925836469,1.6499008258285202,-0.8987620750290548,1.383618252105363,0.911011425219142,-4.1313178085710796,-534.9158973983652,431.8170195529287,664.7698277698864,83.93966208491611,19.236620996202895,-0.07740523568020308,431.8170195541802,409.8706685522998,367.66170591337385,0.24906250644914962,177.79999999999916,0.9999999999999889,409.6216060458506,23.989722165489223,4.931247887527884,599.6305162009892,0.0023234981057695947,2.220989290435682e-05,False,True,RELEASE,RELEASED,
7.981999999995132,SLOWDOWN_3,0.21589951295074453,1237.0130891007718,39.25727025368515,-0.050347346370108584,277.4080943044094,1.649477032623858,-0.898977589105998,1.3829728035788613,0.9106428443108321,-4.130201092601853,-535.0250425688238,431.945169379248,664.4975682684449,83.9176173983672,19.238812696401034,-0.07655690519288783,431.94516938142283,409.98958065336257,367.67962856351414,0.32803743941644825,177.19999999999914,0.9999999999999889,409.6615432139461,23.989725352178304,4.929719586657301,599.6306035525236,0.002287296412487372,2.2218140429686173e-05,False,True,RELEASE,RELEASED,
7.991999999995109,SLOWDOWN_3,0.21600386054942652,1237.6109568014522,39.2760027400981,-0.05035379575251982,277.42721727823863,1.6490609092311892,-0.8991987307438513,1.3823326390500386,0.910276730680424,-4.12911894598442,-535.1433798002481,432.0812078264696,664.2357644395241,83.8964318842668,19.241465221686756,-0.07572513217559163,432.0812078297695,410.1160644010736,367.70204783359964,0.4045614282817951,176.5999999999991,0.9999999999999889,409.7115029727918,23.989728399134,4.92825829999387,599.6306905050542,0.002299826257191384,2.222641819571436e-05,False,True,RELEASE,RELEASED,
8.001999999995085,SLOWDOWN_3,0.2161100989161898,1238.2196578052422,39.29508922955632,-0.05035996616247141,277.4495574391631,1.6486522733171904,-0.8994253070713311,1.3816976642209329,0.9099130450185204,-4.1280704000632875,-535.2706214944033,432.2248844653492,663.9841113972267,83.87608236305796,19.244564230796872,-0.0749095648027378,432.2248844699716,410.24987970103564,367.7288231230014,0.4787058967140183,175.9999999999991,0.9999999999999889,409.7711738043216,23.98973133380188,4.9268508649865055,599.630778587054,0.0023494520026714483,2.2231886873669282e-05,False,True,RELEASE,RELEASED,
8.011999999995062,SLOWDOWN_3,0.21621816344222544,1238.8388219309345,39.31451772946606,-0.05036586438265457,277.47501364322466,1.648250946798186,-0.8996571305310344,1.3810677865716012,0.9095517487442476,-4.127054511546355,-535.4064881475022,432.37595596640057,663.7423127195435,83.85654624542985,19.248095799076935,-0.07410986340437375,432.3759559725157,410.3907932704047,367.759817781445,0.5505400139194876,175.39999999999907,0.9999999999999889,409.8402532564852,23.989734185248224,4.925483341802739,599.6308688983238,0.002423834293122873,2.22405143404103e-05,False,True,RELEASE,RELEASED,
8.021999999995039,SLOWDOWN_3,0.21632799134736475,1239.468089474659,39.33427642140376,-0.0503715014319353,277.5034875846474,1.6478567557101347,-0.8998940187368365,1.3804429152924782,0.9091928039757892,-4.1260703617372885,-535.5507081075133,432.5341858877987,663.5100801855904,83.8378015143937,19.252046405410642,-0.07332570009191386,432.5341858955529,410.53857843408497,367.7948989954604,0.6201307762685815,174.79999999999905,0.9999999999999889,409.9184476578164,23.989736981678163,4.924142203579612,599.6309621044238,0.0025110014357609955,2.22494850277144e-05,False,True,RELEASE,RELEASED,
8.031999999995016,SLOWDOWN_3,0.21643952163233135,1240.1071109363068,39.354353993473495,-0.05037688345061339,277.5348837146052,1.6474695300828766,-0.9001357943355485,1.3798229612190853,0.9088361735017565,-4.12511705579221,-535.7030173398222,432.69934447059086,663.2871335215482,83.81982670797693,19.256402919619863,-0.07255675836540831,432.69934448012265,410.6930149279566,367.8339376783574,0.6875430856408116,174.19999999999902,0.9999999999999889,410.0054718423158,23.98973974846764,4.922815280302713,599.6310584653606,0.0026001990418889065,2.225892922069761e-05,False,True,RELEASE,RELEASED,
8.041999999994992,SLOWDOWN_3,0.21655269503243138,1240.7555467541945,39.37473933639987,-0.05038201959361421,277.5691091625096,1.6470891038185844,-0.9003822848729263,1.3792078367689609,0.9084818207533903,-4.124193722001231,-535.8631592011204,432.8712084410573,663.0732001549943,83.80260090252179,19.261152590317298,-0.07180273277435845,432.8712084524811,410.8538887089551,367.8768083636156,0.7528398247160908,173.599999999999,0.9999999999999889,410.101048884239,23.98974250676686,4.921492428559028,599.6311578901073,0.002682492949433346,2.2268343855103012e-05,False,True,RELEASE,RELEASED,
8.051999999994969,SLOWDOWN_3,0.2166674539726237,1241.413067047636,39.39542170630526,-0.050386917463345095,277.6060736597328,1.6467153145741114,-0.9006333226635156,1.3785974558807912,0.9081297097775778,-4.123299511092167,-536.0308842209423,433.04956081976025,662.8680149773452,83.78610369654434,19.26628303319325,-0.07106332855431674,433.0495608331805,411.02099177162387,367.9233891015783,0.816081929230279,172.99999999999898,0.9999999999999889,410.2049098423936,23.989745272679052,4.920165925407113,599.6312600081355,0.002751123845661674,2.227802917786903e-05,False,True,RELEASE,RELEASED,
8.061999999994946,SLOWDOWN_3,0.21678374252393767,1242.079351367234,39.41639064127925,-0.05039158512436423,277.64568946568994,1.6463480036472036,-0.9008887446645231,1.3779917339555825,0.9077798052106683,-4.122433595557034,-536.2059498907599,433.2341907371816,662.6713201140984,83.77031519514918,19.271782219719586,-0.07033826129031695,433.23419075268407,411.19412197094175,367.97356135934626,0.8773284573688329,172.39999999999895,0.9999999999999889,410.3167935135729,23.989748056973422,4.918830606040172,599.6313642494056,0.0028016312987286796,2.228818095773022e-05,False,True,RELEASE,RELEASED,
8.071999999994922,SLOWDOWN_3,0.21690150636118646,1242.754088452596,39.43763603042314,-0.05039602905703726,277.687871296203,1.6459870158662961,-0.9011483923532562,1.377390587799836,0.907432072253074,-4.121595168999352,-536.388120460169,433.4248932555408,662.482864702603,83.75521599495534,19.277638466254157,-0.06962725658110003,433.42489327320834,411.3730828511838,368.0272099237643,0.9366366564293571,171.79999999999893,0.9999999999999889,410.43644619475447,23.989750865257808,4.917483780992867,599.6314699251625,0.002831779373900112,2.2298052613223263e-05,False,True,RELEASE,RELEASED,
8.081999999994899,SLOWDOWN_3,0.21702069272193972,1243.4369759972649,39.45914800181124,-0.05040025694437938,277.7325362540716,1.6456321994839367,-0.9014121116082849,1.376793935570691,0.9070864766446342,-4.120783445502457,-536.5771667400268,433.62146919668527,662.3024046771221,83.74078716953761,19.2838404235298,-0.06893004972664585,433.6214692165709,411.5576834805057,368.08422280740444,0.9940620267801137,171.1999999999989,0.9999999999999889,410.5636214537256,23.989753698514736,4.916124979044333,599.6315763032026,0.0028413253717261,2.2308356506073324e-05,False,True,RELEASE,RELEASED,
8.091999999994876,SLOWDOWN_3,0.21714125036671822,1244.1277204206492,39.48091697275399,-0.05040427613778507,277.77960376178527,1.6452834060736437,-0.9016797525941262,1.376201696722935,0.9067429846407301,-4.1199976590178355,-536.7728659122508,433.8237249757942,662.1297025609191,83.7270102553571,19.29037706651361,-0.06824638541581862,433.82372499796304,411.7477382912718,368.14449115744657,1.049658383472547,170.5999999999989,0.9999999999999889,410.69807990779924,23.989756553894207,4.914755567018234,599.6316826728439,0.0028316777691044237,2.2318244532471e-05,False,True,RELEASE,RELEASED,
8.101999999994852,SLOWDOWN_3,0.21726312954036456,1244.826036646697,39.50293367692932,-0.0504080927485697,277.82899549629826,1.644940490429988,-0.901951169649208,1.3756137919577849,0.9064015629891303,-4.119237062772395,-536.9750013459538,434.03147244060114,661.9645272650936,83.71386723814916,19.297237684620534,-0.06757601741685448,434.03147246508854,411.94306692552425,368.20790916736416,1.1034779152200827,169.99999999999886,0.9999999999999889,410.83958901030417,23.98975942565614,4.913378297795865,599.6317883965039,0.0028054895479225905,2.2328723161990638e-05,False,True,RELEASE,RELEASED,
8.11199999999483,SLOWDOWN_3,0.21738628193456058,1245.5316478891332,39.525189111813454,-0.05041171286630109,277.8806353258108,1.6446033104719122,-0.902226221177223,1.3750301431733931,0.9060621789075496,-4.118500928694706,-537.1833624197861,434.2445287160476,661.8066538939595,83.70134053976875,19.304411872269057,-0.06691870830030666,434.2445287428897,412.1434940858049,368.2743739913244,1.1555712412583148,169.39999999999884,0.9999999999999889,410.9879228445466,23.98976230616326,4.9119968341324425,599.6318929463341,0.00276622974261187,2.233931297723757e-05,False,True,RELEASE,RELEASED,
8.121999999994806,SLOWDOWN_3,0.21751066065145103,1246.2442854430408,39.54767443815889,-0.050415145052170644,277.9344492484852,1.6442717271492673,-0.9025047695416121,1.3744506734172295,0.9057248000619051,-4.117788546859147,-537.3977443501869,434.46271605408003,661.6558635568254,83.68941300548167,19.3118895197647,-0.06627422914129966,434.46271608330704,412.34884939086936,368.3437856612148,1.205987465919577,168.79999999999882,0.9999999999999889,411.1428619249498,23.98976518683937,4.910615289093822,599.6319959258242,0.0027177699416318646,2.2350316157826455e-05,False,True,RELEASE,RELEASED,
8.131999999994783,SLOWDOWN_3,0.21763622016833914,1246.9636884825798,39.57038124394733,-0.050418393153856614,277.99036533303695,1.6439456043521046,-0.9027866809631073,1.3738753068398248,0.9053893945452528,-4.117099224947369,-537.6179480253263,434.6858616884206,661.5119431857429,83.67806789165448,19.319660804498838,-0.06564235924884088,434.6858617200488,412.558967236173,368.41604700621235,1.2547742310755439,168.1999999999988,0.9999999999999889,411.30419300509743,23.989768059025813,4.90923781528841,599.6320970774266,0.0026640147013976545,2.236110094600008e-05,False,True,RELEASE,RELEASED,
8.14199999999476,SLOWDOWN_3,0.21776291630342254,1247.6896038646696,39.59330124384281,-0.05042146412641713,278.0483136611415,1.6436248088230825,-0.9030718254203316,1.3733039686503146,0.9050559308573871,-4.116432287726873,-537.8437798445839,434.91379769417097,661.3746853592606,83.66728885386914,19.327716182451134,-0.06502288591002525,434.9137977282035,412.7736866590295,368.4910635748128,1.3019777666198138,167.59999999999877,0.9999999999999889,411.4717088924097,23.989770914689057,4.907868265527407,599.6321962781567,0.0026085962416360076,2.2372417561200564e-05,False,True,RELEASE,RELEASED,
8.151999999994736,SLOWDOWN_3,0.21789070618253742,1248.4217859384466,39.61642645775968,-0.050424363127548034,278.10822627159763,1.6433092100726254,-0.9033600765532578,1.3727365850734836,0.9047243778850838,-4.115787076545843,-538.0750515633209,435.14636085202244,661.2438881318469,83.65705993542583,19.33604637998354,-0.06441560411087721,435.14636088846845,412.99285120822145,368.5687435592416,1.347642939019977,166.99999999999875,0.9999999999999889,411.6452082692015,23.9897737469521,4.906509937963907,599.6322935256635,0.0025546451681091042,2.238313629732147e-05,False,True,RELEASE,RELEASED,
8.161999999994713,SLOWDOWN_3,0.21801954820687358,1249.159996360285,39.639749092788996,-0.05042709649535775,278.1700371061903,1.6429986802966927,-0.9036513115694382,1.372173083308191,0.904394704882976,-4.115162948843487,-538.3115801427135,435.383392516906,661.1193548687684,83.64736555620922,19.344642385914828,-0.06382031631676455,435.38339255576096,413.21630881780334,368.6489977221715,1.3918132979242728,166.39999999999873,0.9999999999999889,411.82449551987906,23.98977655044084,4.905165409978315,599.6323889175724,0.0025046410638571714,2.2394624238586402e-05,False,True,RELEASE,RELEASED,
8.17199999999469,SLOWDOWN_3,0.21814940202163888,1249.9040039142576,39.66326164378162,-0.05042966892950658,278.2336819572011,1.6426930942973126,-0.9039454111530549,1.3716133914873436,0.9040668814550444,-4.114559277676182,-538.5531876045873,435.6247384909849,661.0008940863329,83.63819050193943,19.35349544386523,-0.06323683220159637,435.6247385322421,413.44391168515506,368.73173932566914,1.4345311211195622,165.7999999999987,0.9999999999999889,412.0093805640355,23.98977932145238,4.903836457457358,599.632482626894,0.0024603399310629825,2.240614026050025e-05,False,True,RELEASE,RELEASED,
8.181999999994666,SLOWDOWN_3,0.21828022848563722,1250.6535843378301,39.68695674974018,-0.05043208714999097,278.2990984165102,1.6423923294056104,-0.9042422593764876,1.371057438639276,0.9037408775367022,-4.113975451257859,-538.7997008909207,435.8702489007285,660.8883192972738,83.62951991376113,19.362597044860618,-0.06266496842840752,435.8702489443736,413.6755161529176,368.81688406230364,1.4758374576897495,165.19999999999868,0.9999999999999889,412.1996786952279,23.989782057964554,4.902524050225434,599.6325748760926,0.0024227701668149138,2.241793924895319e-05,False,True,RELEASE,RELEASED,
8.191999999994643,SLOWDOWN_3,0.2184119896417349,1251.4085201526461,39.710827422172095,-0.05043435370805707,278.36622582624557,1.6420962654072746,-0.9045417436145952,1.3705051546503522,0.9034166633774632,-4.113410872515269,-539.0509517280027,436.11977807805755,660.7814488610423,83.62133927817936,19.371938920187095,-0.0621045484200522,436.1197781240684,413.9109825948756,368.90434998834746,1.5157721696524504,164.59999999999866,0.9999999999999889,412.3952104252231,23.989784759514663,4.901228410198851,599.6326659120439,0.0023922849865760654,2.2429884552366275e-05,False,True,RELEASE,RELEASED,
8.20199999999462,SLOWDOWN_3,0.21854464868818393,1252.1686005002223,39.73486671581008,-0.050436475565172126,278.43500523092115,1.6418047844704466,-0.9048437544613066,1.369956470229042,0.9030942095241787,-4.1128649586564805,-539.3067764949136,436.3731844452517,660.6801058389664,83.6136344173185,19.381513034485774,-0.061555402142289495,436.3731844936167,414.15017530542366,368.99405745899986,1.554373971926168,163.99999999999864,0.9999999999999889,412.5958013334975,23.989787426980346,4.899949116480278,599.6327559836326,0.002368657090438653,2.244198753942328e-05,False,True,RELEASE,RELEASED,
8.211999999994596,SLOWDOWN_3,0.21867816995078093,1252.9336209824287,39.75906798728676,-0.050438457111270846,278.50537933102356,1.641517771075876,-0.9051481856487539,1.3694113168711144,0.9027734868048255,-4.112337140753278,-539.5670160963322,436.6303304036352,660.584117853979,83.60639147950057,19.39131157907934,-0.0610173658834583,436.63033045431644,414.3929623926623,369.0859290655719,1.5916804708596146,163.3999999999986,0.9999999999999889,412.8012819218027,23.989790062297068,4.89868524084873,599.632845323247,0.00235120068284278,2.2454373947766726e-05,False,True,RELEASE,RELEASED,
8.221999999994573,SLOWDOWN_3,0.2188125188558313,1253.703383506588,39.783424827469055,-0.05044030182887444,278.57729243800077,1.6412351119493993,-0.9054549339686709,1.3688696268262173,0.9024544663128307,-4.111826863336346,-539.8315158394188,436.8910822258149,660.4933169549065,83.59959693013376,19.401326965521854,-0.06049028205234208,436.8910822787969,414.6392156749766,369.1798895745692,1.6277282013717809,162.7999999999986,0.9999999999999889,413.0114874736048,23.989792668145334,4.89743549776858,599.6329341328535,0.002338906556211384,2.2466593577519234e-05,False,True,RELEASE,RELEASED,
8.23199999999455,SLOWDOWN_3,0.218947661903896,1254.477696135052,39.80793093582706,-0.05044201548459482,278.6506904306042,1.640956695996429,-0.9057638991960922,1.3683313330654268,0.902137119391921,-4.111333584002956,-540.1001253146474,437.1553099513866,660.4075394849776,83.59323754288451,19.41155181936311,-0.05997399898637923,437.15531000662435,414.88881058082103,369.2758658686136,1.662552662600433,162.19999999999857,0.9999999999999889,413.2262579182206,23.98979524763702,4.896198394814294,599.6330225749255,0.0023305775464068645,2.2480000666291744e-05,False,True,RELEASE,RELEASED,
8.241999999994526,SLOWDOWN_3,0.21908356664429607,1255.2563729391263,39.8325802902615,-0.050443601520854135,278.72552071254654,1.6406824142387226,-0.9060749840151883,1.3677963692502184,0.9018214176214812,-4.11085677303688,-540.3726982804686,437.4228872859485,660.3266259546557,83.58730039114886,19.42197897412006,-0.05946837075066469,437.4228873434128,415.14162605184794,369.3737868891429,1.696188352379977,161.59999999999854,0.9999999999999889,413.44543769946796,23.989797804025113,4.894972371891849,599.6331107680146,0.002324953902106408,2.2493280312119168e-05,False,True,RELEASE,RELEASED,
8.251999999994503,SLOWDOWN_3,0.21922020165035241,1256.0392338572035,39.85736702704585,-0.050445064108138586,278.80173217143084,1.6404121597530317,-0.9063880939473632,1.3672646697022752,0.9015073328024059,-4.110395913040332,-540.6490925516915,437.6936915033957,660.2504209183855,83.5817728397943,19.43260146544757,-0.058973256945250796,437.6936915630471,415.3975444490233,369.47358358083534,1.7286688003475774,160.99999999999852,0.9999999999999889,413.66887564867574,23.989800340454707,4.893755920644115,599.633198786473,0.002320820817650393,2.2506286995849223e-05,False,True,RELEASE,RELEASED,
8.26199999999448,SLOWDOWN_3,0.2193575364953346,1256.8261045569598,39.88228543618342,-0.05044640814950009,278.87927513890986,1.64014582761183,-0.9067031372812135,1.3667361693746525,0.9011948369434387,-4.109950498576737,-540.929169891339,437.9676033512171,660.1787728553854,83.57664253716476,19.443412525500953,-0.05848852254052872,437.96760341301444,415.65645146174876,369.57518883770297,1.7600265998630675,160.3999999999985,0.9999999999999889,413.8964248618857,23.989802859767035,4.892547678445062,599.6332866636233,0.002317093092866429,2.2520116999658057e-05,False,True,RELEASE,RELEASED,
8.271999999994456,SLOWDOWN_3,0.219495541729104,1257.61681630153,39.907330091103645,-0.050447635752247165,278.95810135204255,1.6398833148258853,-0.9070200250047269,1.3662108038237577,0.900883902247975,-4.109520035825311,-541.2127959060499,438.2445069589087,660.1115340541207,83.57189740735213,19.454405577484113,-0.05801403769544322,438.24450702281865,415.918236019938,369.67853745080157,1.7902934388404788,159.79999999999848,0.9999999999999889,414.1279425810975,23.989805364361896,4.891346494374467,599.6333743974646,0.002312874573452639,2.2533418359671487e-05,False,True,RELEASE,RELEASED,
8.281999999994433,SLOWDOWN_3,0.21963418885541924,1258.4112058194783,39.93249563835964,-0.050448751659983214,279.0381639158008,1.6396245202886575,-0.9073386707391923,1.365688509182473,0.9005745011013261,-4.109104042245469,-541.4998399446647,438.52428974916097,660.0485605004928,83.56752564270545,19.46557423037533,-0.05754967757638951,438.52428981512844,416.1827902087152,369.78356605750656,1.8195001293066753,159.19999999999845,0.9999999999999889,414.3632900794085,23.989807856118464,4.890151467199433,599.6334619580616,0.002307492394698407,2.2546874561157892e-05,False,True,RELEASE,RELEASED,
8.29199999999441,SLOWDOWN_3,0.21977345030989573,1259.209115178514,39.957776910899184,-0.05044976016090842,279.1194172667007,1.6393693447225774,-0.9076589906752057,1.3651692221342375,0.9002666060584271,-4.108702046252542,-541.79017500015,438.8068423519451,659.989711769568,83.56351569659412,19.476912273825647,-0.057095322214081534,438.8068424199334,416.45000918599965,369.8902130923039,1.8476766360951729,158.59999999999843,0.9999999999999889,414.6023325499045,23.989810336370038,4.888961957484392,599.6335492957212,0.0023005079389992744,2.2561173068424978e-05,False,True,RELEASE,RELEASED,
8.301999999994386,SLOWDOWN_3,0.2199132994385876,1260.0103916627766,39.98316902203496,-0.0504506625178355,279.2018171375135,1.6391176906269906,-0.907980903510322,1.36465287988812,0.8999601898319768,-4.108313586902712,-542.0836776144923,439.0920585212026,659.9348509207387,83.55985627639464,19.488413673222386,-0.05665085632631417,439.092058591166,416.71979110248736,369.99841873905154,1.8748521043145843,157.9999999999984,0.9999999999999889,414.8449389981728,23.989812805924874,4.887777577598476,599.6336363491955,0.002291707898422146,2.257502114844101e-05,False,True,RELEASE,RELEASED,
8.311999999994363,SLOWDOWN_3,0.22005371047718172,1260.8148876536256,40.00866709948799,-0.05045146386107346,279.2853205230318,1.6388694622277868,-0.9083043303886411,1.3641394201547132,0.899655225280999,-4.107938213588268,-542.3802277866622,439.3798350542237,659.8838443961666,83.55653633670741,19.500072564913157,-0.05621616918085692,439.37983512610623,416.99203702428,370.1081248846644,1.9010548859744745,157.39999999999839,0.9999999999999889,415.09098213830555,23.98981526512325,4.886598164348348,599.6337230532947,0.002281079698488675,2.2589507921111363e-05,False,True,RELEASE,RELEASED,
8.32199999999434,SLOWDOWN_3,0.22019465853077963,1261.6224605138,40.03426652817649,-0.050452166708952036,279.36988564684935,1.6386245654286888,-0.9086291948420082,1.3636287811230454,0.8993516853998181,-4.107575485742016,-542.6797088834187,439.6700717134817,659.8365619224745,83.55354507279036,19.511883251583427,-0.05579115443686078,439.6700717872423,417.26665085786163,370.2192750741749,1.9263125656008242,156.79999999999836,0.9999999999999889,415.3403382922608,23.989817713919837,4.885423739482475,599.6338093454003,0.0022687760038833105,2.2603950696975517e-05,False,True,RELEASE,RELEASED,
8.331999999994316,SLOWDOWN_3,0.22033611955425172,1262.4329724748554,40.05996281146127,-0.05045277452069073,279.4554719291284,1.638382907764153,-0.9089554227328999,1.3631209014383778,0.8990495433074278,-4.107224972550833,-542.9820075529012,439.962671150907,659.7928764155597,83.55087191420736,19.52384019778297,-0.055375709995587385,439.96267122649573,417.5435392774004,370.3318144671323,1.9506519849247184,156.19999999999834,0.9999999999999889,415.59288729247567,23.98982015198044,4.884254463275284,599.6338951706168,0.0022550729941244185,2.2616980118073116e-05,False,True,RELEASE,RELEASED,
8.341999999994293,SLOWDOWN_3,0.22047807033314515,1263.246290527774,40.08575169738076,-0.0504532882942176,279.5420399553233,1.6381443983537376,-0.9092829421990382,1.3626157201807074,0.8987487722372539,-4.106886252678421,-543.2870136409558,440.2575388345639,659.7526638883422,83.54850651867778,19.53593802559589,-0.05496973788388004,440.25753891193347,417.82261165439246,370.44568979529265,1.9740992667904607,155.59999999999832,0.9999999999999889,415.848512387602,23.98982257878325,4.883090585986496,599.6339804853806,0.002240326725155839,2.2635469917986484e-05,False,True,RELEASE,RELEASED,
8.35199999999427,SLOWDOWN_3,0.2206204884651265,1264.062286316641,40.111628928900664,-0.05045371302608003,279.62955144582736,1.6379089478579592,-0.9096116835993534,1.3621131768442432,0.8984493455272954,-4.106558913995917,-543.5946201099591,440.5545829774794,659.7158033614903,83.54643876611831,19.548171510448654,-0.05457314408681668,440.55458305657686,418.10377998931955,370.56084932156665,1.9966798380488626,154.9999999999983,0.9999999999999889,416.1071001512707,23.989824993715924,4.881932401298786,599.6340652595534,0.002224931269367403,2.265130319756281e-05,False,True,RELEASE,RELEASED,
8.361999999994246,SLOWDOWN_3,0.22076335234194835,1264.8808360353178,40.137590543749944,-0.050454049765475746,279.71796922651873,1.6376764684357028,-0.9099415794617319,1.3616132113176356,0.8981512366106381,-4.106242553321824,-543.9047229602925,440.8537144687974,659.6821767769455,83.54465875289104,19.560535577051922,-0.054185838447324386,440.85371454956925,418.3869588456137,370.67724280017654,2.018418451857599,154.39999999999827,0.9999999999999889,416.3685403937561,23.98982739616185,4.8807802049346565,599.6341494770991,0.0022092815151495415,2.2666316453978652e-05,False,True,RELEASE,RELEASED,
8.371999999994223,SLOWDOWN_3,0.22090664113191774,1265.701820326996,40.16363261787674,-0.050454302253223796,279.8072572001749,1.6374468737029626,-0.9102725644321175,1.3611157638649927,0.8978544190063198,-4.105936776169396,-544.2172211541576,441.15484680698387,659.6516689141745,83.54315678622967,19.573025295471204,-0.05380773452770882,441.15484688938704,418.67206528552964,370.7948214379943,2.0393392090672933,153.79999999999825,0.9999999999999889,416.63272607646235,23.989829785570997,4.8796342606913425,599.63423313555,0.0021937426408724647,2.2682167468701664e-05,False,True,RELEASE,RELEASED,
8.3819999999942,SLOWDOWN_3,0.2210503347628516,1266.525124186538,40.18975145304497,-0.05045447192863056,279.8973803187275,1.6372200786929094,-0.9106045752249923,1.3606207751076445,0.8975588663105579,-4.105641196501885,-544.5320165417378,441.4578960350518,659.6241673090561,83.54192337883961,19.585635877321607,-0.05343874947675431,441.4578961190385,418.95901880798857,370.9135378570188,2.0594655788715954,153.19999999999823,0.9999999999999889,416.899553229117,23.98983216151268,4.878494775123928,599.6343162445385,0.0021786273706316805,2.2698168550050468e-05,False,True,RELEASE,RELEASED,
8.391999999994177,SLOWDOWN_3,0.22119441390550834,1267.3506368655476,40.215943442334385,-0.05045456137133006,279.98830455633686,1.6369959998173866,-0.9109375505753726,1.360128186006696,0.8972645521883121,-4.105355436495637,-544.8490137896669,441.762780677827,659.5995621753555,83.5409492436836,19.598362672083013,-0.053078803925586726,441.7627807633421,419.2477412883614,371.03334605795897,2.0788204187747965,152.5999999999982,0.9999999999999889,417.1689208695866,23.989834523709494,4.877361881278781,599.6343988236492,0.0021641813734945003,2.2714158944836527e-05,False,True,RELEASE,RELEASED,
8.401999999994153,SLOWDOWN_3,0.22133885995747635,1268.178251780057,40.2422051228846,-0.05045457284420362,280.07999688325384,1.6367745548296102,-0.9112714311921054,1.359637937846234,0.8969714503651869,-4.105079126310524,-545.1681203116826,442.0694216810965,659.57774632864,83.5402252889286,19.61120116353088,-0.05272782187262237,442.0694217680874,419.53815692009385,371.15420138488565,2.0974259938795967,151.99999999999818,0.9999999999999889,417.44073092621426,23.989836872053207,4.876235631068248,599.634480899897,0.0021505764383507042,2.2730755517841317e-05,False,True,RELEASE,RELEASED,
8.41199999999413,SLOWDOWN_3,0.2214836550275079,1269.0078664207679,40.26853319575764,-0.050454507701859906,280.1724252404523,1.6365556627881945,-0.9116061597124947,1.3591499722173213,0.8966795346196567,-4.1048119038675335,-545.4892462014028,442.3777423526213,659.5586151126414,83.53974261306446,19.62414696627921,-0.052385730561127275,442.37774244104173,419.83019215809406,371.27606049092566,2.1153039954882047,151.39999999999816,0.9999999999999889,417.71488816260586,23.989839206604675,4.875115995307199,599.6345625050928,0.002137910542724164,2.2746997387912415e-05,False,True,RELEASE,RELEASED,
8.421999999994107,SLOWDOWN_3,0.22162878192028265,1269.839382265752,40.32836329556832,-0.049583368872046736,280.26555851500143,1.636339244022346,-0.9119416806581907,1.3586642310026185,0.8963887787756137,-4.1045534146333065,-545.8123041671499,442.68766830492626,659.5420663279154,83.53949250017408,19.63719582243143,-0.05205246038144651,442.68766839472346,420.1237756638272,371.39888130495865,2.1324755590598556,150.79999999999814,0.9999999999999889,417.99130010476733,23.989841527580705,4.874002870024076,599.6346436733056,0.002126213567214208,2.276384873312054e-05,False,True,RELEASE,RELEASED,
8.431999999994083,SLOWDOWN_3,0.22177422412158862,1270.6727046955443,40.35498887479108,-0.04957919712483353,280.35936651616083,1.6361252200982677,-0.9122779403923349,1.3581806563617098,0.8960991566952281,-4.104303311411544,-546.1372094687773,442.9991273998331,659.5280001627729,83.53946641536362,19.65034359833575,-0.05172794475561204,442.99912749097075,420.4188382521121,371.5226229992909,2.1489612815918235,150.1999999999981,0.9999999999999889,418.2698769705203,23.989843835331154,4.872896087430207,599.6347244386113,0.0021154572008414974,2.2781214397582517e-05,False,True,RELEASE,RELEASED,
8.44199999999406,SLOWDOWN_3,0.22190981513212849,1271.4495839599292,40.36939267734241,-0.04984618266133313,280.4946086754731,1.6427563555754203,-0.9149898888569213,1.3643467107275318,0.8961876259167555,-4.120475221734873,-548.624336827021,444.53037352381034,662.8418087694632,84.20934032208355,19.669306374001703,0.21531660712582834,444.530373732381,421.8337550809454,371.66014177170734,3.2541763483270643,150.0,0.9999999999999889,418.57957873261836,23.98984584363311,4.871932918276544,599.6346002375758,-0.011341833855884609,2.28171347771422e-05,False,True,RELEASE,RELEASED,
8.451999999994037,SLOWDOWN_3,0.2220034270899997,1271.985940969727,40.384898772886274,-0.04988579033219912,280.719081395818,1.6491192551740983,-0.9190811736905184,1.3692640775079263,0.89665038707942,-4.141848834258274,-551.7027814164343,446.87538323785486,665.7631849134402,84.90687173208566,19.700800664927986,0.21972578156578493,446.8753837077586,424.00223780392486,371.89597938792076,4.891269667866538,150.0,0.9999999999999889,419.1109681360583,23.989845543302234,4.872076955111791,599.6340021982662,-0.02129382586461226,2.2859742443870346e-05,False,True,RELEASE,RELEASED,
8.461999999994013,SLOWDOWN_3,0.2220617508522729,1272.3201115120846,40.39533592674605,-0.049890275962669664,280.9782327066568,1.6537766012114576,-0.9218661202956925,1.37300397048424,0.8973008858656899,-4.158062602333063,-554.0079969764628,448.6432709841722,668.1978856048252,85.40755433104262,19.737191813739052,0.2199798475096486,448.64327165276103,425.64682379411056,372.2038276687099,5.841704608543466,150.0,0.9999999999999889,419.8051191855671,23.989841496917037,4.874017576124797,599.6331216833125,-0.02723910871178159,2.2899461669112497e-05,False,True,RELEASE,RELEASED,
8.47199999999399,SLOWDOWN_3,0.22209302840724685,1272.4993187014345,40.4014928808788,-0.04987813400304847,281.25374541560643,1.6573201646255684,-0.9237382071826893,1.3760152080065953,0.8980665642689789,-4.170662357697707,-555.7650200911152,449.9951665707081,670.3199975015162,85.77616843289809,19.775917327576696,0.21776775993191677,449.99516735252803,426.91299384876794,372.5510647443405,6.324218569555001,150.0,0.9999999999999889,420.58877527921294,23.98983330699993,4.877945407101667,599.6320879919458,-0.029912523107568312,2.293619843385386e-05,False,True,RELEASE,RELEASED,
8.481999999993967,SLOWDOWN_3,0.22210299998083927,1272.5564516096294,40.40413194798419,-0.04985669390439547,281.53358815124597,1.6601183713655119,-0.9249841907468086,1.3785489667812858,0.8989017719149208,-4.180760903617097,-557.1357233375769,451.0504837377928,672.2224926038054,86.0554045433297,19.815290314328845,0.2145447421269182,451.0504845609315,427.90862558071905,372.9157630187575,6.496000405384052,150.0,0.9999999999999889,421.412625175335,23.989821235921166,4.883734613076029,599.6310066918643,-0.02993678859187643,2.296976981597254e-05,False,True,RELEASE,RELEASED,
8.491999999993944,SLOWDOWN_3,0.22209564579049884,1272.514315202805,40.403824675861415,-0.04982991537023753,281.8099890431599,1.6624091354815518,-0.925802241734771,1.3807586113913588,0.899776826400442,-4.189120460280979,-558.2312483521773,451.89260925713404,673.9610075762295,86.27359831807541,19.85421748112648,0.21082329584146464,451.8926100708258,428.70907610261605,373.2835287960802,6.464855283063002,150.0,0.9999999999999889,422.24422081955305,23.989805973123932,4.891054536833605,599.629961474338,-0.027921674048296374,2.3002035277386312e-05,False,True,RELEASE,RELEASED,
8.50199999999392,SLOWDOWN_3,0.2220737525594229,1272.3888762287495,40.400984672175156,-0.04980021861122726,282.07799552197787,1.664349158819171,-0.926325911233623,1.382743081211864,0.9006722453208559,-4.1962537732914384,-559.1266932758806,452.57821843160787,675.5715160877847,86.44963870915886,19.891998889424247,0.2068372456903944,452.5782192037052,429.36558215915164,373.64505973367426,6.303064997395666,150.0,0.9999999999999889,423.062517161756,23.989788448119523,4.899459386793089,599.6290143381746,-0.024470373365681475,2.3032743342810136e-05,False,True,RELEASE,RELEASED,
8.511999999993897,SLOWDOWN_3,0.22203930585120102,1272.1915111288263,40.395913014240755,-0.04976916078972405,282.3345216941333,1.6660425257231146,-0.926644611533401,1.3845676081123548,0.9015752268325975,-4.202504489222665,-559.872707774134,453.14565029119376,677.0781174801887,86.59614578023165,19.928195535063757,0.20271616764421196,453.1456510034388,429.9128261214906,373.9944472288076,6.058745642763938,150.0,0.9999999999999889,423.85408047872664,23.989769679105944,4.90846083983547,599.628206237956,-0.02015584022357153,2.306118744854757e-05,False,True,RELEASE,RELEASED,
8.521999999993874,SLOWDOWN_3,0.22199375395052842,1271.9305179630924,40.38883446256195,-0.04973774302408283,282.57771648322586,1.6675586787946173,-0.9268181864076613,1.386275584639383,0.9024773843902234,-4.208103221152348,-560.5035786449522,453.6209311512134,678.4972832413893,86.72156683985676,19.962541463218592,0.1985391906652012,453.62093179485026,430.3743764681908,374.32803362020064,5.76384085011648,150.0,0.9999999999999889,424.6105356180743,23.989750654666974,4.917584778258093,599.6275586675968,-0.015493696993168271,2.308960733898857e-05,False,True,RELEASE,RELEASED,
8.53199999999385,SLOWDOWN_3,0.221938183907543,1271.6121250700498,40.37992169655856,-0.049706612959599286,282.8065440366548,1.6689441084840704,-0.9268867810316448,1.3878960092141215,0.9033732581726884,-4.213205286448526,-561.0426778224271,454.02186721891854,679.8404621843099,86.8315688683754,19.994885337489098,0.19435639764424195,454.0218677913498,430.76638264355825,374.6436502635586,5.439519968400589,150.0,0.9999999999999889,425.32686267515766,23.98973224723884,4.926412790420764,599.6270761256601,-0.010919987915674056,2.3117039631870284e-05,False,True,RELEASE,RELEASED,
8.541999999993827,SLOWDOWN_3,0.22187343877904409,1271.2411628093478,40.36931225780241,-0.04967617868665201,283.02050499677097,1.6702300593798998,-0.9268774336526888,1.3894483344988358,0.9042593294492096,-4.21791586460857,-561.506098416833,454.3607812129323,681.1157633107915,86.92996590903219,20.025151562156818,0.19019973271122126,454.36078171546137,431.1000448468993,374.94011096232794,5.099781791016881,150.0,0.9999999999999889,426.00026305588244,23.989715156471256,4.934609333669637,599.6267492332595,-0.006776605378512102,2.3142948975873878e-05,False,True,RELEASE,RELEASED,
8.551999999993804,SLOWDOWN_3,0.22180019571394335,1270.8215109584605,40.357119371925364,-0.04964669657312387,283.2194513783564,1.6714376385452856,-0.926808461456696,1.3909456694343287,0.9051333662794988,-4.222306736135879,-561.9050762635436,454.6463351528661,682.329065070383,87.01933723509262,20.053314409764297,0.18608946581957753,454.64633558902517,431.3832587287351,375.21687545542164,4.753853799862895,150.0,0.9999999999999889,426.6294049288722,23.989699879617156,4.9419359341677005,599.626558218119,-0.0033050507376577443,2.3168958023234154e-05,False,True,RELEASE,RELEASED,
8.56199999999378,SLOWDOWN_3,0.22171901798652283,1270.3563968412946,40.343439672975464,-0.04961831641759087,283.40346368018527,1.6725812091015833,-0.9266923766936369,1.3923969046279914,0.9059939888881359,-4.226427420528789,-562.2476023625734,454.8847438654988,683.4847520605124,87.10143940712791,20.079380806481524,0.18203828346725004,454.8847442400732,431.6217102144232,375.47382597304033,4.40778903008561,150.0,0.9999999999999889,427.2139211843376,23.989686705142383,4.94825425064075,599.62647647666,-0.0006480294365323047,2.3193863171400153e-05,False,True,RELEASE,RELEASED,
8.571999999993757,SLOWDOWN_3,0.22163038969167317,1269.8485941172619,40.328357940227946,-0.04959112228947229,283.5727693732944,1.6736706463383482,-0.9265378255233301,1.3938081253490826,0.9068403810008847,-4.230312589887765,-562.5394966886499,455.08058302552894,684.586205588871,87.17748084328045,20.10337888250991,0.17805393733010533,455.08058334389824,431.81960450008376,375.71111894831944,4.065529041305979,150.0,0.9999999999999889,427.7540754587778,23.98967572505606,4.953520160029797,599.6264739567391,0.001142326309975239,2.32193187912344e-05,False,True,RELEASE,RELEASED,
8.581999999993734,SLOWDOWN_3,0.22153473889861247,1269.3005554423162,40.31195041527956,-0.0495651557138991,283.7276888907121,1.6747128377244167,-0.9263508770537613,1.3951835511575874,0.9076720982175788,-4.233987004183449,-562.7851232831392,455.2373272766643,685.6361305657667,87.24830467520417,20.12535036081618,0.17414097045480048,455.2373275443673,431.9801515503052,375.9290866796483,3.7296115145688873,150.0,0.9999999999999889,428.2505400357363,23.989666861106915,4.957771193493662,599.6265201539854,0.0020912180787719947,2.3243041482601257e-05,False,True,RELEASE,RELEASED,
8.59199999999371,SLOWDOWN_3,0.22143245312154247,1268.7145011092834,40.29428715047168,-0.04954042771332154,283.86859988741855,1.6757126799544422,-0.9261358802027343,1.3965261605717258,0.9084889408862545,-4.237468796309859,-562.987866355729,455.3577085668676,686.636773312812,87.31451044511496,20.145345500510835,0.17030184323380126,455.35770878938655,432.10588941581733,376.12817218414494,3.40164120192577,150.0,0.9999999999999889,428.70424821389156,23.9896598999826,4.961109654986203,599.6265865752061,0.0022847016166798184,2.3266463813342853e-05,False,True,RELEASE,RELEASED,
8.601999999993687,SLOWDOWN_3,0.2213238896768219,1268.0924783900944,40.275433268145676,-0.04951693500716397,283.99591363049484,1.6766737413927066,-0.9258960331055306,1.3978381061322014,0.9092908698322878,-4.240771658038068,-563.1504471529263,455.44395470315806,687.5900666258292,87.3765350426887,20.163419739704874,0.1665376673749961,455.44395488577504,432.1988994980934,376.308886097317,3.082603268390585,150.0,0.9999999999999889,429.1162962297028,23.989654532955996,4.96368360735439,599.6266485852741,0.001851718402504865,2.32901759318338e-05,False,True,RELEASE,RELEASED,
8.611999999993664,SLOWDOWN_3,0.2212093826380696,1267.4364013855895,40.25545035825762,-0.04949465650481768,284.11005943740264,1.6775987019822225,-0.9256337613631783,1.3991209900209105,0.9100779505430303,-4.2439062939905465,-563.27513476048,455.49794811264735,688.4977263332698,87.4347064956738,20.17963146838112,0.16284868377704242,455.4979482603373,432.26094982823247,376.4717782085035,2.7730716843806817,150.0,0.9999999999999889,429.4878781438518,23.989650395983542,4.965667641834224,599.6266866133074,0.0009462191129809838,2.3314068016588863e-05,False,True,RELEASE,RELEASED,
8.62199999999364,SLOWDOWN_3,0.22108924752880124,1266.7480779123475,40.234396717956066,-0.04947356925491499,284.21147445014253,1.6784896452261968,-0.9253509692182444,1.4003760469596793,0.9108503162334279,-4.246881388299891,-563.3638862899762,455.52133146924575,689.3613155315808,87.48927969508435,20.19404055228101,0.1592345733649836,455.52133158668096,432.2935904068294,376.61741870649155,2.473347760953061,150.0,0.9999999999999889,429.82024264587636,23.98964710699991,4.967244992173298,599.6266867454626,-0.0002693117178482751,2.3336961476161378e-05,False,True,RELEASE,RELEASED,
8.631999999993617,SLOWDOWN_3,0.22096378451111048,1266.029227772482,40.212328057066415,-0.04945364514071842,284.3005969444306,1.6793482518972587,-0.9250492063057149,1.4016042654984848,0.9116081434301578,-4.249704247011428,-563.4184400835504,455.51557796071444,690.182287297424,87.54046010802054,20.206707355739898,0.15569465907572066,455.5155780522096,432.2982166384176,376.7463858629946,2.1835522116695643,150.0,0.9999999999999889,430.11466442674805,23.989644297991216,4.968592152934938,599.626640772377,-0.0016379501562173715,2.335842395950749e-05,False,True,RELEASE,RELEASED,
8.641999999993594,SLOWDOWN_3,0.22083328057495466,1265.2814952973247,40.18929785536547,-0.049434851910791625,284.37786197905183,1.6801759285083004,-0.9247297783497723,1.402806468395377,0.9123516358492717,-4.252381224872899,-563.4403776864157,455.482038043529,690.9620130819366,87.58841950990609,20.21769209594417,0.15222803703682075,455.4820381130463,432.2761115486449,376.8592579813604,1.9036863175541043,150.0,0.9999999999999889,430.3724252310908,23.98964164028856,4.969866749171964,599.6265457879163,-0.0030194165741743717,2.338058470741089e-05,False,True,RELEASE,RELEASED,
8.65199999999357,SLOWDOWN_3,0.22069801106342743,1264.5064580865942,40.16535752082807,-0.04941715625700093,284.4436985932271,1.680973892507029,-0.92439382066958,1.4039833658552119,0.9130810137638014,-4.254918008861755,-563.4311650762489,455.4219705778295,691.7018015905002,87.63330641936246,20.227054417348665,0.14883366170897716,455.4219706290132,432.22847390485197,376.95660816900767,1.633672564605888,150.0,0.9999999999999889,430.5948013402461,23.989638862340012,4.971199013321484,599.6264034521782,-0.004297856709264636,2.340155288038659e-05,False,True,RELEASE,RELEASED,
8.661999999993547,SLOWDOWN_3,0.2205582407567819,1263.7056332193902,40.14055649149347,-0.04940052627919504,284.49852802720415,1.6817432287850946,-0.9240423470275196,1.4051355907756333,0.9137965070025071,-4.257319806600105,-563.3921801296332,455.3365635961777,692.4029113477493,87.67525301990989,20.23485311241147,0.14551040113406088,455.33656363233933,432.15643698063525,377.03900097786857,1.373381652187902,150.0,0.9999999999999889,430.78305532844735,23.98963575993915,4.9726868797669015,599.6262190366092,-0.005386329558085379,2.3423027641911176e-05,False,True,RELEASE,RELEASED,
8.671999999993524,SLOWDOWN_3,0.2204142246630437,1262.8804817840742,40.11494250433315,-0.0493849281953227,284.5427626186826,1.6824849271883224,-0.9236762821418291,1.4062637220751104,0.9144983503483035,-4.259591471679702,-563.3247309669568,455.22694820060264,693.0665590774323,87.7143797538794,20.241145939667998,0.1422570728085475,455.2269482247657,432.06108111815627,377.10699027966626,1.1226504581965173,150.0,0.9999999999999889,430.93843065995975,23.98963219947686,4.974394425354424,599.6260003642517,-0.0062282591994184955,2.3443948293788708e-05,False,True,RELEASE,RELEASED,
8.6819999999935,SLOWDOWN_3,0.2202662086132294,1262.0324122886186,40.08856158365749,-0.04937032945169664,284.5768051452625,1.683199907453179,-0.9232964833841893,1.4073683001335433,0.9151867805212001,-4.26173758717289,-563.2300682586388,455.09420790974127,693.6939253130936,87.75079837530262,20.24598950667118,0.13907246692394892,455.0942079246307,431.94344218360044,377.1611179568491,0.8812940064529471,150.0,0.9999999999999889,431.0621481771475,23.98962811521931,4.976353174852584,599.6257567455352,-0.006796291798257137,2.3464301989406522e-05,False,True,RELEASE,RELEASED,
8.691999999993477,SLOWDOWN_3,0.22011442972612008,1261.162783323563,40.0614581655078,-0.0493566976629269,284.6010484610019,1.6838890358279248,-0.9229037553222652,1.408449837017122,0.9158620342066313,-4.26376252145767,-563.1093935389553,454.939384997575,694.2861581799068,87.78461398357234,20.249439196275382,0.13595536153411558,454.9393850056532,431.804517307344,377.201913131863,0.6491134578410538,150.0,0.9999999999999889,431.15540384950293,23.989623501894226,4.978565656513247,599.6254979921268,-0.007089116683245855,2.3484223220293643e-05,False,True,RELEASE,RELEASED,
8.701999999993454,SLOWDOWN_3,0.21995911678556532,1260.2729057238073,40.033675129234595,-0.049344001564900035,284.6158753267174,1.6845531361984232,-0.9224988595308526,1.4095088232573145,0.9165243467728834,-4.265670465725705,-562.9638648835783,454.76348484569144,694.8443759716195,87.815926383538,20.25154912199839,0.13290453235003952,454.76348484916747,431.64526883135426,377.22989175142385,0.42590146532580775,150.0,0.9999999999999889,431.21936736602845,23.989618403997127,4.981010530666783,599.6252335704107,-0.007126864530058619,2.3504301680077333e-05,False,True,RELEASE,RELEASED,
8.71199999999343,SLOWDOWN_3,0.21980049055874756,1259.364044392133,40.005253871463864,-0.049332210579512335,284.6216583677407,1.6851929975843931,-0.9220825212757053,1.4105457323551442,0.9171739514423821,-4.267465459383548,-562.7946008490088,454.5674789859693,695.3696689359306,87.8448310008677,20.252372103000724,0.1299187591713462,454.5674789868241,431.46662707481454,377.24555640463694,0.21144578074625997,150.0,0.9999999999999889,431.2551812940683,23.989612903226575,4.983648615655448,599.6249719342477,-0.0069456932090821155,2.3524777361672022e-05,False,True,RELEASE,RELEASED,
8.721999999993407,SLOWDOWN_3,0.21963876407419142,1258.4374198920777,39.976234408299476,-0.04932129344563215,284.61876011537703,1.6858093792395228,-0.9216554341305726,1.4115610237852034,0.917811078761657,-4.269151407458409,-562.6026832678558,454.35230728139874,695.8631005418018,87.87141950397867,20.251959652403634,0.12699683007235762,454.3523072814011,431.26949232236933,377.24939629494804,0.005531701456618521,150.0,0.9999999999999889,431.2639606209127,23.989607105346877,4.986429188313622,599.6247200558075,-0.006592123419885354,2.3545006456515694e-05,False,True,RELEASE,RELEASED,
8.731999999993384,SLOWDOWN_3,0.21947414287191522,1257.4942098811982,39.94665526866539,-0.04931122219852955,284.6075331031748,1.6864030141700324,-0.921218263228015,1.4125551450109586,0.9184359562676777,-4.270732092727074,-562.3891592921132,454.11887954070363,696.3257084093001,87.89578023249516,20.250361974768687,0.12413754414615141,454.1188795414128,431.05473630174555,377.24188731308595,-0.1920562544286213,150.0,0.9999999999999889,431.24679255617417,23.989601127586546,4.989296027507761,599.6244831546178,-0.006117603515711778,2.3564813545817742e-05,False,True,RELEASE,RELEASED,
8.74199999999336,SLOWDOWN_3,0.21930682523391262,1256.5355504316335,39.91655374282217,-0.049301966737367184,284.58831999893124,1.6869746116093678,-0.920771647606382,1.4135285328491978,0.9190488082832032,-4.272211184365148,-562.1550429431605,453.86807676170525,696.7585050211243,87.91799849820431,20.247627969953527,0.12133971329421911,453.86807676449826,430.8232033269039,377.2234921761064,-0.3815331868398175,150.0,0.9999999999999889,431.20473651374374,23.989595087439856,4.992192784761722,599.6242646098071,-0.005573678598555176,2.358432527671539e-05,False,True,RELEASE,RELEASED,
8.751999999993338,SLOWDOWN_3,0.2191370024003602,1255.5625372688828,39.88596566293492,-0.049293501611810606,284.5614537598244,1.6875248588033576,-0.9203162019579049,1.4144816144061645,0.9196498557968164,-4.27359224430198,-561.9013163386581,453.6007521317136,697.1624782940245,87.93815680200129,20.243805241476174,0.11860216346553898,453.60075213780135,430.57571122238767,377.1946606094841,-0.5631129967102879,150.0,0.9999999999999889,431.13882421909796,23.989589093474816,4.995067392594002,599.6240660291589,-0.005008024785193577,2.3604574494129338e-05,False,True,RELEASE,RELEASED,
8.761999999993314,SLOWDOWN_3,0.21896485877510743,1254.5762269491763,39.85492574407669,-0.04928579803433186,284.52725780232703,1.6880544223393257,-0.9198525179787952,1.4154148077321445,0.9202393163984854,-4.274878732062829,-561.6289307081086,453.3177318691294,697.5385920614576,87.95633499544509,20.23894010812797,0.11592373540565859,453.31773187956003,430.3130521048887,377.15582955701524,-0.7370078006833296,150.0,0.9999999999999889,431.050059905572,23.989583238488574,4.997875347077443,599.6238874413748,-0.004461496090868877,2.362359600738273e-05,False,True,RELEASE,RELEASED,
8.771999999993291,SLOWDOWN_3,0.2187905721228042,1253.5776379889326,39.82346736680336,-0.04927883053021857,284.4860461813701,1.6885639491730147,-0.9193811654537922,1.416328522291207,0.9208174042515274,-4.276074008613693,-561.3388072704256,453.01981596143554,697.8877865010408,87.97261040579974,20.233077617977163,0.1133032852130782,453.01981597711216,430.03599307187363,377.1074234084329,-0.9034275031127663,150.0,0.9999999999999889,430.9394205749864,23.989577595109807,5.000581816818401,599.6237275745721,-0.003966227155129509,2.36432024394162e-05,False,True,RELEASE,RELEASED,
8.781999999993268,SLOWDOWN_3,0.2186143137592134,1252.567751955169,39.79162278141985,-0.04927257246721961,284.4381237750649,1.6890540674540797,-0.9189026931619568,1.4172231593093843,0.9213843300883849,-4.277181339545807,-561.0318380211118,452.7077788353748,698.2109785284131,87.9870579368872,20.226261564169793,0.11073968468008388,452.70777885707287,429.7452768293737,377.0498542380376,-1.0625794764561078,150.0,0.9999999999999889,430.80785630582983,23.989572213742612,5.003162629022322,599.6235841841017,-0.0035447463420643643,2.3663840352128318e-05,False,True,RELEASE,RELEASED,
8.791999999993244,SLOWDOWN_3,0.21843624873573766,1251.547514522763,39.75942297722082,-0.049267000378590615,284.38378647251983,1.6895253872168319,-0.9184176296611278,1.4180991120432385,0.9219403012219967,-4.278203897823059,-560.708886460248,452.3823699826917,698.509062171614,87.99975015390523,20.21853450211194,0.108231821537629,452.3823700110604,429.44162228017785,376.983522049869,-1.2146683171630457,150.0,0.9999999999999889,430.6562905973409,23.989567122585967,5.00560426011272,599.623454395684,-0.003209984581919123,2.3684050347583252e-05,False,True,RELEASE,RELEASED,
8.801999999993221,SLOWDOWN_3,0.21825653601885134,1250.5178365025215,39.726897914530404,-0.049262088701146324,284.3233213630883,1.6899785009795953,-0.9179264839886238,1.418956765995893,0.9224855215673435,-4.279144766237026,-560.3707882812544,452.0443145564171,698.7829089347347,88.01075735749993,20.209937767734502,0.10577859960267233,452.0443145919963,429.12572508572754,376.9088150264294,-1.359895655562127,150.0,0.9999999999999889,430.48562074128967,23.989562329352275,5.007903011536334,599.623335034827,-0.002966017441439206,2.3705317630628997e-05,False,True,RELEASE,RELEASED,
8.811999999993198,SLOWDOWN_3,0.218075328664894,1249.479594842673,39.694076354964714,-0.04925781508655326,284.2570069259171,1.6904139842815251,-0.9174297463028699,1.419796499098794,0.9230201916696396,-4.280006939665142,-560.0183520333019,451.6943139472313,699.0333681565569,88.02014765058618,20.200511496620223,0.1033789388641253,451.69431399045425,428.79825821039225,376.8261097789343,-1.498460005134632,150.0,0.9999999999999889,430.2967182155269,23.989557824246205,5.010063581132365,599.6232229197703,-0.002809351120765413,2.3724799461888324e-05,False,True,RELEASE,RELEASED,
8.821999999993174,SLOWDOWN_4,0.21789601701680422,1248.4522147773648,39.63475542030598,-0.049964188869236904,284.1721434116347,1.686374654446375,-0.9159605874228983,1.4159363253504829,0.9233352431670295,-4.271518987654937,-558.4481844129974,450.8363419902639,696.924695426245,87.60032790469616,20.188451772790668,-0.17693725475453448,450.83634207408204,428.0039998136792,376.735620724659,-2.0860848008437074,149.76,0.9999999999999889,430.0900846145229,23.989553656117494,5.012062541593554,599.6232033438196,0.007199529348924649,2.3732485146865656e-05,False,True,RELEASE,RELEASED,
8.831999999993151,SLOWDOWN_4,0.21775251735224868,1247.6300222633072,39.612145435947994,-0.049871622733065314,283.9856646169665,1.679836736642551,-0.9114987099553328,1.4110356351005668,0.9231855164971442,-4.249464539564032,-555.1989605335093,448.3457976169314,694.0568213377708,86.86033963358229,20.16196442698505,-0.16914114398900892,448.34579792345033,425.70464889096786,376.559559784351,-3.983539184737083,149.15999999999997,0.9999999999999889,429.68818807570494,23.98955141375493,5.013137938543089,599.6236785784754,0.018557972046033377,2.3725637220195495e-05,False,True,RELEASE,RELEASED,
8.841999999993128,SLOWDOWN_4,0.21764469408854464,1247.0122404689503,39.59243804382838,-0.049874085457532774,283.7590773175368,1.6753025515237854,-0.9085078459657124,1.407569583701227,0.9228270093540916,-4.233450687448895,-552.8328478852521,446.51810497779843,691.7995325297176,86.35508824312913,20.129803490024962,-0.17014882570026657,446.5181054796055,424.0073132759273,376.30087583079035,-5.090714454431236,148.55999999999995,0.9999999999999889,429.0980277303585,23.989552858427196,5.012445099605548,599.6244713430574,0.025261489924353064,2.3725788310002827e-05,False,True,RELEASE,RELEASED,
8.851999999993104,SLOWDOWN_4,0.21756316545378018,1246.5451158008038,39.57699400099612,-0.04989034434957278,283.5117520937944,1.6719688570995146,-0.9064944375080215,1.4049013110811994,0.9223391195447788,-4.221461181427983,-551.060674483036,445.1402206877083,689.8862847722681,85.99476748055417,20.09472839382329,-0.16904207905042767,445.14022131430926,422.71939938206043,375.9954442534612,-5.68234031295799,147.95999999999992,0.9999999999999889,428.4017396950184,23.989558537873517,5.0097213380857974,599.6254395539502,0.02843843386896605,2.3733048124086054e-05,False,True,RELEASE,RELEASED,
8.861999999993081,SLOWDOWN_4,0.21750166445678418,1246.1927410444318,39.56494012084456,-0.04991333003255116,283.2562456636219,1.6694022351342277,-0.9051299003090583,1.4027272315876917,0.9217715799398991,-4.212140320414299,-549.6885183693854,444.0695901281812,688.1979112391396,85.72768894812329,20.058525176862528,-0.16728588378248332,444.0695908145148,421.71187537463453,375.6667029073994,-5.94106908995542,147.3599999999999,0.9999999999999889,427.65294446458995,23.989568265648934,5.005056066880061,599.6264706309314,0.028817695513815522,2.374492260059924e-05,False,True,RELEASE,RELEASED,
8.871999999993058,SLOWDOWN_4,0.2174560427361905,1245.931347840018,39.555642889910985,-0.049939828903487644,283.00042987951434,1.6673333053936745,-0.9041926403177322,1.4008697371526893,0.9211555724766113,-4.204584251091394,-548.5873515559463,443.20912201699775,686.6658923981619,85.52118594811407,20.022310827997483,-0.16526723716413017,443.209122715785,420.8967365330543,375.3296420219127,-5.989142801174694,146.75999999999988,0.9999999999999889,426.885879334229,23.989581386922723,4.99876332712371,599.6274765603066,0.0270599790586461,2.3757635744914296e-05,False,True,RELEASE,RELEASED,
8.881999999993035,SLOWDOWN_4,0.21742354440054953,1245.745146092675,39.54866647747205,-0.04996810010630326,282.7491947802691,1.6655916414400127,-0.9035381525708025,1.3992191832889433,0.920510884517472,-4.198205962167852,-547.6732922508322,442.4951346281228,685.2479655917747,85.35449865260743,19.98677678722264,-0.16311781712045104,442.49513530877005,420.21621235354667,374.9937035479954,-5.905841284757173,146.15999999999985,0.9999999999999889,426.12205363830384,23.989596982586704,4.991283902956121,599.6283923662816,0.02379477049766887,2.3772424583512475e-05,False,True,RELEASE,RELEASED,
8.891999999993011,SLOWDOWN_4,0.21740231382345354,1245.623503846252,39.54371212928776,-0.04999711017999432,282.5055307638318,1.664068615798883,-0.903073208295498,1.3977063849556122,0.9198501288569617,-4.192627373652999,-546.8921352190266,441.8863030690356,683.9172079855629,85.21438767267296,19.952343728038585,-0.16089925071810285,441.8863037134858,419.6327867505552,374.6647524890946,-5.741991303120415,145.55999999999983,0.9999999999999889,425.37477805367564,23.989614029992335,4.983108236219518,599.6291748416211,0.019610058688291687,2.3787350528436946e-05,False,True,RELEASE,RELEASED,
8.901999999992988,SLOWDOWN_4,0.21739107476487265,1245.5591087840137,39.54057172201135,-0.050026217409361064,282.2712178759307,1.6626946962677165,-0.9027377997296119,1.3962872619687305,0.9191813551338797,-4.187605284250359,-546.2088080605473,441.35581422691456,682.6561395628501,85.0923823058844,19.91926011029029,-0.15864858254133196,441.35581482555585,419.12209772810604,374.3463637470915,-5.530023637555189,144.9599999999998,0.9999999999999889,424.65212136566123,23.989631526775845,4.974717042854659,599.6298006846534,0.01503175011709601,2.3802380724191607e-05,False,True,RELEASE,RELEASED,
8.911999999992965,SLOWDOWN_4,0.21738892407149443,1245.5467862186538,39.53909602568492,-0.05005501846369678,282.0472652852383,1.6614252110940495,-0.9024932451634675,1.3949335735056423,0.9185096976027519,-4.182982905232885,-545.6004919068184,440.8861748588755,681.4532194019125,84.98304288923791,19.887664963720404,-0.15639080501546232,440.8861754075714,418.668233619833,374.0406502361928,-5.29057858959834,144.3599999999998,0.9999999999999889,423.95881220943136,23.989648580995375,4.966538084711498,599.6302639222336,0.010504520370432147,2.3819661464585806e-05,False,True,RELEASE,RELEASED,
8.921999999992941,SLOWDOWN_4,0.2173951996776621,1245.5827427933832,39.53917402824824,-0.05008325996178976,281.8341917787274,1.6602313385276906,-0.9023145145503467,1.393627143199076,0.9178384231587858,-4.178658682121975,-545.0522031508219,440.46585843885396,680.3006779501579,84.88286013877803,19.85762791389213,-0.15414334070294444,440.465858936832,418.26069375986737,373.74879316830874,-5.03676198184678,143.75999999999976,0.9999999999999889,423.29745574171415,23.989664470384046,4.95891775220982,599.6305727569468,0.006378516292929071,2.3837007006477506e-05,False,True,RELEASE,RELEASED,
8.931999999992918,SLOWDOWN_4,0.21740939623938707,1245.664083100427,39.5407196022339,-0.050110785060212305,281.6322049947011,1.65909438156529,-0.9021853153470079,1.3923562129404,0.9171696004273125,-4.174566365988429,-544.5539719144779,440.0871589297998,679.1931541642425,84.78955658270317,19.82917472254434,-0.15191832056927979,440.0871593782714,417.8924426874045,373.4713811689182,-4.776868076891901,143.15999999999974,0.9999999999999889,422.6693107642964,23.989678674008843,4.952105880350744,599.630746075919,0.0029034245303733996,2.3854205551288032e-05,False,True,RELEASE,RELEASED,
8.941999999992895,SLOWDOWN_4,0.21743111117930383,1245.788500541388,39.543662978353225,-0.05013749925270433,281.44131608641936,1.658002122807863,-0.902094953344083,1.3911131278176183,0.9165045279290535,-4.170662301835909,-544.0990431850889,439.7448212164751,678.1268328975102,84.70164243587362,19.802303600113955,-0.149724067372631,439.7448216177873,417.55866836869086,373.2086271654837,-4.516117663865089,142.55999999999972,0.9999999999999889,422.07478603255595,23.989690880312235,4.946251891152596,599.6308098838449,0.0002299012474527018,2.3871597477409523e-05,False,True,RELEASE,RELEASED,
8.951999999992871,SLOWDOWN_4,0.2174600101261691,1245.9540793101635,39.5479452688625,-0.05016334884967021,281.2614131599219,1.6569465000729597,-0.9020363278216991,1.3898928618400685,0.9158440085872079,-4.16691732180692,-543.6827297970254,439.43516756443995,677.0988970191861,84.61813276050523,19.776995633179084,-0.14756616109877996,439.43516792154065,417.25599014828174,372.96050719830583,-4.257767214191006,141.9599999999997,0.9999999999999889,421.51375736247275,23.989700976084993,4.941410081331758,599.6307939060855,-0.0015825523469024105,2.3887901193120342e-05,False,True,RELEASE,RELEASED,
8.961999999992848,SLOWDOWN_4,0.2174958047270527,1246.159167266162,39.55351497007783,-0.05018830665987541,281.09230835209564,1.655922121944209,-0.9020046501633477,1.388692077109936,0.9151885260278431,-4.163311571155829,-543.3016802987922,439.1555400409189,676.1071785642332,84.53836702539999,19.75322145367741,-0.1454482212042194,439.1555403570122,416.9819531951137,372.72684933592683,-4.003817156053401,141.35999999999967,0.9999999999999889,420.9857703511671,23.989709021230738,4.937551724365389,599.6307285653602,-0.002552711842080946,2.3904798126750393e-05,False,True,RELEASE,RELEASED,
8.971999999992825,SLOWDOWN_4,0.2175382383607185,1246.4022940780073,39.560325770819354,-0.05021236115753773,280.933768028249,1.6549253182080217,-0.9019966238168826,1.3875085223049501,0.9145383580015733,-4.159831201816155,-542.9534109126222,438.9039441053911,675.1499360857,84.46189378155513,19.730945504637507,-0.14337247896230565,438.9039443837441,416.7347053572472,372.50739067227875,-3.7554646593230245,140.75999999999965,0.9999999999999889,420.49017001657023,23.989715214185484,4.9345816545832,599.6306424797463,-0.002761435476769769,2.3920524427012424e-05,False,True,RELEASE,RELEASED,
8.981999999992802,SLOWDOWN_4,0.21758707690392015,1246.6821183183097,39.568334922750175,-0.05023551513453449,280.78553215240146,1.653953531396951,-0.9020099186732414,1.3863406474007518,0.9138936494764418,-4.156466256091626,-542.6360057476546,438.67882035788176,674.2257121856028,84.38839681541624,19.710128766526825,-0.14134019217226523,438.6788206017222,416.5127902169536,372.3018138786619,-3.5133934719563626,140.15999999999963,0.9999999999999889,420.02618368890995,23.989719852560885,4.932357142147981,599.6305605690168,-0.002333865043470773,2.3936785737532773e-05,False,True,RELEASE,RELEASED,
8.991999999992778,SLOWDOWN_4,0.2176421027346019,1246.9973931045363,39.57750248858678,-0.05025777667850636,280.6473267018111,1.6530049261937045,-0.9020428335591748,1.3851873564414268,0.9132544598201406,-4.153209309632878,-542.3479243472543,438.4788980253551,673.3332420751916,84.31764776832341,19.69073049621828,-0.13935194264263373,438.4788982377762,416.3150142520405,372.10977064045363,-3.2779597058063246,139.5599999999996,0.9999999999999889,419.5929739578468,23.989723293036377,4.930707128418432,599.6305027978326,-0.0014215937573025528,2.395442527358682e-05,False,True,RELEASE,RELEASED,
9.001999999992755,SLOWDOWN_4,0.21770311081266144,1247.3469436434377,39.58779068139153,-0.05027915776884581,280.5188716060235,1.6520781382054304,-0.9020940790983444,1.3840478485919594,0.9126207933058398,-4.150054599523017,-542.0878778151327,438.3031006573047,672.4713946712357,84.24947567372678,19.672709331779174,-0.13740784767765035,438.30310084126694,416.1403613274789,371.93089666787085,-3.0493110851419374,138.95999999999958,0.9999999999999889,419.18967241262084,23.989725913802022,4.929450238085016,599.6304835327699,-0.00018612111750737625,2.3971624500518374e-05,False,True,RELEASE,RELEASED,
9.011999999992732,SLOWDOWN_4,0.21776990609701524,1247.7296524319227,39.59916335977752,-0.050299675185639915,280.39988580212906,1.6511721120477345,-0.9021626377164599,1.3829215157457981,0.9119926188659053,-4.1469974627934825,-541.8547488342582,438.1504852257343,671.6391344767329,84.18374732830524,19.656023989461755,-0.13550770924371136,438.1504853840048,415.98793746686135,371.76482128541306,-2.827463579725247,138.35999999999956,0.9999999999999889,418.8154010465866,23.989728082027927,4.928410380619338,599.6305114488337,0.0012154035229112736,2.3988195948732027e-05,False,True,RELEASE,RELEASED,
9.021999999992708,SLOWDOWN_4,0.21784230182424305,1248.1444493944161,39.61158590635252,-0.05031934541004308,280.29009042946694,1.6502859967595722,-0.9022476731731512,1.3818078764265203,0.9113698829008752,-4.1440339739314345,-541.6475398314533,438.0202026378875,670.8354967658834,84.12035461383206,19.640633698239697,-0.13365111850555422,438.0202027730741,415.85693503208853,371.6111735283234,-2.612350698505793,137.75999999999954,0.9999999999999889,418.4692857305943,23.98973012798189,4.92742916326674,599.6305898916371,0.0026414914242902654,2.4005414729799668e-05,False,True,RELEASE,RELEASED,
9.031999999992685,SLOWDOWN_4,0.21792011834425576,1248.5903052117285,39.62502490405738,-0.050338187576238515,280.18921082270737,1.6494190780873892,-0.9023484719470394,1.3807065330233994,0.9107525175948742,-4.141160710173852,-541.4653392262009,437.91147200258365,670.0595713042305,84.05920628689299,19.626498465362896,-0.13183752863938025,437.91147211711314,415.74660936799734,371.4695859857498,-2.403855215102169,137.1599999999995,0.9999999999999889,418.1504645830995,23.98973232660102,4.926374729171266,599.6307175840739,0.003974358504021502,2.4022549496294232e-05,False,True,RELEASE,RELEASED,
9.041999999992662,SLOWDOWN_4,0.2180031823172271,1249.066226719813,39.63944807751464,-0.05035622113714719,280.09697772838643,1.6485707345231968,-0.9024644051447739,1.3796171440559302,0.9101404463183593,-4.138374599014935,-541.3072993236207,437.823563749781,669.3104915577957,84.00022264597055,19.61357923314406,-0.130066305274795,437.82356384592777,415.65626347037835,371.33969718893525,-2.201829585284031,136.5599999999995,0.9999999999999889,417.8580930556624,23.989734886597585,4.92514698209584,599.6308895604507,0.00512468575646885,2.403935468464624e-05,False,True,RELEASE,RELEASED,
9.051999999992638,SLOWDOWN_4,0.21809132614574078,1249.571253656209,39.65482429775855,-0.05037346298941971,280.0131280195733,1.6477404086758876,-0.9025949036600222,1.3785394061361964,0.9095335871396233,-4.135672818712632,-541.1726217227591,437.75578846289307,668.5874274420055,83.94333205529111,19.60183796582649,-0.12833676125194415,437.7557885427361,415.5852378310396,371.22115305942157,-2.0061090743087107,135.95999999999947,0.9999999999999889,417.5913469053483,23.989737946582547,4.92367944556973,599.6310982149944,0.006033330310007301,2.4058420990513696e-05,False,True,RELEASE,RELEASED,
9.061999999992615,SLOWDOWN_4,0.21818438756080555,1250.1044562880816,39.671123268798695,-0.05038993377103556,279.93740508645664,1.6469275885593742,-0.9027394419026004,1.377473042201326,0.9089318551061933,-4.13305273302832,-541.0605475873786,437.7074894069366,667.8895803610293,83.88846866924465,19.59123769163473,-0.12664818043742798,437.7074894724279,415.5329036323963,371.11360775003897,-1.8165201774468187,135.35999999999945,0.9999999999999889,417.34942380984313,23.989741577242206,4.921938218991522,599.6313343634888,0.0066704105988373286,2.4076144427453983e-05,False,True,RELEASE,RELEASED,
9.071999999992592,SLOWDOWN_4,0.2182822093091495,1250.6649336205514,39.688315698576574,-0.050405651812032506,279.8695590181013,1.6461317953072137,-0.9028975270827916,1.3764177938072182,0.9083351637248425,-4.130511848129311,-540.9703510723705,437.67803745528363,667.2161797346849,83.8355709347534,19.581742516246628,-0.12499983391330716,437.6780375082171,415.49865811587506,371.0167240940559,-1.6328859977106163,134.75999999999942,0.9999999999999889,417.1315441135857,23.989745788312085,4.91991863305153,599.6315882342237,0.007032312414529507,2.4094748141578748e-05,False,True,RELEASE,RELEASED,
9.081999999992568,SLOWDOWN_4,0.21838463890770235,1251.2518119899812,39.70637319209773,-0.050420634773565336,279.8093466502043,1.6453525750610107,-0.9030686921039036,1.3753734160589417,0.9077434259187084,-4.1280477838717164,-540.9013348047393,437.6668275785544,666.5664804966327,83.78458059888456,19.573317618203557,-0.12339099090331729,437.6668276205981,415.4819213666734,370.93017380210193,-1.4550296541024181,134.1599999999994,0.9999999999999889,416.93695102077584,23.98975053895022,4.917640274859293,599.6318503250111,0.007137222172140412,2.411428567938856e-05,False,True,RELEASE,RELEASED,
9.091999999992545,SLOWDOWN_4,0.21849152844312236,1251.8642439153493,39.72526813721205,-0.050434901694793255,279.75653152748345,1.644589493575144,-0.903252490804176,1.3743396742558953,0.9071565546427668,-4.125658254439282,-540.8528267078536,437.6732763554707,665.9397612303899,83.73544204537015,19.565929233071962,-0.12182092605951311,437.67327638815925,415.4821340252021,370.85363749749655,-1.2827764145648075,133.55999999999938,0.9999999999999889,416.7649104397669,23.98975575010313,4.915141057378866,599.6321120847815,0.007019796465628225,2.4132068460858136e-05,False,True,RELEASE,RELEASED,
9.101999999992522,SLOWDOWN_4,0.2186027344019343,1252.5014071250123,39.74497384869903,-0.050448468354789826,279.7108838123475,1.6438421325941606,-0.9034484947322089,1.373316341655419,0.9065744632758419,-4.123341055087765,-540.8241777083654,437.69682015595026,665.3353227279996,83.68810184586795,19.559544630771143,-0.12028892422472381,437.69682018068863,415.49875560862563,370.7868046488798,-1.1159550026624174,132.95999999999935,0.9999999999999889,416.61471061128805,23.989761317558983,4.912470959326292,599.6323663992262,0.006725532700293968,2.4150859076144116e-05,False,True,RELEASE,RELEASED,
9.111999999992499,SLOWDOWN_4,0.21871811752185263,1253.1625037048495,39.76546432721249,-0.050461352924342597,279.67218016045217,1.6431100873898388,-0.9036562909262277,1.372303197967452,0.9059970658663177,-4.121094052886836,-540.8147600267465,437.73691376948136,664.7524868316358,83.6425084518252,19.554132088925112,-0.1187942834851583,437.7369137875752,415.5312632368167,370.7293734384707,-0.9543983694849771,132.35999999999933,0.9999999999999889,416.4856616063017,23.989767124565024,4.909685973994988,599.6326078786799,0.0063053262317147585,2.4168480194930453e-05,False,True,RELEASE,RELEASED,
9.121999999992475,SLOWDOWN_4,0.21883754265809524,1253.8467593322973,39.786714382845204,-0.05047357204654984,279.64020357655517,1.642392965059271,-0.9038754803528236,1.3713000283282781,0.9054242772820816,-4.118915180091618,-540.8239658570253,437.79302933121767,664.1905954672864,83.59861197875226,19.549660864084306,-0.11733631702873026,437.7930293438745,415.57915062908205,370.68105059088776,-0.7979441198961013,131.7599999999993,0.9999999999999889,416.37709474897815,23.989773053122583,4.906842692310771,599.6328329619027,0.0058105973098401265,2.418780127300124e-05,False,True,RELEASE,RELEASED,
9.131999999992452,SLOWDOWN_4,0.21896087866060898,1254.5534225729023,39.808699615201355,-0.05048514076877667,279.61474325939525,1.6416903833247345,-0.9041056767805347,1.370306622590041,0.9048560132977854,-4.116802429252622,-540.8512063087701,437.86465544942973,663.649009811613,83.55636405153203,19.546101162004387,-0.1159143541992762,437.8646554577319,415.64192728432977,370.64155117876317,-0.6464347162707895,131.1599999999993,0.9999999999999889,416.28836200060056,23.9897789933341,4.903993820087382,599.6330398610976,0.005289258143051256,2.4207381557062035e-05,False,True,RELEASE,RELEASED,
9.141999999992429,SLOWDOWN_4,0.2190879982594999,1255.281764223887,39.83139627858766,-0.05049607554488723,279.5955944412652,1.6410019696652671,-0.9043465059418053,1.3693227748183165,0.9042921906411815,-4.114753849483369,-540.8959105283298,437.95129647135127,663.1271095528737,83.51571769022581,19.543424107741114,-0.11452774099063845,437.9512964763127,415.71911778777707,370.610598415701,-0.49971753962444154,130.55999999999926,0.9999999999999889,416.2188353274015,23.989784850438728,4.901184803799456,599.6332283810257,0.004782677192404883,2.422430725346203e-05,False,True,RELEASE,RELEASED,
9.151999999992405,SLOWDOWN_4,0.21921877795685227,1256.0310766943157,39.854781390023035,-0.05050639085823853,279.58255822592906,1.6403273606693693,-0.9045976048871744,1.3683482829283369,0.9037327270128311,-4.112767543505407,-540.9575249447163,438.0524718458881,662.6242922206228,83.47662722297098,19.54160171603876,-0.11317584018456728,438.05247184843154,415.8102612063139,370.5879234434192,-0.35764486066796053,129.95999999999924,0.9999999999999889,416.16790606698186,23.989790549415744,4.898451622817905,599.6333996488372,0.0043236929914236555,2.4244436190201668e-05,False,True,RELEASE,RELEASED,
9.161999999992382,SLOWDOWN_4,0.2193530979237186,1256.8006734148935,39.87883262265884,-0.05051610153435067,279.5754414272453,1.6396662015360373,-0.9048586214690445,1.3673829484137783,0.9031775410886143,-4.110841665222431,-541.035512604263,438.1677155559946,662.1399725671757,83.43904821717814,19.540606862309776,-0.11185803122089055,438.16771555695567,415.91491054808455,370.57326511748994,-0.22007375444871968,129.35999999999922,0.9999999999999889,416.13498430253327,23.989796037242844,4.895819706315621,599.6335557914306,0.0039356399744852055,2.4264404032692255e-05,False,True,RELEASE,RELEASED,
9.171999999992359,SLOWDOWN_4,0.2194908419014358,1257.5898882725476,39.90352834025733,-0.05052522135309301,279.5740564099774,1.6390181456761892,-0.9051292139132934,1.3664265761381096,0.9026265525112587,-4.108974417658834,-541.1293525700396,438.29657560235967,661.6735819895458,83.40293742320581,19.54041325438231,-0.11057370990852178,438.29657560250797,416.03263226950776,370.5663697945073,-0.08686598103167853,128.7599999999992,0.9999999999999889,416.11949825053944,23.98980128306037,4.893303854477587,599.6336995945255,0.003632278047442483,2.428447430702363e-05,False,True,RELEASE,RELEASED,
9.181999999992335,SLOWDOWN_4,0.21963189710668707,1258.3980750664725,39.92884751462984,-0.05053376476359883,279.57822093372295,1.6383828543830625,-0.9054090504517668,1.3654789741685596,0.9020796818750061,-4.107164051155522,-541.2385393702041,438.4386135264053,661.2245679841637,83.3682527267109,19.5409954051164,-0.10932228802937516,438.43861352644325,416.16300581886446,370.5669911224651,0.04211215354439446,128.15999999999917,0.9999999999999889,416.12089366532007,23.989806276607347,4.890908988540841,599.633834172849,0.003418468014436904,2.430556719446031e-05,False,True,RELEASE,RELEASED,
9.191999999992312,SLOWDOWN_4,0.2197761541398909,1259.2246069832383,39.95476984017593,-0.05054174342662476,279.58775800051666,1.6377599965508007,-0.9056978089973958,1.3645399536398326,0.9015368507061436,-4.105408861751175,-541.3625824845002,438.593403964264,660.7923936292241,83.33495310713931,19.542328605938867,-0.10810319284269099,438.5934039648211,416.3056232088739,370.5748898354506,0.16698994658651145,127.55999999999915,0.9999999999999889,416.1386332622874,23.989811025361455,4.888631522418188,599.6339626747003,0.00329140636681835,2.4325701247107645e-05,False,True,RELEASE,RELEASED,
9.201999999992289,SLOWDOWN_4,0.21992350689660903,1260.0688760891949,39.9812755322875,-0.050549171091858434,279.6024957064217,1.6371492484273589,-0.9059951768499916,1.3636093286388218,0.9009979814411916,-4.103707189700939,-541.5010058615151,438.76053422612733,660.3765370909498,83.30299860066202,19.54438890131489,-0.10691586659027053,438.7605342277775,416.4600886131618,370.5898335533091,0.2878924523501496,126.95999999999913,0.9999999999999889,416.17219616081167,23.989815550836212,4.886461138522994,599.6340880372861,0.0032422238075850984,2.434713223919971e-05,False,True,RELEASE,RELEASED,
9.211999999992265,SLOWDOWN_4,0.22007385248174643,1260.9302928388747,40.008345430668,-0.050556060463259576,279.62226709726895,1.6365502933924365,-0.9063008504247951,1.3626869161044157,0.9004629974039607,-4.102057418101141,-541.6533474617064,438.93960389707536,659.9764911510836,83.2723502664314,19.54715306415411,-0.10575976595180236,438.93960390033186,416.6260179830152,370.61159658664565,0.40494063604222674,126.3599999999991,0.9999999999999889,416.22107734697295,23.989819884471242,4.884382758759508,599.634212802391,0.0032577593919338454,2.4369370066779084e-05,False,True,RELEASE,RELEASED,
9.221999999992242,SLOWDOWN_4,0.22022709112635844,1261.808285598332,40.035961012044666,-0.05056242246707645,279.6469100285925,1.635962821754369,-0.9066145349982355,1.3617725357387884,0.8999318227822669,-4.100457971597988,-541.8191588225478,439.13022445650824,659.5917627537776,83.24297015539294,19.550598572134934,-0.10463436148836536,439.1302244618475,416.8030386818302,370.6399597473326,0.5182515257610021,125.75999999999908,0.9999999999999889,416.28478715606917,23.98982406350389,4.882378524461841,599.6343389956062,0.0033223426963218117,2.4390128487539187e-05,False,True,RELEASE,RELEASED,
9.231999999992219,SLOWDOWN_4,0.2203831261069218,1262.7023001826008,40.06410426968136,-0.05056826902792283,279.67626702975036,1.6353865305618756,-0.9069359444674625,1.3608660099275456,0.8994043826048314,-4.09890731516581,-541.9980046432626,439.33201891424477,659.221872570396,83.21482128115154,19.554703584924056,-0.10353913705716877,439.33201892208,416.9907891354112,370.67471016457205,0.6279383609021352,125.15999999999906,0.9999999999999889,416.36285077450907,23.989828127141667,4.880429632051469,599.6344680668542,0.0034194461142291743,2.4412026391473773e-05,False,True,RELEASE,RELEASED,
9.241999999992196,SLOWDOWN_4,0.2205418636669417,1263.6117994065353,40.09275781308148,-0.05057361007498764,279.71018517217954,1.634821123427646,-0.9072648011210798,1.3599671636668138,0.8988806027187108,-4.097403952944456,-542.1894623871984,439.54462146172284,658.8663545810009,83.18786759250901,19.559446922263742,-0.10247358929655093,439.544621472424,417.1889184967609,370.7156411064851,0.7341107361827994,124.55999999999904,0.9999999999999889,416.4548077605781,23.98983211327436,4.878517909898258,599.6346008857199,0.0035331042194606255,2.4434585839117062e-05,False,True,RELEASE,RELEASED,
9.251999999992172,SLOWDOWN_4,0.22070321294079165,1264.5362626484455,40.12190468538198,-0.05057845796402492,279.74851594169326,1.6342663103618922,-0.9076008354192252,1.359075824496263,0.8983604097675008,-4.095946427128276,-542.39312190034,439.76767713704487,658.5247556716555,83.16207394743401,19.564808042894963,-0.10143722703537605,439.76767715094286,417.3970863241002,370.76255180713855,0.8368747406468628,123.95999999999901,0.9999999999999889,416.56021158345334,23.989836055879984,4.876627062406895,599.6347377820109,0.0036490336185561745,2.445710742904339e-05,False,True,RELEASE,RELEASED,
9.261999999992149,SLOWDOWN_4,0.2208670858796883,1265.475185425964,40.1515286394842,-0.05058281988756072,279.79111511472945,1.633721807614628,-0.907943785782063,1.3581918224372225,0.8978437311704424,-4.094533316902091,-542.6085850448756,440.00084150305827,658.1966352467501,83.13740608829937,19.570767024285946,-0.10042957076939274,440.00084152045287,417.6149622713915,370.81524729889765,0.9363330915700203,123.35999999999899,0.9999999999999889,416.6786291798215,23.98983998319787,4.874743546193228,599.6348786202896,0.003755421672400061,2.447988038056792e-05,False,True,RELEASE,RELEASED,
9.271999999992126,SLOWDOWN_4,0.22103339717971818,1266.4280789836685,40.18161371263507,-0.05058670867121935,279.83784263843927,1.633187337525501,-0.9082933983856146,1.3573149899351828,0.8973304951025549,-4.09316323742009,-542.8354653468575,440.24378033759143,657.8815648556063,83.11383061823756,19.577304543133977,-0.09945015210553265,440.2437803587371,417.84222579052465,370.8735382499708,1.0325852630971895,122.75999999999897,0.9999999999999889,416.80964052742746,23.98984391667024,4.8728570777125135,599.6350228965325,0.0038433835142033246,2.450315230362321e-05,False,True,RELEASE,RELEASED,
9.281999999992102,SLOWDOWN_4,0.2212020642118314,1267.3944698919768,40.21214463987657,-0.05059013161508001,279.88856251450414,1.6326626283805823,-0.9086494269643064,1.3564451618064144,0.8968206304758262,-4.091834838824007,-543.073387657054,440.4961693351843,657.5791278328086,83.09131497852124,19.584401856608878,-0.09849851325952841,440.49616936030134,418.0785658446099,370.93724080700144,1.1257276097314843,122.15999999999894,0.9999999999999889,416.9528382348784,23.98984787059438,4.870960800068163,599.6351698454964,0.003907112320327144,2.4526466972929484e-05,False,True,RELEASE,RELEASED,
9.291999999992079,SLOWDOWN_4,0.22137300695373016,1268.3738996568961,40.24310654201686,-0.05059309833401113,279.94314268656416,1.632147414275566,-0.9090116326197806,1.3555821751883348,0.8963140669215292,-4.090546805299203,-543.3219878244355,440.7576938197407,657.288918951681,83.06982742690064,19.592040784307507,-0.09757420651192206,440.75769384903117,418.3236806317171,371.00617644255396,1.2158534846809061,121.55999999999892,0.9999999999999889,417.1078271470362,23.989851852383712,4.869051157818266,599.6353185486637,0.003943766770184709,2.4550341663598374e-05,False,True,RELEASE,RELEASED,
9.301999999992056,SLOWDOWN_4,0.2215461479235818,1269.3659243402262,40.274485044872115,-0.05059561732111775,280.0014549311456,1.6316414349850024,-0.9093797836356159,1.3547258694934408,0.8958107347736626,-4.089297854166049,-543.5809123815943,441.0280484675976,657.0105440904168,83.04933701683194,19.60020369088959,-0.09667679372444127,441.02804850121754,418.57727731864026,371.0801718073458,1.3030533532835875,120.9599999999989,0.9999999999999889,417.27422396535667,23.989855863307756,4.867127542093128,599.6354680343757,0.003953151777749575,2.4573669406890986e-05,False,True,RELEASE,RELEASED,
9.311999999992032,SLOWDOWN_4,0.22172141211548754,1270.3701141898234,40.30626628182715,-0.05059769557684048,280.063374751978,1.6311444358370484,-0.9097536552976436,1.3538760863663777,0.8953105650535342,-4.0880867350054455,-543.8498182416001,441.30693704054164,656.7436199102781,83.02981357754116,19.608873469366724,-0.09580584584750795,441.30693707864117,418.8390717842839,371.15905858707436,1.3874149017331092,120.35999999999888,0.9999999999999889,417.45165688255076,23.989859899567822,4.8651917747106825,599.6356173639169,0.003937254313556515,2.4597573542450846e-05,False,True,RELEASE,RELEASED,
9.32199999999201,SLOWDOWN_4,0.22189872693664206,1271.3860532795502,40.33843669653578,-0.05059934345343263,280.1287812775786,1.630656167593806,-0.9101330297193759,1.3530326696445836,0.8948134894554955,-4.086912228816377,-544.128372405689,441.59407212819974,656.4877735456618,83.011227694892,19.61803352501537,-0.09496094241796982,441.5940721708869,419.10878837201255,371.2426733636848,1.4690231410609726,119.75999999999885,0.9999999999999889,417.6397652309516,23.989863953565365,4.8632474998780975,599.6357656994771,0.0038996960461252783,2.4621968236715475e-05,False,True,RELEASE,RELEASED,
9.331999999991986,SLOWDOWN_4,0.22207802214612363,1272.413339158571,40.3709833898181,-0.05060056532210913,280.19755716201195,1.630176386336709,-0.91051769567283,1.3521954653216566,0.8943194403338127,-4.085773147205428,-544.4162516814746,441.88917489967884,656.2426423053033,82.99355069302035,19.627667759889736,-0.09414167111367533,441.889174947053,419.3861596509499,371.3308574809392,1.5479605069255626,119.15999999999883,0.9999999999999889,417.8381991440243,23.98986801523117,4.86129954673138,599.6359123520847,0.003845159730897052,2.4647069949423894e-05,False,True,RELEASE,RELEASED,
9.341999999991963,SLOWDOWN_4,0.22225922979525323,1273.4515825096325,40.4038937224151,-0.050601369642378914,280.2695884887048,1.6297048533568288,-0.9109074484238553,1.3513643215139082,0.8938283506906799,-4.0846683316054335,-544.7131424110114,442.19197486370103,656.0078733844407,82.97675461667912,19.637760557906986,-0.09334762727485213,442.19197491583475,419.6709261854215,371.4234569141417,1.6243069549677784,118.55999999999881,0.9999999999999889,418.0466192304537,23.989872073302532,4.859353316800955,599.6360568094465,0.003778838025301212,2.467207161771512e-05,False,True,RELEASE,RELEASED,
9.35199999999194,SLOWDOWN_4,0.22244228416946646,1274.5004068160151,40.437155494272886,-0.0506017640109253,280.34476467722493,1.6292413350501067,-0.9113020895724749,1.3505390884297628,0.8933401541653629,-4.083596652524042,-545.018740208541,442.50220963722995,655.7831235874637,82.96081221430491,19.648296770482162,-0.0925784134760761,442.5022096941755,419.9628363126063,371.5203221438805,1.6981400523299612,117.95999999999879,0.9999999999999889,418.26469626027637,23.989876116460128,4.857414238780985,599.6361987451949,0.0037059428703623,2.4697005869711575e-05,False,True,RELEASE,RELEASED,
9.361999999991916,SLOWDOWN_4,0.2226271217316421,1275.5594480368304,40.470757007491194,-0.050601753261597764,280.422978392917,1.6287856028170118,-0.9117014268974937,1.3497196183419171,0.8928547850244595,-4.082557008819588,-545.3327497073083,442.8196247219511,655.5680590606585,82.94569692173282,19.6592617026886,-0.09183363906549857,442.81962478375044,420.2616459277142,371.6213080336543,1.76953506516071,117.35999999999876,0.9999999999999889,418.4921108625535,23.989880134262833,4.85548732018879,599.6363380122025,0.0036313020671201457,2.4722917942199274e-05,False,True,RELEASE,RELEASED,
9.371999999991893,SLOWDOWN_4,0.22281368106683466,1276.6283542903602,40.50468693095724,-0.05060134272563956,280.50412545930726,1.6283374329667681,-0.9121052742056182,1.3489057655622567,0.8923721781532712,-4.0815483270044455,-545.6548843152246,443.14397328848753,655.362355034747,82.93138284656774,19.670641099922697,-0.09111291975341373,443.1439733551591,420.56711827664975,371.72627371125384,1.8385650425513518,116.75999999999874,0.9999999999999889,418.7285532340984,23.989884117845506,4.853576812722289,599.6364746233487,0.0035590581747380057,2.4749138447077712e-05,False,True,RELEASE,RELEASED,
9.38199999999187,SLOWDOWN_4,0.22300190282835824,1277.7067855451423,40.53893425452631,-0.05060053916150328,280.58810477317735,1.627896606625876,-0.9125134511847242,1.3480973864194628,0.8918922690482741,-4.080569560574482,-545.9848659789523,443.4750159679215,655.1656955768639,82.91784475317212,19.68242113505089,-0.09041587719445943,443.4750160394723,420.87902375567177,371.8350824537692,1.9053008968845688,116.15999999999872,0.9999999999999889,418.9737228587872,23.989888060369058,4.851685996390298,599.6366087234782,0.0034924742980244616,2.477566476954962e-05,False,True,RELEASE,RELEASED,
9.391999999991846,SLOWDOWN_4,0.22319172968517137,1278.794413318505,40.57348835445145,-0.050599348805399756,280.6748182222234,1.6274629096507416,-0.9129257832611652,1.3472943392391452,0.8914149938106731,-4.079619689363598,-546.3224249560458,443.8125206503545,654.977773351617,82.9050580482449,19.694588396019544,-0.08974213857152336,443.8125207267808,421.19713971785364,371.947601576107,1.9698114808327318,115.5599999999987,0.9999999999999889,419.2273282370209,23.989891957233233,4.849817077476336,599.636740556294,0.0034338423193194245,2.480429429851938e-05,False,True,RELEASE,RELEASED,
9.401999999991823,SLOWDOWN_4,0.22338310627051633,1279.890920382294,40.608339078390955,-0.05059777493121391,280.76417060521044,1.6270361325444267,-0.9133421014611084,1.3464964843265397,0.8909402891410325,-4.0786977189234035,-546.6672995949475,444.15626229027475,654.7982893909523,82.89299876698243,19.707129873907935,-0.08909133621773435,444.15626237156033,421.5212502860965,372.0637023228936,2.0321636611957388,114.95999999999867,0.9999999999999889,419.4890866249008,23.989895806078618,4.847971187566743,599.6368704296387,0.003384482082270601,2.483159005350899e-05,False,True,RELEASE,RELEASED,
9.4119999999918,SLOWDOWN_4,0.22357597913176316,1280.9960004754996,40.64347656615048,-0.050595822259920015,280.85606955453875,1.6266160703772048,-0.9137622422755044,1.3457036839516423,0.8904680923349618,-4.077802679925729,-547.0192361223136,444.50602271833463,654.6269528724988,82.88164355977999,19.720032951405983,-0.08846310720707606,444.5060228044524,421.85114617229334,372.1832597636557,2.092422389568185,114.35999999999865,0.9999999999999889,419.75872378272516,23.989899606615857,4.846148465457976,599.6369986821041,0.0033448151614114963,2.485944764885062e-05,False,True,RELEASE,RELEASED,
9.421999999991776,SLOWDOWN_4,0.22377029668141485,1282.1093580235363,40.67889124660687,-0.050593496801595965,280.95042546114286,1.626202522711017,-0.9141860475288414,1.344915802336812,0.8899983412798599,-4.076933627588884,-547.377988437601,444.8615904594155,654.463480906144,82.87096967947618,19.733285391699305,-0.08785709298888378,444.8615905503313,422.1866245025897,372.30615269116464,2.1506507701798228,113.75999999999863,0.9999999999999889,420.0359737324099,23.989903360326384,4.8443482006816065,599.6371256532914,0.003314494081990027,2.488714198989328e-05,False,True,RELEASE,RELEASED,
9.431999999991753,SLOWDOWN_4,0.22396600914922915,1283.2307078639212,40.71457400216202,-0.05059080138050744,281.047151401643,1.6257952935274422,-0.9146133642514055,1.3441327056465473,0.8895309744526801,-4.076089641125713,-547.7433179144638,445.2227605566511,654.3075983284451,82.8609549690965,19.746875327744515,-0.08727293902836664,445.2227606523123,422.5274886482846,372.4322635228411,2.2069101248136462,113.1599999999986,0.9999999999999889,420.32057852347094,23.989907070080804,4.842569016526192,599.6372516593448,0.0032925670820365127,2.4915997414609592e-05,False,True,RELEASE,RELEASED,
9.44199999999173,SLOWDOWN_4,0.22416306853541657,1284.3597749781188,40.75051599038948,-0.05058774002683349,281.1461630676755,1.6253941911593481,-0.9150440445549395,1.343354261979724,0.8890659309187292,-4.075269823213429,-548.114993208784,445.58933440118153,654.1590375047751,82.85157785010207,19.760791251919002,-0.086710294421664,445.5893345015398,422.87354806242126,372.56147820511455,2.261260055213654,112.55999999999858,0.9999999999999889,420.6122880072076,23.989910739719043,4.840809071399611,599.6373769746658,0.0032776593753336414,2.494464001756569e-05,False,True,RELEASE,RELEASED,
9.451999999991706,SLOWDOWN_4,0.22436142856486818,1285.4962942292855,40.78670874059277,-0.05058431526894425,281.2473786973255,1.6249990282259188,-0.9154779455116093,1.3425803413639812,0.8886031503314625,-4.07447329948397,-548.4927900729813,445.9611195674135,654.0175381388129,82.8428173111043,19.7750220060292,-0.0861688115655852,445.96111967240705,423.22461812146764,372.69368612064096,2.313758502712119,111.95999999999856,0.9999999999999889,420.9108596187555,23.989914373631297,4.839066259791695,599.6375018201093,0.003268154049760774,2.497222453712311e-05,False,True,RELEASE,RELEASED,
9.461999999991683,SLOWDOWN_4,0.22456104464237958,1286.6400101057218,40.82314400132593,-0.050580531853803234,281.3507190085955,1.624609621570976,-0.9159149290361998,1.3418108157522068,0.8881425729332845,-4.07369921803499,-548.8764911764692,446.337929653592,653.8828470891393,82.834652897037,19.789556771663417,-0.08564814582246072,446.33792976314845,423.58051997227216,372.82877999827997,2.364461805592441,111.35999999999854,0.9999999999999889,421.2160581666797,23.98991797637182,4.837338397516799,599.6376263573773,0.0032623588129157,2.5001300514304603e-05,False,True,RELEASE,RELEASED,
9.47199999999166,SLOWDOWN_4,0.22476187380882878,1287.7906764697887,40.859813945916066,-0.05057639124704742,281.4561071348386,1.6242257922045629,-0.9163548617713062,1.3410455590212549,0.8876841395573162,-4.072946748959858,-549.2658859318769,446.719584127405,653.7547181927738,82.82706469876987,19.804385060874438,-0.0851479551721468,446.7195842414604,423.9410803838081,372.96665582574155,2.4134247540033016,110.75999999999851,0.9999999999999889,421.5276556298048,23.98992155232906,4.835623379902056,599.6377506889287,0.0032586483838779046,2.503085477201239e-05,False,True,RELEASE,RELEASED,
9.481999999991636,SLOWDOWN_4,0.22496387469827067,1288.9480563120794,40.89671092672664,-0.05057189775924974,281.5634685620892,1.623847365247584,-0.9167976149755711,1.3402844469725916,0.88722779163014,-4.072215083897008,-549.6607703269286,447.1059081764969,653.6329120953069,82.82003334314291,19.819496707178654,-0.08466789988960954,447.1059082949723,424.30613160361526,373.1072127648079,2.4607006426391536,110.15999999999849,0.9999999999999889,421.8454309609761,23.98992510546734,4.8339193056809835,599.6378748624161,0.0032555760154142632,2.506122723389126e-05,False,True,RELEASE,RELEASED,
9.491999999991613,SLOWDOWN_4,0.22516700749591467,1290.111921510648,40.93382771432145,-0.050567052198149484,281.67273106823035,1.6234741698794934,-0.9172430644147344,1.3395273573350328,0.8867734711754847,-4.071503435597237,-550.0609467616592,447.4967325636323,653.5171960875009,82.81353998340683,19.834881856858907,-0.08420764223808419,447.49673268644034,424.67551121876147,373.2503530690488,2.506341321282491,109.55999999999847,0.9999999999999889,422.169169897479,23.98992863914686,4.832224563317818,599.6379988784806,0.003251951199310099,2.5091398129006848e-05,False,True,RELEASE,RELEASED,
9.50199999999159,SLOWDOWN_4,0.22537123389694746,1291.2820525950806,40.97115727342625,-0.05056185743672065,281.7838246639334,1.623106039288852,-0.9176910902554979,1.338774169769353,0.8863211208188556,-4.0708110375090145,-550.4662238908317,447.8918934863738,653.4073439480592,82.80756629005597,19.85053096055859,-0.08376684615711838,447.8918936134318,425.0490620211467,373.3959820039418,2.5503972433088506,108.95999999999844,0.9999999999999889,422.49866477783786,23.98993215602172,4.8305378799275625,599.638122700718,0.003246883703598158,2.512147852939961e-05,False,True,RELEASE,RELEASED,
9.511999999991566,SLOWDOWN_4,0.22557651706616857,1292.4582385152246,41.00869280353141,-0.050556317175047195,281.89668153531017,1.6227428106266275,-0.9181415769619649,1.338024765874759,0.8858706837930762,-4.070137143380393,-550.8764164712362,448.2912324410243,653.303135792376,82.80209444202707,19.866434765155024,-0.08334517697005595,448.2912325722482,425.42663187689294,373.5440077693191,2.592917512154827,108.35999999999842,0.9999999999999889,422.8337143647381,23.989935658009568,4.828858335813736,599.6382462666495,0.0032397966617114804,2.5152319267363055e-05,False,True,RELEASE,RELEASED,
9.521999999991543,SLOWDOWN_4,0.2257828215984069,1293.6402764143922,41.046427969874884,-0.050550429839945094,282.0112359882177,1.6223843249622862,-0.9185944131947108,1.3372790291972718,0.8854221039447414,-4.069481026878,-551.2913452138182,448.6945960907276,653.2043579270979,82.79710711826912,19.882584305900565,-0.08294230107969724,448.69459622602636,425.8080735997261,373.69434142405794,2.633949925911338,107.7599999999984,0.9999999999999889,423.17412367381473,23.989939146322403,4.827185349712224,599.638369498673,0.003230413292912182,2.5182945705637394e-05,False,True,RELEASE,RELEASED,
9.53199999999152,SLOWDOWN_4,0.22599011347968495,1294.8279714068483,41.08435647680343,-0.05054419933770395,282.12742439416513,1.6220304272424355,-0.9190494917123503,1.3365368452397968,0.8849753257415556,-4.068841981221725,-551.7108366403223,449.1018361375541,653.1108027102352,82.7925874896547,19.898970898821347,-0.08255788570988898,449.10183627682557,426.1932448282316,373.8468968129436,2.6735410201523564,107.15999999999838,0.9999999999999889,423.51970380807927,23.989942621544987,4.82551864117777,599.6384923141741,0.003218723047328176,2.5214725269506744e-05,False,True,RELEASE,RELEASED,
9.541999999991496,SLOWDOWN_4,0.22619836004910307,1296.021136359422,41.12247243905562,-0.05053762536623812,282.2451851377602,1.6216809662518543,-0.9195067092753606,1.3357981014738511,0.8845302942805401,-4.068219318834703,-552.1347229442933,449.5128091983233,653.0222684166204,82.78851921121111,19.915586133362137,-0.08219159860323089,449.5128093414841,426.5820079067133,374.0015904956261,2.71173610896642,106.55999999999835,0.9999999999999889,423.87027179774685,23.98994608374635,4.82385817711188,599.6386146341501,0.003204933474830085,2.5246469931516913e-05,False,True,RELEASE,RELEASED,
9.551999999991473,SLOWDOWN_4,0.22640752996140928,1297.2195916770486,41.16077010357036,-0.05053071036080671,282.364458565648,1.6213357945771183,-0.9199659665523362,1.335062687353085,0.8840869552971,-4.067612371008513,-552.5628418563053,449.9273766841453,652.9385591086283,82.78488641468506,19.93242186526789,-0.08184310779392945,449.92737683109215,426.97422976956534,374.15834167760136,2.7485793243195076,105.95999999999833,0.9999999999999889,424.22565044524583,23.989949532609785,4.822204109407252,599.6387363899887,0.003189414094692644,2.5279189003413194e-05,False,True,RELEASE,RELEASED,
9.56199999999145,SLOWDOWN_4,0.2266175931502326,1298.4231650921122,41.1992441034422,-0.05052345283492632,282.4851869368874,1.6209947685722927,-0.9204271680282834,1.334330494328214,0.8836452551749244,-4.067020487582283,-552.9950365131496,450.34540468337855,652.8594845118117,82.78167370139131,19.949470209692052,-0.08151208131243948,450.34540483401713,427.36978182901623,374.31707214314565,2.7841136538181672,105.35999999999831,0.9999999999999889,424.58566817519807,23.98995296756816,4.820556710068785,599.6388575281806,0.0031726379912786484,2.531232598812494e-05,False,True,RELEASE,RELEASED,
9.571999999991426,SLOWDOWN_4,0.2268285207919487,1299.6316914574102,41.237889117284,-0.05051585590874856,282.60731437471856,1.6206577483270086,-0.920890221915206,1.3336014158635756,0.8832051409566997,-4.066443036636123,-553.4311553309351,450.76676384802715,652.7848598954104,82.77886613536572,19.966723534522757,-0.08119818698037307,450.7667640022607,427.76853986614043,374.4777061901375,2.8183809769726054,104.75999999999829,0.9999999999999889,424.9501588891678,23.989956387933074,4.8189163092573475,599.6389780130046,0.003155126036617162,2.5345795961584372e-05,False,True,RELEASE,RELEASED,
9.581999999991403,SLOWDOWN_4,0.2270402852701508,1300.8450125425873,41.27670018669814,-0.05050791904290693,282.7307868196677,1.6203245976364535,-0.9213550400644792,1.3328753474550858,0.8827665603556315,-4.065879404197343,-553.8710518817973,451.1913292832278,652.7145059574624,82.77644923677636,19.9841744539171,-0.08090109212207608,451.19132944095713,428.17038392483425,374.64017056669996,2.8514220998510496,104.15999999999826,0.9999999999999889,425.3189618249832,23.989959793009202,4.817283240454191,599.6390978273291,0.003137397518627516,2.53801543976806e-05,False,True,RELEASE,RELEASED,
9.59199999999138,SLOWDOWN_4,0.22725286014070673,1302.0629768339265,41.31567254116515,-0.05049964234646266,282.8555519839509,1.6199951839735516,-0.921821537881437,1.332152186649635,0.8823294617677299,-4.065328993960063,-554.3145847742196,451.6189804399479,652.6482487144226,82.77440897561564,20.001815822036388,-0.08062046338079654,451.6189806010753,428.5751982089337,374.8043944096011,2.883276788490548,103.55999999999824,0.9999999999999889,425.6919214204432,23.989963182187658,4.815657795688366,599.6392169718176,0.00311992982297582,2.541687274515425e-05,False,True,RELEASE,RELEASED,
9.601999999991357,SLOWDOWN_4,0.22746622009736675,1303.285439337298,41.354801641923466,-0.050491025300184345,282.98155930712113,1.6196693784627967,-0.9222896342415494,1.3314318330656856,0.8818937942848633,-4.06479122701634,-554.7616175366065,452.0496010104878,652.5859193950063,82.77273176561593,20.01964072697243,-0.08035596646936938,452.04960117491686,428.9828709819979,374.97030918435024,2.9139838007686762,102.95999999999822,0.9999999999999889,426.06888718122923,23.98996655501507,4.814040192400803,599.6393354628906,0.0031031285852360924,2.5450832708884263e-05,False,True,RELEASE,RELEASED,
9.611999999991333,SLOWDOWN_4,0.2276803409379114,1304.5122613841982,41.394083052181976,-0.05048206989689106,283.10875991292244,1.6193470558561003,-0.9227592514085802,1.3307141884152645,0.8814595077085392,-4.0642655415999,-555.2120185042022,452.4830788268973,652.5273543382389,82.77140445842267,20.03764248485819,-0.08010726597410667,452.4830789945285,429.39329446989456,375.1378486269295,2.943580917047541,102.3599999999982,0.9999999999999889,426.449713552847,23.98996991123745,4.812430552413337,599.6394533298069,0.003087308734733618,2.5486274580543977e-05,False,True,RELEASE,RELEASED,
9.62199999999131,SLOWDOWN_4,0.22789519953080714,1305.7433104407028,41.4335127334205,-0.050472772963388375,283.23710656730344,1.619028094510173,-0.9232303149543191,1.329999156527022,0.8810265525644005,-4.063751392840617,-555.6656607090047,452.91930576202174,652.4723948954154,82.77041433797373,20.055814634154505,-0.07987402514709174,452.9193059327629,429.8063647659479,375.3069486871039,2.9721049695149873,101.75999999999817,0.9999999999999889,426.8342597964329,23.989973250820007,4.810828892413339,599.6395706112726,0.003072685900059824,2.552163618929626e-05,False,True,RELEASE,RELEASED,
9.631999999991287,SLOWDOWN_4,0.22811077378235398,1306.978459919235,41.47308665961833,-0.050463135804983655,283.36655363755034,1.6187123763655424,-0.92370275367994,1.32928664337045,0.8805948801174057,-4.063248252529863,-556.1224217726308,453.3581776331195,652.4208873358923,82.76974911509325,20.07415093010568,-0.07965590568846892,453.35817780687506,430.2219817385469,375.4775474732521,2.999591870284121,101.15999999999815,0.9999999999999889,427.2223898682628,23.98997657394585,4.809235124594747,599.6396873519013,0.0030593769529669856,2.5557706294421223e-05,False,True,RELEASE,RELEASED,
9.641999999991263,SLOWDOWN_4,0.2283270426043033,1308.2175889930315,41.5552484230347,-0.04938015344079194,283.4970570525003,1.6183997869270743,-0.9241764995390707,1.3285765570810402,0.8801644423876698,-4.062755608896616,-556.5821838020458,453.7995941080194,652.3726827564905,82.76939692228396,20.09264533935715,-0.07945256761661312,453.79959428468646,430.6400489411883,375.6495851986641,3.0260766383796636,100.55999999999813,0.9999999999999889,427.61397230280863,23.98997988099729,4.807649065604893,599.6398035988238,0.003047408025416587,2.5593847681193438e-05,False,True,RELEASE,RELEASED,
9.65199999999124,SLOWDOWN_4,0.22854350236067358,1309.457812040476,41.59483653242788,-0.0493752920666854,283.6310160396758,1.61942398138391,-0.9248800608018086,1.3293347601761407,0.8797927914858777,-4.064617603431769,-557.3651657070862,454.35965887442205,653.0534214781526,82.88943578293357,20.11163831492471,0.00443273480652806,454.35965906686056,431.1669868581142,375.8221913313705,3.15995807898787,100.0,0.9999999999999889,428.00702877912636,23.989983164285356,4.806074403073971,599.639902198471,0.00011878430715484001,2.563360180829477e-05,False,True,RELEASE,RELEASED,
9.661999999991217,SLOWDOWN_4,0.22872803194829,1310.5150886970473,41.61465159522261,-0.04972250434307383,283.87585595030004,1.6295969443283955,-0.9303680299115822,1.3379093877699213,0.8801041254778595,-4.09334015401434,-561.7569825135662,457.4502428320518,657.8331957309371,83.96036559875259,20.146375397878877,0.19999868488253014,457.4502434064844,434.01955296764726,376.0606331377282,5.4692505556854485,100.0,0.9999999999999889,428.5503024119618,23.989985251102556,4.805073566863034,599.6395034482143,-0.017934937235431825,2.570670335444447e-05,False,True,RELEASE,RELEASED,
9.671999999991193,SLOWDOWN_4,0.22886230234665614,1311.2844014110392,41.633865849212285,-0.049853986784213766,284.19657801669644,1.6369496857271884,-0.935003298684317,1.3436417324018286,0.8807173025544947,-4.117782948197661,-565.4431716529908,460.24874690606765,661.3981196631389,84.76315287121855,20.191923739100066,0.23934813660514465,460.24874791014696,436.613155352978,376.41988694577157,7.24366660065715,100.0,0.9999999999999889,429.3694887523209,23.989983691860395,4.805821378435743,599.6386427782729,-0.028790588196675237,2.5777999439924315e-05,False,True,RELEASE,RELEASED,
9.68199999999117,SLOWDOWN_4,0.2289540554324045,1311.8101078681073,41.64748669562614,-0.049931389982191404,284.56195221532795,1.6429737399552318,-0.9385407346609065,1.348519187688721,0.8815694783440124,-4.138398956552832,-568.5019344600012,462.5839770778696,664.65241834415,85.40922822481184,20.243876162149654,0.2648529951704859,462.5839784272549,438.7882373171291,376.86111525002036,8.411570082318292,100.0,0.9999999999999889,430.3766672348108,23.98997720517955,4.808932385496541,599.6374644690288,-0.03583885272660847,2.584845526598656e-05,False,True,RELEASE,RELEASED,
9.691999999991147,SLOWDOWN_4,0.229009815096477,1312.1295872099495,41.655990697304496,-0.049972697200273954,284.953110272598,1.6480001022446185,-0.9412117324758354,1.3527840964648092,0.8825915927919612,-4.155965320041275,-571.054109694014,464.5381234003744,667.6710073349702,85.93486053176028,20.29956876350686,0.28155699837225256,464.5381249797975,440.6180227401224,377.3539085057502,9.115076483866233,100.0,0.9999999999999889,431.50294625625617,23.989965425803195,4.814581760880252,599.6360983246293,-0.03939502394383965,2.5915825403899362e-05,False,True,RELEASE,RELEASED,
9.701999999991124,SLOWDOWN_4,0.22903473401253494,1312.2723620819656,41.65991589022019,-0.0499880072889811,285.3561177448549,1.6522643278703009,-0.9432125005865238,1.3565867417493118,0.8837335159151081,-4.1711345442101635,-573.2008145182025,466.1839991060724,670.4947527833967,86.36760552153427,20.35702848360387,0.29218140699276773,466.1840008061223,442.1675685146052,377.8753633046873,9.471234597490422,100.0,0.9999999999999889,432.69633391711477,23.989948675937843,4.822614967528327,599.6346610816186,-0.039892220142002444,2.5982494094023423e-05,False,True,RELEASE,RELEASED,
9.7119999999911,SLOWDOWN_4,0.2290328731455794,1312.261700099687,41.65971709424808,-0.04998448671724162,285.76072817350195,1.6559387635611784,-0.9446954929427742,1.3600307401960199,0.8849579914603398,-4.184409595990467,-575.0204113125778,467.5790180967035,673.1500709305376,86.72823198813902,20.414798441562525,0.29836278617244716,467.5790198274176,443.4881986789571,378.4084982190225,9.570042544489354,100.0,0.9999999999999889,433.9181561344677,23.989927763533903,4.832644504777557,599.6332519732248,-0.03788265640880706,2.6048140739476366e-05,False,True,RELEASE,RELEASED,
9.721999999991077,SLOWDOWN_4,0.22900745946762055,1312.1160904507922,41.65577098730275,-0.049967434964968055,286.15945678868525,1.6591521293759475,-0.945776628397308,1.3631919738577398,0.8862371615140628,-4.1961720876941095,-576.5728255750616,468.76729893186814,675.6561753844176,87.03247498228887,20.471808677398855,0.3012429835050625,468.76730062541077,444.6193659651355,378.9408304793849,9.47950837603156,100.0,0.9999999999999889,435.13985758910394,23.989903796144578,4.844139183957148,599.6319491401575,-0.033994002631200004,2.611145623632183e-05,False,True,RELEASE,RELEASED,
9.731999999991054,SLOWDOWN_4,0.22896108746743765,1311.8503984609863,41.64839163290271,-0.049940823664852314,286.5468918850918,1.6620014214846437,-0.9465437400530168,1.366127253656636,0.8875501667314405,-4.2067114207927165,-577.903932939834,469.78269729774627,678.0277750702044,87.29229174620541,20.527280312251623,0.3016635836306705,469.7826989065088,445.5913671512523,379.46326364272403,9.25085668341626,100.0,0.9999999999999889,436.34051046783605,23.989878015182416,4.856503620907211,599.6308079128758,-0.02887449607107584,2.617327083953569e-05,False,True,RELEASE,RELEASED,
9.74199999999103,SLOWDOWN_4,0.22889587101251477,1311.4767356987977,41.63784508928244,-0.049907628414044995,286.9191793978964,1.664560101343959,-0.947063489209642,1.368879497396418,0.8888813995474929,-4.21624791271333,-579.0490430311289,470.65134228332965,680.276433643763,87.51679055185754,20.58065387659057,0.30025631935075126,470.6513437764546,446.42761296435197,379.96924549800866,8.922681072459909,100.0,0.9999999999999889,437.50493189189206,23.989851656562728,4.869145072400454,599.6298609912703,-0.023142743633801643,2.6233924472762737e-05,False,True,RELEASE,RELEASED,
9.751999999991007,SLOWDOWN_4,0.22881355707200987,1311.0051115601955,41.62436025373193,-0.04987007893825367,287.2736356636696,1.666884016040128,-0.9473866246686549,1.3714812818004476,0.8902192061003891,-4.22495013445715,-580.0355212302042,471.393562229913,682.4114148599829,87.71292547421177,20.6315354368557,0.29749808922315424,471.39356358964113,447.1463486770806,380.45413490095683,8.524079697584057,100.0,0.9999999999999889,438.62226897949654,23.989825841838623,4.881525647574759,599.6291202381348,-0.017347596929458753,2.6294044346286682e-05,False,True,RELEASE,RELEASED,
9.761999999990984,SLOWDOWN_4,0.228715611024241,1310.4439220444813,41.60813728789226,-0.049829838954613286,287.60845579265197,1.669015768729969,-0.9475519193350223,1.373957421623321,0.8915549134217422,-4.2329477766723755,-580.8847423051949,472.0253178124027,684.4402669329138,87.88601908675633,20.67965596085846,0.2937494451772409,472.02531903080603,447.7619322391531,380.91472575257586,8.076998011400178,100.0,0.9999999999999889,439.68493422775293,23.98980150141685,4.893199132445374,599.6285796874929,-0.011940028124516111,2.635179589560721e-05,False,True,RELEASE,RELEASED,
9.77199999999096,SLOWDOWN_4,0.22860328086351833,1309.800317632338,41.58935375391592,-0.049788146410755525,287.9224937080981,1.670987976905874,-0.9475891134578398,1.3763268837816731,0.8928820974998193,-4.2403412172270105,-581.6135485433397,472.5592679473017,686.369245297367,88.04015700453364,20.724840595772452,0.28928299573169625,472.55926902349125,448.2857835812902,381.3488886300831,7.597980977054135,100.0,0.9999999999999889,440.6878026042361,23.989779329034445,4.903832821167104,599.6282193342606,-0.0072572292147361495,2.641001549363864e-05,False,True,RELEASE,RELEASED,
9.781999999990937,SLOWDOWN_4,0.22847764568168494,1309.0804810645964,41.56816944769446,-0.04974591412773361,288.2150960837347,1.6728257147621317,-0.9475211207208779,1.378604220854299,0.8941960314029055,-4.247208669041124,-582.2353424528152,473.00556598552794,688.2036246950512,88.17848631188343,20.766985402639104,0.28430475276365996,473.00556692356173,448.72709295013937,381.7553006243008,7.099488238779884,100.0,0.9999999999999889,441.6276047113595,23.989759764660647,4.913215714493113,599.6280092844825,-0.003518055274176035,2.6464137590664905e-05,False,True,RELEASE,RELEASED,
9.791999999990914,SLOWDOWN_4,0.22833965237596796,1308.2898376627325,41.544729704238286,-0.0497038148012183,288.4859769089305,1.674548350189664,-0.9473656865831166,1.3808006492639788,0.8954932686541542,-4.253611543894764,-582.7609087652008,473.3724571871058,689.947931917518,88.3034415870107,20.806039718275006,0.27897027280960174,473.37245799434135,449.0933520530048,382.13324147055386,6.590884668789727,100.0,0.9999999999999889,442.5024673842151,23.989743001491377,4.921255163771273,599.6279138906657,-0.0008281773617326849,2.6518145659792935e-05,False,True,RELEASE,RELEASED,
9.80199999999089,SLOWDOWN_4,0.22819014350610067,1307.4332149384159,41.519168323877864,-0.04966233486787276,288.73512272631734,1.6761709295564142,-0.9471366378670651,1.3829248621309425,0.8967713284883443,-4.259598491833123,-583.1990346778622,473.66672879010866,691.6061204043656,88.41691622684989,20.841992773945385,0.27339688695860787,473.6667294759348,449.39075396463056,382.48243961424555,6.079188469893097,100.0,0.9999999999999889,443.31156549473747,23.989729011765924,4.927964488370582,599.6278955637758,0.0008071588086098203,2.657174741216295e-05,False,True,RELEASE,RELEASED,
9.811999999990867,SLOWDOWN_4,0.22802987847718992,1306.514963962403,41.491609332376896,-0.0496218271476703,288.96272104956654,1.6777052231691822,-0.946844826034447,1.3849836429579063,0.8980284579914611,-4.265208451252597,-583.5569788914079,473.89405001343266,693.1817017076906,88.52039236583376,20.87486353909241,0.26767297304854765,473.89405058841373,449.62449514828194,382.8029559521235,5.5696373128825485,100.0,0.9999999999999889,444.0548578353994,23.989717585739754,4.93344428405827,599.6279180324677,0.0014650872067178966,2.6623739358910825e-05,False,True,RELEASE,RELEASED,
9.821999999990844,SLOWDOWN_4,0.22785954967811825,1305.539051830769,41.46216884951062,-0.049582537573227205,289.1691063098553,1.6791605153395908,-0.9464988401330182,1.3869823293403458,0.8992634523241779,-4.270472956295453,-583.8408268404386,474.0592294323252,694.6778447091716,88.61503941099825,20.904693011010103,0.2618649861043423,474.059229907531,449.799004049079,383.09509603281055,5.06611736911924,100.0,0.9999999999999889,444.73288667995973,23.989708378233736,4.937860098234702,599.6279489029691,0.0012841019844467283,2.667511159870628e-05,False,True,RELEASE,RELEASED,
9.83199999999082,SLOWDOWN_4,0.22767979480126296,1304.509132251699,41.430955958443526,-0.04954463964912302,289.35471906151486,1.6805442018079149,-0.9461055461098575,1.388925163516872,0.9004755188569058,-4.27541788460988,-584.0557599945763,474.16641007444446,696.0974506013353,88.70178877126155,20.93153836079205,0.2560227880785533,474.16641046104223,449.91811436942135,383.35934377055935,4.571488744596309,100.0,0.9999999999999889,445.34662562482504,23.989700957661142,4.941418917190419,599.627961452263,0.0004421930835993848,2.67245226268642e-05,False,True,RELEASE,RELEASED,
9.841999999990797,SLOWDOWN_4,0.22749120626841698,1303.428599552035,41.398074091306114,-0.049508242563200286,289.5200752180861,1.681862241646712,-0.9456704949952923,1.3908155574238672,0.9016641745136755,-4.280064782267176,-584.2062601349576,474.2192174377207,697.4432095875393,88.78139052159825,20.955468488571565,0.2501836870660554,474.2192177465969,449.9851965401287,383.5963114281163,4.087832475720347,100.0,0.9999999999999889,445.89736406440835,23.989694853205144,4.944346540522262,599.627935657574,-0.0008640496091567584,2.6773697527460172e-05,False,True,RELEASE,RELEASED,
9.851999999990774,SLOWDOWN_4,0.22729433846240726,1302.3006301113992,41.363621177228936,-0.049473420562388515,289.66574287565203,1.6831194991377616,-0.9451982319393336,1.392656293101965,0.9028291682331941,-4.284431868596323,-584.296264355914,474.22087185263865,698.717643759057,88.85445635705358,20.976560648925844,0.2443754972973693,474.2208720942516,450.00325753492024,383.8067019048471,3.6166380589368146,100.0,0.9999999999999889,446.3866194759834,23.98968959677355,4.946867460401571,599.6278585226569,-0.0024379486759720237,2.682285219179903e-05,False,True,RELEASE,RELEASED,
9.86199999999075,SLOWDOWN_4,0.22708971329422625,1301.1282142595066,41.32769080513066,-0.049440208982897416,289.79232487423513,1.6843200024136022,-0.9446925302272158,1.3944496741953287,0.9039704224252102,-4.28853479842557,-584.3292826960651,474.17427380804236,699.923139504869,88.92149214282333,20.99489788900356,0.23861885619612622,474.1742739922749,449.9750166808069,383.9912803318348,3.1589458599580666,100.0,0.9999999999999889,446.81607082084884,23.98968475738974,4.9491883683230045,599.6277238039804,-0.004097888906891001,2.6870697070080496e-05,False,True,RELEASE,RELEASED,
9.871999999990727,SLOWDOWN_4,0.22687782450738042,1299.9141809382654,41.29037220556857,-0.04940862441773939,289.90044569756924,1.6854671391171872,-0.9441565685090267,1.39619764044534,0.9050879887890313,-4.292387240332562,-584.3084874179339,474.0820687643194,701.0619719899348,88.98292257167259,21.010567103912326,0.23292897802787138,474.08206890039656,449.9029632560643,384.1508527051475,2.715455273972566,100.0,0.9999999999999889,447.18750798209174,23.989679966698535,4.951485922956084,599.6275312669798,-0.005688557728374732,2.691693293854769e-05,False,True,RELEASE,RELEASED,
9.881999999990704,SLOWDOWN_4,0.22665914102418333,1298.661216874624,41.25175092861849,-0.049378662836890554,289.99074165192235,1.6865638044045308,-0.9435930650419644,1.3979018541844042,0.9061820149872941,-4.296001315305508,-584.2367807795449,473.94669640182934,702.1363236229647,89.03910983630271,21.023657560958,0.22731698045561188,473.94669649829007,449.789400267312,384.2862498402946,2.2866068845370933,100.0,0.9999999999999889,447.5027933827749,23.989674935198185,4.9538989656084915,599.6272856148482,-0.007088126401503914,2.6962924721374293e-05,False,True,RELEASE,RELEASED,
9.89199999999068,SLOWDOWN_4,0.2264341095651775,1297.3718815887535,41.211908978997734,-0.049350308143466984,290.06385352247247,1.6876125128931352,-0.9430043793941948,1.3995637656487296,0.9072527195209176,-4.299387929501444,-584.1168464951589,473.7704280619444,703.1482979722283,89.09036776564209,21.0342597800766,0.22179088749578568,473.7704281266341,449.63647774116623,384.398315348588,1.8726448841028969,100.0,0.9999999999999889,447.76383285706333,23.989669459600027,4.95652499068883,599.6269952314879,-0.008211558967693655,2.7007830453840143e-05,False,True,RELEASE,RELEASED,
9.901999999990657,SLOWDOWN_4,0.22620315671706998,1296.0486192424448,41.1709249209416,-0.04932353898710471,290.12042110101817,1.6886154833422,-0.9423925895260045,1.4011846622731365,0.9083003727970358,-4.302557026677658,-583.951188833818,473.55539523610264,704.0999302374186,89.13697252531293,21.04246468495803,0.21635638744305652,473.5553952761666,449.4462180651649,384.4878966524294,1.4736645130206512,100.0,0.9999999999999889,447.97255355214423,23.98966342233191,4.959420383925774,599.6266708687963,-0.009010497808923823,2.705387396417791e-05,False,True,RELEASE,RELEASED,
9.911999999990634,SLOWDOWN_4,0.22596669058218344,1294.693768089768,41.12887436059538,-0.049298324042458985,290.16107912670935,1.6895747027181143,-0.9417595502450089,1.4027657058779717,0.9093252828710153,-4.305517779721846,-583.7421623558976,473.303611273152,704.9931951201838,89.17917071740112,21.048362959994126,0.2110174053503897,473.3036112950547,449.22053530518116,384.5558382960856,1.0896481306251076,100.0,0.9999999999999889,448.13088717455605,23.989656784625225,4.9626037378054795,599.6263243891369,-0.009470355165563049,2.7097699103251216e-05,False,True,RELEASE,RELEASED,
9.92199999999061,SLOWDOWN_4,0.2257251021102346,1293.3095681075995,41.085830007331914,-0.04927462653734365,290.1864542934357,1.6904919746827858,-0.9411069375778469,1.4043079607086724,0.9103277847142452,-4.308278736034653,-583.4919945664648,473.0169879542796,705.8300127340058,89.21718551307796,21.05204456384907,0.20577653525788264,473.0169879638595,448.96124996391393,384.60297698988984,0.7204926624469294,100.0,0.9999999999999889,448.240757301467,23.98964957486093,4.96606144074141,599.6259676494903,-0.009605339715042405,2.7141608029523923e-05,False,True,RELEASE,RELEASED,
9.931999999990587,SLOWDOWN_4,0.22547876618881174,1291.8981672435998,41.041861719599886,-0.049252408081870515,290.1971630622586,1.6913689563173495,-0.940436282498349,1.4058124145684319,0.9113082321400201,-4.310847927969075,-583.2028032156375,472.69734818847405,706.6122530402267,89.25122129839761,21.05359836234578,0.20063536641885094,472.6973481909501,448.67010029340366,384.6301379631246,0.3660305069471974,100.0,0.9999999999999889,448.30406978645647,23.989641873913484,4.969754706006636,599.6256115872818,-0.00945217331007786,2.7186424745195836e-05,False,True,RELEASE,RELEASED,
9.941999999990564,SLOWDOWN_4,0.2252280425503537,1290.4616266128187,40.997036513477056,-0.04923163262349639,290.19381008135053,1.6922071859656973,-0.939748996615578,1.4072799947394827,0.9122669917322743,-4.313232956830991,-582.8766095584309,472.3464357794069,707.3417391801428,89.28146719717151,21.05311185238274,0.1955947294696898,472.3464357794226,448.3487510065416,384.63813230473636,0.026045482680217447,100.0,0.9999999999999889,448.3227055238614,23.989633799149765,4.973627245712405,599.6252655415554,-0.009063216554308084,2.7230256705479405e-05,False,True,RELEASE,RELEASED,
9.95199999999054,SLOWDOWN_4,0.22497327653935212,1289.0019248934414,40.95141919383624,-0.049212253827053645,290.1769870643592,1.6930081043787542,-0.9390463917916131,1.4087115799748695,0.9132044382826483,-4.315441056893411,-582.5153485690531,471.96592298504896,708.020249983675,89.30809974642492,21.050670955437326,0.19065488214187098,471.9659229867044,447.99880002842315,384.6277550496193,-0.29971498523838136,100.0,0.9999999999999889,448.29851501366153,23.989625488545464,4.977612888419463,599.6249368190231,-0.008499637088954515,2.7274617082184704e-05,False,True,RELEASE,RELEASED,
9.961999999990518,SLOWDOWN_4,0.22471479977281633,1287.5209621109725,40.90507179305576,-0.049194232461534045,290.14727201471806,1.6937730708077148,-0.9383296951781618,1.4101080095298564,0.9141209513629103,-4.31747914431625,-582.1208768630019,471.55741641635257,708.6495218673116,89.33128493285358,21.046359864395697,0.18581564939813688,471.55741642325165,447.62178377322255,384.5997838276145,-0.6115305305536936,100.0,0.9999999999999889,448.23331430377624,23.98961708610955,4.981642569398505,599.6246304940432,-0.007825136446530934,2.7317130729898054e-05,False,True,RELEASE,RELEASED,
9.971999999990494,SLOWDOWN_4,0.2244529307189409,1286.020562953758,40.85805413546604,-0.049177524615603825,290.1052287110597,1.6945033752905543,-0.9376000607971023,1.4114700899644848,0.9150169127516277,-4.3193538546774395,-581.6949788967033,471.1224616883481,709.2312502819298,89.35117974777458,21.040260931374068,0.1810765292062797,471.12246170362044,447.21918131395057,384.5549779372499,-0.909700674889109,100.0,0.9999999999999889,448.1288819888397,23.989608729493238,4.985650273191186,599.6243494156217,-0.007100615276198319,2.736047326834523e-05,False,True,RELEASE,RELEASED,
9.981999999990471,SLOWDOWN_4,0.22418797521278797,1284.5024797276265,40.81042361220937,-0.04916208984031737,290.05140638974774,1.6952002480714876,-0.9368585785145167,1.4127986002701842,0.9158927045033456,-4.321071571920977,-581.2393718751016,470.6625471359844,709.7670908320715,89.36793337956323,21.032454587167653,0.17643677238561395,470.6625471623385,446.79241772278465,384.49407774013406,-1.194539299138512,100.0,0.9999999999999889,447.98695702192316,23.989600540334962,4.989577663991362,599.6240943835242,-0.006380016101817709,2.7403590934227395e-05,False,True,RELEASE,RELEASED,
9.991999999990448,SLOWDOWN_4,0.22392022692314986,1282.9683950308154,40.76223547901394,-0.04914788566273144,289.9863395762624,1.6958648668612641,-0.9361062810487664,1.4140942957368225,0.9167487075009098,-4.322638450841913,-580.7557096915524,470.1791068300718,710.2586601578438,89.38168813328302,21.023019285209852,0.17189544298605597,470.17910686981634,446.3428667910916,384.4178042974913,-1.4663703631589442,100.0,0.9999999999999889,447.8092371542505,23.989592617584467,4.993377287280752,599.6238644494897,-0.005707449373887563,2.7446205876913154e-05,False,True,RELEASE,RELEASED,
10.001999999990424,SLOWDOWN_4,0.2236499677812665,1281.419924210341,40.71354270348061,-0.04913487349324678,289.910548029039,1.69649836247225,-0.9353441494960667,1.4153579108743153,0.9175853003710654,-4.3240604347121065,-580.245586144567,469.6735230707892,710.7075366479826,89.39258014518677,21.01203146462443,0.16745146396658583,469.6735231258662,445.87185328706335,384.32685918960306,-1.7255245751892403,100.0,0.9999999999999889,447.5973778622526,23.989585033777384,4.997014356427092,599.6236572979008,-0.005115591121496621,2.7488513524076552e-05,False,True,RELEASE,RELEASED,
10.011999999990401,SLOWDOWN_4,0.2233774683794098,1279.8586176457181,40.6643963356995,-0.049123010934033554,289.8245367682774,1.697101823230114,-0.934573117737181,1.4165901616254368,0.9184028586732167,-4.325343269254994,-579.7105376148602,469.14712849177,711.1152610353178,89.40073994301605,20.99956552823666,0.1631036518373321,469.1471285637918,445.3806548689488,384.221924473466,-1.9723367858759957,100.0,0.9999999999999889,447.3529916548248,23.989577834011452,5.000467243625565,599.623469662421,-0.004625245247479981,2.7530654392649012e-05,False,True,RELEASE,RELEASED,
10.021999999990378,SLOWDOWN_4,0.22310298834535788,1278.28596289454,40.61484533196588,-0.04911225804789331,289.7287961689688,1.6976762984644382,-0.933794075999082,1.4177917470478298,0.9192017542936763,-4.326492513880163,-579.1520453402904,468.60120787450404,711.4833369126764,89.40629289041297,20.985693832379972,0.15885074299239932,468.60120796476684,444.87050374262554,384.10366274491645,-2.207143936340799,100.0,0.9999999999999889,447.07764767896634,23.98957103721379,5.003726872085229,599.6232977402124,-0.004245893620987928,2.7573762281463132e-05,False,True,RELEASE,RELEASED,
10.031999999990354,SLOWDOWN_4,0.222826776697283,1276.7033867258358,40.56493657653709,-0.049102578460404965,289.62380210244544,1.698222801305664,-0.9330078737777315,1.4189633505990251,0.9199823549945902,-4.327513550864616,-578.5715373917856,468.0369997476754,711.813231197329,89.4093595442554,20.970486686069126,0.15469141378537188,468.0369998572155,444.34258812968085,383.9727172797225,-2.4302834314465827,100.0,0.9999999999999889,446.77287156112743,23.98956463918766,5.006795254817948,599.6231375724611,-0.003977013421258668,2.7616434408628265e-05,False,True,RELEASE,RELEASED,
10.041999999990331,BRAKE_APPLY,0.2225490721824328,1275.1122570605712,40.514715198554384,-0.049093932752997116,289.5100161145619,1.6987423109587843,-0.9322153222764216,1.420105641124863,0.9207450240794048,-4.328411592994681,-577.9703904267913,467.4556978267325,712.1063745644599,89.41005594648945,20.954012357663476,0.1506242959070505,467.4556979563241,443.7980535950443,383.82971223434834,-2.6420918410194076,100.0,0.9999999999999889,446.4401454360637,23.989558616883457,5.009683446313597,599.6229853681816,-0.0038099222837573166,2.7657922601065366e-05,False,True,APPLY,RELEASED,
10.051999999990308,BRAKE_APPLY,0.2222701036021548,1273.5138848339025,40.464224407118344,-0.049086284237020876,289.38788563148574,1.699235774582404,-0.9314171964761152,1.4212192736271336,0.9214901201462958,-4.3291916900563265,-577.3499312774444,466.858452334939,712.3641618647787,89.4084938667093,20.936337087565473,0.14664798823139336,466.8584524851325,443.2380042707661,383.67525289176314,-2.8429038551634562,100.0,0.9999999999999889,446.08090812592957,23.989552933345436,5.0124091701574915,599.6228377567493,-0.0037299146551816875,2.770040100585902e-05,False,True,APPLY,RELEASED,
10.061999999990284,BRAKE_APPLY,0.22199009012515705,1271.909525790027,40.41350563726907,-0.04907959664609457,289.25784418622504,1.6997041088687204,-0.9306142369247727,1.422304889866492,0.9222179969081182,-4.329858734462345,-576.7114384154966,466.24637123613496,712.5879525366304,89.40478100756266,20.917525105815614,0.14276106598276783,466.24637140726804,442.6635040026014,383.50992594118446,-3.0330514380384557,100.0,0.9999999999999889,445.6965554406399,23.989547542833062,5.014994362913702,599.6226919627234,-0.003718473181267612,2.774386814508034e-05,False,True,APPLY,RELEASED,
10.071999999990261,BRAKE_APPLY,0.22170924159044098,1270.3003822178605,40.362598485823085,-0.049073837225849536,289.1203116606472,1.7001482013968987,-0.9298071513111592,1.4233631188434437,0.9229290030628109,-4.3304174662336,-576.0561433251902,465.6205214015191,712.7790710202756,89.39902118209599,20.897638653687444,0.13896208788673903,465.6205215937503,442.075577439177,383.33429978328786,-3.212863137616864,100.0,0.9999999999999889,445.28844057679385,23.98954239569314,5.017462837535979,599.6225459035982,-0.0037553722804295475,2.778580608264747e-05,False,True,APPLY,RELEASED,
10.081999999990238,BRAKE_APPLY,0.22142775880097162,1268.6876046336442,40.31154112017738,-0.049068967496110276,288.97569453895545,1.7005689118133531,-0.9289966158719052,1.4243945771887085,0.9236234822022242,-4.330872477494938,-575.3852318067093,464.98192972652873,712.9388071791775,89.3913144697746,20.876738008567926,0.1352496018380407,464.9819299398589,441.4752110777624,383.14892485440436,-3.3826635194628807,100.0,0.9999999999999889,444.8578745972253,23.98953744265461,5.0198382236643795,599.6223982169586,-0.0038205323455065,2.7827948201775143e-05,False,True,APPLY,RELEASED,
10.091999999990215,BRAKE_APPLY,0.2209757687416819,1266.0978923557275,40.26290738522201,-0.048192140590781626,288.778925961214,1.6995898705828612,-0.9255104724150727,1.4254950345890005,0.9243374542912236,-4.320181907828026,-572.7933109117223,462.92161700213677,713.0037812738098,89.14043956957767,20.84831701982808,-0.1170626798163994,462.92161743379773,439.5679134316447,382.94066224610117,-4.806482936479313,100.0,0.9999999999999889,444.374396368124,23.98953263551595,5.022143637959634,599.6222425491857,-0.004097796064752579,2.7855368102791545e-05,False,True,APPLY,MOVING,
10.101999999990191,BRAKE_APPLY,0.21975099658614683,1259.0804648179974,40.10234767507499,-0.04655590658479081,288.17671083791026,1.6954169094144758,-0.9069412059379924,1.4324441160828134,0.9257635420091543,-4.25591962417647,-561.1455472819912,452.687644915148,714.9854358105155,87.95206918130611,20.76145416733914,-0.2556209818019397,452.68764815769356,430.13032264366836,382.450029516535,-13.106116984200924,100.0,0.9999999999999889,443.2364396278693,23.989527349059713,5.0246789229830755,599.6217914553661,-0.016711078590429196,2.7825960842164932e-05,False,True,APPLY,MOVING,
10.111999999990168,BRAKE_APPLY,0.21781203136668786,1247.9710124482317,39.80502254533681,-0.04506997077804064,287.026769998441,1.6873074472204714,-0.8792506892558357,1.4401127202024158,0.9281168215402834,-4.15904270156479,-543.5337236211744,437.1150388658038,715.9447645076034,86.04748325722602,20.59609167393449,-0.22489017578993753,437.11503886580255,415.72926962601827,381.3726738265362,-25.013507166708905,100.0,0.9999999999999889,440.74277679272717,23.989519350778597,5.028514746111369,599.6208071055039,-0.02978021366636785,2.7758173587244528e-05,False,True,APPLY,MOVING,
10.121999999990145,BRAKE_APPLY,0.21525035375924423,1233.2936809102628,39.39405837567781,-0.04355303969029303,285.28419649164226,1.6752768533100326,-0.8463983837700058,1.4457393648883905,0.9311556150157599,-4.04188914443623,-522.0108409173286,418.2280596570465,714.3784545687242,83.62381188578505,20.34676819197049,-0.18779881747423133,418.2280596570484,398.2055818883931,379.5752117712599,-38.39242232734989,100.0,0.9999999999999889,436.598004215743,23.989506786080195,5.034540530738498,599.6194510614686,-0.03653525572626126,2.7669222959048057e-05,False,True,APPLY,MOVING,
10.131999999990121,BRAKE_APPLY,0.21213985594148557,1215.4718411960405,38.88317582472886,-0.04198608216823903,282.9253692655097,1.6602101537198193,-0.8100466897693445,1.4491798076526305,0.9346276526748286,-3.9097352944531014,-497.6464092807735,396.95618250421643,710.1576877893106,80.8511522847422,20.011691143506255,-0.17261665169087337,396.956182504219,378.4052916944713,376.99536916685065,-52.27806701234215,100.0,0.9999999999999889,430.68335870681346,23.98948925192212,5.042949560879154,599.6179721052663,-0.036436981389846856,2.7567097163228027e-05,False,True,APPLY,MOVING,
10.141999999990098,BRAKE_APPLY,0.20854460592589721,1194.8725759772847,38.28301582121139,-0.040385272986812874,279.94380682171743,1.6430148327283396,-0.7711838066271786,1.4507836768317142,0.9383254523285408,-3.7658728490913482,-471.21148156847454,373.92921092684037,703.4514869753805,77.8684248792162,19.592133744458767,-0.17828798204374152,373.9292109268428,356.9053623351555,373.60659855472284,-66.07006337280905,100.0,0.9999999999999889,422.9754257079645,23.98946763910152,5.053314618747918,599.6165988273528,-0.030596800847898287,2.7457653914098046e-05,False,True,APPLY,MOVING,
10.151999999990075,BRAKE_APPLY,0.2045212669789023,1171.820541855943,37.60280717202524,-0.038770444712723194,276.3465072343542,1.6244640642170962,-0.7305353784932562,1.450931272218792,0.9420887103597727,-3.612888065468353,-443.3474667615257,349.66797632414756,694.4827268852789,74.7864267513967,19.09184801515675,-0.19878432917528244,349.66797632415376,334.1870405868595,369.40553642014845,-79.32947558846206,100.0,0.9999999999999889,413.51651617532156,23.98944370411448,5.064793317394201,599.6155097570238,-0.020587181872050664,2.7340820224708295e-05,False,True,APPLY,MOVING,
10.161999999990051,BRAKE_APPLY,0.2001201503329108,1146.6040009599346,36.85081487245159,-0.03715843184524027,272.15084074374977,1.6051869681722677,-0.6886791527389294,1.4499469739865893,0.9457972391580488,-3.452999253606856,-414.6088378387397,324.6289478372703,683.4746757080003,71.6917539285698,18.516520029382463,-0.2283839564827872,324.6289478372861,310.67569004157633,364.40566885784574,-91.72276903640079,100.0,0.9999999999999889,402.3984590779771,23.989419634861175,5.076336384106179,599.6148254919335,-0.008056924834089152,2.7224233122069563e-05,False,True,APPLY,MOVING,
10.171999999990028,BRAKE_APPLY,0.19538589767331746,1119.478731305606,36.03449878546456,-0.03556200218994642,267.3819213559362,1.585684344078734,-0.6460840947911127,1.448091910589364,0.9493633558950021,-3.2881499379539822,-385.47487638696117,299.2138669394469,670.6389829814078,68.6503861867848,17.873272966998016,-0.26264970626908735,299.21386693948045,286.748680750412,358.6330515579717,-103.00182127922852,100.0,0.9999999999999889,389.75050202964053,23.989397680489763,5.08686518133363,599.6146095448992,0.0054510270645016234,2.7105367394142377e-05,False,True,APPLY,MOVING,
10.181999999990005,BRAKE_APPLY,0.19035805765884153,1090.6713300159595,35.16060145189608,-0.03399002005898445,262.070373335575,1.5663456763806578,-0.6031286822460034,1.445570672976102,0.9527252200668636,-3.1200353576757474,-356.3543223084385,273.7716900131718,656.1722859877602,65.71086350681344,17.170220145061922,-0.2984513566070177,273.77169001323176,262.736326047327,352.1229603554039,-112.99270186010324,100.0,0.9999999999999889,375.72902790743024,23.989379866316938,5.0954084230818015,599.6148741391769,0.018611652847180693,2.6987955038748623e-05,False,True,APPLY,MOVING,
10.191999999989982,BRAKE_APPLY,0.18507162698358498,1060.3823133778901,34.23521758826903,-0.032447859326822266,256.2504400993138,1.5474641535680889,-0.5601130240935849,1.4425389793066046,0.9558411635142132,-2.950113043469747,-327.5893324442649,248.59988223578324,640.2547431502517,62.90716087565162,16.416072012773004,-0.33378267994368116,248.59988223588326,238.9223447892771,344.9171276451408,-121.5862156439745,100.0,0.9999999999999889,360.5085604332516,23.98936779844966,5.101195869966494,599.6155891957495,0.030387252855632596,2.6873908609559294e-05,False,True,APPLY,MOVING,
10.201999999989958,BRAKE_APPLY,0.17955756830450814,1028.7890843480316,33.263855268756366,-0.03093791147167386,249.95840537943894,1.5292501411822914,-0.5172691599039099,1.439110353836134,0.9586848666983381,-2.779613919116115,-299.460429685112,223.94685039815448,623.049383374885,60.261322687702254,15.619801104957986,-0.36754450570231256,223.94685039830733,215.54550537907525,337.06144158360394,-128.728480688852,100.0,0.9999999999999889,344.27398606792724,23.98936255434965,5.103710807168914,599.6166931643866,0.04006076856325169,2.6764061203721212e-05,False,True,APPLY,MOVING,
10.211999999989935,BRAKE_APPLY,0.17384329834855067,996.0487292005547,32.25149179667015,-0.02946011043473976,243.23130467005504,1.5118436317562005,-0.4747708628318798,1.4353619037328706,0.9612412663817703,-2.60955908452991,-272.1926150940623,200.01573143459942,604.7021490241533,57.78585579293511,14.790366892874289,-0.39933902634555807,200.01573143483893,192.80265551647136,328.6040539953749,-134.41135752048035,100.0,0.9999999999999889,327.2140130369517,23.989364649875558,5.102705846286611,599.6181044968332,0.047237415642213954,2.665919714672782e-05,False,True,APPLY,MOVING,
10.221999999989912,BRAKE_APPLY,0.16795313465477452,962.3005771710986,31.20262231131733,-0.028012504387137073,236.10590334145846,1.495325764874135,-0.4327432034587667,1.431339394747682,0.9635031171429289,-2.440782789880527,-245.96227234311624,176.96921681689003,585.3425534198927,55.48584828310617,13.936499398171534,-0.42929215505159846,176.9692168172494,170.85283706009687,319.5938628107777,-138.66303308024573,100.0,0.9999999999999889,309.5158701403426,23.989374069416485,5.098188472071357,599.6197327271748,0.05182027764672803,2.6560160904409713e-05,False,True,APPLY,MOVING,
10.231999999989888,BRAKE_APPLY,0.1619086906170066,927.668463884387,30.121302148074484,-0.026591811252631603,228.61791162653833,1.4797292135845517,-0.3912717346289059,1.4270616578186253,0.9654681415225993,-2.273960092337567,-220.90434063942175,154.93493572785349,565.0847906085329,53.36077914517104,13.066537379119923,-0.4579116127225973,154.93493572838912,149.8220314134998,310.0793369447735,-141.53916616258905,100.0,0.9999999999999889,291.36119757608884,23.98939034350035,5.090383823610446,599.621488345065,0.05396670983737195,2.646816506057803e-05,False,True,APPLY,MOVING,
10.241999999989865,BRAKE_APPLY,0.155729212066023,892.2626598280893,29.011181777975708,-0.02519397136436146,220.8013996985373,1.4650471349797534,-0.35041106948719675,1.422524231812317,0.9671366977352087,-2.1096371142248995,-197.1192753260893,134.01094403443074,544.0290898800711,51.405999864121696,12.188314527208306,-0.48598309967192677,134.01094403521205,129.80809728344423,300.1076481700003,-143.11493450482146,100.0,0.9999999999999889,272.9230317882657,23.989412657641314,5.0796824958051126,599.6232909011917,0.05403285365468413,2.638169030433346e-05,False,True,APPLY,MOVING,
10.251999999989842,BRAKE_APPLY,0.14943185236281242,856.1814465211171,27.87553394259633,-0.023814704660890848,212.6883699879487,1.451240417245272,-0.31019271091999673,1.417702095201363,0.9685098801583679,-1.948262168371131,-174.6794548248526,114.27098173924708,522.2631110575322,49.61389073267706,11.309085682032643,-0.5145033291038033,114.27098174038645,110.88556732925923,289.72407190247594,-143.4781837002866,100.0,0.9999999999999889,254.36375102954582,23.989439976979945,5.0665807679020345,599.6250750418026,0.05251326805807821,2.6302759806640097e-05,False,True,APPLY,MOVING,
10.261999999989818,BRAKE_APPLY,0.1430318854267726,819.5123370752815,26.717272105471945,-0.022450113719303944,204.3084382477875,1.438243041166041,-0.27063219040460007,1.4125513310953874,0.9695879528215,-1.7902169883718766,-153.63486670192086,95.76931563355929,499.8632057555084,47.974713524272204,10.435484484812504,-0.5446469407240784,95.76931563522974,93.11011373625841,278.97162035060893,-142.72371947902468,100.0,0.9999999999999889,235.8338332152831,23.989471173167747,5.051619755593045,599.6267944062713,0.04998183279922852,2.6230394382764644e-05,False,True,APPLY,MOVING,
10.271999999989795,BRAKE_APPLY,0.13654285620382087,782.3329383140624,25.53895733359203,-0.02109746572026308,195.68856650923195,1.4259654438983753,-0.23173588943283965,1.407009568105726,0.970369001424476,-1.6358488481124125,-134.01808442339947,78.54515089341737,476.8953963316704,46.4771941065748,9.573503765609527,-0.5777643422028405,78.54515089590254,76.52265109422399,267.8908796686066,-140.9486319652277,100.0,0.9999999999999889,217.47128305945168,23.989505142604795,5.035328709062771,599.628423521978,0.04703889460069899,2.6164391215388605e-05,False,True,APPLY,MOVING,
10.281999999989772,BRAKE_APPLY,0.12997666439604702,744.7114305081806,24.34278787635238,-0.01975642544983518,186.85277187868965,1.4142957761885857,-0.19350845784883747,1.4009950104428774,0.9708476711516835,-1.4855069064409623,-115.84873958189216,62.626785957469124,453.41591588222866,45.10887288492046,8.728489589687412,-0.6154088501864408,62.626785961270045,61.15322820975263,256.520041258459,-138.2483826000679,100.0,0.9999999999999889,199.40161080982054,23.98954090820974,5.018176207303873,599.6299579861857,0.04426832210911069,2.610615297271579e-05,False,True,APPLY,MOVING,
10.291999999989748,BRAKE_APPLY,0.12334356667274353,706.7065800438681,23.13055745263799,-0.018431399662426143,177.8216841212272,1.4030988344913984,-0.15596289676149253,1.3944037844845678,0.971013825132316,-1.339591302569691,-99.13798148563922,48.035978231171185,429.4710551535568,43.8562600566088,7.9051378359273805,-0.6593946380687044,48.03597823726036,47.02514506601263,244.89515594886345,-134.71315010737368,100.0,0.9999999999999889,181.7382951733863,23.98957770007843,5.000531475639422,599.6314133343242,0.0422068924368153,2.6066351097142615e-05,False,True,APPLY,MOVING,
10.301999999989725,BRAKE_APPLY,0.11665205573690476,668.3670465249485,21.903545049796364,-0.017136792249012846,168.6116758333681,1.3922120899496073,-0.11913842447881368,1.3871050930677744,0.9708508784590848,-1.19863702534713,-83.89408385346667,34.793660762843025,405.09570494777233,42.70483118028625,7.107474306834203,-0.7118823964970176,34.79366077339741,34.16038753554487,233.0507264174253,-130.42337332411876,100.0,0.9999999999999889,164.58376085966364,23.98961501343811,4.982636590789311,599.6328230655178,0.04132752729945999,2.6035367341137317e-05,False,True,APPLY,MOVING,
10.311999999989702,BRAKE_APPLY,0.10990849975100687,629.7293168347353,20.662212315250468,-0.015911409076528927,159.23278990735756,1.381437524023483,-0.08314118806930443,1.3789333470572662,0.9703333544668327,-1.0634982219705782,-70.13249643878973,22.93028000328079,380.3088275275451,41.63893285244939,6.338770345420167,-0.7754867623606145,22.93028002431333,22.589561584704025,221.02098931046174,-125.44158300855264,100.0,0.9999999999999889,148.03114459325667,23.989652645097227,4.964588998262137,599.6342363465403,0.04203721671600569,2.6003496941484627e-05,False,True,APPLY,MOVING,
10.321999999989679,BRAKE_APPLY,0.10311616676356414,590.8121155119397,19.405181174364156,-0.014870049744672107,149.68250638690608,1.370525742484817,-0.048265243492561206,1.3696756101662038,0.9694224744937318,-0.9358870009440172,-57.90304803671711,12.513136310616424,355.0989567467516,40.641891317579265,5.601213179566545,-0.853192771044931,12.513136366707052,12.378497512999598,208.84304606251388,-119.78943548296645,100.0,0.9999999999999889,132.16793299596605,23.989690712158374,4.946332535664405,599.6357159867946,0.04469082428484317,2.597386492197984e-05,False,True,APPLY,MOVING,
10.331999999989655,BRAKE_APPLY,0.09627193326762934,551.5975461800266,18.123257357595023,-0.014529811604875454,139.91594680868195,1.3591499699703118,-0.015546154340562375,1.359061057478846,0.9680551226910171,-0.8208682735729717,-47.41594539295874,3.7674788077032346,329.35693421406665,39.69931770277363,4.8941180428424795,-0.944969160361282,3.76747918795686,3.747593822493391,196.56713366871358,-113.33918811306262,100.0,0.9999999999999889,117.086781935556,23.989729659437508,4.927653872090578,599.6373374133493,0.049603266414890435,2.5949753876375325e-05,False,True,APPLY,MOVING,
10.341999999989634,BRAKE_APPLY,0.08932636392044385,511.8023651891102,16.690750376293593,-0.022127732727222637,129.28052878418976,1.3462535050158195,-9.975941726955299e-15,1.3462535050158195,0.9660170261193539,-0.7828260554388013,-41.95620306871915,2.2382096176443156e-12,301.45368296147905,38.88166719264148,4.178363780679929,-1.1038279046042945,0.0,0.0,184.38238832519548,-103.02080340758425,100.0,0.9999999999999889,103.02080340758425,23.98977024476377,4.908189555546881,599.6391727579351,0.05807172516665471,2.6124650389647286e-05,False,True,APPLY,MOVING,
10.351999999989642,BRAKE_APPLY,0.0821070675012842,470.4388436019347,15.208635462081613,-0.03107835188948963,117.74111171984558,1.3288717410848836,-3.6766535368202055e-15,1.3288717410848836,0.9626569504724801,-0.8139769320193763,-40.09995534108189,7.460698725481052e-13,271.0015816707485,37.989531126342335,3.4657423472562896,-1.3553181325178159,0.0,0.0,172.86955205630454,-90.55721826711229,100.0,0.9999999999999889,90.55721826711229,23.98981387108284,4.887266735789604,599.6415105948836,0.07411498402016381,2.678163684777246e-05,False,True,APPLY,MOVING,
10.36199999998964,BRAKE_APPLY,0.07458129089330577,427.3193198823902,13.790049078923238,-0.03291708737886614,105.90517706811505,1.3106758020122802,-3.6083638477426755e-15,1.3106758020122802,0.9581257447451931,-0.8532624661289131,-38.18244971681995,6.821210263296962e-13,240.42138767136208,37.09398399831724,2.8039766324572013,-1.7155109139556188,0.0,0.0,162.0755755388825,-79.6014914735143,100.0,0.9999999999999889,79.6014914735143,23.98986283723364,4.8637828864737385,599.6444032014033,0.08900130434096276,2.7263262268206745e-05,False,True,APPLY,MOVING,
10.371999999989633,BRAKE_APPLY,0.06674050317178148,382.39491543225625,12.241119704478356,-0.041285232788955115,93.4173383346249,1.2899599825816643,-2.0948016176013187e-15,1.289959982581664,0.9523864318303443,-0.9033935665338606,-36.17576471557206,3.3573144264664734e-13,208.7201384700134,36.118115153875834,2.1816997753814453,-2.124050213685557,0.0,0.0,151.95557504254035,-69.97120238336016,100.0,0.9999999999999889,69.97120238336016,23.98991884478915,4.8369219074006615,599.6478273327739,0.10523214916402956,2.7647414071907406e-05,False,True,APPLY,MOVING,
10.381999999989626,BRAKE_APPLY,0.058577371025042055,335.62361347068264,10.64925807092249,-0.05053832932297193,80.44918155368889,1.2636094425147306,-1.3347253741369599e-15,1.2636094425147304,0.9451011447092259,-0.9633498425530377,-33.85830069248708,1.8118839761882555e-13,176.0739552377952,34.91751248522556,1.6180177031645995,-2.6772294959035534,0.0,0.0,142.46746750082858,-61.50599786696794,100.0,0.9999999999999889,61.50599786696794,23.98998359067421,4.805869907264153,599.6519229830551,0.1277512991284464,2.800980371375772e-05,False,True,APPLY,MOVING,
10.39199999998962,BRAKE_APPLY,0.05008484271007223,286.96501048637066,9.013149538363722,-0.061282774554103685,67.00549013491995,1.2279514949986605,-7.90034723429354e-16,1.2279514949986605,0.9356487868889243,-1.0319874927594799,-31.01215875217221,9.592326932761353e-14,142.5122601913414,33.346927432874814,1.1224339270552142,-3.457202607757708,0.0,0.0,133.62779589831334,-52.70766357481917,100.0,0.9740788080329902,52.70766357481917,23.990059591815676,4.769419694177265,599.6569988066044,0.16157906920745457,2.8508212380984332e-05,False,True,APPLY,MOVING,
10.401999999989624,BRAKE_APPLY,0.041261463314804105,236.41077044721507,7.330452544953688,-0.07501671507743934,53.118304644888305,1.1770901693799103,-2.153291992900512e-16,1.1770901693799103,0.9229897830285668,-1.1029802616806137,-27.306347762572603,1.9984014443252818e-14,108.29653599951722,31.192421465232492,0.7053885720867906,-4.59146227474637,0.0,0.0,125.84404968164694,-42.19781565743644,100.0,0.8793029687261156,42.19781565743644,23.99015099666861,4.725581541735317,599.6635770164842,0.21386743742366487,2.9465233296832594e-05,False,True,APPLY,MOVING,
10.411999999989657,BRAKE_APPLY,0.032127245912473464,184.07555981636548,5.373004787920554,-0.14197776403871978,38.47301329388014,1.101510837577343,-1.2713963030105716e-09,1.1015108375773428,0.9054591438041427,-1.1569955309459643,-22.30264796540028,8.47223091682281e-08,73.40161312637639,28.153672092233435,0.3700431879777697,-6.221067399533155,0.0,0.0,119.38539987771266,-32.48774872880204,100.0,0.7521961748334975,32.48774872880204,23.990264567166353,4.671112187101398,599.6724752886958,0.29400636944382574,3.0388331879294128e-05,False,True,APPLY,MOVING,
10.421999999989698,BRAKE_APPLY,0.02276255548243005,130.41983600756154,3.899170516769679,-0.11493658669750126,24.856933911454686,0.9875404948814116,0.0010116974578769358,0.9875399766586047,0.8806314774269421,-1.1453896300118016,-15.643197001286197,-0.0435570886355201,42.5170251833036,23.914562278204954,0.1544667908696065,-8.382274979152921,0.0,0.0,114.22621911104953,-24.457001941568933,100.0,0.6185653009306367,24.457001941568933,23.990410630017827,4.601058471110158,599.6847028522257,0.36596836359007545,3.1018819413475285e-05,False,True,APPLY,MOVING,
10.431999999989674,BRAKE_APPLY,0.014612981449856321,83.72621631797297,4.654589708302594,0.4004038911770112,27.803220658250705,0.9244517245216258,0.3939805207649888,0.8362956057691302,0.8556762881438045,0.48482278941583146,4.250823856920685,-18.97275871934128,40.27314526996045,19.42204329720256,0.19325476974284475,-4.893363204524743,0.0,0.0,110.21271604702329,-18.149533659154187,100.0,0.4930784251312539,18.149533659154187,23.99016912778838,4.716885740608974,599.4164189110154,-18.36851979599585,3.0866567612974904e-05,False,True,APPLY,MOVING,
10.441999999989651,BRAKE_APPLY,0.009611759028741047,55.07132260436253,3.090738211146374,0.4060607440453929,27.17234349182818,1.0414589375411811,0.7436701003625702,0.72910321656891,0.8348794026299555,1.792914133494714,10.339835166225148,-34.99999998270927,34.31442591932059,29.157277686186255,0.18458406270947436,-4.6816969324116275,0.0,0.0,107.15445230163937,-13.315221895381686,100.0,0.3826854113725776,13.315221895381686,23.986476954391122,6.48740443701061,598.3527014510057,-32.974813546121894,3.129154163161729e-05,False,True,APPLY,MOVING,
10.451999999989628,BRAKE_APPLY,0.005658908362238185,32.42315658075368,2.4544464396725636,0.5596677651807699,24.264803522393372,1.054736748481131,0.8327806734333654,0.6472603483548321,0.8120867398234319,2.0982525775327616,7.124291434252781,-34.99999999388613,27.202975418562616,32.348654972989934,0.14719517249508848,-4.620141585851673,0.0,0.0,104.86629361927456,-9.659085933722587,100.0,0.2898532220964949,9.659085933722587,23.977740575594314,10.674614075231784,597.2395491925995,-29.227199538951524,3.1460686841455754e-05,False,True,APPLY,MOVING,
10.461999999989605,BRAKE_APPLY,0.002086334252257492,11.95381473079367,1.963998689301669,0.7971177408635978,22.052477400459306,1.0816467615952368,0.9163260459718507,0.5747227978278369,0.7886383765694897,2.3565208185647104,2.9498940599576504,-34.999999997591715,21.952118474659322,36.31330394009051,0.12157793987444213,-4.384775942330897,0.0,0.0,103.18477809492748,-6.91622764619898,100.0,0.21436404839723122,6.91622764619898,23.965417511963654,16.57567528787108,596.2869662718117,-23.959362028668664,3.162511291066039e-05,False,True,APPLY,MOVING,
10.471999999989581,BRAKE_APPLY,0.0,0.0,1.4552309374256116,1.0,20.62399533554444,1.1056024617746343,0.9797936380688443,0.5122120950172391,0.7650830667044768,2.5181161381489816,0.0,-34.99999999946492,18.297141998864088,39.687099303488104,0.10633729590013972,-4.793436599923316,0.0,0.0,101.97273292774858,-4.872008042752021,100.0,0.15461578111938473,4.872008042752021,23.951081313494523,23.433108764841215,595.5380891724421,-17.82696971427651,3.17261620921272e-05,False,True,APPLY,MOVING,
10.481999999989558,BRAKE_APPLY,0.0,0.0,1.397464339979825,1.0,20.515899984401692,1.097541690409194,0.9849560310162162,0.48421005684625484,0.7438069204038812,2.4375191906440907,0.0,-34.99999999952376,17.206201551863284,38.9772204258303,0.10522553804249336,-4.082445964349034,0.0,0.0,101.11843008947815,-3.3594658508046478,100.0,0.10842352781245893,3.3594658508046478,23.936169925329473,30.556950273204524,595.0147236166792,-11.402193075774779,3.172600440848328e-05,False,True,APPLY,MOVING,
10.491999999989535,BRAKE_APPLY,0.0,0.0,1.4816931891510101,1.0,20.485855992281373,1.0919717133834828,0.9864005403974586,0.46841882619431596,0.7256556498677218,2.355642916560685,0.0,-34.999999999400636,16.6206913369231,38.27415777959683,0.10491757393412265,-3.3790753541303147,0.0,0.0,100.53265650717738,-2.250592567338665,100.0,0.07348462848379643,2.250592567338665,23.921911350665805,37.36059493731643,594.7170164891888,-5.269766223561646,3.1727709028928075e-05,False,True,APPLY,MOVING,
10.501999999989511,BRAKE_APPLY,0.0,0.0,1.5368196074919573,1.0,20.46666007705227,1.0871814685341306,0.9873256967757013,0.4551390051516178,0.7100398631228743,2.2875471875164983,0.0,-34.99999999932479,16.13435691182889,37.72253854717312,0.10472104367740136,-2.8272595915257366,0.0,0.0,100.14525012106837,-1.4474764497477837,100.0,0.04762826214064154,1.4474764497477837,23.90926579476635,43.387764592165446,594.6272605538893,0.16251547377854791,3.172813694618526e-05,False,True,APPLY,MOVING,
10.511999999989488,BRAKE_APPLY,0.0,0.0,1.584992632428657,1.0,20.45089142171416,1.083149496125404,0.988086974035296,0.44373073219970727,0.6966038130782207,2.2289904331478816,0.0,-34.99999999925357,15.717822453657565,37.26771982221908,0.1045597399856855,-2.3722795629511957,0.0,0.0,99.90148410551804,-0.8831830954006834,100.0,0.029202552116890775,0.8831830954006834,23.898902610200693,48.32233345918227,594.7150879413623,4.610190490016215,3.172713934418425e-05,False,True,APPLY,MOVING,
10.521999999989465,BRAKE_APPLY,0.0,0.0,1.6282132335710966,1.0,20.43796413200909,1.079778929675976,0.9887119524551163,0.43401752504315816,0.6850558751591962,2.1785169256311043,0.0,-34.99999999918498,15.364043428863472,36.89026982113788,0.10442759446532256,-1.99469741641823,0.0,0.0,99.75357337194254,-0.5340925876642287,100.0,0.017712243200750342,0.5340925876642287,23.89120215445805,51.98622643624428,594.9420157615195,7.9131618898575695,3.1727110695101146e-05,False,True,APPLY,MOVING,
10.531999999989441,BRAKE_APPLY,0.0,0.0,1.6668565720022144,1.0,20.42735982437154,1.0769559081746274,0.9892252153418152,0.4257552131027588,0.6751414951593079,2.1350553696476307,0.0,-34.99999999911975,15.063741023900985,36.57591441279856,0.10431925734858712,-1.6802336710273984,0.0,0.0,99.66396769166849,-0.3233618131754422,100.0,0.010743018553541725,0.3233618131754422,23.886277650222596,54.32807243637663,595.2658384775391,10.02538967158894,3.1728563840260904e-05,False,True,APPLY,MOVING,
10.541999999989418,BRAKE_APPLY,0.0,0.0,1.701186519442348,1.0,20.418650280350846,1.0745851572410834,0.9896471678414064,0.418726334670184,0.6666378850451189,2.097680988674619,0.0,-34.999999999058545,14.8087340511753,36.3133476452705,0.10423031981781793,-1.417577966029759,0.0,0.0,99.60965831911679,-0.19591516113809596,100.0,0.006515970130584724,0.19591516113809596,23.884012631304675,55.404875579818686,595.6445140783364,10.99833807667627,3.1728067256153736e-05,False,True,APPLY,MOVING,
10.551999999989395,BRAKE_APPLY,0.0,0.0,1.7315032194263904,1.0,20.41148440237207,1.0725894540711813,0.9899946041509968,0.41274546725145944,0.6593505496006642,2.065580309022579,0.0,-34.999999999001794,14.59209100010985,36.09347829042493,0.1041571738770696,-1.1976354653001984,0.0,0.0,99.57673243918799,-0.11875000758164159,100.0,0.00395213566197137,0.11875000758164159,23.8841090881506,55.359023618727406,596.0393417021987,10.960285154075358,3.172823278418946e-05,False,True,APPLY,MOVING,
10.561999999989371,BRAKE_APPLY,0.0,0.0,1.7581376185175546,1.0,20.405576043920707,1.0709060649150215,0.990281253395483,0.40765529439128784,0.6531101963518045,2.0380386999097313,0.0,-34.99999999894992,14.407962641264803,35.9089460175625,0.10409688342105768,-1.013042902033634,0.0,0.0,99.55676718629724,-0.07199664093039945,100.0,0.002397091450329321,0.07199664093039945,23.88614128053191,54.39290918470488,596.4173157395226,10.09348841628762,3.1727598752695485e-05,False,True,APPLY,MOVING,
10.571999999989348,BRAKE_APPLY,0.0,0.0,1.7814333124554502,1.0,20.400692954107836,1.0694837073039036,0.9905182861415787,0.40332235867560207,0.6477698763642488,2.0144306613301906,0.0,-34.99999999890289,14.25141034820419,35.75376027190143,0.1040470682519463,-0.8578073412504921,0.0,0.0,99.54465959865095,-0.04365754936499081,100.0,0.0014539094587597574,0.04365754936499081,23.88961035238341,52.74331336994535,596.7526241868256,8.611135482764524,3.172718231780891e-05,False,True,APPLY,MOVING,
10.581999999989325,BRAKE_APPLY,0.0,0.0,1.8017315916284382,1.0,20.396647086900632,1.0682802032558327,0.9907147647790019,0.39963339139417586,0.6432023499896621,1.9942106806554198,0.0,-34.9999999988606,14.118260063945774,35.62302212100366,0.10400580309689302,-0.7270279252399536,0.0,0.0,99.53731669293126,-0.02647573582349412,100.0,0.0008818406631839945,0.02647573582349412,23.893995418093958,50.65745988719855,597.0273300325421,6.735796953930787,3.172657625327702e-05,False,True,APPLY,MOVING,
10.591999999989302,BRAKE_APPLY,0.0,0.0,1.8193608630271696,1.0,20.39328634113323,1.0672606750849605,0.9908780312763655,0.39649221394206396,0.6392976829354042,1.9769045389709832,0.0,-34.999999998822894,14.00498048143226,35.512707720028445,0.10397153194786282,-0.6166792531534178,0.0,0.0,99.5328632593775,-0.016056908603551984,100.0,0.0005348633992024146,0.016056908603551984,23.89879765453675,48.37228752781438,597.2313298783836,4.680774763547596,3.1725778967484075e-05,False,True,APPLY,MOVING,
10.601999999989278,BRAKE_APPLY,0.0,0.0,1.834629768546141,1.0,20.39048766598205,1.0663961468955827,0.9910140332077626,0.39381712519776063,0.6359610731019268,1.9621011577235075,0.0,-34.99999999878949,13.908581432322883,35.41949857042479,0.10394299681414154,-0.5234415684494369,0.0,0.0,99.5301622124636,-0.009738478795924944,100.0,0.0003244110503743825,0.009738478795924944,23.903575022534138,46.098033658027774,597.3617223216997,2.635329735590048,3.1726173688184645e-05,False,True,APPLY,MOVING,
10.611999999989255,BRAKE_APPLY,0.0,0.0,1.8478231544571888,1.0,20.38815139563621,1.0656624495882963,0.9911275931198983,0.39153869619602744,0.6331109026063402,1.949445063951078,0.0,-34.99999999876005,13.826528957021676,35.34064764833475,0.10391917933284568,-0.4445668289075435,0.0,0.0,99.52852398040876,-0.005906491526272792,100.0,0.00019676524840164277,0.005906491526272792,23.90796641193057,44.00671864666863,597.4217399624388,0.7543194396039894,3.172678964347142e-05,False,True,APPLY,MOVING,
10.621999999989232,BRAKE_APPLY,0.0,0.0,1.8592002487817127,1.0,20.38619664770837,1.0650393549311015,0.991222628237407,0.38959790659368815,0.6306770045419664,1.9386295166981673,0.0,-34.99999999873424,13.756674173725596,35.27387321404193,0.10389925343975902,-0.37777246874745707,0.0,0.0,99.52753035557717,-0.00358239667254108,100.0,0.00011934415592156861,0.00358239667254108,23.911705112105754,42.22562644467264,597.4194046597534,-0.8476678205106154,3.172688559516246e-05,False,True,APPLY,MOVING,
10.631999999989208,BRAKE_APPLY,0.0,0.0,1.8689942866494862,1.0,20.38455761679813,1.0645098843162095,0.9913023280054418,0.3879445685892528,0.6285991306274885,1.9293903050005166,0.0,-34.99999999871161,13.69719359727912,35.217274109453,0.10388254730814067,-0.3211566580495262,0.0,0.0,99.52692769648536,-0.0021728071033469748,100.0,7.238588962395644e-05,0.0021728071033469748,23.914622439518492,40.835442474447966,597.366058198714,-2.0979877434049143,3.1728118756291224e-05,False,True,APPLY,MOVING,
10.641999999989185,BRAKE_APPLY,0.0,0.0,1.8774132418649805,1.0,20.38318060614798,1.064059752175882,0.9913692966438625,0.3865359929844211,0.6268256038585522,1.921500203076147,0.0,-34.99999999869203,13.646538983755924,35.16926182923744,0.10386851290571181,-0.2731303434511112,0.0,0.0,99.5265621670468,-0.0013178644456088382,100.0,4.3904261387504155e-05,0.0013178644456088382,23.916643035446267,39.87237531499912,597.2749027802106,-2.9640295837049564,3.1727194595987385e-05,False,True,APPLY,MOVING,
10.651999999989162,BRAKE_APPLY,0.0,0.0,1.884641167489531,1.0,20.38202165887877,1.063676914315741,0.9914256671427522,0.3853358594509527,0.6253121393446068,1.9147640510362565,0.0,-34.99999999867501,13.603395118003196,35.12850575688156,0.10385670172575084,-0.23236245993229687,0.0,0.0,99.52634046288938,-0.0007993216304768016,100.0,2.662928062355883e-05,0.0007993216304768016,23.917773757320404,39.3333733865016,597.1596609188131,-3.4485203857391866,3.1727414693705214e-05,False,True,APPLY,MOVING,
10.661999999989138,BRAKE_APPLY,0.0,0.0,1.8908399944997596,1.0,20.381044671034573,1.063351198837554,0.9914731922246305,0.38431325916388115,0.6240208164269293,1.9090144184444662,0.0,-34.99999999866033,13.566644237793476,35.09388878925336,0.10384674547067672,-0.19773553606370875,0.0,0.0,99.52620599276109,-0.0004848117657937904,100.0,1.615147514428e-05,0.0004848117657937904,23.918088242133656,39.18345305431003,597.0334355919506,-3.58292908022797,3.1728604653835646e-05,False,True,APPLY,MOVING,
10.671999999989115,BRAKE_APPLY,0.0,0.0,1.89615143909306,1.0,20.380219888851183,1.0630740027064547,0.9915133168857643,0.38344188303902516,0.6229191856859556,1.9041078020610673,0.0,-34.99999999864754,13.53533601343804,35.06447120317571,0.10383834067948138,-0.16830954520764507,0.0,0.0,99.52612443259406,-0.00029405271819956785,100.0,9.796364874592352e-06,0.00029405271819956785,23.91770916288856,39.36416617604185,596.9078217260674,-3.419845193040665,3.172889250890876e-05,False,True,APPLY,MOVING,
10.681999999989092,BRAKE_APPLY,0.0,0.0,1.9006990352187585,1.0,20.3795227108739,1.0628380409613565,0.9915472362886952,0.3826993330577208,0.6219794953536014,1.8999213068250975,0.0,-34.999999998636554,13.50866218601264,35.039461096398675,0.10383123648075629,-0.1432923342428758,0.0,0.0,99.52607496388468,-0.00017835181186289943,100.0,5.941795650172169e-06,0.00017835181186289943,23.916789984270828,39.802329415650405,596.7922917844314,-3.0251220519566075,3.172722983890708e-05,False,True,APPLY,MOVING,
10.691999999989068,BRAKE_APPLY,0.0,0.0,1.904590076537732,1.0,20.378932731218462,1.0626371384847972,0.9915759420457192,0.38206653771732285,0.621178022789844,1.8963497594563923,0.0,-34.99999999862715,13.485935118588438,35.018190100942974,0.10382522481588183,-0.12201532713170415,0.0,0.0,99.52604495960774,-0.00010817577688628698,100.0,3.6038812355765822e-06,0.00010817577688628698,23.915497708402782,40.41828722096044,596.6938532393804,-2.4704397672574103,3.172735534917592e-05,False,True,APPLY,MOVING,
10.701999999989045,BRAKE_APPLY,0.0,0.0,1.9079175011872083,1.0,20.378432973341774,1.0624660564293902,0.9916002593169896,0.3815272556280866,0.6204944979433111,1.8933032061227664,0.0,-34.999999998619025,13.466569639316107,35.00009334698944,0.1038201326122458,-0.10391348098265851,0.0,0.0,99.52602676109817,-6.561190132526032e-05,100.0,2.1858644633402473e-06,6.561190132526032e-05,23.91399773621771,41.13315882798551,596.6169553746295,-1.8267826456682812,3.172802576045797e-05,False,True,APPLY,MOVING,
10.711999999989022,BRAKE_APPLY,0.0,0.0,1.9107615946659764,1.0,20.378009274342524,1.0623203470462983,0.9916208766416706,0.3810676537794463,0.6199116070080323,1.8907047487492852,0.0,-34.99999999861217,13.450067657834634,34.98469287115289,0.1038158154962975,-0.08850868803702028,0.0,0.0,99.52601572314582,-3.979562096872758e-05,100.0,1.3257938149921634e-06,3.979562096872758e-05,23.912441595292638,41.874704774836324,596.5636078882878,-1.1591590925158002,3.172796766648389e-05,False,True,APPLY,MOVING,
10.721999999988999,BRAKE_APPLY,0.0,0.0,1.9131915730662883,1.0,20.377649788359598,1.0621962319204672,0.9916383700133673,0.38067594910011177,0.6194145657547743,1.8884886782572678,0.0,-34.999999998606135,13.436005121296088,34.97158382968672,0.103812152724258,-0.07539598380482815,0.0,0.0,99.52600902828988,-2.413726099253453e-05,100.0,8.041345972501263e-07,2.413726099253453e-05,23.91095793073986,42.58162344290576,596.5336643349767,-0.5227345277716609,3.1728390126772865e-05,False,True,APPLY,MOVING,
10.731999999988975,BRAKE_APPLY,0.0,0.0,1.9152670177191948,1.0,20.377344584418825,1.0620904995899185,0.991653222387,0.3803421037022351,0.6189907532182278,1.8865988669663671,0.0,-34.99999999860105,13.424020946559333,34.96042300662196,0.10380904307803582,-0.06423205109894425,0.0,0.0,99.5260049676547,-1.4639987638842569e-05,100.0,4.87732287767872e-07,1.4639987638842569e-05,23.90964684220752,43.206241877929415,596.525219281915,0.039590518089575255,3.172774131598999e-05,False,True,APPLY,MOVING,
10.741999999988952,BRAKE_APPLY,0.0,0.0,1.9170391407769776,1.0,20.377085319408675,1.0620004192852377,0.9916658395486894,0.3800575656847447,0.6186293975386903,1.8849873863402955,0.0,-34.99999999859665,13.413807623429385,34.95091920787493,0.10380640152861514,-0.05472561080689786,0.0,0.0,99.52600250475507,-8.879600921297566e-06,100.0,2.9582458626299957e-07,8.879600921297566e-06,23.90857738966051,43.7156910893289,596.5350685333408,0.49823831241678107,3.1729031320537615e-05,False,True,APPLY,MOVING,
10.751999999988929,BRAKE_APPLY,0.0,0.0,1.9185518840505729,1.0,20.376864971039367,1.0619236681235646,0.9916765630799492,0.37981504862096527,0.618321306777623,1.8836133200537706,0.0,-34.99999999859294,13.405103232360682,34.94282521160897,0.1038041565119928,-0.04662936952801644,0.0,0.0,99.52600101093094,-5.3857500431059235e-06,100.0,1.7942668146531407e-07,5.3857500431059235e-06,23.907787890021243,44.09175132526908,596.5591860326995,0.8368147849935426,3.1729583156447916e-05,False,True,APPLY,MOVING,
10.761999999988905,BRAKE_APPLY,0.0,0.0,1.9198429382202948,1.0,20.376677618885726,1.061858269567147,0.9916856809911911,0.37960834390878917,0.6180586384470619,1.8824417459145197,0.0,-34.9999999985897,13.39768466051924,34.935931007645564,0.10380224769599963,-0.039733256751867785,0.0,0.0,99.52600010488081,-3.2666224672159897e-06,100.0,1.0882778347920555e-07,3.2666224672159897e-06,23.907288488111103,44.329617217935244,596.5931780829771,1.0509982575976196,3.1730793693895976e-05,False,True,APPLY,MOVING,
10.771999999988882,BRAKE_APPLY,0.0,0.0,1.9209445932887452,1.0,20.376518264147755,1.0618025413378889,0.9916934364775908,0.3794321610497263,0.6178347023148134,1.8814428634405456,0.0,-34.999999998586965,13.391361833929373,34.930058108278565,0.10380062414228679,-0.03385873383388649,0.0,0.0,99.52599955533366,-1.9813066581924842e-06,100.0,6.600738730870619e-08,1.9813066581924842e-06,23.90706540723887,44.43586775470799,596.632684299961,1.1467125015853767,3.173070103912323e-05,False,True,APPLY,MOVING,
10.781999999988859,BRAKE_APPLY,0.0,0.0,1.9218844876920038,1.0,20.37638268072484,1.061755051287796,0.9917000351556464,0.37928199167300325,0.6176437917753591,1.8805912468497974,0.0,-34.99999999858463,13.385972811763395,34.925054752383645,0.10379924278783585,-0.028853996586850172,0.0,0.0,99.52599922201642,-1.2017232264372662e-06,100.0,4.003550417025689e-08,1.2017232264372662e-06,23.907086262746862,44.42593463009966,596.6737042500478,1.1378483253301113,3.17303513384104e-05,False,True,APPLY,MOVING,
10.791999999988835,BRAKE_APPLY,0.0,0.0,1.9226862632154542,1.0,20.376267291734084,1.0617145799761112,0.9917056510647535,0.37915399375462705,0.617481039717052,1.8798652058657361,0.0,-34.999999998582645,13.381379612616588,34.92079185640556,0.10379806718604809,-0.02458992500895718,0.0,0.0,99.52599901984931,-7.288819783618345e-07,100.0,2.4282760756313802e-08,7.288819783618345e-07,23.907305848658126,44.32134853023894,596.7128381600439,1.0437852901563573,3.1730359637549554e-05,False,True,APPLY,MOVING,
10.801999999988812,BRAKE_APPLY,0.0,0.0,1.923370141482303,1.0,20.376169066793086,1.0616800889094438,0.9917104316605435,0.3790448930172032,0.6173422953769748,1.8792462390910856,0.0,-34.999999998580904,13.377464662593441,34.91715959137692,0.10379706645963387,-0.02095665925565271,0.0,0.0,99.52599889722872,-4.4208926609910433e-07,100.0,1.4728238901171054e-08,4.4208926609910433e-07,23.90767187383892,44.14701089971128,596.7474387194393,0.8869363512917161,3.1730100204185874e-05,False,True,APPLY,MOVING,
10.811999999988789,BRAKE_APPLY,0.0,0.0,1.923953407987214,1.0,20.376085436323457,1.061650693570316,0.9917145019815379,0.3789518989500422,0.6172240191636592,1.8787185667714748,0.0,-34.999999998579526,13.374127771865638,34.914064485834345,0.10379621442708825,-0.017860701681907898,0.0,0.0,99.52599882285563,-2.68140693818215e-07,100.0,8.93312845713255e-09,2.68140693818215e-07,23.90813021881217,43.928693836248556,596.7756783109023,0.6904978061965181,3.172905064730003e-05,False,True,APPLY,MOVING,
10.821999999988765,BRAKE_APPLY,0.0,0.0,1.9244508167999208,1.0,20.376014219865034,1.0616256404993432,0.99171796813508,0.3788726332735967,0.6171231928523676,1.8782687315831879,0.0,-34.99999999857825,13.371283560560666,34.91142697137437,0.10379548887203553,-0.015222461668159326,0.0,0.0,99.52599877774604,-1.62635551769938e-07,100.0,5.418216296402305e-09,1.62635551769938e-07,23.90862939586951,43.6909182366516,596.7965416800514,0.4765396625037255,3.172803826601012e-05,False,True,APPLY,MOVING,
10.831999999988742,BRAKE_APPLY,0.0,0.0,1.9248749787106647,1.0,20.37595356596471,1.0616042878127576,0.9917209202208298,0.37880506899826827,0.6170372429252754,1.877885257661514,0.0,-34.99999999857716,13.368859266826966,34.90917930142474,0.10379487093058751,-0.012974173778179221,0.0,0.0,99.5259987503857,-9.864344845351327e-08,100.0,3.286314304722635e-09,9.864344845351327e-08,23.909124012079822,43.45530529807639,596.8097579511937,0.264522020283394,3.1727679584037105e-05,False,True,APPLY,MOVING,
10.841999999988719,BRAKE_APPLY,0.0,0.0,1.9252366595547488,1.0,20.375901901663156,1.061586088633631,0.9917234347877152,0.37874747850422397,0.6169639751464369,1.8775583594596832,0.0,-34.99999999857629,13.366792880059535,34.907263785161696,0.10379434457655007,-0.01105813116194554,0.0,0.0,99.52599873379081,-5.983027584688654e-08,100.0,1.993250383266486e-09,5.983027584688654e-08,23.909577147069413,43.23944356003961,596.8156880331267,0.0702754362917446,3.1726672659715405e-05,False,True,APPLY,MOVING,
10.851999999988696,BRAKE_APPLY,0.0,0.0,1.9255450488846702,1.0,20.37585788996839,1.061570576996147,0.9917255769026089,0.378698389303573,0.6169015187351596,1.8772796932190583,0.0,-34.99999999857551,13.365031550847295,34.90563128788013,0.1037938961880468,-0.009425185492659693,0.0,0.0,99.52599872372554,-3.628889667286101e-08,100.0,1.2089674699350826e-09,3.628889667286101e-08,23.90996165691095,43.056266618219674,596.8151839898144,-0.09455911111884063,3.1725134363114194e-05,False,True,APPLY,MOVING,
10.861999999988672,BRAKE_APPLY,0.0,0.0,1.9258079858924928,1.0,20.375820393992186,1.0615573558504119,0.991727401895053,0.3786565463459018,0.6168482787369781,1.8770421448599022,0.0,-34.99999999857488,13.363530236476612,34.90423995691832,0.10379351418205698,-0.008033472525497132,0.0,0.0,99.52599871762065,-2.201032843653379e-08,100.0,7.332758371108396e-10,2.201032843653379e-08,23.910260496381515,42.91389816667857,596.8094361220165,-0.22266966486799333,3.1724798986942915e-05,False,True,APPLY,MOVING,
10.871999999988649,BRAKE_APPLY,0.0,0.0,1.9260321623503174,1.0,20.37578844666057,1.0615460868522764,0.9917289568308988,0.3786208798976598,0.6168028953938299,1.8768396489885242,0.0,-34.99999999857429,13.362250546988783,34.903054138694756,0.10379318870576662,-0.006847328826234289,0.0,0.0,99.52599871391783,-1.334993902610923e-08,100.0,4.447542772341715e-10,1.334993902610923e-08,23.910466211054523,42.815892706569706,596.799821624355,-0.31085663502944527,3.1724808991384634e-05,False,True,APPLY,MOVING,
10.881999999988626,BRAKE_APPLY,0.0,0.0,1.9262232802374761,1.0,20.37576122510221,1.0615364816705553,0.9917302817584503,0.37859047816975794,0.6167642094887796,1.8766670344803962,0.0,-34.99999999857386,13.361159762013795,34.90204345780846,0.1037929113755947,-0.005836370610188268,0.0,0.0,99.52599871167193,-8.097147324264038e-09,100.0,2.6975710518085806e-10,8.097147324264038e-09,23.910579787381597,42.76178256833892,596.7877660799786,-0.35954046499175973,3.172438016463275e-05,False,True,APPLY,MOVING,
10.891999999988602,BRAKE_APPLY,0.0,0.0,1.9263862178929254,1.0,20.375738028963934,1.0615282945850546,0.9917314107635644,0.3785645639908272,0.6167312327895578,1.8765198927542688,0.0,-34.99999999857333,13.360229993055752,34.90118203368607,0.10379267505624179,-0.004974710168983876,0.0,0.0,99.52599871030975,-4.91116810824182e-09,100.0,1.6361595496751618e-10,4.91116810824182e-09,23.910609064316855,42.747834340263616,596.7746260594452,-0.37208083397492686,3.172420201735804e-05,False,True,APPLY,MOVING,
10.901999999988579,BRAKE_APPLY,0.0,0.0,1.9265251218758273,1.0,20.37571826203811,1.061521316182534,0.9917323728636894,0.37854247492726034,0.6167031228427867,1.8763944654158615,0.0,-34.999999998573074,13.359437469663996,34.900447814020715,0.10379247367348836,-0.004240289121135277,0.0,0.0,99.52599870948359,-2.9787740326021047e-09,100.0,9.923809310596015e-11,2.9787740326021047e-09,23.910566906867725,42.76791914054725,596.7615980007326,-0.3539934020986024,3.172388858274644e-05,False,True,APPLY,MOVING,
10.911999999988556,BRAKE_APPLY,0.0,0.0,1.926643537232765,1.0,20.37570141667871,1.061515367987224,0.9917331927661669,0.37852364634045854,0.6166791614799636,1.8762875484319759,0.0,-34.99999999857277,13.358761931143237,34.89982200745216,0.10379230205541072,-0.003614310934807463,0.0,0.0,99.52599870898248,-1.8067177791108236e-09,100.0,6.019094608018177e-11,1.8067177791108236e-09,23.91046932392764,42.81440967557376,596.7496556158001,-0.31214244939710767,3.1724784548714524e-05,False,True,APPLY,MOVING,
10.921999999988532,BRAKE_APPLY,0.0,0.0,1.9267444845852568,1.0,20.375687060576833,1.0615102978867457,0.9917338915118098,0.3785075969468102,0.616658736489698,1.8761964104099076,0.0,-34.999999998572434,13.35818610817361,34.89928860060243,0.10379215579763955,-0.0030807578276306202,0.0,0.0,99.52599870867853,-1.0958297264719398e-09,100.0,3.6507654234740256e-11,1.0958297264719398e-09,23.910333684024458,42.87903070384827,596.7395154912658,-0.2539754509849885,3.1723332540423144e-05,False,True,APPLY,MOVING,
10.93199999998851,BRAKE_APPLY,0.0,0.0,1.9268305437181394,1.0,20.37567482552927,1.061505976235296,0.991734487021474,0.37849391651055975,0.6166413259905758,1.8761187229106033,0.0,-34.999999998572335,13.357695281037843,34.89883394684755,0.10379203114892682,-0.002625979424148994,0.0,0.0,99.5259987084941,-6.646543269272769e-10,100.0,2.2143011607557714e-11,6.646543269272769e-10,23.910177147401562,42.953606350271286,596.7316284597531,-0.18685048800200832,3.172162212194962e-05,False,True,APPLY,MOVING,
10.941999999988486,BRAKE_APPLY,0.0,0.0,1.926903899767673,1.0,20.375664397895132,1.0615022925335122,0.9917349945604695,0.3784822553542611,0.6166264851072791,1.8760525010271896,0.0,-34.999999998572065,13.357276903120294,34.89844641611445,0.10379192491391286,-0.0022383424562910648,0.0,0.0,99.52599870838228,-4.031332273911522e-10,100.0,1.3430415438356499e-11,4.031332273911522e-10,23.910015395025006,43.03066580534636,596.7261927866459,-0.11749111303743831,3.1722740118311776e-05,False,True,APPLY,MOVING,
10.951999999988463,BRAKE_APPLY,0.0,0.0,1.9269664357671783,1.0,20.375655510484027,1.0614991525995237,0.9917354271333761,0.37847231541829734,0.6166138346109025,1.8759960527192128,0.0,-34.99999999857193,13.356920280027895,34.898116096605975,0.10379183437047954,-0.0019079324045243595,0.0,0.0,99.52599870831446,-2.445126623613055e-10,100.0,8.145958736041108e-12,2.445126623613055e-10,23.9098616980257,43.103886678007434,596.7231842611051,-0.051587328079186534,3.1721888490210404e-05,False,True,APPLY,MOVING,
10.96199999998844,BRAKE_APPLY,0.0,0.0,1.9270197411281789,1.0,20.375647935656396,1.0614964761583605,0.9917357958198035,0.3784638426405848,0.616603051234213,1.8759479356143878,0.0,-34.999999998571816,13.356616296107521,34.89783454072481,0.1037917571994547,-0.0016262993524467362,0.0,0.0,99.52599870827333,-1.4830442640997264e-10,100.0,4.940773726162908e-12,1.4830442640997264e-10,23.90972633740131,43.16837136419194,596.7223978699731,0.006453151041533545,3.172108881699387e-05,False,True,APPLY,MOVING,
10.971999999988416,BRAKE_APPLY,0.0,0.0,1.9270651834723607,1.0,20.375641479455172,1.0614941947877314,0.9917361100600108,0.37845662046143713,0.6165938594151023,1.8759069201784913,0.0,-34.99999999857171,13.35635718135566,34.89759454862292,0.10379169142482354,-0.0013862414760268393,0.0,0.0,99.52599870824838,-8.99511815886994e-11,100.0,2.9967307476204384e-12,8.99511815886994e-11,23.90961635543312,43.22076532799958,596.7234958023282,0.053611350964821725,3.1720968308945885e-05,False,True,APPLY,MOVING,
10.981999999988393,BRAKE_APPLY,0.0,0.0,1.9271039170769293,1.0,20.375635976611697,1.0614922501674382,0.9917363778979604,0.3784504642874218,0.6165860242577827,1.8758719583157015,0.0,-34.99999999857168,13.356136312751115,34.89738998379147,0.10379163536284824,-0.001181620582631382,0.0,0.0,99.52599870823325,-5.455814951090816e-11,100.0,1.8176090773353583e-12,5.455814951090816e-11,23.90953559839133,43.259236612992986,596.7260569898158,0.08823860376077874,3.1721084496894036e-05,False,True,APPLY,MOVING,
10.99199999998837,BRAKE_APPLY,0.0,0.0,1.9271369368559175,1.0,20.375631286294254,1.0614905925875084,0.9917366061882282,0.37844521677256693,0.6165793455322374,1.875842156599412,0.0,-34.99999999857148,13.355948044923998,34.89721561593708,0.10379158757875334,-0.0010072049443543563,0.0,0.0,99.52599870822405,-3.3091190415545517e-11,100.0,1.1024356327758863e-12,3.3091190415545517e-11,23.909484995189977,43.28334298689506,596.7296241290423,0.10993697953295367,3.1720104630039714e-05,False,True,APPLY,MOVING,
11.001999999988346,BRAKE_APPLY,0.0,0.0,1.927165079874908,1.0,20.375627288490115,1.0614891796767134,0.9917368007721111,0.3784407437962249,0.6165736525588627,1.875816753451073,0.0,-34.99999999857143,13.35578756582905,34.89706698709523,0.1037915468498658,-0.0008585353736663137,0.0,0.0,99.52599870821847,-2.007082155341495e-11,100.0,6.686610116382731e-13,2.007082155341495e-11,23.909463008591022,43.29381694004171,596.7337450500913,0.11936578705071099,3.1719805633656506e-05,False,True,APPLY,MOVING,
11.011999999988374,STOPPED,0.0,0.0,-32.986706131258195,1.0,8.282088564679526,0.0,-0.0,0.0,0.5669977670670147,7.353316166252666e-06,0.0,0.0,0.0,10.100797918991487,0.01714824774829885,-10.117946166739785,0.0,0.0,100.89382706887713,-0.13535422868985897,99.75999999999999,0.004387898536039023,0.13535422868985897,23.909990010778156,43.04275886329139,597.2908085986203,38.738482976962246,3.197024147993943e-05,False,True,APPLY,APPLIED,
11.021999999988513,STOPPED,0.0,0.0,-0.9957217500742063,1.0,7.202726208578861,1.5804826780124357e-19,-1.5738717195333899e-19,-1.4440673789809964e-20,0.504307664543111,1.7077610487418104e-07,0.0,1.9634817351234254e-18,-1.8015444891260653e-19,7.692254736000489,0.012969816208937206,-7.70522455220943,0.0,0.0,100.82328507700664,-0.532448798124236,99.15999999999997,0.017285028639082156,0.532448798124236,23.916053908316545,40.153185081879535,598.6313768590273,36.13786657369158,3.2465220670019335e-05,False,True,APPLY,APPLIED,
11.031999999988649,STOPPED,0.0,0.0,-0.9210699980815514,1.0,6.5838254056434655,1.5804826780124357e-19,-1.5738721397502933e-19,-1.444021579312238e-20,0.4493327824767385,1.3381360624211834e-07,0.0,1.7947682597371547e-18,-1.6466929120025678e-19,5.923861890930533,0.01083668924299909,-5.934698580173532,0.0,0.0,100.66957608346945,-0.9173845921738158,98.55999999999995,0.02987231649613023,0.9173845921738158,23.927485292971983,34.701891718740406,599.8339541345335,31.231702546866366,3.296344016234798e-05,False,True,APPLY,APPLIED,
11.041999999988787,STOPPED,0.0,0.0,-0.017364581345350426,1.0,5.587187727666968,0.0,-0.0,0.0,0.40089731286853614,1.8362957269666379e-09,0.0,0.0,0.0,4.604041952357054,0.0078041666760480955,-4.611846119033102,0.0,0.0,100.43748465462471,-1.2678472653531183,97.95999999999992,0.041475270065746916,1.2678472653531183,24.0,0.0,600.0033017748626,0.0,3.3434934152865026e-05,False,True,APPLY,APPLIED,
11.051999999988924,STOPPED,0.0,0.0,-0.011208857859833296,1.0,4.984792642486333,1.5804826780124357e-19,-1.5738826768077174e-19,-1.442872660422124e-20,0.35807115270396633,9.519057424218309e-10,0.0,1.3588767869632746e-18,-1.24576386390401e-19,3.602937995844289,0.006212039422146471,-3.6091500352664356,0.0,0.0,100.13516046011021,-1.5724718253324148,97.3599999999999,0.05175158034615119,1.5724718253324148,24.0,0.0,600.0033017748626,0.0,3.3916821280399745e-05,False,True,APPLY,APPLIED,
11.06199999998906,STOPPED,0.0,0.0,-0.006230461523341649,1.0,4.4644124065923165,0.0,-0.0,0.0,0.3200942521020501,4.272833049293219e-10,0.0,0.0,0.0,2.835254213319974,0.00498274453403385,-2.8402369578540085,0.0,0.0,99.7722515204636,-1.8274942769102078,96.75999999999988,0.06058295039485545,1.8274942769102078,24.0,0.0,600.0033017748626,0.0,3.442947479470604e-05,False,True,APPLY,APPLIED,
11.071999999989197,STOPPED,0.0,0.0,-0.0031036143961432777,1.0,3.9910242215106173,8.571370772892336e-20,-8.502069097048969e-20,1.0877582430843253e-20,0.2863401766071617,1.711095226690192e-10,0.0,5.877188512773462e-19,7.519299335203952e-20,2.241075849880023,0.003982068584171108,-2.2450579184641946,0.0,0.0,99.35865776941817,-2.034100697824198,96.15999999999985,0.06799468351167214,2.034100697824198,24.0,0.0,600.0033017748626,0.0,3.48917627661649e-05,False,True,APPLY,APPLIED,
11.081999999989334,STOPPED,0.0,0.0,-0.0014275398846818309,1.0,3.5515292833741854,1.5452258411338358e-19,-1.5106172840969242e-19,-3.2520504469550294e-20,0.2562845268474185,6.256649574652587e-11,0.0,9.292455216088794e-19,-2.0004757960158632e-19,1.7777199687748295,0.0031533400626660895,-1.780873308837496,0.0,0.0,98.90375415796044,-2.1964099375553547,95.55999999999983,0.07409719818012031,2.1964099375553547,24.0,0.0,600.0033017748626,0.0,3.5385333262638596e-05,False,True,APPLY,APPLIED,
11.09199999998947,STOPPED,0.0,0.0,-0.0006131699090948835,1.0,3.151026226695974,0.0,-0.0,0.0,0.2294830851968746,2.1263344316085724e-11,0.0,0.0,0.0,1.4141662741375296,0.0024822415703314666,-1.4166485157078612,0.0,0.0,98.41595666134326,-2.320014017066622,94.95999999999981,0.07904483765640025,2.320014017066622,24.0,0.0,600.0033017748626,0.0,3.587939988847211e-05,False,True,APPLY,APPLIED,
11.101999999989607,STOPPED,0.0,0.0,-0.00024933783129253023,0,2.796204025983232,8.571370772892336e-20,-8.502068852148279e-20,1.0877601572603228e-20,0.2055557060507676,6.8214314608689396e-12,0.0,4.11769430486841e-19,5.268204577620939e-20,1.127502490531263,0.0019546892387312088,-1.129457179769994,0.0,0.0,97.90252804612163,-2.4109801230501295,94.35999999999979,0.08300796312403354,2.4109801230501295,24.0,0.0,600.0033017748626,0.0,3.6375069498717494e-05,False,True,APPLY,APPLIED,
11.111999999989742,STOPPED,0.0,0.0,-0.002631875106345065,1.0,3.202925547331983,1.9166167708542174e-20,-6.326552928147566e-21,1.8091896326237125e-20,0.18417778921067254,9.465950382748795e-11,0.0,3.509737343424783e-20,1.0036714285129109e-19,0.899682754435967,0.002564683015437971,-0.9022474374514049,0.0,0.0,97.3695425941647,-2.47521604975313,93.75999999999976,0.08615506066515917,2.47521604975313,24.0,0.0,600.0033017748626,0.0,3.688327240070066e-05,False,True,APPLY,APPLIED,
11.121999999989878,STOPPED,0.0,0.0,-0.0012356165654581286,1.0,2.5361039445246307,1.9166167708542174e-20,-6.326550158917942e-21,1.8091897294608438e-20,0.16505520712917163,2.7937594701847243e-11,0.0,2.779038942128726e-20,7.947156958494655e-20,0.7199911859422412,0.001607955804358348,-0.7215991417465996,0.0,0.0,96.82194884082845,-2.5180990354719954,93.15999999999974,0.08864191027385177,2.5180990354719954,24.0,0.0,600.0033017748626,0.0,3.739528744972631e-05,False,True,APPLY,APPLIED,
11.131999999990015,STOPPED,0.0,0.0,-0.0005102068166902116,1.0,2.1108941257737186,0.0,-0.0,0.0,0.14794512289215264,8.01174690554917e-12,0.0,0.0,0.0,0.5767237478269882,0.001113968502556498,-0.5778377163295446,0.0,0.0,96.26368630332448,-2.544306606224664,92.55999999999972,0.09060630263495004,2.544306606224664,24.0,0.0,600.0033017748626,0.0,3.7883773416069744e-05,False,True,APPLY,APPLIED,
11.141999999990151,STOPPED,0.0,0.0,-0.00019149617992688043,0,1.8216090026212575,3.833233541708435e-20,3.618379577679705e-20,1.2653096921738272e-20,0.13262807056350587,2.239609986722825e-12,0.0,-1.1416419399706575e-19,3.9922030860104294e-20,0.46232916822032827,0.0008295648396077032,-0.4631587330599359,0.0,0.0,95.6978258144958,-2.557761499013327,91.9599999999997,0.0921658098700113,2.557761499013327,24.0,0.0,600.0033017748626,0.0,3.836022995074018e-05,False,True,APPLY,APPLIED,
11.151999999990286,STOPPED,0.0,0.0,-0.0013680295115521238,1.0,2.403145692418646,0.0,-0.0,0.0,0.1189145708660133,2.7859659159712793e-11,0.0,0.0,0.0,0.37024197453009444,0.0014437773047475736,-0.371685751834842,0.0,0.0,95.12671368358384,-2.5616616684018485,91.35999999999967,0.09341803384097874,2.5616616684018485,24.0,0.0,600.0033017748626,0.0,3.887009313530143e-05,False,True,APPLY,APPLIED,
11.161999999990423,STOPPED,0.0,0.0,-0.0007373240364867031,1.0,1.7007199181374824,9.583083854271087e-21,3.1632747072956366e-21,-9.045948777445896e-21,0.10662326585388626,7.534323760992638e-12,0.0,-9.318163666554455e-21,-2.664695261309508e-20,0.2974858526560813,0.0007231120599873914,-0.2982089647160687,0.0,0.0,94.552107673999,-2.558546052999199,90.75999999999965,0.09444190745661278,2.558546052999199,24.0,0.0,600.0033017748626,0.0,3.937271401355247e-05,False,True,APPLY,APPLIED,
11.17199999999056,STOPPED,0.0,0.0,-0.0003065568648572308,0,1.3659264479591433,3.951206695031089e-20,-3.934706997106236e-20,-3.607148372076208e-21,0.0956107281923912,2.012491679854729e-12,0.0,9.308942316526564e-20,-8.533986430884296e-21,0.2389849086172527,0.0004664387653085706,-0.23945134738256124,0.0,0.0,93.97529835985435,-2.550392075841224,90.15999999999963,0.09530012357600848,2.550392075841224,24.0,0.0,600.0033017748626,0.0,3.988122250575543e-05,False,True,APPLY,APPLIED,
11.181999999990696,STOPPED,0.0,0.0,-0.00011009269878615675,0,1.1713011733297585,2.142842693223084e-20,2.1255172101181124e-20,-2.719400621300141e-21,0.08574116476606271,5.318028478115732e-13,0.0,-4.312149720893688e-20,-5.5169925580070445e-21,0.19201200609951685,0.0003429866096609172,-0.19235499270917777,0.0,0.0,93.39721317345742,-2.5387050357288135,89.5599999999996,0.09604137051665441,2.5387050357288135,24.0,0.0,600.0033017748626,0.0,4.036339021240565e-05,False,True,APPLY,APPLIED,
11.19199999999083,STOPPED,0.0,0.0,-0.0008649069941227309,1.0,1.4396818516936287,3.951206695031089e-20,-3.9347069725421704e-20,-3.607151051543735e-21,0.07689622957089395,6.3221223529135655e-12,0.0,9.811593624183128e-20,-8.994799487171378e-21,0.15409617670949394,0.000518170958523999,-0.15461434766801793,0.0,0.0,92.81850284799982,-2.5246099799874324,88.95999999999958,0.09670281500672265,2.5246099799874324,24.0,0.0,600.0033017748626,0.0,4.086694650595746e-05,False,True,APPLY,APPLIED,
11.201999999990967,STOPPED,0.0,0.0,-0.0004259317438648308,1.0,1.0451776014843408,1.9166167708542174e-20,1.8091897748233515e-20,6.32654886169607e-21,0.06896346985171428,1.6460060548448893e-12,0.0,-3.2751775315424815e-20,1.1452955887977964e-20,0.12397097992735909,0.00027309905466113994,-0.12424407898202021,0.0,0.0,92.23961139567064,-2.508926809222594,88.35999999999956,0.0973121354241283,2.508926809222594,24.0,0.0,600.0033017748626,0.0,4.1355440657753206e-05,False,True,APPLY,APPLIED,
11.211999999991104,STOPPED,0.0,0.0,-0.00016126496492062582,0,0.8613452906607801,1.9756033475155446e-20,1.967353500734281e-20,1.803573948115094e-21,0.06185169356626019,4.2645485124996607e-13,0.0,-2.935082502517905e-20,2.690740802369269e-21,0.09969582798420704,0.00018547892743587602,-0.09988130691164289,0.0,0.0,91.66083145937536,-2.492245595794608,87.75999999999954,0.09788974388066018,2.492245595794608,24.0,0.0,600.0033017748626,0.0,4.184410761354229e-05,False,True,APPLY,APPLIED,
11.221999999991239,STOPPED,0.0,0.0,-0.0008934390505603811,1.0,1.2561367754089743,0.0,-0.0,0.0,0.05547739565692242,4.988163662741766e-12,0.0,0.0,0.0,0.07998372111356469,0.0003944698996337139,-0.0803781910131984,0.0,0.0,91.08234722006047,-2.4749793645628073,87.15999999999951,0.09845031141001279,2.4749793645628073,24.0,0.0,600.0033017748626,0.0,4.2346875829935016e-05,False,True,APPLY,APPLIED,
11.231999999991375,STOPPED,0.0,0.0,-0.0005469391600992386,1.0,0.8145201937482383,4.7915419271355436e-21,-1.581637280541796e-21,4.522974414287367e-21,0.04975736409546738,1.2827908100683549e-12,0.0,2.2313586273971537e-21,6.3809686993212e-21,0.06442358483022824,0.00016586078650591691,-0.06458944561673416,0.0,0.0,90.50426699284564,-2.4574061080727243,86.55999999999949,0.0990040048256866,2.4574061080727243,24.0,0.0,600.0033017748626,0.0,4.2841310346375394e-05,False,True,APPLY,APPLIED,
11.241999999991512,STOPPED,0.0,0.0,-0.00022878962304562667,0,0.6381511077442865,0.0,-0.0,0.0,0.04462873798509229,3.2919740973922046e-13,0.0,0.0,0.0,0.05184034958664824,0.00010180920907881501,-0.05194215879572705,0.0,0.0,89.92664752451171,-2.4397113318222132,85.95999999999947,0.09955786551628366,2.4397113318222132,24.0,0.0,600.0033017748626,0.0,4.3324311150172434e-05,False,True,APPLY,APPLIED,
11.251999999991646,STOPPED,0.0,0.0,-0.0008586532710950095,1.0,1.1202146380922346,9.583083854271087e-21,3.163275350691771e-21,-9.045948552456898e-21,0.040032341086080205,3.816099774841945e-12,0.0,-6.1376040529694826e-21,-1.7551570553720917e-20,0.041550843878714154,0.00031372020884902913,-0.04186456408756318,0.0,0.0,89.34951174655237,-2.422012032691744,85.35999999999945,0.1001165485131821,2.422012032691744,24.0,0.0,600.0033017748626,0.0,4.381388623642124e-05,False,True,APPLY,APPLIED,
11.261999999991783,STOPPED,0.0,0.0,-0.000657596937997935,1.0,0.6472914387440033,0.0,-0.0,0.0,0.035905553525212644,9.750722148955048e-13,0.0,0.0,0.0,0.03350763739413246,0.00010474655166782045,-0.03361238394580028,0.0,0.0,88.77286146976482,-2.40437420928585,84.75999999999942,0.10068286442866813,2.40437420928585,24.0,0.0,600.0033017748626,0.0,4.43068228150878e-05,False,True,APPLY,APPLIED,
11.27199999999192,STOPPED,0.0,0.0,-0.0003091068971825491,0,0.47706089830570425,9.583083854271087e-21,-9.045948908449756e-21,-3.1632743326666884e-21,0.03220551490335059,2.48745707107041e-13,0.0,7.474610721754365e-21,-2.613793697277563e-21,0.026976383893803565,5.6896775173061386e-05,-0.02703328066897662,0.0,0.0,88.19668626128176,-2.3868348170667804,84.1599999999994,0.1012585649185622,2.3868348170667804,24.0,0.0,600.0033017748626,0.0,4.479520691802463e-05,False,True,APPLY,APPLIED,
11.281999999992054,STOPPED,0.0,0.0,-0.0007815952025168004,1.0,1.019457887616902,1.9166167708542174e-20,1.8091896976073628e-20,6.3265510698249006e-21,0.028890308971120757,2.8734236441036007e-12,0.0,-3.194581878362803e-20,1.1171125629848479e-20,0.021588077190223917,0.0002598235961560791,-0.021847900786380003,0.0,0.0,87.6209694615913,-2.3694095407019446,83.55999999999938,0.1018445901272386,2.3694095407019446,24.0,0.0,600.0033017748626,0.0,4.5310399741538276e-05,False,True,APPLY,APPLIED,
11.291999999992191,STOPPED,0.0,0.0,-0.0007473172375362555,1.0,0.5261944544150583,4.7915419271355436e-21,1.581637442872818e-21,-4.522974357521888e-21,0.025912008345520078,7.311926307552769e-13,0.0,-1.4414972950528674e-21,-4.122218610428759e-21,0.01743388127250185,6.922015096429024e-05,-0.017503101423466144,0.0,0.0,87.04569214719123,-2.3520976453565083,82.95999999999935,0.10244121508971937,2.3520976453565083,24.0,0.0,600.0033017748626,0.0,4.578088999096508e-05,False,True,APPLY,APPLIED,
11.301999999992328,STOPPED,0.0,0.0,-0.0004038035466131711,1.0,0.3608223210624634,9.878016737577723e-21,9.83676748278835e-21,9.01787201851604e-22,0.02324200301863048,1.8604441400027016e-13,0.0,-6.1476117087003806e-21,5.635832676292561e-22,0.01404283782993885,3.254818684422586e-05,-0.014075386016783082,0.0,0.0,86.47083558798857,-2.3348937632383993,82.35999999999933,0.10304851878456733,2.3348937632383993,24.0,0.0,600.0033017748626,0.0,4.629290685898013e-05,False,True,APPLY,APPLIED,
11.311999999992462,STOPPED,0.0,0.0,-0.000675411431120143,1.0,0.9466830965505609,0.0,-0.0,0.0,0.02085073093730325,2.14388901236818e-12,0.0,0.0,0.0,0.011211884413675379,0.00022405222132363973,-0.011435936634999021,0.0,0.0,85.89638271237015,-2.3177884302180267,81.75999999999931,0.1036663912061495,2.3177884302180267,24.0,0.0,600.0033017748626,0.0,4.6790272676844324e-05,False,True,APPLY,APPLIED,
11.321999999992599,STOPPED,0.0,0.0,-0.0007973095849359278,1.0,0.4390450821514203,2.3957709635677718e-21,-7.908187684417839e-22,2.261487162323649e-21,0.01870079429512816,5.447914366308652e-13,0.0,6.013768585312143e-22,1.719744269558245e-21,0.00907110514119706,4.8190146040336865e-05,-0.009119295287237393,0.0,0.0,85.32231883114217,-2.3007675050357035,81.15999999999929,0.10429449247776064,2.3007675050357035,24.0,0.0,600.0033017748626,0.0,4.726879330974043e-05,False,True,APPLY,APPLIED,
11.331999999992735,STOPPED,0.0,0.0,-0.0005077210567233327,1.0,0.2770822802690421,0.0,-0.0,0.0,0.016773807250042922,1.3844106537930603e-13,0.0,0.0,0.0,0.007311171557480565,1.9193647509773e-05,-0.007330365204990338,0.0,0.0,84.74863193491377,-2.2838197593827196,80.55999999999926,0.1049325853977192,2.2838197593827196,24.0,0.0,600.0033017748626,0.0,4.7790353050913836e-05,False,True,APPLY,APPLIED,
11.34199999999287,STOPPED,0.0,0.0,-0.0005600491269716097,1.0,0.8962700560377587,4.7915419271355436e-21,1.581637919486723e-21,-4.522974190854897e-21,0.015049095128591239,1.593309734916585e-12,0.0,-2.455311415580581e-21,-7.021398530193492e-21,0.005817940178557855,0.00020082500333748178,-0.0060187651818953344,0.0,0.0,84.17536519582852,-2.264895149402483,80.0,0.10548531959913049,2.264895149402483,24.0,0.0,600.0033017748626,0.0,4.827002510410239e-05,False,True,APPLY,APPLIED,
11.351999999993007,STOPPED,0.0,0.0,-0.000805512384002778,1.0,0.3769094513399999,1.071421346611542e-20,1.0627586215493325e-20,-1.359699021749044e-21,0.013496803776343097,4.046898843371181e-13,0.0,-6.937967995013643e-21,-8.876473080965102e-22,0.004718937212931759,3.5515183627354954e-05,-0.0047544523965591156,0.0,0.0,83.61171909545189,-2.161714913617071,80.0,0.10204178639745964,2.161714913617071,24.0,0.0,600.0033017748626,0.0,4.878588322299038e-05,False,True,APPLY,APPLIED,
11.361999999993143,STOPPED,0.0,0.0,-0.0006164661849693221,1.0,0.21690588751142076,4.7915419271355436e-21,4.522974394954051e-21,1.5816373358288666e-21,0.012105925373976086,1.0276558334373474e-13,0.0,-1.699245376131832e-21,5.942085218574345e-22,0.0038064686589767754,1.1762041009279284e-05,-0.0038182306999860554,0.0,0.0,83.08215590735118,-1.9781841895536214,80.0,0.09457256131879305,1.9781841895536214,24.0,0.0,600.0033017748626,0.0,4.924805068640126e-05,False,True,APPLY,APPLIED,
11.371999999993278,STOPPED,0.0,0.0,-0.0004478133665870121,1.0,0.863435587823034,0.0,-0.0,0.0,0.010862198510727594,1.18194680701872e-12,0.0,0.0,0.0,0.0030147884446155623,0.0001863802535798271,-0.00320116869819539,0.0,0.0,82.60180294560952,-1.759237966474863,80.0,0.08508626802104066,1.759237966474863,24.0,0.0,600.0033017748626,0.0,4.9760624619921145e-05,False,True,APPLY,APPLIED,
11.381999999993415,STOPPED,0.0,0.0,-0.0007627184977012158,1.0,0.3331635088412315,0.0,-0.0,0.0,0.00974115570475757,3.0001154323564344e-13,0.0,0.0,0.0,0.0024538977700657117,2.7749480905850347e-05,-0.0024816472509715617,0.0,0.0,82.17678802364064,-1.5327084520772736,80.0,0.07489885309068542,1.5327084520772736,24.0,0.0,600.0033017748626,0.0,5.023277651616809e-05,False,True,APPLY,APPLIED,
11.391999999993551,STOPPED,0.0,0.0,-0.0007116311817340935,1.0,0.17381024786027777,1.1978854817838859e-21,3.9540935428478683e-22,-1.1307435916301719e-21,0.008737142385370333,7.614808187101608e-14,0.0,-1.1903726652968556e-22,-3.404083004993121e-22,0.001981611424216529,7.5525005653128e-06,-0.0019891639247818426,0.0,0.0,81.8076237489788,-1.31490687659275,80.0,0.0648367713826861,1.31490687659275,24.0,0.0,600.0033017748626,0.0,5.072377041415166e-05,False,True,APPLY,APPLIED,
11.401999999993686,STOPPED,0.0,0.0,-0.0003472040663725049,1.0,0.8441852280647525,1.9166167708542174e-20,-1.809189661667411e-20,-6.326552097591598e-21,0.007840535580683672,8.756508274506456e-13,0.0,2.6453459340909572e-20,-9.25050547367939e-21,0.001559010684322265,0.0001781621748206846,-0.0017371728591429499,0.0,0.0,81.49151553454251,-1.114604264139595,80.0,0.05538725612172845,1.114604264139595,24.0,0.0,600.0033017748626,0.0,5.124775896092615e-05,False,True,APPLY,APPLIED,
11.411999999993823,STOPPED,0.0,0.0,-0.000684458158221686,1.0,0.30290113363272775,5.35710673305771e-21,5.313793135288286e-21,-6.798492956055433e-22,0.007030691960161694,2.2222317487572424e-13,0.0,-2.7878292441567807e-21,-3.566762385464404e-22,0.0012752511213099415,2.2937274188997903e-05,-0.001298188395498939,0.0,0.0,81.22389678520223,-0.9357775005266609,80.0,0.04680787186657034,0.9357775005266609,24.0,0.0,600.0033017748626,0.0,5.170844167423638e-05,False,True,APPLY,APPLIED,
11.42199999999396,STOPPED,0.0,0.0,-0.0007777668240827812,1.0,0.1430905249752705,0.0,-0.0,0.0,0.006305863828918236,5.638003932923463e-14,0.0,0.0,0.0,0.0010314222133751658,5.118724584424629e-06,-0.00103654093795959,0.0,0.0,80.99942229174057,-0.779459677455825,80.0,0.03920520693692714,0.779459677455825,24.0,0.0,600.0033017748626,0.0,5.222728793796705e-05,False,True,APPLY,APPLIED,
11.431999999994094,STOPPED,0.0,0.0,-0.0002625060488221264,0,0.8353016252015154,2.142842693223084e-20,2.1255172686994683e-20,-2.7193960425048864e-21,0.005659790086229776,6.482243026042795e-13,0.0,-3.075166192319591e-20,-3.934381007666666e-21,0.0008038019541957723,0.00017443220126607325,-0.0009782341554618458,0.0,0.0,80.8125892297868,-0.6449556411704479,80.0,0.032590103678187377,0.6449556411704479,24.0,0.0,600.0033017748626,0.0,5.2702884545396955e-05,False,True,APPLY,APPLIED,
11.44199999999423,STOPPED,0.0,0.0,-0.0005818348207951046,1.0,0.28250533560290547,2.3957709635677718e-21,7.908189472077362e-22,-2.2614870998110286e-21,0.005074518514159381,1.6448338019564103e-13,0.0,-3.8695846179415333e-22,-1.1065763821163488e-21,0.0006621124707439751,1.9952316161027562e-05,-0.0006820647869050026,0.0,0.0,80.65810676755702,-0.5306285259559068,80.0,0.02691587393319264,0.5306285259559068,24.0,0.0,600.0033017748626,0.0,5.318884166172211e-05,False,True,APPLY,APPLIED,
11.451999999994367,STOPPED,0.0,0.0,-0.0008004581966178852,1.0,0.12133493717166141,0.0,-0.0,0.0,0.004551172495929401,4.172888372595193e-14,0.0,0.0,0.0,0.0005366997170950804,3.680541744612756e-06,-0.0005403802588396933,0.0,0.0,80.53109920956949,-0.43439983466735776,80.0,0.022104278159583088,0.43439983466735776,24.0,0.0,600.0033017748626,0.0,5.371640543216927e-05,False,True,APPLY,APPLIED,
11.461999999994502,STOPPED,0.0,0.0,-0.00019480539548929565,0,0.8342722361203746,4.7915419271355436e-21,1.5816380871980846e-21,-4.522974132207941e-21,0.00408593340908858,4.797101788568519e-13,0.0,-2.2854700415953463e-21,-6.535706216068971e-21,0.0004126711594379082,0.00017400254099032253,-0.0005866737004282308,0.0,0.0,80.42720130351783,-0.35405549491433486,80.0,0.01806256263104481,0.35405549491433486,24.0,0.0,600.0033017748626,0.0,5.417872478119534e-05,False,True,APPLY,APPLIED,
11.471999999994638,STOPPED,0.0,0.0,-0.00047396133602423276,1.0,0.2693226292112807,5.35710673305771e-21,5.313793156429892e-21,-6.798491303598945e-22,0.0036627181762044223,1.2169901811088728e-13,0.0,-2.4787807685330233e-21,-3.171363469051962e-22,0.00034331043575150063,1.813366965131925e-05,-0.00036144410540281976,0.0,0.0,80.34258571234459,-0.28742755006676385,80.0,0.014694361622452553,0.28742755006676385,24.0,0.0,600.0033017748626,0.0,5.4690377851329686e-05,False,True,APPLY,APPLIED,
11.481999999994775,STOPPED,0.0,0.0,-0.000775393193208673,1.0,0.10607182456132477,5.9894274089194295e-22,1.9770471266837158e-22,-5.653717833920169e-22,0.003284778475804203,3.08749844352719e-14,0.0,-3.63226635826144e-23,-1.0387111571638448e-22,0.00027915482746378314,2.8128079914421155e-06,-0.00028196763545522527,0.0,0.0,80.27394957871557,-0.23249622093335648,80.0,0.01190640292211419,0.23249622093335648,24.0,0.0,600.0033017748626,0.0,5.51682363720829e-05,False,True,APPLY,APPLIED,
11.49199999999491,STOPPED,0.0,0.0,-0.00014235075858130006,0,0.8391797379792265,4.7915419271355436e-21,1.581638107200876e-21,-4.5229741252131684e-21,0.0029500756343479343,3.5494997679244485e-13,0.0,-2.2989140617216167e-21,-6.5741516785135164e-21,0.00021059068166469434,0.00017605565815872085,-0.0003866463398234152,0.0,0.0,80.21847800742592,-0.18743897567558185,80.0,0.009612248868466167,0.18743897567558185,24.0,0.0,600.0033017748626,0.0,5.565459775880299e-05,False,True,APPLY,APPLIED,
11.501999999995046,STOPPED,0.0,0.0,-0.0003723338332512986,1.0,0.26141457837704585,0.0,-0.0,0.0,0.002643799123995153,9.005528143546862e-14,0.0,0.0,0.0,0.00017766960369251312,1.7084395447012163e-05,-0.00019475399913952533,0.0,0.0,80.17379609771588,-0.15064804247650965,80.0,0.007734149065367971,0.15064804247650965,24.0,0.0,600.0033017748626,0.0,5.617375916244782e-05,False,True,APPLY,APPLIED,
11.511999999995183,STOPPED,0.0,0.0,-0.0007076411060798966,1.0,0.09551224722028231,0.0,-0.0,0.0,0.002370796006676,2.2847164285733123e-14,0.0,0.0,0.0,0.00014511035062972168,2.2806473422670816e-06,-0.00014739099797198878,0.0,0.0,80.13791689291722,-0.12072929677779863,80.0,0.006203696065311183,0.12072929677779863,24.0,0.0,600.0033017748626,0.0,5.6637718785168545e-05,False,True,APPLY,APPLIED,
11.521999999995318,STOPPED,0.0,0.0,-0.00010306314125650898,0,0.848585429897667,4.7915419271355436e-21,-1.5816381219479696e-21,4.52297412005626e-21,0.0021303300666124206,2.6264959536162235e-13,0.0,2.324680765351714e-21,6.647836058812616e-21,0.0001065538570983339,0.00018002430795865216,-0.00028657816505698604,0.0,0.0,80.10918976255657,-0.09648934953793428,80.0,0.0049616787295002785,0.09648934953793428,24.0,0.0,600.0033017748626,0.0,5.7148908467752335e-05,False,True,APPLY,APPLIED,
11.531999999995454,STOPPED,0.0,0.0,-0.0002840212317284983,0,0.2573699237224695,4.7915419271355436e-21,-4.522974145427042e-21,-1.5816380493957268e-21,0.001908429955110729,6.663288429200591e-14,0.0,2.0162413926664824e-21,-7.05059105109443e-22,9.169802694123498e-05,1.655981940922744e-05,-0.0001082578463504624,0.0,0.0,80.08625183435257,-0.07691722966431563,80.0,0.003957506499472971,0.07691722966431563,24.0,0.0,600.0033017748626,0.0,5.7636839642327686e-05,False,True,APPLY,APPLIED,
11.541999999995591,STOPPED,0.0,0.0,-0.0006113141718708631,1.0,0.08836242284255882,2.4695041843944307e-21,2.4591918376940273e-21,2.2544716046266004e-22,0.001711155893353492,1.6904790161992415e-14,0.0,-3.763748985833045e-22,3.450428342125339e-23,7.536676860823207e-05,1.9519794426517905e-06,-7.731874805088387e-05,0.0,0.0,80.06798383430625,-0.06116409867611653,80.0,0.0031484205218577426,0.06116409867611653,24.0,0.0,600.0033017748626,0.0,5.812463984966598e-05,False,True,APPLY,APPLIED,
11.551999999995726,STOPPED,0.0,0.0,-7.40062719450662e-05,0,0.861423062172238,0.0,-0.0,0.0,0.0015387300506880526,1.943294364470509e-13,0.0,0.0,0.0,5.3271280726286515e-05,0.00018551242301054888,-0.00023878370373683541,0.0,0.0,80.05347090013822,-0.0485223116056015,80.0,0.002498590528826711,0.0485223116056015,24.0,0.0,600.0033017748626,0.0,5.864329375526722e-05,False,True,APPLY,APPLIED,
11.561999999995862,STOPPED,0.0,0.0,-0.00021216077772050776,0,0.25616400317787374,0.0,-0.0,0.0,0.001377705002051069,4.930013536066161e-14,0.0,0.0,0.0,4.7144666067866234e-05,1.6404999131028428e-05,-6.354966519889466e-05,0.0,0.0,80.04196843067204,-0.038405583162275825,80.0,0.0019782117762848946,0.038405583162275825,24.0,0.0,600.0033017748626,0.0,5.909775916279614e-05,False,True,APPLY,APPLIED,
11.571999999995999,STOPPED,0.0,0.0,-0.0005047409560269091,1.0,0.08368728827116276,2.678553366528855e-21,2.6568965769015542e-21,-3.3992457544559436e-22,0.0012350802828936718,1.2507505028571586e-14,0.0,-3.8511884657110553e-22,-4.927228314225445e-23,3.909602128327854e-05,1.7508905545451746e-06,-4.084691183782373e-05,0.0,0.0,80.03287273875027,-0.030330945583154485,80.0,0.0015626548991263555,0.030330945583154485,24.0,0.0,600.0033017748626,0.0,5.9610383118524624e-05,False,True,APPLY,APPLIED,
11.581999999996134,STOPPED,0.0,0.0,-5.282900448811072e-05,0,0.8769098933452515,3.8630646028345896e-20,3.776543104955976e-20,8.130131008065273e-21,0.001111788622769096,1.4377911625992757e-13,0.0,-5.736011894528095e-20,1.2348469716957651e-20,2.6193660254276713e-05,0.00019224274026169514,-0.0002184364005159718,0.0,0.0,80.0256961154542,-0.02390241790877233,80.0,0.0012316770634478824,0.02390241790877233,24.0,0.0,600.0033017748626,0.0,6.009771266235475e-05,False,True,APPLY,APPLIED,
11.59199999999627,STOPPED,0.0,0.0,-0.0001559726531033505,0,0.25705450666672197,0.0,-0.0,0.0,0.0009946766698983658,3.6476326914795245e-14,0.0,0.0,0.0,2.4106367522348745e-05,1.651925484941796e-05,-4.062562237176671e-05,0.0,0.0,80.02004583681588,-0.018796737938506596,80.0,0.0009687212684196594,0.018796737938506596,24.0,0.0,600.0033017748626,0.0,6.057527969005605e-05,False,True,APPLY,APPLIED,
11.601999999996407,STOPPED,0.0,0.0,-0.0004005872430900818,1.0,0.08081142032013289,2.4695041843944307e-21,2.4591918315552268e-21,2.254472274250764e-22,0.0008914874760046317,9.253739323365698e-15,0.0,-3.4421181621095855e-22,3.1555732503647034e-23,2.0245748834089555e-05,1.6326214135392969e-06,-2.187837024762885e-05,0.0,0.0,80.01560662807056,-0.014751109940568287,80.0,0.0007603074314927253,0.014751109940568287,24.0,0.0,600.0033017748626,0.0,6.111419486387604e-05,False,True,APPLY,APPLIED,
11.611999999996542,STOPPED,0.0,0.0,-3.755756218186832e-05,0,0.8944757569478781,1.9756033475155446e-20,1.9673534592709954e-20,1.803578470959134e-21,0.0008036859597002838,1.0637631591406851e-13,0.0,-3.047976364738605e-20,2.794243467298372e-21,1.2594542456936571e-05,0.00020002171994186994,-0.00021261626239880646,0.0,0.0,80.01212611304604,-0.011552643778038557,80.0,0.0005955026528110161,0.011552643778038557,24.0,0.0,600.0033017748626,0.0,6.15684829199381e-05,False,True,APPLY,APPLIED,
11.621999999996678,STOPPED,0.0,0.0,-0.00011321520148624297,0,0.2595047145861781,4.7915419271355436e-21,-4.5229741214225486e-21,-1.5816381180408256e-21,0.0007182446965910189,2.6986701867613257e-14,0.0,2.032965378379213e-21,-7.109073474182411e-22,1.2231357423949079e-05,1.6835674223113436e-05,-2.9067031647062522e-05,0.0,0.0,80.00940281047525,-0.00902944884156462,80.0,0.00046547153094823776,0.00902944884156462,24.0,0.0,600.0033017748626,0.0,6.207034255112376e-05,False,True,APPLY,APPLIED,
11.631999999996815,STOPPED,0.0,0.0,-0.00030780069034247416,0,0.07924719132699345,5.9894274089194295e-22,-1.977047548666988e-22,5.653717686356931e-22,0.0006435107155501336,6.8464231590639794e-15,0.0,2.7136986628877364e-23,7.760302040361207e-23,1.0458471908569332e-05,1.5700293333042767e-06,-1.2028501241873608e-05,0.0,0.0,80.00727628277083,-0.007043199564559647,80.0,0.0003630989242826828,0.007043199564559647,24.0,0.0,600.0033017748626,0.0,6.25785345391705e-05,False,True,APPLY,APPLIED,
11.64199999999695,STOPPED,0.0,0.0,-2.6630232943083657e-05,0,0.9137082254975313,1.9166167708542174e-20,-1.8091896441587623e-20,-6.326552598282406e-21,0.0005813528823607193,7.870284547180056e-14,0.0,2.8632037561411026e-20,-1.0012332991906543e-20,5.889802852575329e-06,0.00020871568033546195,-0.00021460548318803728,0.0,0.0,80.00561908771074,-0.005482894885921421,80.0,0.0002826720571837046,0.005482894885921421,24.0,0.0,600.0033017748626,0.0,6.30559219416682e-05,False,True,APPLY,APPLIED,
11.651999999997086,STOPPED,0.0,0.0,-8.14271644152928e-05,0,0.2631272717345614,4.7915419271355436e-21,-4.522974117300383e-21,-1.5816381298288875e-21,0.0005187460992456888,1.9966157218558186e-14,0.0,2.0613445652008555e-21,-7.208312668795883e-22,6.13893832237788e-06,1.7308990282618434e-05,-2.3447928604996318e-05,0.0,0.0,80.0043302306647,-0.004259703468029236,80.0,0.00021961718460013568,0.004259703468029236,24.0,0.0,600.0033017748626,0.0,6.358341386203392e-05,False,True,APPLY,APPLIED,
11.661999999997223,STOPPED,0.0,0.0,-0.00023148284048510703,0,0.07864273328167724,2.4695041843944307e-21,2.4591918277787964e-21,2.2544726861859253e-22,0.00046454242056143184,5.065223421195512e-15,0.0,-3.3497441210505183e-22,3.07088960743715e-23,5.3837968638786e-06,1.5461698745032567e-06,-6.929966738381858e-06,0.0,0.0,80.00332985770453,-0.003302735380746976,80.0,0.00017028311731099848,0.003302735380746976,24.0,0.0,600.0033017748626,0.0,6.403988197689614e-05,False,True,APPLY,APPLIED,
11.671999999997357,STOPPED,0.0,0.0,-1.884074536731848e-05,0,0.9343110729774915,2.142842693223084e-20,2.125517274237171e-20,-2.7193956096703615e-21,0.00042092260521058776,5.822647767291362e-14,0.0,-3.439669869578731e-20,-4.4007278865352086e-21,2.6830377888881325e-06,0.0002182342952720879,-0.00022091733306097601,0.0,0.0,80.00255496922071,-0.002555554081910115,80.0,0.0001317623409959531,0.002555554081910115,24.0,0.0,600.0033017748626,0.0,6.454155743540468e-05,False,True,APPLY,APPLIED,
11.681999999997494,STOPPED,0.0,0.0,-5.822656501811975e-05,0,0.2676431638323796,2.3957709635677718e-21,-7.908190691319796e-22,2.2614870571753617e-21,0.00037477241141860046,1.4771525874674854e-14,0.0,3.6660122801803605e-22,1.0483610786186286e-21,3.0347910523345084e-06,1.7908215786551505e-05,-2.0943006838886014e-05,0.0,0.0,80.00195596918047,-0.001973335817570623,80.0,0.00010174515277308648,0.001973335817570623,24.0,0.0,600.0033017748626,0.0,6.503815382075118e-05,False,True,APPLY,APPLIED,
11.69199999999763,STOPPED,0.0,0.0,-0.00017082030851215107,0,0.07874428298820704,1.1978854817838859e-21,-1.1307435322821616e-21,-3.9540952400096863e-22,0.0003353792726431836,3.747400257316151e-15,0.0,1.5422109150150426e-22,-5.392954869124361e-23,2.7577999976949244e-06,1.5501655258317086e-06,-4.307965523526632e-06,0.0,0.0,80.00149389533546,-0.0015205683568986041,80.0,7.840137778893089e-05,0.0015205683568986041,24.0,0.0,600.0033017748626,0.0,6.551795138420857e-05,False,True,APPLY,APPLIED,
11.701999999997765,STOPPED,0.0,0.0,-1.3322473847257204e-05,0,0.9560732477461479,2.710505431213761e-20,2.441844905203648e-20,-1.1765343818054292e-20,0.00030516991531485315,4.307793106495234e-14,0.0,-4.043615658631767e-20,-1.948302629314744e-20,1.2296436976580828e-06,0.00022851901376396677,-0.00022974865746162488,0.0,0.0,80.00113820236083,-0.0011691768017868284,80.0,6.0283963446192636e-05,0.0011691768017868284,24.0,0.0,600.0033017748626,0.0,6.604513180263893e-05,False,True,APPLY,APPLIED,
11.711999999997902,STOPPED,0.0,0.0,-4.147364929766522e-05,0,0.27285187166688557,0.0,-0.0,0.0,0.0002708726354950721,1.0928463146077491e-14,0.0,0.0,0.0,1.4696107281246195e-06,1.8612035968030648e-05,-2.0081646696155268e-05,0.0,0.0,80.00086499230325,-0.0008970134865168292,80.0,4.62512577185683e-05,0.0008970134865168292,24.0,0.0,600.0033017748626,0.0,6.6508858594716e-05,False,True,APPLY,APPLIED,
11.721999999998038,STOPPED,0.0,0.0,-0.00012433553321185905,0,0.07936895206484504,5.9894274089194295e-22,-1.9770476423263435e-22,5.653717653605206e-22,0.0002421617773317091,2.772439634111229e-15,0.0,2.7178683015765035e-23,7.772225447595289e-23,1.4028121447408023e-06,1.574857637967918e-06,-2.97766978270872e-06,0.0,0.0,80.00065560565174,-0.0006866463807562025,80.0,3.5404623718578754e-05,0.0006866463807562025,24.0,0.0,600.0033017748626,0.0,6.70132325240047e-05,False,True,APPLY,APPLIED,
11.731999999998173,STOPPED,0.0,0.0,-9.396949506925379e-06,0,0.9788459202203169,1.9166167708542174e-20,1.8091896433132562e-20,6.326552622461155e-21,0.00022166297879102622,3.1870239629989754e-14,0.0,-3.067319781019083e-20,1.072610606425699e-20,6.390394701906805e-07,0.00023953483388298977,-0.00024017387335318046,0.0,0.0,80.00049550230656,-0.0005243822994918484,80.0,2.703812738014912e-05,0.0005243822994918484,24.0,0.0,600.0033017748626,0.0,6.750982481662504e-05,False,True,APPLY,APPLIED,
11.74199999999831,STOPPED,0.0,0.0,-2.942993795039108e-05,0,0.27860970417558667,5.35710673305771e-21,5.313793185031527e-21,-6.798489068055889e-22,0.00019589541842218188,8.085164184114941e-15,0.0,-2.5642567888811935e-21,-3.2807207845431914e-22,6.930730763046114e-07,1.9405841815201983e-05,-2.0098914891506588e-05,0.0,0.0,80.00037337485283,-0.0003994866526417774,80.0,2.059833825385511e-05,0.0003994866526417774,24.0,0.0,600.0033017748626,0.0,6.797738694785949e-05,False,True,APPLY,APPLIED,
11.751999999998446,STOPPED,0.0,0.0,-8.976229209359077e-05,0,0.08038504575381797,2.678553366528855e-21,2.6568965908798315e-21,-3.3992446618946033e-22,0.00017488720351853195,2.0511273078280722e-15,0.0,-3.699223251784637e-22,-4.732801771416047e-23,7.065678794680691e-07,1.6154388952108525e-06,-2.3220067746789217e-06,0.0,0.0,80.00028044752116,-0.00030356241872522583,80.0,1.5652327473916092e-05,0.00030356241872522583,24.0,0.0,600.0033017748626,0.0,6.850729494090047e-05,False,True,APPLY,APPLIED,
11.761999999998581,STOPPED,0.0,0.0,-6.624028887447957e-06,0,1.0025256185675708,2.142842693223084e-20,2.1255172744943664e-20,-2.7193955895676676e-21,0.00016142945901991966,2.3578483519432532e-14,0.0,-3.6908019864257666e-20,-4.7220273221451146e-21,4.607798866246634e-07,0.00025126440397107264,-0.0002517251838576972,0.0,0.0,80.00020992316297,-0.0002300537064789207,80.0,1.1862081987093417e-05,0.0002300537064789207,24.0,0.0,600.0033017748626,0.0,6.897133368966024e-05,False,True,APPLY,APPLIED,
11.771999999998718,STOPPED,0.0,0.0,-2.0818433055480513e-05,0,0.2848140928545409,0.0,-0.0,0.0,0.00014179256351576095,5.981640242661994e-15,0.0,0.0,0.0,3.1774713883716077e-07,2.0279766872138762e-05,-2.0597514010975923e-05,0.0,0.0,80.00015654791784,-0.0001738521347854087,80.0,8.964215616606063e-06,0.0001738521347854087,24.0,0.0,600.0033017748626,0.0,6.946281189357251e-05,False,True,APPLY,APPLIED,
11.779999999998827,STOPPED,0.0,0.0,-5.143893124266388e-05,0,0.1047296744941589,2.4695041843944307e-21,2.4591918243356707e-21,2.2544730617640647e-22,0.0001292170611685137,1.9964744377528333e-15,0.0,-4.460903077829542e-22,4.089549143985107e-23,3.518327068059182e-07,2.7420761799131202e-06,-3.0939088867190378e-06,0.0,0.0,80.00012343858324,-0.00013865124593832228,80.0,7.149182806552797e-06,0.00013865124593832228,24.0,0.0,600.0033017748626,0.0,6.988595202983561e-05,False,True,APPLY,APPLIED,
11.789999999998964,STOPPED,0.0,0.0,-0.000152026609890877,0,0.03067054304858749,6.696383416322137e-22,6.642241472774137e-22,-8.498112000635342e-23,0.00011559733020214881,5.064852276835188e-16,0.0,-3.528553876241839e-23,-4.514446842001882e-24,3.249896826576695e-07,2.351705527238147e-07,-5.601602353814841e-07,0.0,0.0,80.00009135396701,-0.00010419769940674041,80.0,5.3726816052585936e-06,0.00010419769940674041,24.0,0.0,600.0033017748626,0.0,7.034164480046456e-05,False,True,APPLY,APPLIED,
11.799999999999098,STOPPED,0.0,0.0,-1.171977493906946e-05,0,0.3747669876691222,1.071421346611542e-20,1.0627586371938556e-20,-1.3596977989519762e-21,0.00010539087480706262,5.822249083276032e-15,0.0,-6.898530655221171e-21,-8.82600867180343e-22,1.4230820759400183e-07,3.5112573761647e-05,-3.5254881969241006e-05,0.0,0.0,80.00006728064214,-7.803919377883703e-05,80.0,4.023889160972272e-06,7.803919377883703e-05,24.0,0.0,600.0033017748626,0.0,7.086002449341322e-05,False,True,APPLY,APPLIED,
11.809999999999235,STOPPED,0.0,0.0,-3.658370842947848e-05,0,0.10683772475909743,2.3957709635677718e-21,-2.2614870558157123e-21,-7.908190730201386e-22,9.341215144735283e-05,1.4770489337751191e-15,0.0,4.184844876830659e-22,-1.4633977840897196e-22,1.6882859901717016e-07,2.8535748579251656e-06,-3.0224034569423363e-06,0.0,0.0,80.00004928198697,-5.823265794365573e-05,80.0,3.002617725844418e-06,5.823265794365573e-05,24.0,0.0,600.0033017748626,0.0,7.13522766773167e-05,False,True,APPLY,APPLIED,
11.819999999999371,STOPPED,0.0,0.0,-0.00011028351791995852,0,0.03097436225467298,1.2347520921972154e-21,1.229595912706126e-21,1.127236472165007e-22,8.347270018533342e-05,3.7471246084243056e-16,0.0,-6.596679911569557e-23,6.047530017527516e-24,1.6477668065882426e-07,2.398527792709276e-07,-4.0462945992975184e-07,0.0,0.0,80.00003587664872,-4.3278916260062215e-05,80.0,2.2315671181302693e-06,4.3278916260062215e-05,24.0,0.0,600.0033017748626,0.0,7.183147806699708e-05,False,True,APPLY,APPLIED,
11.829999999999506,STOPPED,0.0,0.0,-8.260060892941494e-06,0,0.3837499282403383,1.071421346611542e-20,1.0627586372300554e-20,-1.3596977961225468e-21,7.661786846641754e-05,4.3074561615037455e-15,0.0,-7.063884309715012e-21,-9.037562802611217e-22,8.166550363308265e-08,3.6816001856116214e-05,-3.689766735974929e-05,0.0,0.0,80.0000259342068,-3.202362978294883e-05,80.0,1.651217340107826e-06,3.202362978294883e-05,24.0,0.0,600.0033017748626,0.0,7.235721329834632e-05,False,True,APPLY,APPLIED,
11.839999999999643,STOPPED,0.0,0.0,-2.5890435325982305e-05,0,0.10914304037100099,2.4695041843944307e-21,-2.459191823882876e-21,-2.25447311115517e-22,6.757471244707948e-05,1.0927585177816098e-15,0.0,4.648887977324723e-22,-4.261885079425306e-23,7.877048793049865e-08,2.9780508153564885e-06,-3.0568213032869875e-06,0.0,0.0,80.0000185941704,-2.357987433079425e-05,80.0,1.2158367049946412e-06,2.357987433079425e-05,24.0,0.0,600.0033017748626,0.0,7.281604337094905e-05,False,True,APPLY,APPLIED,
11.84999999999978,STOPPED,0.0,0.0,-7.930511613117906e-05,0,0.03141533622780487,0.0,-0.0,0.0,6.028865584951697e-05,2.7722214834743403e-16,0.0,0.0,0.0,8.2617076625929e-08,2.467308375765073e-07,-3.2934791420243635e-07,0.0,0.0,80.00001320321799,-1.7267773839500917e-05,80.0,8.903692947057447e-07,1.7267773839500917e-05,24.0,0.0,600.0033017748626,0.0,7.331948370392638e-05,False,True,APPLY,APPLIED,
11.859999999999914,STOPPED,0.0,0.0,-5.82502017172717e-06,0,0.39307432397522285,2.3957709635677718e-21,-7.908190784309457e-22,2.2614870539236084e-21,5.5865600644513654e-05,3.186776526725263e-15,0.0,5.384091620451923e-22,1.5396762456653126e-21,6.795659900243828e-08,3.862685604214462e-05,-3.869481264114705e-05,0.0,0.0,80.0000092666713,-1.2567322358317911e-05,80.0,6.480024089801256e-07,1.2567322358317911e-05,24.0,0.0,600.0033017748626,0.0,7.381439479559049e-05,False,True,APPLY,APPLIED,
11.87000000000005,STOPPED,0.0,0.0,-1.8339549194089872e-05,0,0.11161039461146258,2.678553366528855e-21,2.6568965928098898e-21,-3.39924451103857e-22,4.8931136776469385e-05,8.084535568311829e-16,0.0,-5.136176303885418e-22,-6.57124524754063e-23,3.583325319989448e-08,3.1142200463315997e-06,-3.1500532995314935e-06,0.0,0.0,80.00000641105208,-9.08172755438665e-06,80.0,4.682765019694326e-07,9.08172755438665e-06,24.0,0.0,600.0033017748626,0.0,7.429633603805996e-05,False,True,APPLY,APPLIED,
11.880000000000187,STOPPED,0.0,0.0,-5.673487761149484e-05,0,0.03196086025476158,6.696383416322137e-22,6.642241479457118e-22,-8.49811147828428e-23,4.3557277766393365e-05,2.050966325401076e-16,0.0,-3.6770009997792926e-23,-4.7043704295497995e-24,4.078410506252866e-08,2.553741470560997e-07,-2.961582521186283e-07,0.0,0.0,80.00000435525226,-6.50899301886621e-06,80.0,3.3561991599255304e-07,6.50899301886621e-06,24.0,0.0,600.0033017748626,0.0,7.48254000200177e-05,False,True,APPLY,APPLIED,
11.890000000000322,STOPPED,0.0,0.0,-4.104627473065012e-06,0,0.4027164342835348,0.0,-0.0,0.0,4.090244473739888e-05,2.357664082448479e-15,0.0,0.0,0.0,7.505103210190759e-08,4.054513161051117e-05,-4.062018264261308e-05,0.0,0.0,80.00000288838332,-4.619851898831425e-06,80.0,2.382110963323711e-07,4.619851898831425e-06,24.0,0.0,600.0033017748626,0.0,7.528735739015247e-05,False,True,APPLY,APPLIED,
11.900000000000459,STOPPED,0.0,0.0,-1.2955211898113804e-05,0,0.11421485446271004,2.3957709635677718e-21,2.261487054359272e-21,7.908190771850878e-22,3.547964667000774e-05,5.981161124244964e-16,0.0,-4.473807817661416e-22,1.5644452012433991e-22,1.6487632094391896e-08,3.2612582449845095e-06,-3.2777458770789014e-06,0.0,0.0,80.00000185279576,-3.240723489389599e-06,80.0,1.670997971816062e-07,3.240723489389599e-06,24.0,0.0,600.0033017748626,0.0,7.579419332159887e-05,False,True,APPLY,APPLIED,
11.910000000000595,STOPPED,0.0,0.0,-4.0351850958572535e-05,0,0.03258754169812741,0.0,-0.0,0.0,3.1482974420140965e-05,1.5173612250592818e-16,0.0,0.0,0.0,1.9712664121088698e-08,2.654869684817982e-07,-2.8519963260288685e-07,0.0,0.0,80.00000113109186,-2.240577588049286e-06,80.0,1.155297786169215e-07,2.240577588049286e-06,24.0,0.0,600.0033017748626,0.0,7.629180470303254e-05,False,True,APPLY,APPLIED,
11.92000000000073,STOPPED,0.0,0.0,-2.893194197505176e-06,0,0.4126609073655457,2.3957709635677718e-21,-7.908190789416714e-22,2.2614870537450123e-21,3.011779006290418e-05,1.7442650976072203e-15,0.0,5.65237666098449e-22,1.6163970979068535e-21,9.033702720376538e-08,4.257225611693889e-05,-4.266259314414266e-05,0.0,0.0,80.00000063621593,-1.5208023986571154e-06,80.0,7.841637243351388e-08,1.5208023986571154e-06,24.0,0.0,600.0033017748626,0.0,7.677724659060914e-05,False,True,APPLY,APPLIED,
11.930000000000867,STOPPED,0.0,0.0,-9.143727648787917e-06,0,0.11693892953437486,2.3957709635677718e-21,-2.261487054126153e-21,-7.908190778517324e-22,2.577551270388169e-05,4.4250266303707337e-16,0.0,4.580510123196997e-22,-1.6017579163710336e-22,8.729597064033401e-09,3.4186783101613728e-06,-3.4274079072254056e-06,0.0,0.0,80.0000003039114,-1.007427427954326e-06,80.0,5.194547635922436e-08,1.007427427954326e-06,24.0,0.0,600.0033017748626,0.0,7.730952518159029e-05,False,True,APPLY,APPLIED,
11.940000000001003,STOPPED,0.0,0.0,-2.8636567497600787e-05,0,0.033278640234364,0.0,-0.0,0.0,2.2769824265391962e-05,1.1225861867770447e-16,0.0,0.0,0.0,9.27538707649406e-09,2.7686697396205763e-07,-2.861423610385517e-07,0.0,0.0,80.00000008699507,-6.451664886091044e-07,80.0,3.326639699655663e-08,6.451664886091044e-07,24.0,0.0,600.0033017748626,0.0,7.775528854381264e-05,False,True,APPLY,APPLIED,
11.950000000001138,STOPPED,0.0,0.0,-2.0387195648464636e-06,0,0.4228984930878178,0.0,-0.0,0.0,2.234922852026052e-05,1.2904557312890414e-15,0.0,0.0,0.0,1.0798713339183911e-07,4.4710783863986785e-05,-4.481877099737862e-05,0.0,0.0,79.99999995093019,-3.9524082765518376e-07,80.0,2.0379605200971e-08,3.9524082765518376e-07,24.0,0.0,600.0033017748626,0.0,7.826527996712684e-05,False,True,APPLY,APPLIED,
11.960000000001275,STOPPED,0.0,0.0,-6.44859317020056e-06,0,0.11977051420177018,2.678553366528855e-21,2.6568965931227955e-21,-3.399244486581481e-22,1.877604090641377e-05,3.2737592506495653e-16,0.0,-5.511695206895844e-22,-7.051685636638686e-23,6.493089657594819e-09,3.5862440180391087e-06,-3.5927371076967028e-06,0.0,0.0,79.99999986820934,-2.3972567944730924e-07,80.0,1.2360855387228013e-08,2.3972567944730924e-07,24.0,0.0,600.0033017748626,0.0,7.876711867993436e-05,False,True,APPLY,APPLIED,
11.970000000001411,STOPPED,0.0,0.0,-2.02727953379798e-05,0,0.03402222039202293,6.696383416322137e-22,6.642241481896852e-22,-8.498111287591192e-23,1.648252979198835e-05,8.305205149301951e-17,0.0,-3.914154295127024e-23,-5.0077852314537465e-24,4.24430397959877e-09,2.893778701008452e-07,-2.93622174080444e-07,0.0,0.0,79.9999998180366,-1.454009743228573e-07,80.0,7.497237772627903e-09,1.454009743228573e-07,24.0,0.0,600.0033017748626,0.0,7.923522696273722e-05,False,True,APPLY,APPLIED,
11.980000000001546,STOPPED,0.0,0.0,-1.4350143743082078e-06,0,0.43342439230576496,9.878016737577723e-21,9.836767293820485e-21,9.017892631259662e-22,1.6757830986670584e-05,9.54714955436984e-16,0.0,-7.384589761362109e-21,6.769849850539549e-22,1.2551748362548468e-07,4.6964175961405426e-05,-4.708969344503089e-05,0.0,0.0,79.99999978760529,-8.819014881180922e-08,80.0,4.547304572254498e-09,8.819014881180922e-08,24.0,0.0,600.0033017748626,0.0,7.977127904723602e-05,False,True,APPLY,APPLIED,
11.990000000001682,STOPPED,0.0,0.0,-4.542561222555606e-06,0,0.12270140244972484,4.9390083687888615e-21,4.918383647018154e-21,4.508946303858891e-22,1.3728696173617172e-05,2.422017466605912e-16,0.0,-1.0452797954385431e-21,9.582640982060015e-23,6.756708413700383e-09,3.7639085407823363e-06,-3.770665249196035e-06,0.0,0.0,79.99999976914773,-5.349002911429984e-08,80.0,2.7580796421238087e-09,5.349002911429984e-08,24.0,0.0,600.0033017748626,0.0,8.024042369925155e-05,False,True,APPLY,APPLIED,
12.000000000001819,STOPPED,0.0,0.0,-1.4326243727990874e-05,0,0.03480981822262602,5.9894274089194295e-22,5.653717636108352e-22,1.9770476923616952e-22,1.1946064680316296e-05,6.144418236598052e-17,0.0,-3.408760568713752e-23,1.1920089841677946e-23,1.9312009511296917e-09,3.029308611730667e-07,-3.0486206212419637e-07,0.0,0.0,79.9999997579527,-3.244334263766428e-08,80.0,1.672859864877345e-09,3.244334263766428e-08,24.0,0.0,600.0033017748626,0.0,8.073244941897428e-05,False,True,APPLY,APPLIED,
12.010000000001954,STOPPED,0.0,0.0,-1.0115001014131969e-06,0,0.44423706608139035,1.9315323014172948e-20,1.888271550831301e-20,4.065065580523219e-21,1.2738131251154856e-05,7.063242590204557e-16,0.0,-1.4529138695711675e-20,3.1278288125764467e-21,1.420452046077741e-07,4.93366427201504e-05,-4.9478687924758156e-05,0.0,0.0,79.99999975116253,-1.9677882009965175e-08,80.0,1.0146407974508454e-09,1.9677882009965175e-08,24.0,0.0,600.0033017748626,0.0,8.123829854866926e-05,False,True,APPLY,APPLIED,
12.02000000000209,STOPPED,0.0,0.0,-3.203469988941034e-06,0,0.1257262161955789,2.3957709635677718e-21,2.2614870537638255e-21,7.908190788878722e-22,1.0090358208149649e-05,1.7918746269492252e-16,0.0,-4.924709061694891e-22,1.7221207954644481e-22,8.04921292850823e-09,3.951770359714361e-06,-3.959819572642868e-06,0.0,0.0,79.99999974704411,-1.1935238756022733e-08,80.0,6.154107522492166e-10,1.1935238756022733e-08,24.0,0.0,600.0033017748626,0.0,8.17114745359504e-05,False,True,APPLY,APPLIED,
12.030000000002227,STOPPED,0.0,0.0,-1.0110413093739963e-05,0,0.035635479065379914,6.696383416322137e-22,-6.642241482566336e-22,8.498111235263421e-23,8.67324670365622e-06,4.545809465576802e-17,0.0,4.099754861661784e-23,5.245243332865517e-24,9.61709743139203e-10,3.174718420547826e-07,-3.184335517979218e-07,0.0,0.0,79.99999974454616,-7.239088236066224e-09,80.0,3.732654895559673e-10,7.239088236066224e-09,24.0,0.0,600.0033017748626,0.0,8.222837539051397e-05,False,True,APPLY,APPLIED,
12.040000000002362,STOPPED,0.0,0.0,-7.124829527378119e-07,0,0.45533737711342737,4.7915419271355436e-21,1.5816381586425073e-21,-4.522974107224553e-21,9.853159225981755e-06,5.225582276742825e-16,0.0,-1.2473865677929624e-21,-3.567122553915629e-21,1.574174605484726e-07,5.18330317491339e-05,-5.1990449209682366e-05,0.0,0.0,79.99999974303113,-4.390728963372929e-09,80.0,2.2639696362834095e-10,4.390728963372929e-09,24.0,0.0,600.0033017748626,0.0,8.270225714568369e-05,False,True,APPLY,APPLIED,
12.050000000002498,STOPPED,0.0,0.0,-2.25820412422907e-06,0,0.12884163208734672,0.0,-0.0,0.0,7.4690465601785074e-06,1.3256787607155482e-16,0.0,0.0,0.0,9.680376739059868e-09,4.150041539732804e-06,-4.159721916471863e-06,0.0,0.0,79.99999974211218,-2.6631117347127838e-09,80.0,1.3731669970643552e-10,2.6631117347127838e-09,24.0,0.0,600.0033017748626,0.0,8.319953428781446e-05,False,True,APPLY,APPLIED,
12.060000000002635,STOPPED,0.0,0.0,-7.135517763086093e-06,0,0.036495063156205806,2.9947137044597147e-22,9.88523847753419e-23,-2.826858817504263e-22,6.312465323661191e-06,3.363115646540804e-17,0.0,-6.24858810680275e-24,-1.7868943098147457e-23,6.391107971320847e-10,3.329724086938627e-07,-3.336115194909949e-07,0.0,0.0,79.99999974155479,-1.6152589173213003e-09,80.0,8.328678846250633e-11,1.6152589173213003e-09,24.0,0.0,600.0033017748626,0.0,8.370427929094149e-05,False,True,APPLY,APPLIED,
12.07000000000277,STOPPED,0.0,0.0,-5.015100687964165e-07,0,0.4667279711340245,9.583083854271087e-21,9.045948214397886e-21,3.1632763174314913e-21,7.787552834062972e-06,3.86603003606115e-16,0.0,-7.312713412285078e-21,2.55718169118269e-21,1.717849688490134e-07,5.4458749759720705e-05,-5.463053472856972e-05,0.0,0.0,79.99999974121674,-9.79704056721326e-10,80.0,5.0515990751510695e-11,9.79704056721326e-10,24.0,0.0,600.0033017748626,0.0,8.418279901434289e-05,False,True,APPLY,APPLIED,
12.080000000002906,STOPPED,0.0,0.0,-1.58916444706938e-06,0,0.13204582377048457,2.3957709635677718e-21,2.2614870536656147e-21,7.908190791687229e-22,5.581862167806128e-06,9.807735758679234e-17,0.0,-5.172248752333793e-22,1.8086829145991579e-22,1.1347241385461128e-08,4.359024893806467e-06,-4.370372135191928e-06,0.0,0.0,79.99999974101169,-5.94220547843286e-10,80.0,3.063949719655122e-11,5.94220547843286e-10,24.0,0.0,600.0033017748626,0.0,8.470510726965585e-05,False,True,APPLY,APPLIED,
12.090000000003043,STOPPED,0.0,0.0,-5.0294802394082045e-06,0,0.03738574455689187,8.470329472543003e-22,7.630765331112112e-22,-3.6766699382631713e-22,4.609955419927863e-06,2.4881257854605493e-17,0.0,-4.941226473193961e-23,-2.3807911846104015e-23,6.146951913616873e-10,3.4942347401829265e-07,-3.5003816920965426e-07,0.0,0.0,79.99999974088732,-3.6041298089707157e-10,80.0,1.8583794447887675e-11,3.6041298089707157e-10,24.0,0.0,600.0033017748626,0.0,8.517757521531166e-05,False,True,APPLY,APPLIED,
12.100000000003178,STOPPED,0.0,0.0,-3.535124553953815e-07,0,0.4784128315903818,4.7915419271355436e-21,1.5816381587672552e-21,-4.522974107180929e-21,6.313717718626474e-06,2.860195573126427e-16,0.0,-1.3106012596985849e-21,-3.747896147798816e-21,1.8539997006629632e-07,5.7219709357581764e-05,-5.740510932764806e-05,0.0,0.0,79.99999974081186,-2.1860152307208626e-10,80.0,1.127164110644134e-11,2.1860152307208626e-10,24.0,0.0,600.0033017748626,0.0,8.56803738997769e-05,False,True,APPLY,APPLIED,
12.110000000003314,STOPPED,0.0,0.0,-1.1180592439025579e-06,0,0.1353380596873123,2.678553366528855e-21,-2.656896593262264e-21,3.3992444756804205e-22,4.224632741278933e-06,7.256033922600407e-17,0.0,6.228094952248897e-22,7.968250406934595e-23,1.2934119213493192e-08,4.5790975999816275e-06,-4.592031719195121e-06,0.0,0.0,79.99999974076616,-1.3258852600294804e-10,80.0,6.836595916333934e-12,1.3258852600294804e-10,24.0,0.0,600.0033017748626,0.0,8.617170749403158e-05,False,True,APPLY,APPLIED,
12.12000000000345,STOPPED,0.0,0.0,-3.5444390674824596e-06,0,0.03830564961448287,2.9947137044597147e-22,-9.885238485356597e-23,2.826858817230722e-22,3.3825693197492864e-06,1.840784205602931e-17,0.0,6.558591932539713e-24,1.875545386242582e-23,7.173541006711047e-10,3.6683069809688294e-07,-3.6754805219755414e-07,0.0,0.0,79.9999997407384,-8.041900614683823e-11,80.0,4.1466050313227325e-12,8.041900614683823e-11,24.0,0.0,600.0033017748626,0.0,8.664840913752414e-05,False,True,APPLY,APPLIED,
12.130000000003585,STOPPED,0.0,0.0,-2.48660932693197e-07,0,0.4903969594721456,1.071421346611542e-20,1.0627586373140058e-20,-1.3596977895608884e-21,5.267403885236014e-06,2.1160518208556954e-16,0.0,-9.026991623699655e-21,-1.154917036303754e-21,1.9852588656397417e-07,6.012229446488133e-05,-6.032082035144529e-05,0.0,0.0,79.99999974072153,-4.877659285165579e-11,80.0,2.5150430852159147e-12,4.877659285165579e-11,24.0,0.0,600.0033017748626,0.0,8.717672278635291e-05,False,True,APPLY,APPLIED,
12.140000000003722,STOPPED,0.0,0.0,-7.887912124205742e-07,0,0.1387184131491045,0.0,-0.0,0.0,3.2500050971576624e-06,5.368214335030501e-17,0.0,0.0,0.0,1.4412191085471585e-08,4.810699536651412e-06,-4.8251117277368836e-06,0.0,0.0,79.99999974071133,-2.958449904084191e-11,80.0,1.5254507416817134e-12,2.958449904084191e-11,24.0,0.0,600.0033017748626,0.0,8.763526545862987e-05,False,True,APPLY,APPLIED,
12.150000000003859,STOPPED,0.0,0.0,-2.4982370861641102e-06,0,0.03925359612790127,6.696383416322137e-22,6.642241483065601e-22,-8.498111196240178e-23,2.498125707500805e-06,1.3618629279276031e-17,0.0,-4.516008365705186e-23,-5.7777997612337814e-24,8.657712177169784e-10,3.852112022430964e-07,-3.860769734608134e-07,0.0,0.0,79.99999974070519,-1.7943905720506946e-11,80.0,9.2523264471134e-13,1.7943905720506946e-11,24.0,0.0,600.0033017748626,0.0,8.813618057956774e-05,False,True,APPLY,APPLIED,
12.160000000003993,STOPPED,0.0,0.0,-1.7472690209394232e-07,0,0.5026861435140897,4.7915419271355436e-21,1.5816381588291511e-21,-4.522974107159285e-21,4.530078774119733e-06,1.565513444802017e-16,0.0,-1.3770974552631897e-21,-3.938053782036478e-21,2.1140129201645851e-07,6.317333972026699e-05,-6.338474101228345e-05,0.0,0.0,79.99999974070138,-1.0883528974479401e-11,80.0,5.611819663844368e-13,1.0883528974479401e-11,24.0,0.0,600.0033017748626,0.0,8.865292090831645e-05,False,True,APPLY,APPLIED,
12.17000000000413,STOPPED,0.0,0.0,-5.547362913893773e-07,0,0.14218755345021966,0.0,-0.0,0.0,2.551633862618921e-06,3.971552957959216e-17,0.0,0.0,0.0,1.5790000629255877e-08,5.054325089039769e-06,-5.070115089669025e-06,0.0,0.0,79.99999974069904,-6.601194008892199e-12,80.0,3.403740682899871e-13,6.601194008892199e-12,24.0,0.0,600.0033017748626,0.0,8.911514794363029e-05,False,True,APPLY,APPLIED,
12.180000000004267,STOPPED,0.0,0.0,-1.758369287668828e-06,0,0.040228905201016116,1.3392766832644275e-21,1.3284482966227694e-21,-1.699622238493858e-22,1.8612269531143098e-06,1.0075437205504805e-17,0.0,-9.256429491979009e-23,-1.1842714130172398e-23,1.0233930051852752e-09,4.0459120341808537e-07,-4.0561459642327056e-07,0.0,0.0,79.99999974069755,-4.003826557104339e-12,80.0,2.0644730818899981e-13,4.003826557104339e-12,24.0,0.0,600.0033017748626,0.0,8.964150435986085e-05,False,True,APPLY,APPLIED,
12.190000000004401,STOPPED,0.0,0.0,-1.2327218550258054e-07,0,0.515286795669721,9.583083854271087e-21,-9.045948214305986e-21,-3.163276317694296e-21,4.0162054824540215e-06,1.1582100583382696e-16,0.0,8.073535110127429e-21,-2.823233320477158e-21,2.2422931077594698e-07,6.638012044789222e-05,-6.660434975866816e-05,0.0,0.0,79.9999997406969,-2.4284435630554293e-12,80.0,1.2521662203177205e-13,2.4284435630554293e-12,24.0,0.0,600.0033017748626,0.0,9.010736664549768e-05,False,True,APPLY,APPLIED,
12.200000000004538,STOPPED,0.0,0.0,-3.9075269692678085e-07,0,0.14574659548500993,4.9390083687888615e-21,4.9183836468740456e-21,4.508946319578146e-22,2.0527700790279496e-06,2.938264590666073e-17,0.0,-1.2415992683734257e-21,1.1382407013087246e-22,1.708973400257725e-08,5.3105175238677805e-06,-5.327607257870356e-06,0.0,0.0,79.99999974069678,-1.4729254763749108e-12,80.0,7.594772036791856e-14,1.4729254763749108e-12,24.0,0.0,600.0033017748626,0.0,9.059309684289474e-05,False,True,APPLY,APPLIED,
12.210000000004674,STOPPED,0.0,0.0,-1.2394328622925185e-06,0,0.041231265558597775,1.2347520921972154e-21,1.2295959117258585e-21,1.1272365790931163e-22,1.4030231321756272e-06,7.454087181255433e-18,0.0,-8.781115775228602e-23,8.050120216483093e-24,1.1754971821570283e-09,4.2500431489090294e-07,-4.261798120730599e-07,0.0,0.0,79.99999974069678,-8.933744608932244e-13,80.0,4.606462093842449e-14,8.933744608932244e-13,24.0,0.0,600.0033017748626,0.0,9.110806274748029e-05,False,True,APPLY,APPLIED,
12.22000000000481,STOPPED,0.0,0.0,-8.674173655253247e-08,0,0.5282058337334485,4.7915419271355436e-21,1.5816381588598552e-21,-4.522974107148548e-21,3.6640611533661853e-06,8.568757970962312e-17,0.0,-1.4470080762893289e-21,-4.137975569968138e-21,2.3717814792560636e-07,6.97503506975119e-05,-6.998752884543751e-05,0.0,0.0,79.99999974069678,-5.418590011359888e-13,80.0,2.793960492719516e-14,5.418590011359888e-13,24.0,0.0,600.0033017748626,0.0,9.157806414350489e-05,False,True,APPLY,APPLIED,
12.230000000004946,STOPPED,0.0,0.0,-2.75114210537497e-07,0,0.1493969915996302,2.678553366528855e-21,2.656896593284317e-21,-3.3992444739566906e-22,1.698025320331582e-06,2.1738092600619388e-17,0.0,-6.875070112725873e-22,-8.795993095034006e-23,1.8336394055632114e-08,5.579865274754996e-06,-5.598201668810627e-06,0.0,0.0,79.99999974069678,-3.2865409743024136e-13,80.0,1.6946227008602103e-14,3.2865409743024136e-13,24.0,0.0,600.0033017748626,0.0,9.208848894104449e-05,False,True,APPLY,APPLIED,
12.240000000005082,STOPPED,0.0,0.0,-8.727702237767306e-07,0,0.042260635729614214,1.3392766832644275e-21,1.3284482966343572e-21,-1.6996222375881335e-22,1.0738244697729941e-06,5.514739295403145e-18,0.0,-9.723918485132291e-23,-1.2440821472462659e-23,1.3176356417460592e-09,4.4649033306778647e-07,-4.4780796870953237e-07,0.0,0.0,79.99999974069678,-1.9933878653162527e-13,80.0,1.0278406247167524e-14,1.9933878653162527e-13,24.0,0.0,600.0033017748626,0.0,9.257173621790571e-05,False,True,APPLY,APPLIED,
12.250000000005217,STOPPED,0.0,0.0,-6.135126101482965e-08,0,0.5414505980237972,1.071421346611542e-20,1.0627586373159631e-20,-1.3596977894078872e-21,3.4291103898791565e-06,6.33940362905643e-17,0.0,-9.966762473972083e-21,-1.2751517068484022e-21,2.503858526163865e-07,7.329218752508195e-05,-7.354257337769832e-05,0.0,0.0,79.99999974069678,-1.209050857013428e-13,80.0,6.234168521888988e-15,1.209050857013428e-13,24.0,0.0,600.0033017748626,0.0,9.306559093147371e-05,False,True,APPLY,APPLIED,
12.260000000005354,STOPPED,0.0,0.0,-1.9405012066107992e-07,0,0.15314045393431538,5.35710673305771e-21,5.313793186572888e-21,-6.79848894758107e-22,1.4474276580937e-06,1.608244074526649e-17,0.0,-1.4094679506204105e-21,-1.8032791167852438e-22,1.9553293817387612e-08,5.862999657802045e-06,-5.8825529516194305e-06,0.0,0.0,79.99999974069678,-7.333264139304828e-14,80.0,3.781214346341078e-15,7.333264139304828e-14,24.0,0.0,600.0033017748626,0.0,9.35828860519905e-05,False,True,APPLY,APPLIED,
12.27000000000549,STOPPED,0.0,0.0,-6.147690552188188e-07,0,0.04331717356221425,1.1978854817838859e-21,1.1307435268031687e-21,3.954095396691192e-22,8.377695613426363e-07,4.079956312678615e-18,0.0,-8.483691134955693e-23,2.966660720890202e-23,1.4499013667053212e-09,4.690943813547483e-07,-4.705442827214535e-07,0.0,0.0,79.99999974069678,-4.447849536259581e-14,80.0,2.293422432001142e-15,4.447849536259581e-14,24.0,0.0,600.0033017748626,0.0,9.405164416875778e-05,False,True,APPLY,APPLIED,
12.280000000005625,STOPPED,0.0,0.0,-4.2822977365114665e-08,0,0.5550287926935401,9.583083854271087e-21,-9.045948214286463e-21,-3.1632763177501187e-21,3.279222692974847e-06,4.6900658149417427e-17,0.0,8.696214385057601e-21,-3.0409779457819357e-21,2.639661294907632e-07,7.70142401797122e-05,-7.727820630920299e-05,0.0,0.0,79.99999974069678,-2.6977571135300646e-14,80.0,1.3910310206814102e-15,2.6977571135300646e-14,24.0,0.0,600.0033017748626,0.0,9.457055909933842e-05,False,True,APPLY,APPLIED,
12.290000000005762,STOPPED,0.0,0.0,-1.359852097153455e-07,0,0.1569788987835718,2.678553366528855e-21,2.6568965932879406e-21,-3.3992444736734905e-22,1.2721317082860082e-06,1.1898233614370137e-17,0.0,-7.223980374713901e-22,-9.242390324375983e-23,2.0760547819404596e-08,6.160593665825722e-06,-6.181354213645126e-06,0.0,0.0,79.99999974069678,-1.6362724018138453e-14,80.0,8.437029626546364e-16,1.6362724018138453e-14,24.0,0.0,600.0033017748626,0.0,9.503691342160892e-05,False,True,APPLY,APPLIED,
12.300000000005898,STOPPED,0.0,0.0,-4.3254283654495585e-07,0,0.04440118546821328,1.3392766832644275e-21,1.3284482966401024e-21,-1.6996222371391e-22,6.689772979987558e-07,3.0184643027275005e-18,0.0,-1.0216446124956457e-22,-1.3070963365624906e-23,1.5741544241713143e-09,4.928663177456688e-07,-4.9444047216984e-07,0.0,0.0,79.99999974069678,-9.92449379341732e-15,80.0,5.117317145404227e-16,9.92449379341732e-15,24.0,0.0,600.0033017748626,0.0,9.552948301916331e-05,False,True,APPLY,APPLIED,
12.310000000006033,STOPPED,0.0,0.0,-3.0269958219957865e-08,0,0.568948444845191,1.071421346611542e-20,1.0627586373162844e-20,-1.3596977893827705e-21,3.1912207770548347e-06,3.469840092804185e-17,0.0,-1.0472929627201765e-20,-1.339910941436991e-21,2.780138406049247e-07,8.092558322294035e-05,-8.120359706354528e-05,0.0,0.0,79.99999974069678,-6.019509767835375e-15,80.0,3.1038097441608116e-16,6.019509767835375e-15,24.0,0.0,600.0033017748626,0.0,9.605577577076474e-05,False,True,APPLY,APPLIED,
12.32000000000617,STOPPED,0.0,0.0,-9.626393151365114e-08,0,0.16091440685830619,0.0,-0.0,0.0,1.1513224693337365e-06,8.80264152881794e-18,0.0,0.0,0.0,2.1974907625051443e-08,6.473361583640126e-06,-6.495336491265176e-06,0.0,0.0,79.99999974069678,-3.651017230631848e-15,80.0,1.882555771748366e-16,3.651017230631848e-15,24.0,0.0,600.0033017748626,0.0,9.650706431330036e-05,False,True,APPLY,APPLIED,
12.330000000006306,STOPPED,0.0,0.0,-3.0446485601949875e-07,0,0.04551308990996787,2.9947137044597147e-22,9.885238492400833e-23,-2.8268588169843926e-22,5.487696176420147e-07,2.2331431977883583e-18,0.0,-7.792630787504596e-24,-2.2284406254938298e-23,1.6927341450738684e-09,5.178603382882048e-07,-5.195530724332789e-07,0.0,0.0,79.99999974069678,-2.2144538895173382e-15,80.0,1.141827794184368e-16,2.2144538895173382e-15,24.0,0.0,600.0033017748626,0.0,9.702465411010053e-05,False,True,APPLY,APPLIED,
12.340000000006441,STOPPED,0.0,0.0,-2.111490600009698e-08,0,0.58321787654121,9.583083854271087e-21,-9.045948214281227e-21,-3.163276317765092e-21,3.148389412339183e-06,2.5670833842925772e-17,0.0,9.137882132175937e-21,-3.195424676166766e-21,2.9260971382933667e-07,8.503577287930954e-05,-8.532838259313889e-05,0.0,0.0,79.99999974069678,-1.3431341785121636e-15,80.0,6.925535652848686e-17,1.3431341785121636e-15,24.0,0.0,600.0033017748626,0.0,9.7519678433855e-05,False,True,APPLY,APPLIED,
12.350000000006577,STOPPED,0.0,0.0,-6.757492955761818e-08,0,0.16494919503145197,4.9390083687888615e-21,4.918383646862853e-21,4.508946320799077e-22,1.0699807484983063e-06,6.512437074621091e-18,0.0,-1.4051841086774062e-21,1.2882077063889924e-22,2.3210136796030206e-08,6.802059235380998e-06,-6.8252693721770265e-06,0.0,0.0,79.99999974069678,-8.146520593755737e-16,80.0,4.2005497083857033e-17,8.146520593755737e-16,24.0,0.0,600.0033017748626,0.0,9.799391534670576e-05,False,True,APPLY,APPLIED,
12.360000000006714,STOPPED,0.0,0.0,-2.145836266780855e-07,0,0.046653391168628544,0.0,-0.0,0.0,4.6366709719624025e-07,1.6521409814651867e-18,0.0,0.0,0.0,1.807904632170928e-09,5.441347268832671e-07,-5.45942631515438e-07,0.0,0.0,79.99999974069678,-4.941114510093247e-16,80.0,2.547762185782904e-17,4.941114510093247e-16,24.0,0.0,600.0033017748626,0.0,9.851896663803927e-05,False,True,APPLY,APPLIED,
12.370000000006849,STOPPED,0.0,0.0,-1.502485058647441e-08,0,0.5978456861523967,1.071421346611542e-20,1.0627586373164436e-20,-1.3596977893703238e-21,3.138677503170876e-06,1.8991991745878138e-17,0.0,-1.1004856161800024e-20,-1.4079658419263885e-21,3.078241706955296e-07,8.935486611275754e-05,-8.966269028345306e-05,0.0,0.0,79.99999974069678,-2.996937443522535e-16,80.0,1.545295879333812e-17,2.996937443522535e-16,24.0,0.0,600.0033017748626,0.0,9.898112182327168e-05,False,True,APPLY,APPLIED,
12.380000000006985,STOPPED,0.0,0.0,-4.755714062041568e-08,0,0.16908559638653875,4.9390083687888615e-21,4.918383646862158e-21,4.508946320874781e-22,1.017270417679507e-06,4.818080729857559e-18,0.0,-1.440421658337093e-21,1.3205118598283695e-22,2.447754797262278e-08,7.1474847263478735e-06,-7.171962274320495e-06,0.0,0.0,79.99999974069678,-1.8177344447372246e-16,80.0,9.372693291435552e-18,1.8177344447372246e-16,24.0,0.0,600.0033017748626,0.0,9.947923751951748e-05,False,True,APPLY,APPLIED,
12.390000000007122,STOPPED,0.0,0.0,-1.5104404698380327e-07,0,0.047822660536398824,0.0,-0.0,0.0,4.039423231808135e-07,1.2222994882478148e-18,0.0,0.0,0.0,1.9216520644324282e-09,5.717517151949094e-07,-5.73673367259342e-07,0.0,0.0,79.99999974069678,-1.1025116719488516e-16,80.0,5.6848258453386076e-18,1.1025116719488516e-16,24.0,0.0,600.0033017748626,0.0,9.997336508149601e-05,False,True,APPLY,APPLIED,
12.400000000007257,STOPPED,0.0,0.0,-1.0699803532214878e-08,0,0.6128407364868678,0.0,-0.0,0.0,3.153400491805082e-06,1.4050800077555435e-17,0.0,0.0,0.0,3.2372035053530364e-07,9.389344207444162e-05,-9.421716242497695e-05,0.0,0.0,79.99999974069678,-6.687071317280191e-17,80.0,3.4480211703246735e-18,6.687071317280191e-17,24.0,0.0,600.0033017748626,0.0,0.00010045896340216132,False,True,APPLY,APPLIED,
12.410000000007393,STOPPED,0.0,0.0,-3.340473044814536e-08,0,0.17332604626866305,4.9390083687888615e-21,4.127564567422511e-21,2.7123816856638417e-21,9.853744587454034e-07,3.564549102513315e-18,0.0,-1.239134171001827e-21,8.1428279960364315e-22,2.578653650074436e-08,7.510479578781683e-06,-7.536266115282426e-06,0.0,0.0,79.99999974069678,-4.0559137776154e-17,80.0,2.0913305551401593e-18,4.0559137776154e-17,24.0,0.0,600.0033017748626,0.0,0.00010098241671130381,False,True,APPLY,APPLIED,
12.42000000000753,STOPPED,0.0,0.0,-1.0638670463171187e-07,0,0.04902152287017701,2.9947137044597147e-22,9.88523849283143e-23,-2.8268588169693345e-22,3.625758245468235e-07,9.042909013963424e-19,0.0,-8.393335392978414e-24,-2.4002227337891722e-23,2.0356429199847906e-09,6.007774261278221e-07,-6.028130690478069e-07,0.0,0.0,79.99999974069678,-2.4600360592746382e-17,80.0,1.268456101286354e-18,2.4600360592746382e-17,24.0,0.0,600.0033017748626,0.0,0.00010144380610199732,False,True,APPLY,APPLIED,
12.430000000007665,STOPPED,0.0,0.0,-7.446035045471165e-09,0,0.6282121478527185,4.7915419271355436e-21,-1.5816381588873725e-21,4.522974107138926e-21,3.1863038595160616e-06,1.0395169452172008e-17,0.0,1.7209731387413883e-21,4.921427130390317e-21,3.403564613582276e-07,9.866262567743151e-05,-9.900298213878974e-05,0.0,0.0,79.99999974069678,-1.4920872939487175e-17,80.0,7.693575159297294e-19,1.4920872939487175e-17,24.0,0.0,600.0033017748626,0.0,0.00010195403262969194,False,True,APPLY,APPLIED,
12.440000000007801,STOPPED,0.0,0.0,-2.370364406113843e-08,0,0.1776730726762962,4.9390083687888615e-21,4.9183836468613284e-21,4.508946320965352e-22,9.6865491126785e-07,2.637151784737943e-18,0.0,-1.5135774273826249e-21,1.3875776805349948e-22,2.7145047283687803e-08,7.891930188559109e-06,-7.919075235842797e-06,0.0,0.0,79.99999974069678,-9.049966907475584e-18,80.0,4.666389216917342e-19,9.049966907475584e-18,24.0,0.0,600.0033017748626,0.0,0.00010244602651710011,False,True,APPLY,APPLIED,
12.450000000007938,STOPPED,0.0,0.0,-7.455868108872038e-08,0,0.050250647016589774,1.1978854817838859e-21,1.1307435267867786e-21,3.954095397159892e-22,3.345025445398367e-07,6.690193633918606e-19,0.0,-9.841615543127771e-23,3.4415131104294015e-23,2.1512495050049016e-09,6.312818813964758e-07,-6.334331309014805e-07,0.0,0.0,79.99999974069678,-5.489082398768695e-18,80.0,2.8303081302128085e-19,5.489082398768695e-18,24.0,0.0,600.0033017748626,0.0,0.0001029308526767636,False,True,APPLY,APPLIED,
12.460000000008073,STOPPED,0.0,0.0,-5.3671962740458044e-09,0,0.6439692947245262,0.0,-0.0,0.0,3.2328872406683876e-06,7.690633318149947e-18,0.0,0.0,0.0,3.5778759234468696e-07,0.00010367411313700099,-0.00010403190072934564,0.0,0.0,79.99999974069678,-3.3292967685421946e-18,80.0,1.7166686574080118e-19,3.3292967685421946e-18,24.0,0.0,600.0033017748626,0.0,0.00010346696160468127,False,True,APPLY,APPLIED,
12.47000000000821,STOPPED,0.0,0.0,-1.6589919225270238e-08,0,0.18212928980305504,5.35710673305771e-21,5.3137931865821344e-21,-6.798488946858295e-22,9.630465886191116e-07,1.951037687895005e-18,0.0,-1.6762742322627237e-21,-2.144632175132049e-22,2.855995883663218e-08,8.292769551041305e-06,-8.321329509877934e-06,0.0,0.0,79.99999974069678,-2.0193205654030434e-18,80.0,1.0412121732856859e-19,2.0193205654030434e-18,24.0,0.0,600.0033017748626,0.0,0.00010390679142346926,False,True,APPLY,APPLIED,
12.480000000008346,STOPPED,0.0,0.0,-5.281337383946424e-08,0,0.051510739035734006,0.0,-0.0,0.0,3.160680016973064e-07,4.949589903834983e-19,0.0,0.0,0.0,2.2695983281402915e-09,6.63339059001873e-07,-6.656086573300132e-07,0.0,0.0,79.99999974069678,-1.2247798347052007e-18,80.0,6.315271063637944e-20,1.2247798347052007e-18,24.0,0.0,600.0033017748626,0.0,0.00010441624488066736,False,True,APPLY,APPLIED,
12.49000000000848,STOPPED,0.0,0.0,-3.825207051224123e-09,0,0.6601218050466109,1.9756033475155446e-20,1.6510258269665216e-20,1.0849526742693154e-20,3.2899166277045284e-06,5.6897428699907004e-18,0.0,-1.887724328258263e-20,1.2404963779337533e-20,3.7606710775104177e-07,0.00010894019937449895,-0.00010931626648224997,0.0,0.0,79.99999974069678,-7.428665211464794e-19,80.0,3.8304055244924464e-20,7.428665211464794e-19,24.0,0.0,600.0033017748626,0.0,0.00010492185208477167,False,True,APPLY,APPLIED,
12.500000000008617,STOPPED,0.0,0.0,-1.153343757474772e-08,0,0.1866973938581738,4.9390083687888615e-21,4.918383646860917e-21,4.508946321010283e-22,9.656195104291719e-07,1.4434315195358772e-18,0.0,-1.5904546301718321e-21,1.4580551393187898e-22,3.0037388744990396e-08,8.71397921835852e-06,-8.74401660710351e-06,0.0,0.0,79.99999974069678,-4.505713211494047e-19,80.0,2.3232583897373275e-20,4.505713211494047e-19,24.0,0.0,600.0033017748626,0.0,0.00010538405911120208,False,True,APPLY,APPLIED,
12.510000000008754,STOPPED,0.0,0.0,-3.707248483944246e-08,0,0.05280253744779719,2.9947137044597147e-22,9.88523849298177e-23,-2.8268588169640773e-22,3.0463578863014e-07,3.6618432768495197e-19,0.0,-9.040710701299442e-24,-2.5853511552335738e-23,2.391621343679863e-09,6.970269902315063e-07,-6.994186115751861e-07,0.0,0.0,79.99999974069678,-2.7328532066434205e-19,80.0,1.4091274438102958e-20,2.7328532066434205e-19,24.0,0.0,600.0033017748626,0.0,0.00010591939133064443,False,True,APPLY,APPLIED,
12.520000000008888,STOPPED,0.0,0.0,-2.695252856447547e-09,0,0.6766795615013381,4.7915419271355436e-21,1.5816381588890733e-21,-4.522974107138331e-21,3.3550723262448476e-06,4.209428717571928e-18,0.0,-1.853748535205625e-21,-5.301121864541893e-21,3.952477213482972e-07,0.00011447380723841083,-0.00011486905495975914,0.0,0.0,79.99999974069678,-1.6575592583232272e-19,80.0,8.546789981134394e-21,1.6575592583232272e-19,24.0,0.0,600.0033017748626,0.0,0.00010639270237788878,False,True,APPLY,APPLIED,
12.530000000009025,STOPPED,0.0,0.0,-8.50093873557867e-09,0,0.19138016054787854,1.1978854817838859e-21,-3.954095397217752e-22,1.1307435267847552e-21,9.742631018414904e-07,1.0678905068480826e-18,0.0,1.3107041813686553e-22,3.7481904702025095e-22,3.158293200519842e-08,9.156591462832943e-06,-9.188174394838142e-06,0.0,0.0,79.99999974069678,-1.0053605104635732e-19,80.0,5.183890165682785e-21,1.0053605104635732e-19,24.0,0.0,600.0033017748626,0.0,0.00010687842348033882,False,True,APPLY,APPLIED,
12.540000000009162,STOPPED,0.0,0.0,-2.627259310492344e-08,0,0.05412680994240243,2.9947137044597147e-22,-9.885238493005585e-23,2.8268588169632445e-22,2.9830429499248913e-07,2.7091327395275135e-19,0.0,9.26744913269451e-24,2.6501910206872993e-23,2.5181020122806543e-09,7.324278886352386e-07,-7.349459906475193e-07,0.0,0.0,79.99999974069678,-6.097819736605033e-20,80.0,3.1441883220694243e-21,6.097819736605033e-20,24.0,0.0,600.0033017748626,0.0,0.00010740244886164874,False,True,APPLY,APPLIED,
12.550000000009296,STOPPED,0.0,0.0,-1.8564860237991894e-09,0,0.6936527042056883,0.0,-0.0,0.0,3.4266948844073252e-06,3.114251564417858e-18,0.0,0.0,0.0,4.1538233015635904e-07,0.00012028851851296604,-0.0001207039008431224,0.0,0.0,79.99999974069678,-3.698514627651784e-20,80.0,1.9070466172455346e-21,3.698514627651784e-20,24.0,0.0,600.0033017748626,0.0,0.00010788007909923181,False,True,APPLY,APPLIED,
12.560000000009433,STOPPED,0.0,0.0,-5.827038730581309e-09,0,0.19618044376723084,5.35710673305771e-21,5.313793186582701e-21,-6.798488946813983e-22,9.87458274898643e-07,7.900548725805725e-19,0.0,-1.805597677982019e-21,-2.3100891256266617e-22,3.3201845100225864e-08,9.621691629176908e-06,-9.654893474277133e-06,0.0,0.0,79.99999974069678,-2.2432625170664712e-20,80.0,1.1566822428606849e-21,2.2432625170664712e-20,24.0,0.0,600.0033017748626,0.0,0.00010839050753475021,False,True,APPLY,APPLIED,
12.57000000000957,STOPPED,0.0,0.0,-1.844400404360673e-08,0,0.05548435114835914,1.3392766832644275e-21,1.3284482966455105e-21,-1.6996222367163737e-22,2.9570226023942554e-07,2.004291154062927e-19,0.0,-1.2766615988068465e-22,-1.6333661216421477e-23,2.6497137277983296e-09,7.696283055886057e-07,-7.72278019316404e-07,0.0,0.0,79.99999974069678,-1.3606074943849557e-20,80.0,7.015632438401831e-22,1.3606074943849557e-20,24.0,0.0,600.0033017748626,0.0,0.00010886382040098397,False,True,APPLY,APPLIED,
12.580000000009704,STOPPED,0.0,0.0,-1.2883401478525665e-09,0,0.7110516345139635,1.9166167708542174e-20,-1.8091896428552692e-20,-6.3265526355581026e-21,3.5036017328843394e-06,2.304009232665655e-18,0.0,2.2281573619141366e-20,-7.791640244086761e-21,4.365246687153958e-07,0.0001263986067362448,-0.0001268351314049602,0.0,0.0,79.99999974069678,-8.252501611792647e-21,80.0,4.255196171165235e-22,8.252501611792647e-21,24.0,0.0,600.0033017748626,0.0,0.00010936567775843287,False,True,APPLY,APPLIED,
12.59000000000984,STOPPED,0.0,0.0,-4.036042994032216e-09,0,0.20110117517694837,1.1978854817838859e-21,3.9540953972214105e-22,-1.1307435267846275e-21,1.0041129366628706e-06,5.845043806949635e-19,0.0,-1.3772804371583662e-22,-3.938577050969213e-22,3.489918759305294e-08,1.011042066438742e-05,-1.0145319851980471e-05,0.0,0.0,79.99999974069678,-5.0053952468801854e-21,80.0,2.580906940903533e-22,5.0053952468801854e-21,24.0,0.0,600.0033017748626,0.0,0.00010986382619648793,False,True,APPLY,APPLIED,
12.600000000009977,STOPPED,0.0,0.0,-1.2814729739313162e-08,0,0.056875981171449375,0.0,-0.0,0.0,2.958412197806876e-07,1.4828299245088312e-19,0.0,0.0,0.0,2.787050622283e-09,8.08719308553766e-07,-8.115063591760492e-07,0.0,0.0,79.99999974069678,-3.0359256812127352e-21,80.0,1.5653991895231428e-22,3.0359256812127352e-21,24.0,0.0,600.0033017748626,0.0,0.00011034162196210673,False,True,APPLY,APPLIED,
12.610000000010112,STOPPED,0.0,0.0,-1.0159966034379896e-09,0,0.7288870196559708,2.142842693223084e-20,2.1255172746331836e-20,-2.7193955787175418e-21,3.584954858881393e-06,1.7045696924207404e-18,0.0,-2.6834004142913475e-20,-3.433153571434534e-21,4.5872983071167724e-07,0.0001328190718557409,-0.00013327780168645258,0.0,0.0,79.99999974069678,-1.8413820062644938e-21,80.0,9.494626031350974e-23,1.8413820062644938e-21,24.0,0.0,600.0033017748626,0.0,0.0001108691679974072,False,True,APPLY,APPLIED,
12.620000000010249,STOPPED,0.0,0.0,-2.741797139380714e-09,0,0.20614536443620135,4.9390083687888615e-21,4.918383646860607e-21,4.508946321043954e-22,1.0234432740452662e-06,4.3243248219762306e-19,0.0,-1.756129759395896e-21,1.6099384241727785e-22,3.6679931146012614e-08,1.062397781963357e-05,-1.0660657750779581e-05,0.0,0.0,79.99999974069678,-1.11685464304258e-21,80.0,5.758781790520069e-23,1.11685464304258e-21,24.0,0.0,600.0033017748626,0.0,0.00011133437544685876,False,True,APPLY,APPLIED,
12.630000000010385,STOPPED,0.0,0.0,-8.945610105934517e-09,0,0.058302544690115664,2.4695041843944307e-21,2.4591918234304114e-21,2.2544731605102184e-22,2.980090125054277e-07,1.097038513096293e-19,0.0,-2.4833649318006577e-22,2.276633946630109e-23,2.9306517094829993e-09,8.497966793357338e-07,-8.527273310452167e-07,0.0,0.0,79.99999974069678,-6.774065834477366e-22,80.0,3.492877718545253e-23,6.774065834477366e-22,24.0,0.0,600.0033017748626,0.0,0.00011183644198808906,False,True,APPLY,APPLIED,
12.64000000001052,STOPPED,0.0,0.0,-6.720733664256187e-10,0,0.7471697980153309,2.142842693223084e-20,2.12551727463319e-20,-2.719395578717059e-21,3.6701653126219708e-06,1.261087767143551e-18,0.0,-2.750708534344117e-20,-3.519267858185521e-21,4.820546934443387e-07,0.00013956567676656761,-0.00014004773146001191,0.0,0.0,79.99999974069678,-4.1086786195223923e-22,80.0,2.118537426924823e-23,4.1086786195223923e-22,24.0,0.0,600.0033017748626,0.0,0.00011233331804305635,False,True,APPLY,APPLIED,
12.650000000010657,STOPPED,0.0,0.0,-1.977761654490799e-09,0,0.2113160999155252,4.9390083687888615e-21,4.9183836468605776e-21,4.508946321047273e-22,1.0448880768356303e-06,3.1992549189104916e-19,0.0,-1.800178688063476e-21,1.6503204417476797e-22,3.8549043914998534e-08,1.1163623520877058e-05,-1.1202172564792056e-05,0.0,0.0,79.99999974069678,-2.4920395536461226e-22,80.0,1.2849579031786252e-23,2.4920395536461226e-22,24.0,0.0,600.0033017748626,0.0,0.00011280247997547121,False,True,APPLY,APPLIED,
12.660000000010793,STOPPED,0.0,0.0,-6.533302776925597e-09,0,0.05976491045825972,0.0,-0.0,0.0,3.0169292332342345e-07,8.116193863315054e-20,0.0,0.0,0.0,3.081019573254211e-09,8.929611305209506e-07,-8.96042150094205e-07,0.0,0.0,79.99999974069678,-1.5114983945029653e-22,80.0,7.793663647178966e-24,1.5114983945029653e-22,24.0,0.0,600.0033017748626,0.0,0.00011333004874813923,False,True,APPLY,APPLIED,
12.670000000010928,STOPPED,0.0,0.0,-4.5229933218274496e-10,0,0.7659111849419156,4.7915419271355436e-21,1.581638158889834e-21,-4.5229741071380654e-21,3.7588242971689745e-06,9.329874560537934e-19,0.0,-2.0981965733297174e-21,-6.00016427241317e-21,5.065582719202853e-07,0.0001466549858047823,-0.00014716154407670262,0.0,0.0,79.99999974069678,-9.16770118372474e-23,80.0,4.727095953501849e-24,9.16770118372474e-23,24.0,0.0,600.0033017748626,0.0,0.00011379445493275853,False,True,APPLY,APPLIED,
12.680000000011065,STOPPED,0.0,0.0,-1.483630245014085e-09,0,0.21661654977601824,4.9390083687888615e-21,4.9183836468605595e-21,4.508946321049392e-22,1.0680469053061077e-06,2.3668973189456183e-19,0.0,-1.845332639323325e-21,1.6917154928530868e-22,4.051155653180179e-08,1.1730682409216548e-05,-1.1771193965748348e-05,0.0,0.0,79.99999974069678,-5.56049184701289e-23,80.0,2.8671286272024135e-24,5.56049184701289e-23,24.0,0.0,600.0033017748626,0.0,0.00011428749564856844,False,True,APPLY,APPLIED,
12.690000000011201,STOPPED,0.0,0.0,-4.5086627034469154e-09,0,0.06126397110546565,1.1978854817838859e-21,-1.1307435267846409e-21,-3.954095397221016e-22,3.065242140389087e-07,6.004584118864912e-20,0.0,1.1998580835488306e-22,-4.1957819904304973e-23,3.238634751882573e-09,9.383185389028328e-07,-9.415571736547155e-07,0.0,0.0,79.99999974069678,-3.3726087882954624e-23,80.0,1.7390014177380645e-24,3.3726087882954624e-23,24.0,0.0,600.0033017748626,0.0,0.00011480355021831201,False,True,APPLY,APPLIED,
12.700000000011336,STOPPED,0.0,0.0,-2.775637437507747e-10,0,0.7851226789716793,4.7915419271355436e-21,-1.5816381588898695e-21,4.5229741071380526e-21,3.85065344418127e-06,6.902500128304003e-19,0.0,2.150826031854845e-21,6.150667519216905e-21,5.323020226354371e-07,0.0001541044052589167,-0.00015463670728155213,0.0,0.0,79.99999974069678,-2.0455906333174817e-23,80.0,1.0547576771418781e-24,2.0455906333174817e-23,24.0,0.0,600.0033017748626,0.0,0.0001152719054289264,False,True,APPLY,APPLIED,
12.710000000011473,STOPPED,0.0,0.0,-1.0871444812463595e-09,0,0.2220499633234015,0.0,-0.0,0.0,1.092635467077141e-06,1.7510961203350106e-19,0.0,0.0,0.0,4.257261444279934e-08,1.2326546552980988e-05,-1.236911916742379e-05,0.0,0.0,79.99999974069678,-1.2407134363280443e-23,80.0,6.397428697538325e-25,1.2407134363280443e-23,24.0,0.0,600.0033017748626,0.0,0.00011579003637507412,False,True,APPLY,APPLIED,
12.72000000001161,STOPPED,0.0,0.0,-3.2128763621765836e-09,0,0.0628006431559951,5.9894274089194295e-22,-1.977047698611087e-22,5.653717633923002e-22,3.1223809072664855e-07,4.442357081506626e-20,0.0,2.1505119794458256e-23,6.149769430801806e-23,3.4039668049058883e-09,9.859801952016584e-07,-9.893841620065642e-07,0.0,0.0,79.99999974069678,-7.52530739050381e-24,80.0,3.880236648382474e-25,7.52530739050381e-24,24.0,0.0,600.0033017748626,0.0,0.00011627415221937554,False,True,APPLY,APPLIED,
12.730000000011744,STOPPED,0.0,0.0,-1.5956044527844454e-10,0,0.8048160684094463,1.9756033475155446e-20,-1.9673534587442064e-20,-1.8035785284215716e-21,3.9454689369663694e-06,5.106657931226878e-19,0.0,2.742455941106002e-20,-2.514156583575083e-21,5.593501121493734e-07,0.00016193222599250967,-0.0001624915761046591,0.0,0.0,79.99999974069678,-4.564329656102647e-24,80.0,2.353482494184567e-25,4.564329656102647e-24,24.0,0.0,600.0033017748626,0.0,0.00011676625069867441,False,True,APPLY,APPLIED,
12.74000000001188,STOPPED,0.0,0.0,-7.009032955856336e-10,0,0.22761967257629973,4.7915419271355436e-21,4.5229741071380955e-21,1.5816381588897489e-21,1.1184534144061101e-06,1.2955090788773553e-19,0.0,-1.783177284706034e-21,6.235590058111211e-22,4.4737520228545284e-08,1.2952678835935476e-05,-1.299741635616402e-05,0.0,0.0,79.99999974069678,-2.7684058774618916e-24,80.0,1.4274592898199077e-25,2.7684058774618916e-24,24.0,0.0,600.0033017748626,0.0,0.00011727269009043084,False,True,APPLY,APPLIED,
12.750000000012017,STOPPED,0.0,0.0,-2.180819017407485e-09,0,0.06437586720922703,0.0,-0.0,0.0,3.186448120258832e-07,3.286578849447873e-20,0.0,0.0,0.0,3.57748286291617e-09,1.036063069735008e-06,-1.0396405525979243e-06,0.0,0.0,79.99999974069678,-1.6791230432092998e-24,80.0,8.657978247673993e-26,1.6791230432092998e-24,24.0,0.0,600.0033017748626,0.0,0.00011774217398397013,False,True,APPLY,APPLIED,
12.760000000012152,STOPPED,0.0,0.0,-2.705178327497518e-10,0,0.8250034382215122,0.0,-0.0,0.0,4.043155627699167e-06,3.778046635198799e-19,0.0,0.0,0.0,5.877696617658661e-07,0.00017015766826932916,-0.00017074543793109499,0.0,0.0,79.99999974069678,-1.0184396071364273e-24,80.0,5.251329258339368e-26,1.0184396071364273e-24,24.0,0.0,600.0033017748626,0.0,0.000118259453643077,False,True,APPLY,APPLIED,
12.770000000012288,STOPPED,0.0,0.0,-5.119814562484142e-10,0,0.2333290940053811,9.878016737577723e-21,9.836767293721054e-21,9.01789264210566e-22,1.1453611056780892e-06,9.584534649068543e-20,0.0,-3.975409942749777e-21,3.6444717051465e-22,4.7011768639810496e-08,1.3610616527342998e-05,-1.3657628295982803e-05,0.0,0.0,79.99999974069678,-6.1771484679393615e-25,80.0,3.18509219942885e-26,6.1771484679393615e-25,24.0,0.0,600.0033017748626,0.0,0.00011873389883021446,False,True,APPLY,APPLIED,
12.780000000012425,STOPPED,0.0,0.0,-1.6554888571051513e-09,0,0.06599060824157009,0.0,-0.0,0.0,3.25608838131323e-07,2.4315015707364946e-20,0.0,0.0,0.0,3.759654289844323e-09,1.0886900940230947e-06,-1.0924497483129392e-06,0.0,0.0,79.99999974069678,-3.746629935402153e-25,80.0,1.9318560729651476e-26,3.746629935402153e-25,24.0,0.0,600.0033017748626,0.0,0.00011922699775368528,False,True,APPLY,APPLIED,
12.79000000001256,STOPPED,0.0,0.0,-3.46088089522845e-11,0,0.8456971772083,0.0,-0.0,0.0,4.143648367950857e-06,2.7951032604110906e-19,0.0,0.0,0.0,6.176309768402512e-07,0.0001788009288845217,-0.00017941855986136198,0.0,0.0,79.99999974069678,-2.272445926418575e-25,80.0,1.1717299384054116e-26,2.272445926418575e-25,24.0,0.0,600.0033017748626,0.0,0.00011975144786902092,False,True,APPLY,APPLIED,
12.800000000012696,STOPPED,0.0,0.0,-4.364689937730448e-10,0,0.239181730408723,0.0,-0.0,0.0,1.1732628366431512e-06,7.090904988473675e-20,0.0,0.0,0.0,4.940107640509391e-08,1.4301975040327765e-05,-1.4351376116732857e-05,0.0,0.0,79.99999974069678,-1.3783081269119516e-25,80.0,7.10690132546081e-27,1.3783081269119516e-25,24.0,0.0,600.0033017748626,0.0,0.0001202110755684771,False,True,APPLY,APPLIED,
12.810000000012833,STOPPED,0.0,0.0,-1.1484196486808801e-09,0,0.06764585599964408,1.1978854817838859e-21,1.1307435267845395e-21,3.954095397223918e-22,3.330337829689597e-07,1.798891973221517e-20,0.0,-1.324847633530316e-22,4.63285776630709e-23,3.950961943007075e-09,1.143990458481146e-06,-1.147941420424153e-06,0.0,0.0,79.99999974069678,-8.359861375031946e-26,80.0,4.310553549444358e-27,8.359861375031946e-26,24.0,0.0,600.0033017748626,0.0,0.00012072923198047647,False,True,APPLY,APPLIED,
12.820000000012968,STOPPED,0.0,0.0,-1.421440404697398e-10,0,0.8669099854259034,0.0,-0.0,0.0,4.246918545468845e-06,2.0678967306669875e-19,0.0,0.0,0.0,6.490077671355885e-07,0.00018788323070778503,-0.00018853223847492063,0.0,0.0,79.99999974069678,-5.0705122349043114e-26,80.0,2.6144828880711314e-27,5.0705122349043114e-26,24.0,0.0,600.0033017748626,0.0,0.00012120316603159154,False,True,APPLY,APPLIED,
12.830000000013104,STOPPED,0.0,0.0,-1.670509941801231e-11,0,0.24518117289991254,2.3957709635677718e-21,-7.90819079444934e-22,2.2614870535690263e-21,1.202094741098346e-06,5.2460453607663643e-20,0.0,3.3583417172748437e-22,9.603772231201803e-22,5.1911408352057206e-08,1.5028451886144205e-05,-1.5080363294496265e-05,0.0,0.0,79.99999974069678,-3.075421130917508e-26,80.0,1.585764030909183e-27,3.075421130917508e-26,24.0,0.0,600.0033017748626,0.0,0.00012168618957275612,False,True,APPLY,APPLIED,
12.84000000001324,STOPPED,0.0,0.0,-7.768163310242993e-10,0,0.06934262546409864,1.1978854817838859e-21,-1.1307435267845308e-21,-3.9540953972241686e-22,3.4085155469559675e-07,1.3308695475679627e-20,0.0,1.3580789523806569e-22,-4.749064316950675e-23,4.151900400702813e-09,1.2020999265635654e-06,-1.2062518269642684e-06,0.0,0.0,79.99999974069678,-1.865337207429579e-26,80.0,9.618145038159166e-28,1.865337207429579e-26,24.0,0.0,600.0033017748626,0.0,0.00012221175927606964,False,True,APPLY,APPLIED,
12.850000000013376,STOPPED,0.0,0.0,2.419513079618818e-11,0,0.8886548818616262,0.0,-0.0,0.0,4.352964378799804e-06,1.52988605255331e-19,0.0,0.0,0.0,6.819773631493153e-07,0.00019742687476412526,-0.00019810885212727457,0.0,0.0,79.99999974069678,-1.1313842070087883e-26,80.0,5.833699855206493e-28,1.1313842070087883e-26,24.0,0.0,600.0033017748626,0.0,0.00012267100316876167,False,True,APPLY,APPLIED,
12.860000000013512,STOPPED,0.0,0.0,-3.265447418910796e-10,0,0.2513311029984317,4.7915419271355436e-21,-4.522974107138051e-21,-1.581638158889874e-21,1.2318160617248244e-06,3.881170208190019e-20,0.0,1.968933127503216e-21,-6.885159395113064e-22,5.454900100295622e-08,1.5791830833602077e-05,-1.5846379834605033e-05,0.0,0.0,79.99999974069678,-6.862192094654984e-27,80.0,3.538317821743906e-28,6.862192094654984e-27,24.0,0.0,600.0033017748626,0.0,0.00012317860853272578,False,True,APPLY,APPLIED,
12.870000000013649,STOPPED,0.0,0.0,-7.009924364741955e-10,0,0.0710819573693695,5.9894274089194295e-22,-1.9770476986121652e-22,5.653717633922625e-22,3.4901451903826133e-07,9.846143684823579e-21,0.0,2.4340929194891113e-23,6.960719294320578e-23,4.3629814369007585e-09,1.263161165865216e-06,-1.2675241473021167e-06,0.0,0.0,79.99999974069678,-4.162129898245928e-27,80.0,2.1460982426953112e-28,4.162129898245928e-27,24.0,0.0,600.0033017748626,0.0,0.00012367301621907245,False,True,APPLY,APPLIED,
12.880000000013784,STOPPED,0.0,0.0,5.6517221119109104e-11,0,0.9109452123215321,0.0,-0.0,0.0,4.461803924179604e-06,1.1318498437200902e-19,0.0,0.0,0.0,7.166209321171842e-07,0.00020745529496288035,-0.00020817191589499756,0.0,0.0,79.99999974069678,-2.5244593929927912e-27,80.0,1.301674382950117e-28,2.5244593929927912e-27,24.0,0.0,600.0033017748626,0.0,0.0001241557614548583,False,True,APPLY,APPLIED,
12.89000000001392,STOPPED,0.0,0.0,-4.088941141101358e-12,0,0.25763529480486025,9.583083854271087e-21,9.045948214276116e-21,3.1632763177797137e-21,1.2624028533015804e-06,2.8713959377644463e-20,0.0,-4.036640596436744e-21,1.4115722641375244e-21,5.7320384511896596e-08,1.6593986282296815e-05,-1.6651306666808704e-05,0.0,0.0,79.99999974069678,-1.5311620210496802e-27,80.0,7.895054222217738e-29,1.5311620210496802e-27,24.0,0.0,600.0033017748626,0.0,0.0001246889645472038,False,True,APPLY,APPLIED,
12.900000000014057,STOPPED,0.0,0.0,-1.6294265949663345e-10,0,0.07286491876772513,0.0,-0.0,0.0,3.574898443099746e-07,7.284444895413196e-21,0.0,0.0,0.0,4.58473695322423e-09,1.327324096756796e-06,-1.3319088337100204e-06,0.0,0.0,79.99999974069678,-9.286967107541957e-28,80.0,4.788592445868757e-29,9.286967107541957e-28,24.0,0.0,600.0033017748626,0.0,0.00012515038213223306,False,True,APPLY,APPLIED,
12.910000000014191,STOPPED,0.0,0.0,-7.968173330095516e-12,0,0.933794657558323,2.142842693223084e-20,2.1255172746331965e-20,-2.719395578716508e-21,4.57347004036092e-06,8.37371477699681e-20,0.0,-3.4377686848337063e-20,-4.398295452009514e-21,7.530236966608888e-07,0.0002179931156211165,-0.00021874613931777734,0.0,0.0,79.99999974069678,-5.63283028646698e-28,80.0,2.9044281352877257e-29,5.63283028646698e-28,24.0,0.0,600.0033017748626,0.0,0.00012565757731408667,False,True,APPLY,APPLIED,
12.920000000014328,STOPPED,0.0,0.0,-2.2024651360958314e-10,0,0.2640976172558354,0.0,-0.0,0.0,1.2938434415158123e-06,2.1243393997645434e-20,0.0,0.0,0.0,6.023240360153952e-08,1.7436887860052437e-05,-1.749712026365398e-05,0.0,0.0,79.99999974069678,-3.4164842697001396e-28,80.0,1.7616247129840084e-29,3.4164842697001396e-28,24.0,0.0,600.0033017748626,0.0,0.00012614068998573202,False,True,APPLY,APPLIED,
12.930000000014465,STOPPED,0.0,0.0,-1.727009527930272e-10,0,0.07469260362968423,0.0,-0.0,0.0,3.6625542101610804e-07,5.3892303247992934e-21,0.0,0.0,0.0,4.817721526050338e-09,1.39474625924528e-06,-1.3995639807713301e-06,0.0,0.0,79.99999974069678,-2.072202457999069e-28,80.0,1.0684793993322734e-29,2.072202457999069e-28,24.0,0.0,600.0033017748626,0.0,0.0001266255588916465,False,True,APPLY,APPLIED,
12.9400000000146,STOPPED,0.0,0.0,9.952675152895803e-12,0,0.9572172416183408,1.9166167708542174e-20,1.8091896428552174e-20,6.326552635559585e-21,4.688006766755457e-06,6.19513817844293e-20,0.0,-2.9995439716848064e-20,1.0489100959914139e-20,7.91275158355821e-07,0.00022906621191285626,-0.00022985748707121206,0.0,0.0,79.99999974069678,-1.25685432390832e-28,80.0,6.480655149663643e-30,1.25685432390832e-28,24.0,0.0,600.0033017748626,0.0,0.0001271584463893305,False,True,APPLY,APPLIED,
12.950000000014736,STOPPED,0.0,0.0,-2.177467525292298e-10,0,0.27072203646005777,4.7915419271355436e-21,-4.522974107138044e-21,-1.581638158889894e-21,1.3261351489457584e-06,1.571643810085606e-20,0.0,2.1208421065763055e-21,-7.416369683495808e-22,6.32922380004871e-08,1.832260525627021e-05,-1.8385897494270702e-05,0.0,0.0,79.99999974069678,-7.623206822427927e-29,80.0,3.9307160432955825e-30,7.623206822427927e-29,24.0,0.0,600.0033017748626,0.0,0.00012760842798797967,False,True,APPLY,APPLIED,
12.960000000014873,STOPPED,0.0,0.0,-2.7951510915721707e-10,0,0.07656613347706075,1.1978854817838859e-21,-1.130743526784514e-21,-3.9540953972246417e-22,3.75296917912914e-07,3.987105872146493e-21,0.0,1.4995517352338878e-22,-5.2437802859237597e-23,5.062514687376795e-09,1.4655931989067707e-06,-1.470655713594148e-06,0.0,0.0,79.99999974069678,-4.623708663133084e-29,80.0,2.3840997948831153e-30,4.623708663133084e-29,24.0,0.0,600.0033017748626,0.0,0.00012811793692435458,False,True,APPLY,APPLIED,
12.970000000015007,STOPPED,0.0,0.0,-8.298891783702514e-11,0,0.9812273404140368,1.9166167708542174e-20,1.809189642855215e-20,6.326552635559651e-21,4.805466721929679e-06,4.583345735610385e-20,0.0,-3.074782218522506e-20,1.0752201476051824e-20,8.314693280854621e-07,0.00024070177339400106,-0.00024153324272208645,0.0,0.0,79.99999974069678,-2.8044210657691425e-29,80.0,1.4460296214112174e-30,2.8044210657691425e-29,24.0,0.0,600.0033017748626,0.0,0.00012861984612300148,False,True,APPLY,APPLIED,
12.980000000015144,STOPPED,0.0,0.0,-1.1629741129633982e-10,0,0.27751261809664113,2.3957709635677718e-21,-7.908190794449468e-22,2.261487053569022e-21,1.3592819356104828e-06,1.1627438763762094e-20,0.0,3.8011980748806466e-22,1.087019832706567e-21,6.650742275568266e-08,1.9253313300713054e-05,-1.9319820723468735e-05,0.0,0.0,79.99999974069678,-1.700967359132976e-29,80.0,8.770613002385613e-31,1.700967359132976e-29,24.0,0.0,600.0033017748626,0.0,0.00012909274516914593,False,True,APPLY,APPLIED,
12.99000000001528,STOPPED,0.0,0.0,-2.346116180718918e-10,0,0.07848665804288181,5.9894274089194295e-22,1.977047698612329e-22,-5.653717633922569e-22,3.846056582871081e-07,2.9497704930102787e-21,0.0,-2.6876555695254647e-23,-7.685826547332023e-23,5.3197230281913675e-09,1.5400388726850663e-06,-1.5453585957132578e-06,0.0,0.0,79.99999974069678,-1.0316888544845849e-29,80.0,5.319645690421172e-31,1.0316888544845849e-29,24.0,0.0,600.0033017748626,0.0,0.00012962814651018562,False,True,APPLY,APPLIED,
13.000000000015415,STOPPED,0.0,0.0,1.0730600604487633e-10,0,1.0058396905296583,0.0,-0.0,0.0,4.925909238859978e-06,3.390871824796283e-20,0.0,0.0,0.0,8.737049647272616e-07,0.00025292837076119966,-0.00025380207572592696,0.0,0.0,79.99999974069678,-6.257509215287084e-30,80.0,3.2265282100486315e-31,6.257509215287084e-30,24.0,0.0,600.0033017748626,0.0,0.00013007866471070884,False,True,APPLY,APPLIED,
13.010000000015552,STOPPED,0.0,0.0,-1.6098265698056622e-11,0,0.28447352988894453,0.0,-0.0,0.0,1.3932926997354306e-06,8.602322941382031e-21,0.0,0.0,0.0,6.988586872151058e-08,2.0231297301869057e-05,-2.0301183170590564e-05,0.0,0.0,79.99999974069678,-3.795371192505974e-30,80.0,1.9569882838222273e-31,3.795371192505974e-30,24.0,0.0,600.0033017748626,0.0,0.00013057540888894437,False,True,APPLY,APPLIED,
13.020000000015688,STOPPED,0.0,0.0,-8.805032243168386e-11,0,0.0804553559563919,2.3957709635677718e-21,2.2614870535690255e-21,7.908190794449364e-22,3.941770882371206e-07,2.1823197523843956e-21,0.0,-3.151444722474156e-22,1.102028247482314e-22,5.589982191484346e-09,1.618266075517432e-06,-1.6238560577089162e-06,0.0,0.0,79.99999974069678,-2.302008993244984e-30,80.0,1.1869733948365955e-31,2.302008993244984e-30,24.0,0.0,600.0033017748626,0.0,0.00013108042946896603,False,True,APPLY,APPLIED,
13.030000000015823,STOPPED,0.0,0.0,-2.475360116784624e-10,0,1.0310693982411754,2.142842693223084e-20,2.125517274633197e-20,-2.719395578716445e-21,5.049399032149474e-06,2.50871472078145e-20,0.0,-3.795886023199334e-20,-4.856472253598215e-21,9.180858234360886e-07,0.00026577602599735483,-0.00026669411182079095,0.0,0.0,79.99999974069678,-1.396239033337303e-30,80.0,7.199357562315883e-32,1.396239033337303e-30,24.0,0.0,600.0033017748626,0.0,0.0001315537505206521,False,True,APPLY,APPLIED,
13.04000000001596,STOPPED,0.0,0.0,-2.2660941371651281e-10,0,0.2916090441475607,0.0,-0.0,0.0,1.4281800550832978e-06,6.3642436224520325e-21,0.0,0.0,0.0,7.343588345516015e-08,2.1258958657163505e-05,-2.1332394540618666e-05,0.0,0.0,79.99999974069678,-8.468617820066081e-31,80.0,4.3666310917786103e-32,8.468617820066081e-31,24.0,0.0,600.0033017748626,0.0,0.00013207579956997506,False,True,APPLY,APPLIED,
13.050000000016096,STOPPED,0.0,0.0,-1.5960753755066513e-11,0,0.08247343545324715,5.9894274089194295e-22,-1.9770476986123533e-22,5.653717633922561e-22,4.040096722515542e-07,1.6145386178427359e-21,0.0,2.8241766646850395e-23,8.076232769522643e-23,5.873958805944206e-09,1.7004668888652313e-06,-1.7063408476711755e-06,0.0,0.0,79.99999974069678,-5.1364763532588655e-31,80.0,2.6484956368181887e-32,5.1364763532588655e-31,24.0,0.0,600.0033017748626,0.0,0.0001325486485939109,False,True,APPLY,APPLIED,
13.060000000016231,STOPPED,0.0,0.0,-8.940778670934856e-11,0,1.056931948774578,2.142842693223084e-20,-2.125517274633197e-20,2.719395578716463e-21,5.1760052495851015e-06,1.8560381982041404e-20,0.0,3.8910991041631314e-20,4.978288262575923e-21,9.647209146982509e-07,0.0002792762860851069,-0.0002802410069998053,0.0,0.0,79.99999974069678,-3.115430391140458e-31,80.0,1.606393805845376e-32,3.115430391140458e-31,24.0,0.0,600.0033017748626,0.0,0.00013304616220466414,False,True,APPLY,APPLIED,
13.070000000016368,STOPPED,0.0,0.0,-1.9317835262960985e-10,0,0.2989235403785965,4.7915419271355436e-21,4.522974107138036e-21,1.581638158889917e-21,1.4639594523087759e-06,4.708434831274009e-21,0.0,-2.3417732792333083e-21,8.188943580417309e-22,7.716619270204972e-08,2.23388207481186e-05,-2.241598694082065e-05,0.0,0.0,79.99999974069678,-1.88960405042722e-31,80.0,9.743270948176892e-33,1.88960405042722e-31,24.0,0.0,600.0033017748626,0.0,0.00013355613953081047,False,True,APPLY,APPLIED,
13.080000000016504,STOPPED,0.0,0.0,-4.699161395057906e-11,0,0.0845421351051512,0.0,-0.0,0.0,4.1410409718352586e-07,1.1944819240628168e-21,0.0,0.0,0.0,6.172352398455184e-09,1.7868431520344101e-06,-1.7930155044328653e-06,0.0,0.0,79.99999974069678,-1.1461027913012914e-31,80.0,5.909592555956693e-33,1.1461027913012914e-31,24.0,0.0,600.0033017748626,0.0,0.00013403336686224065,False,True,APPLY,APPLIED,
13.090000000016639,STOPPED,0.0,0.0,-2.2936172186955408e-11,0,1.083443215802343,2.142842693223084e-20,2.1255172746331995e-20,-2.719395578716285e-21,5.305800801406202e-06,1.373099137322712e-20,0.0,-3.9887004374387244e-20,-5.103159811423516e-21,1.0137247751778751e-06,0.0002934623004670306,-0.0002944760252422085,0.0,0.0,79.99999974069678,-6.951464821064656e-32,80.0,3.584349071597295e-33,6.951464821064656e-32,24.0,0.0,600.0033017748626,0.0,0.00013455605710532836,False,True,APPLY,APPLIED,
13.100000000016776,STOPPED,0.0,0.0,1.676529037094044e-11,0,0.3064215079653173,1.071421346611542e-20,1.0627586373165996e-20,-1.359697789358145e-21,1.5006485487328112e-06,3.483425580522724e-21,0.0,-5.640459901522287e-21,-7.216427690889138e-22,8.108596262729963e-08,2.3473535135934762e-05,-2.355462109856206e-05,0.0,0.0,79.99999974069678,-4.216276543889535e-32,80.0,2.1740176070362857e-33,4.216276543889535e-32,24.0,0.0,600.0033017748626,0.0,0.00013501483533673309,False,True,APPLY,APPLIED,
13.110000000016912,STOPPED,0.0,0.0,3.116850728650837e-11,0,0.08666272457274253,2.4695041843944307e-21,2.459191823430256e-21,2.254473160527137e-22,4.244626988480673e-07,8.837124297486317e-22,0.0,-3.6913512479108126e-22,3.3840598505589894e-23,6.4858973158773634e-09,1.8776069575927583e-06,-1.8840928549086351e-06,0.0,0.0,79.99999974069678,-2.557300993696233e-32,80.0,1.318608333422605e-33,2.557300993696233e-32,24.0,0.0,600.0033017748626,0.0,0.00013551631707287015,False,True,APPLY,APPLIED,
13.120000000017049,STOPPED,0.0,0.0,-1.1506369882513893e-10,0,0.02451012005074022,1.4973568522298574e-22,-4.9426192465309555e-23,1.4134294084806374e-22,1.2008895735823084e-07,2.2418906909272434e-22,0.0,2.0982789402282962e-24,6.000399815130053e-24,5.187887826555649e-10,1.501864962254245e-07,-1.5070528500808006e-07,0.0,0.0,79.99999974069678,-1.5510814587903572e-32,80.0,7.997763823733927e-34,1.5510814587903572e-32,24.0,0.0,600.0033017748626,0.0,0.00013601189982637152,False,True,APPLY,APPLIED,
13.130000000017183,STOPPED,0.0,0.0,-1.7495322200659786e-10,0,0.31410754891767073,4.7915419271355436e-21,-4.522974107138027e-21,-1.5816381588899411e-21,1.5382667574799508e-06,2.5771587465913846e-21,0.0,2.4607251203075123e-21,-8.604906100778242e-22,8.520482291843529e-08,2.4665888071766734e-05,-2.4751092894685177e-05,0.0,0.0,79.99999974069678,-9.407784604681532e-33,80.0,4.850888968235193e-34,9.407784604681532e-33,24.0,0.0,600.0033017748626,0.0,0.00013648993478909688,False,True,APPLY,APPLIED,
13.14000000001732,STOPPED,0.0,0.0,3.181122384958732e-11,0,0.08883650537975955,2.4695041843944307e-21,2.459191823430256e-21,2.254473160527202e-22,4.3508904931367293e-07,6.537990325179382e-22,0.0,-3.7839422498003446e-22,3.468942992523628e-23,6.815364679266541e-09,1.9729811720220126e-06,-1.979796536701279e-06,0.0,0.0,79.99999974069678,-5.706109802711874e-33,80.0,2.942212886096442e-34,5.706109802711874e-33,24.0,0.0,600.0033017748626,0.0,0.00013701690147627232,False,True,APPLY,APPLIED,
13.150000000017457,STOPPED,0.0,0.0,7.725566185415856e-11,0,0.025124912791986656,1.4973568522298574e-22,4.942619246531008e-23,-1.4134294084806358e-22,1.2308274740042977e-07,1.658605675429379e-22,0.0,-2.150910533174092e-24,-6.150909165687346e-24,5.451440622310227e-10,1.578153107012337e-07,-1.5836045476346468e-07,0.0,0.0,79.99999974069678,-3.460930543031569e-33,80.0,1.784542322819092e-34,3.460930543031569e-33,24.0,0.0,600.0033017748626,0.0,0.00013747971877364762,False,True,APPLY,APPLIED,
13.160000000017591,STOPPED,0.0,0.0,-5.23572186952047e-13,0,0.3219863806905644,0.0,-0.0,0.0,1.576834926163185e-06,1.906677161328871e-21,0.0,0.0,0.0,8.953289087024489e-08,2.5918807337552275e-05,-2.6008340228422525e-05,0.0,0.0,79.99999974069678,-2.099160485484547e-33,80.0,1.0823796323445828e-34,2.099160485484547e-33,24.0,0.0,600.0033017748626,0.0,0.0001379820236024898,False,True,APPLY,APPLIED,
13.170000000017728,STOPPED,0.0,0.0,-1.1373004164566288e-10,0,0.09106481170725207,0.0,-0.0,0.0,4.459876601934371e-07,4.836970943646507e-22,0.0,0.0,0.0,7.161564388960368e-09,2.073199982819319e-06,-2.0803615472082794e-06,0.0,0.0,79.99999974069678,-1.273205194103641e-33,80.0,6.564964324654809e-35,1.273205194103641e-33,24.0,0.0,600.0033017748626,0.0,0.0001384972732694223,False,True,APPLY,APPLIED,
13.180000000017865,STOPPED,0.0,0.0,-1.380918273648678e-10,0,0.02575512658935024,6.696383416322137e-22,6.642241483228751e-22,-8.498111183488049e-23,1.2615675968988299e-07,1.2270788178698015e-22,0.0,-2.9630499779225524e-23,-3.7909383779852665e-24,5.728372742716665e-10,1.6583163640836396e-07,-1.6640447368263556e-07,0.0,0.0,79.99999974069678,-7.722379863292366e-34,80.0,3.981852142822804e-35,7.722379863292366e-34,24.0,0.0,600.0033017748626,0.0,0.00013896391317302914,False,True,APPLY,APPLIED,
13.190000000018,STOPPED,0.0,0.0,-2.491313120123031e-12,0,0.33006283907702383,0.0,-0.0,0.0,1.616375109190418e-06,1.410601438344335e-21,0.0,0.0,0.0,9.408079655379618e-08,2.7235369434896333e-05,-2.7329450231450123e-05,0.0,0.0,79.99999974069678,-4.683860153034291e-34,80.0,2.415115407064487e-35,4.683860153034291e-34,24.0,0.0,600.0033017748626,0.0,0.00013949172023330902,False,True,APPLY,APPLIED,
13.200000000018136,STOPPED,0.0,0.0,1.292558564589472e-10,0,0.09334901121024139,2.678553366528855e-21,2.656896593291503e-21,-3.39924447339499e-22,4.5716376969557103e-07,3.5784608780868246e-22,0.0,-4.295809374432996e-22,-5.496076253652535e-23,7.525347196018066e-09,2.1785094734824432e-06,-2.1860348206784615e-06,0.0,0.0,79.99999974069678,-2.840904788621618e-34,80.0,1.464841541128975e-35,2.840904788621618e-34,24.0,0.0,600.0033017748626,0.0,0.00013995582719417143,False,True,APPLY,APPLIED,
13.210000000018272,STOPPED,0.0,0.0,1.4784350352203422e-10,0,0.026401148233728692,5.9894274089194295e-22,5.653717633922506e-22,1.9770476986125073e-22,1.2931157937273867e-07,9.078332466318446e-23,0.0,-2.5853393561995424e-23,9.040669441357366e-24,6.019365881705843e-10,1.7425515701482893e-07,-1.748570936029995e-07,0.0,0.0,79.99999974069678,-1.7230958556234573e-34,80.0,8.88471306315432e-36,1.7230958556234573e-34,24.0,0.0,600.0033017748626,0.0,0.0001404461721676853,False,True,APPLY,APPLIED,
13.220000000018407,STOPPED,0.0,0.0,-1.0289630685142541e-10,0,0.3383418811723966,9.583083854271087e-21,9.045948214276004e-21,3.1632763177800248e-21,1.6569104077228652e-06,1.0435658909180713e-21,0.0,-5.301154774037163e-21,1.8537600433234837e-21,9.885970915840962e-08,2.8618807138819044e-05,-2.871766684797745e-05,0.0,0.0,79.99999974069678,-1.0451104660594054e-34,80.0,5.3888508755524695e-36,1.0451104660594054e-34,24.0,0.0,600.0033017748626,0.0,0.00014096253596562747,False,True,APPLY,APPLIED,
13.230000000018544,STOPPED,0.0,0.0,1.0966943356046367e-10,0,0.09569050585514743,0.0,-0.0,0.0,4.686231901470253e-07,2.6474464804385174e-22,0.0,0.0,0.0,7.907606852384429e-09,2.289168227703502e-06,-2.2970758345558868e-06,0.0,0.0,79.99999974069678,-6.338915404515917e-35,80.0,3.2685032766418556e-36,6.338915404515917e-35,24.0,0.0,600.0033017748626,0.0,0.00014143067289751343,False,True,APPLY,APPLIED,
13.24000000001868,STOPPED,0.0,0.0,-1.0074580368168814e-10,0,0.027063374223342224,6.173760460986077e-22,6.147979558575633e-22,5.636182901318869e-23,1.32548203396343e-07,6.716429904633906e-23,0.0,-2.8818739747836325e-23,2.6419685793806526e-24,6.32513581847177e-10,1.8310655608816608e-07,-1.8373906967001327e-07,0.0,0.0,79.99999974069678,-3.844746542163635e-35,80.0,1.9824474486544997e-36,3.844746542163635e-35,24.0,0.0,600.0033017748626,0.0,0.00014194592347394064,False,True,APPLY,APPLIED,
13.250000000018815,STOPPED,0.0,0.0,-9.656851865878126e-11,0,0.3468285884191657,4.7915419271355436e-21,1.5816381588900218e-21,-4.5229741071379984e-21,1.6984648586036445e-06,7.720697042416822e-22,0.0,-9.501291664896507e-22,-2.7170624294277135e-21,1.038813645978663e-07,3.0072517436207765e-05,-3.0176398800805635e-05,0.0,0.0,79.99999974069678,-2.331956656646392e-35,80.0,1.202415158878049e-36,2.331956656646392e-35,24.0,0.0,600.0033017748626,0.0,0.00014243046132378367,False,True,APPLY,APPLIED,
13.260000000018952,STOPPED,0.0,0.0,-1.3187037298117193e-10,0,0.09809073277820392,0.0,-0.0,0.0,4.803721991913782e-07,1.9587216852600883e-22,0.0,0.0,0.0,8.309282350623788e-09,2.4054479642412526e-06,-2.4137572465918763e-06,0.0,0.0,79.99999974069678,-1.4144032093770094e-35,80.0,7.293016595627772e-37,1.4144032093770094e-35,24.0,0.0,600.0033017748626,0.0,0.00014292239063706802,False,True,APPLY,APPLIED,
13.270000000019088,STOPPED,0.0,0.0,-5.2345947733980866e-11,0,0.027742211005552853,0.0,-0.0,0.0,1.358679403276328e-07,4.968990665776461e-23,0.0,0.0,0.0,6.646434289721462e-10,1.9240756786915449e-07,-1.9307221129812663e-07,0.0,0.0,79.99999974069678,-8.57878911683109e-36,80.0,4.423438167041325e-37,8.57878911683109e-36,24.0,0.0,600.0033017748626,0.0,0.0001434258250583298,False,True,APPLY,APPLIED,
13.280000000019223,STOPPED,0.0,0.0,9.877143755095498e-11,0,0.35552816972130474,1.071421346611542e-20,1.0627586373166028e-20,-1.3596977893579022e-21,1.741063358684253e-06,5.711423635737233e-22,0.0,-6.5443917383293225e-21,-8.372921815781593e-22,1.0915809445768499e-07,3.160006986634522e-05,-3.1709227960802894e-05,0.0,0.0,79.99999974069678,-5.203298622567141e-36,80.0,2.6829508696536276e-37,5.203298622567141e-36,24.0,0.0,600.0033017748626,0.0,0.00014389581372142857,False,True,APPLY,APPLIED,
13.29000000001936,STOPPED,0.0,0.0,1.5905074835851768e-10,0,0.10055116516658162,2.4695041843944307e-21,2.4591918234302508e-21,2.254473160527782e-22,4.924174625448625e-07,1.4490847238736575e-22,0.0,-4.282921761881555e-22,3.9263842978031077e-23,8.731360263078123e-09,2.5276342040892948e-06,-2.536365564352373e-06,0.0,0.0,79.99999974069678,-3.155960146227497e-36,80.0,1.6272919609476045e-37,3.155960146227497e-36,24.0,0.0,600.0033017748626,0.0,0.00014441274049659114,False,True,APPLY,APPLIED,
13.300000000019496,STOPPED,0.0,0.0,-4.0901177256283104e-11,0,0.02843807522556021,0.0,-0.0,0.0,1.3927233841314939e-07,3.6761473541376426e-23,0.0,0.0,0.0,6.984050920543619e-10,2.021810306336554e-07,-2.0287943572570976e-07,0.0,0.0,79.99999974069678,-1.914186589518154e-36,80.0,9.870024666186213e-38,1.914186589518154e-36,24.0,0.0,600.0033017748626,0.0,0.00014488408976376377,False,True,APPLY,APPLIED,
13.310000000019631,STOPPED,0.0,0.0,1.732810766681412e-10,0,0.3644459646419299,9.878016737577723e-21,9.836767293720999e-21,9.017892642111405e-22,1.7847316148613719e-06,4.2256004604388573e-22,0.0,-6.2093504353089406e-21,5.692444878573737e-22,1.1470285637340873e-07,3.320521528594671e-05,-3.331991814232012e-05,0.0,0.0,79.99999974069678,-1.1610128549535272e-36,80.0,5.986472572161915e-38,1.1610128549535272e-36,24.0,0.0,600.0033017748626,0.0,0.00014537794083935296,False,True,APPLY,APPLIED,
13.320000000019768,STOPPED,0.0,0.0,-2.8101000977926186e-11,0,0.10307331316209929,2.678553366528855e-21,-2.656896593291508e-21,3.3992444733946703e-22,5.047659795588781e-07,1.072055154437134e-22,0.0,4.74331007040208e-22,6.06861049207665e-23,9.17487718917846e-09,2.656026971553048e-06,-2.665201848742227e-06,0.0,0.0,79.99999974069678,-7.0418989284981415e-37,80.0,3.630979158544969e-38,7.0418989284981415e-37,24.0,0.0,600.0033017748626,0.0,0.00014590212720122508,False,True,APPLY,APPLIED,
13.330000000019904,STOPPED,0.0,0.0,-5.888503757266931e-11,0,0.02915139398144823,0.0,-0.0,0.0,1.4276313402804868e-07,2.719729868292791e-23,0.0,0.0,0.0,7.338815226146522e-10,2.1245094276540404e-07,-2.1318482428801874e-07,0.0,0.0,79.99999974069678,-4.271127602731685e-37,80.0,2.2023001844351135e-38,4.271127602731685e-37,24.0,0.0,600.0033017748626,0.0,0.00014635852710398467,False,True,APPLY,APPLIED,
13.340000000020039,STOPPED,0.0,0.0,-1.555704166847724e-11,0,0.37358744667892335,9.583083854271087e-21,9.045948214275971e-21,3.1632763177801222e-21,1.82949611275646e-06,3.1263549745383104e-22,0.0,-5.853383771526699e-21,2.0468689212843227e-21,1.2052926591927804e-07,3.489189507901936e-05,-3.501242434493863e-05,0.0,0.0,79.99999974069678,-2.5905698426016986e-37,80.0,1.3357625837506892e-38,2.5905698426016986e-37,24.0,0.0,600.0033017748626,0.0,0.00014687744931052293,False,True,APPLY,APPLIED,
13.350000000020176,STOPPED,0.0,0.0,1.568088472372147e-10,0,0.10565872478722878,5.9894274089194295e-22,-1.9770476986125893e-22,5.653717633922478e-22,5.174250452717133e-07,7.930998019635626e-23,0.0,3.618121439037949e-23,1.0346658300615047e-22,9.640922319050173e-09,2.790941530915839e-06,-2.800582453234889e-06,0.0,0.0,79.99999974069678,-1.5712600356648698e-37,80.0,8.101809611417618e-39,1.5712600356648698e-37,24.0,0.0,600.0033017748626,0.0,0.00014737012531895743,False,True,APPLY,APPLIED,
13.360000000020312,STOPPED,0.0,0.0,-1.1017743999651321e-10,0,0.0298826050856489,6.696383416322137e-22,6.642241483228773e-22,-8.498111183486443e-23,1.463422148493651e-07,2.0121329959065787e-23,0.0,-3.437903985139543e-23,-4.3984685557781486e-24,7.71159869510354e-10,2.2324252167621244e-07,-2.2401368154572273e-07,0.0,0.0,79.99999974069678,-9.530173860119139e-38,80.0,4.913995928479305e-39,9.530173860119139e-38,24.0,0.0,600.0033017748626,0.0,0.00014784970915115991,False,True,APPLY,APPLIED,
13.370000000020447,STOPPED,0.0,0.0,1.3324510605030472e-10,0,0.38295822662387297,0.0,-0.0,0.0,1.875384098982933e-06,2.312486799968558e-22,0.0,0.0,0.0,1.266516300941841e-07,3.666425083472543e-05,-3.679090246481961e-05,0.0,0.0,79.99999974069678,-5.780342638554189e-38,80.0,2.980489192325765e-39,5.780342638554189e-38,24.0,0.0,600.0033017748626,0.0,0.00014837609467122093,False,True,APPLY,APPLIED,
13.380000000020583,STOPPED,0.0,0.0,-2.0244201113479494e-11,0,0.10830898689532846,2.4695041843944307e-21,2.4591918234302497e-21,2.2544731605278527e-22,5.304022244010676e-07,5.867489352871262e-23,0.0,-4.613361925869731e-22,4.2293165350423035e-23,1.0130640121631414e-08,2.932709160573109e-06,-2.9428398006947406e-06,0.0,0.0,79.99999974069678,-3.505955033927351e-38,80.0,1.8077580760877277e-39,3.505955033927351e-38,24.0,0.0,600.0033017748626,0.0,0.0001488354158709626,False,True,APPLY,APPLIED,
13.39000000002072,STOPPED,0.0,0.0,-1.48238249852705e-10,0,0.030632157333332185,6.696383416322137e-22,6.642241483228773e-22,-8.498111183486472e-23,1.5001159366761595e-07,1.4886524722666054e-23,0.0,-3.524137720518197e-23,-4.508796352933006e-24,8.103316963668501e-10,2.3458226572350421e-07,-2.3539259741987105e-07,0.0,0.0,79.99999974069678,-2.1264692196507962e-38,80.0,1.0964606984903365e-39,2.1264692196507962e-38,24.0,0.0,600.0033017748626,0.0,0.00014933935960925737,False,True,APPLY,APPLIED,
13.400000000020855,STOPPED,0.0,0.0,-7.044667571457212e-12,0,0.39256405600537375,9.878016737577723e-21,9.836767293720997e-21,9.017892642111634e-22,1.922423573338467e-06,1.7111006452483646e-22,0.0,-6.688420310644772e-21,6.131633951045487e-22,1.3308498249145947e-07,3.852663451684756e-05,-3.8659719499339025e-05,0.0,0.0,79.99999974069678,-1.2897687786534134e-38,80.0,6.6503703080432226e-40,1.2897687786534134e-38,24.0,0.0,600.0033017748626,0.0,0.00014983470953211508,False,True,APPLY,APPLIED,
13.410000000020991,STOPPED,0.0,0.0,5.834722509929519e-11,0,0.11102572614401177,2.678553366528855e-21,2.6568965932915096e-21,-3.399244473394544e-22,5.437053339818783e-07,4.34172886362306e-23,0.0,-5.10927056418945e-22,-6.53682185910081e-23,1.0645233164858431e-08,3.081677966451275e-06,-3.092323199616133e-06,0.0,0.0,79.99999974069678,-7.82284308193415e-39,80.0,4.03365349027078e-40,7.82284308193415e-39,24.0,0.0,600.0033017748626,0.0,0.00015031737473236717,False,True,APPLY,APPLIED,
13.420000000021128,STOPPED,0.0,0.0,9.806251445811792e-11,0,0.03140051077773864,0.0,-0.0,0.0,1.5377338988580293e-07,1.10130535949626e-23,0.0,0.0,0.0,8.514932089604658e-10,2.464980192757201e-07,-2.473495124846806e-07,0.0,0.0,79.99999974069678,-4.744794175313957e-39,80.0,2.4465345125061163e-40,4.744794175313957e-39,24.0,0.0,600.0033017748626,0.0,0.00015084691619904333,False,True,APPLY,APPLIED,
13.430000000021263,STOPPED,0.0,0.0,7.776787566793643e-11,0,0.40241083062259797,2.3957709635677718e-21,-7.908190794450504e-22,2.2614870535689857e-21,1.970643288304528e-06,1.2663618190304008e-22,0.0,5.511977383822087e-22,1.5762474397843407e-21,1.3984512024513547e-07,4.048361915059231e-05,-4.0623464270837446e-05,0.0,0.0,79.99999974069678,-2.8778631413538456e-39,80.0,1.483898191880066e-40,2.8778631413538456e-39,24.0,0.0,600.0033017748626,0.0,0.0001513094088068101,False,True,APPLY,APPLIED,
13.4400000000214,STOPPED,0.0,0.0,-2.168684746458698e-10,0,0.11381060999316382,1.1978854817838859e-21,3.9540953972252557e-22,-1.1307435267844928e-21,5.573424322827741e-07,3.2129181331722776e-23,0.0,-7.7945405613306e-23,-2.228986758935713e-22,1.118596507592047e-08,3.2382137367540114e-06,-3.249399701829932e-06,0.0,0.0,79.99999974069678,-1.7455122296880296e-39,80.0,9.000297492674056e-41,1.7455122296880296e-39,24.0,0.0,600.0033017748626,0.0,0.0001518166021696743,False,True,APPLY,APPLIED,
13.450000000021536,STOPPED,0.0,0.0,-1.8009539041728425e-10,0,0.03218813701202449,2.9947137044597147e-22,9.885238493063273e-23,-2.8268588169612274e-22,1.5762981657357975e-07,8.148314683983359e-24,0.0,-5.5111676220030184e-24,-1.5760158740674657e-23,8.947454933131304e-10,2.5901904107621535e-07,-2.5991378656952846e-07,0.0,0.0,79.99999974069678,-1.058706684209155e-39,80.0,5.45895637584158e-41,1.058706684209155e-39,24.0,0.0,600.0033017748626,0.0,0.00015229594953325432,False,True,APPLY,APPLIED,
13.46000000002167,STOPPED,0.0,0.0,1.990575172380244e-10,0,0.41250459415854535,0.0,-0.0,0.0,2.0200727538903033e-06,9.363943028041696e-23,0.0,0.0,0.0,1.4694864283745404e-07,4.254001005047656e-05,-4.268695869331401e-05,0.0,0.0,79.99999974069678,-6.421380636155573e-40,80.0,3.3110244119816995e-41,6.421380636155573e-40,24.0,0.0,600.0033017748626,0.0,0.00015278192529422085,False,True,APPLY,APPLIED,
13.470000000021807,STOPPED,0.0,0.0,1.3609446829966278e-10,0,0.11666534772820471,0.0,-0.0,0.0,5.713218122905311e-07,2.375882439102505e-23,0.0,0.0,0.0,1.1754163649537388e-08,3.4027008401357304e-06,-3.4144550037852678e-06,0.0,0.0,79.99999974069678,-3.8947642335133865e-40,80.0,2.0082378209239034e-41,3.8947642335133865e-40,24.0,0.0,600.0033017748626,0.0,0.0001533148928274386,False,True,APPLY,APPLIED,
13.480000000021944,STOPPED,0.0,0.0,-1.0049660004275864e-10,0,0.032995519459198874,6.696383416322137e-22,6.642241483228778e-22,-8.498111183486042e-23,1.6158317154827634e-07,6.028462415924489e-24,0.0,-3.7960354365157587e-23,-4.8566634136106104e-24,9.401947653322527e-10,2.7217607609559296e-07,-2.7311627086092516e-07,0.0,0.0,79.99999974069678,-2.3622939199780524e-40,80.0,1.2180578103848412e-41,2.3622939199780524e-40,24.0,0.0,600.0033017748626,0.0,0.00015376096905583836,False,True,APPLY,APPLIED,
13.490000000022079,STOPPED,0.0,0.0,1.9247086299527336e-10,0,0.4228515418929077,9.878016737577723e-21,-9.836767293720991e-21,-9.017892642112411e-22,2.070742246540815e-06,6.917297872474694e-23,0.0,7.20445185420966e-21,-6.604707768984378e-22,1.5441299287677208e-07,4.470085662030238e-05,-4.485526961317915e-05,0.0,0.0,79.99999974069678,-1.4328036897194371e-40,80.0,7.387894073008466e-42,1.4328036897194371e-40,24.0,0.0,600.0033017748626,0.0,0.0001542716157700852,False,True,APPLY,APPLIED,
13.500000000022215,STOPPED,0.0,0.0,3.27347221748766e-11,0,0.1195916915090662,4.9390083687888615e-21,4.918383646860496e-21,4.508946321056231e-22,5.856519985279802e-07,1.758405036528741e-23,0.0,-1.0187885088270184e-21,9.339781173317328e-23,1.2351224112369534e-08,3.575543169499915e-06,-3.587894393612283e-06,0.0,0.0,79.99999974069678,-8.690393671642304e-41,80.0,4.4809842659889044e-42,8.690393671642304e-41,24.0,0.0,600.0033017748626,0.0,0.00015477380236461613,False,True,APPLY,APPLIED,
13.510000000022352,STOPPED,0.0,0.0,2.7208804840672714e-10,0,0.033823153668176044,0.0,-0.0,0.0,1.6563583136214363e-07,4.4599292573064794e-24,0.0,0.0,0.0,9.879526326207824e-10,2.860014310152628e-07,-2.869893836478835e-07,0.0,0.0,79.99999974069678,-5.270990206823724e-41,80.0,2.7178543430121924e-42,5.270990206823724e-41,24.0,0.0,600.0033017748626,0.0,0.00015524253683452116,False,True,APPLY,APPLIED,
13.520000000022486,STOPPED,0.0,0.0,-7.742697143915008e-11,0,0.43345802450263493,9.878016737577723e-21,9.836767293720988e-21,9.01789264211273e-22,2.122682821055039e-06,5.133689676657228e-23,0.0,-7.385162779283323e-21,6.77037517504507e-22,1.6225649893791908e-07,4.697146475143173e-05,-4.7133721250369634e-05,0.0,0.0,79.99999974069678,-3.1970171674836394e-41,80.0,1.6484619876700392e-42,3.1970171674836394e-41,24.0,0.0,600.0033017748626,0.0,0.00015577911142372614,False,True,APPLY,APPLIED,
13.530000000022623,STOPPED,0.0,0.0,-7.133429902943613e-11,0,0.12259143744662516,0.0,-0.0,0.0,6.003417463215783e-07,1.3008707602103474e-23,0.0,0.0,0.0,1.2978612552181952e-08,3.757165133807454e-06,-3.770143746359635e-06,0.0,0.0,79.99999974069678,-1.9390889317064748e-41,80.0,9.998427368927122e-43,1.9390889317064748e-41,24.0,0.0,600.0033017748626,0.0,0.00015624870536612434,False,True,APPLY,APPLIED,
13.54000000002276,STOPPED,0.0,0.0,6.843793202907622e-11,0,0.034671547618039734,6.696383416322137e-22,6.642241483228783e-22,-8.498111183485572e-23,1.6979024740692022e-07,3.299432824192228e-24,0.0,-3.988857443498423e-23,-5.103360685622945e-24,1.0381363692979677e-09,3.0052905355749926e-07,-3.0156718992679723e-07,0.0,0.0,79.99999974069678,-1.1761168889893995e-41,80.0,6.064352748164246e-43,1.1761168889893995e-41,24.0,0.0,600.0033017748626,0.0,0.00015674124949782708,False,True,APPLY,APPLIED,
13.550000000022894,STOPPED,0.0,0.0,-1.2097395993911558e-11,0,0.44433055195832,9.878016737577723e-21,9.836767293720987e-21,9.017892642112883e-22,2.1759263248359232e-06,3.799860938915471e-23,0.0,-7.570406518108078e-21,6.94019805480484e-22,1.7049842057505563e-07,4.935740985089633e-05,-4.952790827147139e-05,0.0,0.0,79.99999974069678,-7.133509525779132e-42,80.0,3.678215873074196e-43,7.133509525779132e-42,24.0,0.0,600.0033017748626,0.0,0.0001572475842976928,False,True,APPLY,APPLIED,
13.560000000023031,STOPPED,0.0,0.0,1.2460086329506163e-10,0,0.12566642670348496,2.678553366528855e-21,2.6568965932915118e-21,-3.399244473394354e-22,6.154000428584727e-07,9.620821382330625e-24,0.0,-5.783018018996468e-22,-7.39881713509234e-23,1.3637869519683061e-08,3.94801270010559e-06,-3.961650569625274e-06,0.0,0.0,79.99999974069678,-4.3266922387371935e-42,80.0,2.230950700061183e-43,4.3266922387371935e-42,24.0,0.0,600.0033017748626,0.0,0.00015772129825109005,False,True,APPLY,APPLIED,
13.570000000023168,STOPPED,0.0,0.0,-2.484326147667192e-11,0,0.03554122202972461,6.696383416322137e-22,6.642241483228782e-22,-8.498111183485697e-23,1.7404894355322467e-07,2.44216190127045e-24,0.0,-4.088910873148743e-23,-5.231369456698921e-24,1.0908692045230876e-09,3.1579461584154545e-07,-3.168854850460685e-07,0.0,0.0,79.99999974069678,-2.624271497934815e-42,80.0,1.353139999894478e-43,2.624271497934815e-42,24.0,0.0,600.0033017748626,0.0,0.00015823886167254386,False,True,APPLY,APPLIED,
13.580000000023302,STOPPED,0.0,0.0,-1.538502792926957e-10,0,0.45547579752501755,1.071421346611542e-20,1.0627586373166052e-20,-1.3596977893577248e-21,2.230505413996487e-06,2.8072442038518377e-23,0.0,-8.384179652116798e-21,-1.0726754070280103e-21,1.7915899562330474e-07,5.1864550532762705e-05,-5.2043709528385985e-05,0.0,0.0,79.99999974069678,-1.591701122907471e-42,80.0,8.207208968195539e-44,1.591701122907471e-42,24.0,0.0,600.0033017748626,0.0,0.00015871341145157203,False,True,APPLY,APPLIED,
13.590000000023439,STOPPED,0.0,0.0,-8.668434197218669e-11,0,0.12881854662504422,2.678553366528855e-21,2.6568965932915133e-21,-3.399244473394271e-22,6.30836109598232e-07,7.11989249906483e-24,0.0,-5.928074791776574e-22,-7.584403369214398e-23,1.4330613813160049e-08,4.1485544886471735e-06,-4.162885102460333e-06,0.0,0.0,79.99999974069678,-9.654155321424123e-43,80.0,4.977923869879106e-44,9.654155321424123e-43,24.0,0.0,600.0033017748626,0.0,0.00015921096689908154,False,True,APPLY,APPLIED,
13.600000000023575,STOPPED,0.0,0.0,5.239652452946839e-11,0,0.036432710685626125,5.9894274089194295e-22,5.653717633922452e-22,1.9770476986126608e-22,1.7841451491045166e-07,1.8057215447126213e-24,0.0,-3.567682736929096e-23,1.2475824583287875e-23,1.1462806255002957e-09,3.3183560197563416e-07,-3.329818826011344e-07,0.0,0.0,79.99999974069678,-5.855541196071635e-43,80.0,3.019263448797055e-44,5.855541196071635e-43,24.0,0.0,600.0033017748626,0.0,0.00015971646405432693,False,True,APPLY,APPLIED,
13.61000000002371,STOPPED,0.0,0.0,3.635428111029537e-11,0,0.4669006018543835,9.583083854271087e-21,9.045948214275928e-21,3.1632763177802494e-21,2.2864535708828412e-06,2.078291289039482e-23,0.0,-7.315418197547985e-21,2.558127527465012e-21,1.882594898942445e-07,5.4499043002996395e-05,-5.468730249289063e-05,0.0,0.0,79.99999974069678,-3.5515652646278495e-43,80.0,1.831275851445128e-44,3.5515652646278495e-43,24.0,0.0,600.0033017748626,0.0,0.0001601954794523408,False,True,APPLY,APPLIED,
13.620000000023847,STOPPED,0.0,0.0,2.505950023786098e-10,0,0.13204973189733005,4.7915419271355436e-21,4.5229741071379706e-21,1.581638158890104e-21,6.46659405685609e-07,5.263582882222196e-24,0.0,-1.0344803667701604e-21,3.6174728927237827e-22,1.5058546454491374e-08,4.359282923539187e-06,-4.374341469993677e-06,0.0,0.0,79.99999974069678,-2.1541332229672124e-43,80.0,1.1107249502928328e-44,2.1541332229672124e-43,24.0,0.0,600.0033017748626,0.0,0.00016071833158548543,False,True,APPLY,APPLIED,
13.630000000023983,STOPPED,0.0,0.0,4.378273300316765e-11,0,0.03734656075725119,2.9947137044597147e-22,9.885238493063198e-23,-2.82685881696123e-22,1.8288962740670648e-07,1.33649445651268e-24,0.0,-6.39437928208273e-24,-1.828585872281617e-23,1.2045066957426042e-09,3.4869140009876375e-07,-3.4989590679450637e-07,0.0,0.0,79.99999974069678,-1.306547844835211e-43,80.0,6.736887368603972e-45,1.306547844835211e-43,24.0,0.0,600.0033017748626,0.0,0.0001611724622989641,False,True,APPLY,APPLIED,
13.640000000024118,STOPPED,0.0,0.0,2.6682273913270125e-10,0,0.4786119771824172,1.071421346611542e-20,1.0627586373166044e-20,-1.359697789357762e-21,2.3438051228147865e-06,1.5199443755661884e-23,0.0,-8.81005933170753e-21,-1.1271626291064244e-21,1.9782224939625177e-07,5.726735617561568e-05,-5.746517842501193e-05,0.0,0.0,79.99999974069678,-7.924613262740245e-44,80.0,4.086128740089097e-45,7.924613262740245e-44,24.0,0.0,600.0033017748626,0.0,0.00016167578667136695,False,True,APPLY,APPLIED,
13.650000000024255,STOPPED,0.0,0.0,-3.703124220781268e-11,0,0.13536196573377107,1.1978854817838859e-21,3.954095397225316e-22,-1.1307435267844906e-21,6.628796321331595e-07,3.891949405547351e-24,0.0,-9.270526996004259e-23,-2.651071190130762e-22,1.5823454866693503e-08,4.580715441827654e-06,-4.596538896694347e-06,0.0,0.0,79.99999974069678,-4.806520910217349e-44,80.0,2.4783623603970037e-45,4.806520910217349e-44,24.0,0.0,600.0033017748626,0.0,0.00016216763413012814,False,True,APPLY,APPLIED,
13.660000000024391,STOPPED,0.0,0.0,-5.20828358463435e-11,0,0.03828333314111191,6.696383416322137e-22,6.642241483228783e-22,-8.498111183485481e-23,1.874770179725197e-07,9.887393259422909e-25,0.0,-4.4043825226422903e-23,-5.634985187834559e-24,1.265690389405196e-09,3.664033990983395e-07,-3.6766908948774475e-07,0.0,0.0,79.99999974069678,-2.915302298596709e-44,80.0,1.503202757458561e-45,2.915302298596709e-44,24.0,0.0,600.0033017748626,0.0,0.00016264483599570667,False,True,APPLY,APPLIED,
13.670000000024526,STOPPED,0.0,0.0,8.885101879052918e-11,0,0.4906171116360952,4.7915419271355436e-21,1.5816381588901516e-21,-4.522974107137953e-21,2.4025952618651956e-06,1.1322034634319566e-23,0.0,-1.3440346122247225e-21,-3.843504733380565e-21,2.0787075520923266e-07,6.0176287557536195e-05,-6.038415831274543e-05,0.0,0.0,79.99999974069678,-1.7682202264296274e-44,80.0,9.117385601631953e-46,1.7682202264296274e-44,24.0,0.0,600.0033017748626,0.0,0.00016317370261731412,False,True,APPLY,APPLIED,
13.680000000024663,STOPPED,0.0,0.0,-1.5365139667697383e-10,0,0.1387572810948441,2.678553366528855e-21,2.656896593291515e-21,-3.3992444733941117e-22,6.795067366186442e-07,2.8838230339983484e-24,0.0,-6.385443414666531e-22,-8.169562674091805e-23,1.6627217264103748e-08,4.813395764208395e-06,-4.8300229814724984e-06,0.0,0.0,79.99999974069678,-1.0724797804535896e-44,80.0,5.529973903812323e-46,1.0724797804535896e-44,24.0,0.0,600.0033017748626,0.0,0.00016363272641228832,False,True,APPLY,APPLIED,
13.6900000000248,STOPPED,0.0,0.0,2.1202866821250686e-10,0,0.03924360280274631,1.8216132310458127e-21,1.7949676751073663e-21,3.104284278876881e-22,1.9217949517078398e-07,7.306492813029429e-25,0.0,-1.2200738831308443e-22,2.110041438069241e-23,1.3299819425084826e-09,3.8501509023492953e-07,-3.863450721774379e-07,0.0,0.0,79.99999974069678,-6.504918687669796e-45,80.0,3.3540987200729535e-46,6.504918687669796e-45,24.0,0.0,600.0033017748626,0.0,0.0001641341672211638,False,True,APPLY,APPLIED,
13.700000000024934,STOPPED,0.0,0.0,-6.524113623668084e-11,0,0.5029233736416524,1.071421346611542e-20,1.0627586373166067e-20,-1.3596977893575948e-21,2.462860065501585e-06,8.375203702099405e-24,0.0,-9.257571837565486e-21,-1.1844175639107955e-21,2.1842968114065314e-07,6.323297993877529e-05,-6.345140961991593e-05,0.0,0.0,79.99999974069678,-3.9454326230094166e-45,80.0,2.034363709427157e-46,3.9454326230094166e-45,24.0,0.0,600.0033017748626,0.0,0.00016465144778976537,False,True,APPLY,APPLIED,
13.71000000002507,STOPPED,0.0,0.0,7.579493844291374e-11,0,0.14223776193350032,1.1978854817838859e-21,-3.95409539722543e-22,1.1307435267844868e-21,6.965509187350501e-07,2.1277282553365966e-24,0.0,9.741429246448962e-23,2.7857340189061847e-22,1.7471807264241626e-08,5.05789522996278e-06,-5.07536703722702e-06,0.0,0.0,79.99999974069678,-2.393025851685657e-45,80.0,1.2339039627742986e-46,2.393025851685657e-45,24.0,0.0,600.0033017748626,0.0,0.00016511416231423937,False,True,APPLY,APPLIED,
13.720000000025207,STOPPED,0.0,0.0,1.1897109410978489e-10,0,0.04022795912971499,2.9947137044597147e-22,-9.88523849306366e-23,2.8268588169612137e-22,1.969999401643563e-07,5.410197414622952e-25,0.0,6.887724684784748e-24,1.9696667174643724e-23,1.3975392219696169e-09,4.04572173935505e-07,-4.0596971315747464e-07,0.0,0.0,79.99999974069678,-1.4514435485322935e-45,80.0,7.484005845635308e-47,1.4514435485322935e-45,24.0,0.0,600.0033017748626,0.0,0.000165641073522238,False,True,APPLY,APPLIED,
13.730000000025342,STOPPED,0.0,0.0,-1.0130044457954583e-10,0,0.5155383164506488,9.583083854271087e-21,9.045948214275892e-21,3.163276317780348e-21,2.5246365180681214e-06,6.2038545941477076e-24,0.0,-8.077475948237326e-21,2.8246113916698803e-21,2.2952495431565483e-07,6.644493893219236e-05,-6.667446388650802e-05,0.0,0.0,79.99999974069678,-8.80345013026942e-46,80.0,4.539279002846412e-47,8.80345013026942e-46,24.0,0.0,600.0033017748626,0.0,0.0001661074251160244,False,True,APPLY,APPLIED,
13.740000000025478,STOPPED,0.0,0.0,5.0427866540145544e-11,0,0.1458055444747604,0.0,-0.0,0.0,7.140226356445773e-07,1.5800442169469943e-24,0.0,0.0,0.0,1.8359298734440727e-08,5.314814199895335e-06,-5.333173498629775e-06,0.0,0.0,79.99999974069678,-5.339562415259613e-46,80.0,2.7532118882161553e-47,5.339562415259613e-46,24.0,0.0,600.0033017748626,0.0,0.00016659366735893855,False,True,APPLY,APPLIED,
13.750000000025615,STOPPED,0.0,0.0,-9.476564911289958e-11,0,0.04123700629315501,0.0,-0.0,0.0,2.01941307937191e-07,3.9985781563842646e-25,0.0,0.0,0.0,1.4685281133188159e-09,4.2512267200542656e-07,-4.265912001187454e-07,0.0,0.0,79.99999974069678,-3.23860831430421e-46,80.0,1.6699074228884176e-47,3.23860831430421e-46,24.0,0.0,600.0033017748626,0.0,0.00016710917350337695,False,True,APPLY,APPLIED,
13.76000000002575,STOPPED,0.0,0.0,2.4878339318318222e-11,0,0.5284696827762826,4.7915419271355436e-21,1.581638158890165e-21,-4.5229741071379495e-21,2.5879625329973026e-06,4.652890945610781e-24,0.0,-1.4477308848729785e-21,-4.140042568888928e-21,2.4118381884181403e-07,6.98200514034162e-05,-7.006123522225802e-05,0.0,0.0,79.99999974069678,-1.964315237425761e-46,80.0,1.0128500508635399e-47,1.964315237425761e-46,24.0,0.0,600.0033017748626,0.0,0.00016757967057401402,False,True,APPLY,APPLIED,
13.770000000025886,STOPPED,0.0,0.0,-5.649476343628608e-11,0,0.1494628185275266,2.678553366528855e-21,2.6568965932915156e-21,-3.399244473394078e-22,7.319326080608023e-07,1.168069497804373e-24,0.0,-6.878099388901594e-22,-8.799868762003273e-23,1.9291870884598484e-08,5.584783530548089e-06,-5.604075401432687e-06,0.0,0.0,79.99999974069678,-1.1914174168394316e-46,80.0,6.143246095402406e-48,1.1914174168394316e-46,24.0,0.0,600.0033017748626,0.0,0.00016809063379241707,False,True,APPLY,APPLIED,
13.780000000026023,STOPPED,0.0,0.0,-1.75622763723837e-11,0,0.04227136361908134,1.2347520921972154e-21,1.2295959117151228e-21,1.1272365802641565e-22,2.0700662871642928e-07,2.9625829067756143e-25,0.0,-9.002627808869092e-23,8.253192197512557e-24,1.5431229281280592e-09,4.467170455541485e-07,-4.482601684822765e-07,0.0,0.0,79.99999974069678,-7.226311918287469e-47,80.0,3.7260671070215066e-48,7.226311918287469e-47,24.0,0.0,600.0033017748626,0.0,0.00016857439129580598,False,True,APPLY,APPLIED,
13.790000000026158,STOPPED,0.0,0.0,-8.730420426060838e-11,0,0.5417254095425315,1.071421346611542e-20,1.0627586373166058e-20,-1.3596977893576526e-21,2.6528769757111486e-06,3.4896682092080855e-24,0.0,-9.971821072384564e-21,-1.2757989059704148e-21,2.5343490270425406e-07,7.336660483600587e-05,-7.362003973871011e-05,0.0,0.0,79.99999974069678,-4.38297973508819e-47,80.0,2.2599739405553112e-48,4.38297973508819e-47,24.0,0.0,600.0033017748626,0.0,0.000169068764421354,False,True,APPLY,APPLIED,
13.800000000026294,STOPPED,0.0,0.0,-1.560884444135223e-11,0,0.15321182882774542,0.0,-0.0,0.0,7.502918265071237e-07,8.530300066953098e-25,0.0,0.0,0.0,2.0271813618138984e-08,5.8684661231855915e-06,-5.88873793680373e-06,0.0,0.0,79.99999974069678,-2.658411590230156e-47,80.0,1.370743485098379e-48,2.658411590230156e-47,24.0,0.0,600.0033017748626,0.0,0.00016958660432919714,False,True,APPLY,APPLIED,
13.810000000026431,STOPPED,0.0,0.0,-1.6713313118861145e-10,0,0.04333166596816611,2.9947137044597147e-22,9.885238493063419e-23,-2.8268588169612217e-22,2.121990095458768e-07,2.2113348895155403e-25,0.0,-7.419133154615296e-24,-2.1216323700283457e-23,1.6215068320553487e-09,4.6940831889418124e-07,-4.710298257262366e-07,0.0,0.0,79.99999974069678,-1.6124081356100145e-47,80.0,8.313979503135179e-49,1.6124081356100145e-47,24.0,0.0,600.0033017748626,0.0,0.00017005585630158748,False,True,APPLY,APPLIED,
13.820000000026566,STOPPED,0.0,0.0,6.970598812551842e-11,0,0.5553136327570558,0.0,-0.0,0.0,2.7194196872276406e-06,2.4039936552322367e-24,0.0,0.0,0.0,2.663082880625665e-07,7.709330768145956e-05,-7.735961596952215e-05,0.0,0.0,79.99999974069678,-9.779749702175633e-48,80.0,5.042683472873912e-49,9.779749702175633e-48,24.0,0.0,600.0033017748626,0.0,0.0001705753169289892,False,True,APPLY,APPLIED,
13.830000000026702,STOPPED,0.0,0.0,-1.8155268267032775e-10,0,0.15705487641632535,5.35710673305771e-21,5.3137931865830274e-21,-6.798488946788416e-22,7.691115578343644e-07,6.397725050214823e-25,0.0,-1.4454953548252456e-21,-1.8493727262902158e-22,2.1301533154976898e-08,6.1665585515368085e-06,-6.187860084691781e-06,0.0,0.0,79.99999974069678,-5.931718038685045e-48,80.0,3.058542133524222e-49,5.931718038685045e-48,24.0,0.0,600.0033017748626,0.0,0.00017104216328789335,False,True,APPLY,APPLIED,
13.840000000026839,STOPPED,0.0,0.0,-9.113357955725067e-11,0,0.04441856412531894,0.0,-0.0,0.0,2.1752163598727088e-07,1.6297235213141927e-25,0.0,0.0,0.0,1.703872294633392e-09,4.932522097387679e-07,-4.949560820334012e-07,0.0,0.0,79.99999974069678,-3.5977688552329873e-48,80.0,1.8550995780053415e-49,3.5977688552329873e-48,24.0,0.0,600.0033017748626,0.0,0.00017153525311641715,False,True,APPLY,APPLIED,
13.850000000026974,STOPPED,0.0,0.0,-7.370709943468177e-12,0,0.5692426925031914,1.071421346611542e-20,1.0627586373166058e-20,-1.3596977893576652e-21,2.787631508421648e-06,1.783608195817466e-24,0.0,-1.0478345996725102e-20,-1.3406039139654085e-21,2.7983558511540747e-07,8.100931074207074e-05,-8.128914632718615e-05,0.0,0.0,79.99999974069678,-2.1821571172580393e-48,80.0,1.1251747708802125e-49,2.1821571172580393e-48,24.0,0.0,600.0033017748626,0.0,0.00017206210065978667,False,True,APPLY,APPLIED,
13.86000000002711,STOPPED,0.0,0.0,-7.382264231275591e-11,0,0.16099432005291087,0.0,-0.0,0.0,7.884033519781973e-07,4.749826173644339e-25,0.0,0.0,0.0,2.238355794042058e-08,6.479792772324776e-06,-6.502176330265195e-06,0.0,0.0,79.99999974069678,-1.3235451959271431e-48,80.0,6.824529960739896e-50,1.3235451959271431e-48,24.0,0.0,600.0033017748626,0.0,0.00017251386577754602,False,True,APPLY,APPLIED,
13.870000000027247,STOPPED,0.0,0.0,-1.2845587105727933e-10,0,0.04553272519937354,1.3392766832644275e-21,1.3284482966457568e-21,-1.6996222366971022e-22,2.2297777392866617e-07,1.193514995163182e-25,0.0,-1.047680662168019e-22,-1.3404069656864778e-23,1.7904215619190433e-09,5.183072660204166e-07,-5.200976875823354e-07,0.0,0.0,79.99999974069678,-8.027707408451804e-49,80.0,4.1392866593162213e-50,8.027707408451804e-49,24.0,0.0,600.0033017748626,0.0,0.00017303200127116725,False,True,APPLY,APPLIED,
13.880000000027382,STOPPED,0.0,0.0,1.5878070475706905e-10,0,0.583521138062006,9.583083854271087e-21,9.04594821427593e-21,3.1632763177802354e-21,2.8575543049745193e-06,1.2407709188295415e-24,0.0,-9.142633646388037e-21,3.19708623249895e-21,2.9405000972163443e-07,8.512422964129469e-05,-8.541827965101632e-05,0.0,0.0,79.99999974069678,-4.8690506704282886e-49,80.0,2.5106042682147806e-50,4.8690506704282886e-49,24.0,0.0,600.0033017748626,0.0,0.00017352754673538584,False,True,APPLY,APPLIED,
13.890000000027518,STOPPED,0.0,0.0,-6.477323201569859e-12,0,0.16503257766178428,0.0,-0.0,0.0,8.081790489196373e-07,3.5866034372416434e-25,0.0,0.0,0.0,2.352054485328742e-08,6.808937922423215e-06,-6.832458467276503e-06,0.0,0.0,79.99999974069678,-2.9532285153091266e-49,80.0,1.5227584630776726e-50,2.9532285153091266e-49,24.0,0.0,600.0033017748626,0.0,0.00017400228296082787,False,True,APPLY,APPLIED,
13.900000000027655,STOPPED,0.0,0.0,-1.2302493248244772e-10,0,0.0466748330322799,2.9947137044597147e-22,9.885238493063263e-23,-2.826858816961228e-22,2.285707714805727e-07,8.905924075583135e-26,0.0,-7.991541370468362e-24,-2.2853226252529556e-23,1.8813671531030382e-09,5.446350096478018e-07,-5.465163768009049e-07,0.0,0.0,79.99999974069678,-1.7912236396726134e-49,80.0,9.235996951935007e-51,1.7912236396726134e-49,24.0,0.0,600.0033017748626,0.0,0.00017452788813443476,False,True,APPLY,APPLIED,
13.91000000002779,STOPPED,0.0,0.0,3.3376655031072956e-11,0,0.598157733159153,0.0,-0.0,0.0,2.929230992971874e-06,1.0081263715490025e-24,0.0,0.0,0.0,3.089864649607447e-07,8.944816843452413e-05,-8.975715489948488e-05,0.0,0.0,79.99999974069678,-1.0864320558634988e-49,80.0,5.601915324361033e-51,1.0864320558634988e-49,24.0,0.0,600.0033017748626,0.0,0.00017499052989933261,False,True,APPLY,APPLIED,
13.920000000027926,STOPPED,0.0,0.0,5.6900384863464645e-12,0,0.16917212781632363,0.0,-0.0,0.0,8.284507858680996e-07,2.520315928872506e-25,0.0,0.0,0.0,2.471528572994181e-08,7.1548022074756375e-06,-7.179517493205579e-06,0.0,0.0,79.99999974069678,-6.58954351575844e-50,80.0,3.3977333973390264e-51,6.58954351575844e-50,24.0,0.0,600.0033017748626,0.0,0.00017548917128351604,False,True,APPLY,APPLIED,
13.930000000028063,STOPPED,0.0,0.0,7.85459245494225e-11,0,0.047845588618867854,2.9947137044597147e-22,-9.885238493063235e-23,2.8268588169612283e-22,2.3430406095398598e-07,6.603712409786134e-26,0.0,8.191995043188584e-24,2.3426458989927973e-23,1.976932382361472e-09,5.723000875714843e-07,-5.74277019953846e-07,0.0,0.0,79.99999974069678,-3.996760175818095e-50,80.0,2.060829479015698e-51,3.996760175818095e-50,24.0,0.0,600.0033017748626,0.0,0.000175983819076464,False,True,APPLY,APPLIED,
13.940000000028197,STOPPED,0.0,0.0,3.0608195918216863e-11,0,0.6131614613429197,9.583083854271087e-21,-9.045948214275934e-21,-3.163276317780227e-21,3.0027055651707003e-06,7.754818242684634e-25,0.0,9.607039473772317e-21,-3.3594842388555814e-21,3.246816268356574e-07,9.399174441904624e-05,-9.43164260458819e-05,0.0,0.0,79.99999974069678,-2.42415758615214e-50,80.0,1.2499562634626392e-51,2.42415758615214e-50,24.0,0.0,600.0033017748626,0.0,0.0001764699285331517,False,True,APPLY,APPLIED,
13.950000000028334,STOPPED,0.0,0.0,6.497977337089656e-11,0,0.17341551126104518,5.35710673305771e-21,5.313793186583022e-21,-6.79848894678886e-22,8.492310046526001e-07,1.8417693326376007e-25,0.0,-1.5960747077855719e-21,-2.0420245723012465e-22,2.597071421982532e-08,7.5182348864824225e-06,-7.544205600702247e-06,0.0,0.0,79.99999974069678,-1.4703258999762495e-50,80.0,7.581367970899364e-52,1.4703258999762495e-50,24.0,0.0,600.0033017748626,0.0,0.00017699393481507286,False,True,APPLY,APPLIED,
13.96000000002847,STOPPED,0.0,0.0,1.4597210762516625e-10,0,0.049045710537548796,1.1978854817838859e-21,1.1307435267844942e-21,3.9540953972252186e-22,2.4018116091373054e-07,5.0285149542408177e-26,0.0,-9.605628102455186e-23,3.35899069662453e-23,2.0773519072452194e-09,6.013704305332563e-07,-6.034477824405014e-07,0.0,0.0,79.99999974069678,-8.917977381051702e-51,80.0,4.598332116913842e-52,8.917977381051702e-51,24.0,0.0,600.0033017748626,0.0,0.00017745580896644242,False,True,APPLY,APPLIED,
13.970000000028605,STOPPED,0.0,0.0,1.1596476724040996e-10,0,0.6285415314971385,3.030437198788175e-20,3.0301120960608027e-20,4.4388073906485355e-22,3.0780231179462628e-06,6.203854594147708e-25,0.0,-3.298779612832446e-20,4.83237809736382e-22,3.4117403432861416e-07,9.876611420419212e-05,-9.910728823852074e-05,0.0,0.0,79.99999974069678,-5.409026704231656e-51,80.0,2.789029412449555e-52,5.409026704231656e-51,24.0,0.0,600.0033017748626,0.0,0.00017796657300550578,False,True,APPLY,APPLIED,
13.980000000028742,STOPPED,0.0,0.0,-7.042734081462277e-11,0,0.17776533246946635,4.9390083687888615e-21,4.9183836468604956e-21,4.508946321056314e-22,8.705324593054556e-07,1.357093192469811e-25,0.0,-1.514363378445711e-21,1.3882982040947069e-22,2.7289912988508715e-08,7.90012835699498e-06,-7.927418269983487e-06,0.0,0.0,79.99999974069678,-3.280740535320887e-51,80.0,1.691631849490972e-52,3.280740535320887e-51,24.0,0.0,600.0033017748626,0.0,0.00017845908621438866,False,True,APPLY,APPLIED,
13.990000000028878,STOPPED,0.0,0.0,-1.4160015569607776e-10,0,0.050275935390794065,2.9947137044597147e-22,9.885238493063267e-23,-2.8268588169612274e-22,2.4620567829481593e-07,3.5744865337374487e-26,0.0,-8.608112584712549e-24,-2.4616420711109113e-23,2.182872304837276e-09,6.319174198548248e-07,-6.341002921596622e-07,0.0,0.0,79.99999974069678,-1.9898697212341638e-51,80.0,1.0260265816626656e-52,1.9898697212341638e-51,24.0,0.0,600.0033017748626,0.0,0.00017894442441956926,False,True,APPLY,APPLIED,
14.000000000000023,STOPPED,0.0,0.0,-7.950074469319577e-11,0,0.6443057062438923,1.9756033475155446e-20,-1.9673534587441973e-20,-1.803578528422532e-21,3.1552216652970316e-06,4.652890945610781e-25,0.0,2.195507869852954e-20,-2.0127399250244963e-21,3.5850231753150415e-07,0.00010378246077461022,-0.00010414096309214175,0.0,0.0,79.99999974069678,-1.2069169965115368e-51,80.0,6.223165803604786e-53,1.2069169965115368e-51,24.0,0.0,600.0033017748626,0.0,0.00017948109632470732,False,True,APPLY,APPLIED,
