time,sequence_state,velocity,rpm,bus_frequency,slip,line_voltage,machine_line_current,machine_active_current,machine_reactive_current,flux_magnitude,motor_torque,motor_shaft_power,electrical_export,machine_reactive_demand,machine_copper_loss,machine_core_loss,magnetic_storage_power,rectifier_power,dc_input_power,dc_voltage,dc_capacitor_power,chopper_target_voltage,chopper_duty,dc_brake_power,battery_voltage,battery_power,aux_voltage,aux_power,energy_residual,k_precharge,k_main,brake_command,brake_physical_state,fault
0.0,BRAKE_RELEASE,0.0,0.0,0,0,0.0,0.0026683469215525767,0.0026683469215525767,-0.0,0.004905659689860596,0.0,0.0,-0.0,0.0,0.0003065192413963299,0.0,-0.0003065192413963299,0.0,0.0,0.0,0.0,80.0,0.0,0.0,24.0,0.0,0.0,0.0,0.0,True,False,APPLY,APPLIED,
0.009999999999999969,BRAKE_RELEASE,0.0,0.0,0.0,0,0.05035269454701425,0.00026110879797761267,-0.00026110879797761267,0.0,0.004370936151753489,0.0,0.0,2.2772192635432184e-05,0.0,0.00044537039565949627,6.338484620362298e-07,-0.00046877643675696465,2.401842917865967e-05,4.0906434949176245e-06,0.011605862958348702,4.0906434949176245e-06,80.0,0.0,0.0,23.99916008007916,0.40314745269368985,1.992632036442299,0.36283270742432083,7.714794259996148e-10,True,False,RELEASE,APPLIED,
0.01999999999999991,BRAKE_RELEASE,0.0,0.0,0.0,0,0.047577183911290406,0.0002191708711791425,-0.0002191708711791425,0.0,0.003942875142154303,0.0,0.0,1.806101668701737e-05,0.0,0.00036512119821526087,5.658971072321878e-07,-0.00038374811200951034,1.8426958596809013e-05,5.286307477432001e-06,0.018478052369404217,5.286307477432001e-06,80.0,0.0,0.0,23.994278040793432,2.7458856028088263,7.480853651948387,2.4712970425279437,-6.452979050791975e-10,True,False,RELEASE,APPLIED,
0.02999999999999985,BRAKE_RELEASE,0.0,0.0,0.0,0,0.04356824887136418,0.0001671225257329,-0.0001671225257329,0.0,0.0035532168068481557,0.0,0.0,1.2611470335610933e-05,0.0,0.00030119112374692105,4.745480774292815e-07,-0.0003142771421599613,1.291269880793564e-05,5.2137948116829956e-06,0.023827415611011406,5.2137948116829956e-06,80.0,0.0,0.0,23.983434277595524,7.946058290972906,15.831021955972883,7.151452461875615,8.15081687585798e-10,True,False,RELEASE,APPLIED,
0.03999999999999979,BRAKE_RELEASE,0.0,0.0,0.0,0,0.039865608929062615,0.00012332640447365904,-0.00012332640447365904,0.0,0.0031994474213201726,0.0,0.0,8.51559698460886e-06,0.0,0.00024802330505174325,3.973166938212393e-07,-0.00025693621873017333,8.771349201219306e-06,4.523274858062261e-06,0.02786467242625542,4.523274858062261e-06,80.0,0.0,0.0,23.9661139617979,16.242333065306664,26.524354027557106,14.618099758775998,1.9028054076776404e-09,True,False,RELEASE,APPLIED,
0.04999999999999973,BRAKE_RELEASE,0.0,0.0,0.0,0,0.036435075924139144,8.66806381989972e-05,-8.66806381989972e-05,0.0,0.0028785595607453652,0.0,0.0,5.470189939230825e-06,0.0,0.00020389157066200768,3.3187868939944606e-07,-0.000209693639290638,5.6865555766185345e-06,3.542879312358261e-06,0.0308001792657976,3.542879312358261e-06,80.0,0.0,0.0,23.94256365463906,27.5034670978834,39.13610633514071,24.753120388095063,9.780148379524845e-10,True,False,RELEASE,APPLIED,
0.05999999999999967,BRAKE_RELEASE,0.0,0.0,0.0,0,0.033262349909224116,5.6202853484699935e-05,-5.6202853484699935e-05,0.0,0.002587762273461877,0.0,0.0,3.2379632924202283e-06,0.0,0.00016733084061102096,2.7659598037091547e-07,-0.0001708453998838121,3.4204881359575936e-06,2.4825650714287556e-06,0.03281566007743669,2.4825650714287556e-06,80.0,0.0,0.0,23.91340202516328,41.41704373670967,53.318528287264016,37.275339363038704,1.2605815219793315e-10,True,False,RELEASE,APPLIED,
0.06999999999999962,BRAKE_RELEASE,0.0,0.0,0.0,0,0.03033296117619615,3.103420182999596e-05,-3.103420182999596e-05,0.0,0.0023244693394386877,0.0,0.0,1.6304820305441337e-06,0.0,0.00013709907259223955,2.300221334291558e-07,-0.00013895957675621285,1.7840422978097303e-06,1.4683443935613997e-06,0.034067781782405576,1.4683443935613997e-06,80.0,0.0,0.0,23.87939109609878,57.60134371858128,68.7869057802981,51.841209346723154,8.46667282290714e-10,True,False,RELEASE,APPLIED,
0.07999999999999956,BRAKE_RELEASE,0.0,0.0,0.0,0,0.02762568712107466,1.0471539716753843e-05,-1.0471539716753843e-05,0.0,0.002086290330622185,0.0,0.0,5.010536849614524e-07,0.0,0.00011214199672736519,1.9079464722787762e-07,-0.00011283384505955454,6.332207445276361e-07,5.752519889314578e-07,0.034691570944624536,5.752519889314578e-07,80.0,0.0,0.0,23.84130734737885,75.66880609823275,85.30813462176684,68.10192548840948,-3.321617573007196e-10,True,False,RELEASE,APPLIED,
0.0899999999999995,BRAKE_RELEASE,0.0,0.0,0.0,0,0.02526806874025068,6.3122921897578235e-06,-6.3122921897578235e-06,0.0,0.001873063404028663,0.0,0.0,2.7626112166401703e-07,0.0,9.065920368381112e-05,1.5961882446550844e-07,-9.109508362994065e-05,3.4459549313798745e-07,3.4097164202403386e-07,0.03526585009270871,3.4097164202403386e-07,80.0,0.0,0.0,23.799873929313744,95.25950504603647,102.69136524061864,85.73355454143282,-2.910549579127064e-11,False,True,RELEASE,MOVING,
0.09999999999999944,BRAKE_RELEASE,0.0,0.0,0.0,0,0.022285719059233447,3.240735027120472e-06,3.240735027120472e-06,0.0,0.0016795940304956615,0.0,0.0,-1.2509236457306196e-07,0.0,7.361608673462872e-05,1.2416331849677025e-07,-7.361515768855243e-05,0.0,0.0,0.03528076888847381,0.0,80.0,0.0,0.0,23.755729499621264,116.05647863468735,120.78034322382173,104.45083077121862,-2.030881712800081e-11,False,True,RELEASE,MOVING,
0.10999999999999938,BRAKE_RELEASE,0.0,0.0,0.0,0,0.02010061064981909,2.4458709715349475e-06,2.4458709715349475e-06,0.0,0.0015063982749603595,0.0,0.0,-8.515368004855197e-08,0.0,5.918214925787609e-05,1.0100863712390517e-07,-5.919800421495143e-05,0.0,0.0,0.03528076888847381,0.0,80.0,0.0,0.0,23.70941835856273,137.79043408308326,139.44713827812348,124.01139067477494,1.6857146512005983e-09,False,True,RELEASE,MOVING,
0.11999999999999932,BRAKE_RELEASE,0.0,0.0,0.0,0,0.018004446328740178,1.9651399793567558e-06,1.9651399793567558e-06,0.0,0.0013510426955036404,0.0,0.0,-6.128213525638735e-08,0.0,4.759004171841616e-05,8.104002190112143e-08,-4.760979960506089e-05,0.0,0.0,0.03528076888847381,0.0,80.0,0.0,0.0,23.66139239520697,160.23854810018014,158.58700993818644,144.21469329016216,-1.6626021392962542e-10,False,True,RELEASE,MOVING,
0.1300000000000008,BRAKE_RELEASE,0.0,0.0,0.0,0,0.016146231280726196,1.8316001128323265e-06,1.8316001128323265e-06,0.0,0.0012117017380677282,0.0,0.0,-5.122269896419118e-08,0.0,3.82837953823678e-05,6.517519614267528e-08,-3.829774787954628e-05,0.0,0.0,0.03528076888847381,0.0,80.0,0.0,0.0,23.612019059138582,183.2202674040465,178.11420396394846,164.89824066364184,-2.8697696996538014e-11,False,True,RELEASE,MOVING,
0.14000000000000387,BRAKE_RELEASE,0.0,0.0,0.0,0,0.014482473940006952,1.6409536309430939e-06,1.6409536309430939e-06,0.0,0.0010867342908022035,0.0,0.0,-4.116230556235822e-08,0.0,3.07941875871416e-05,5.2435512855745135e-08,-3.080546079443498e-05,0.0,0.0,0.03528076888847381,0.0,80.0,0.0,0.0,23.575836902790225,200.0,197.85166622264222,180.0,2.1548052925313144e-09,False,True,RELEASE,MOVING,
0.15000000000000693,BRAKE_RELEASE,0.0,0.0,0.0,0,0.012988617337297831,1.4684566142226061e-06,1.4684566142226061e-06,0.0,0.0009746551192585017,0.0,0.0,-3.3035787902780004e-08,0.0,2.4769728133253147e-05,4.2176045083688454e-08,-2.4778868390434057e-05,0.0,0.0,0.03528076888847381,0.0,80.0,0.0,0.0,23.575836902790225,200.0,216.3478166886693,180.0,3.4590857955763e-09,False,True,RELEASE,MOVING,
0.16000000000001,BRAKE_RELEASE,0.0,0.0,0.0,0,0.011649015603357026,1.3177430974068865e-06,1.3177430974068865e-06,0.0,0.0008741350107475476,0.0,0.0,-2.658768986884655e-08,0.0,1.9924019520750496e-05,3.392489113181387e-08,-1.9931356722013466e-05,0.0,0.0,0.03528076888847381,0.0,80.0,0.0,0.0,23.575836902790225,200.0,233.38218122698032,180.0,4.451428059493168e-09,False,True,RELEASE,MOVING,
0.17000000000001306,BRAKE_RELEASE,0.0,0.0,0.0,0,0.010447623675215142,1.1818635523976432e-06,1.1818635523976432e-06,0.0,0.000783981976440679,0.0,0.0,-2.1386784227596862e-08,0.0,1.6026255715065983e-05,2.7288210114728995e-08,-1.603215714095311e-05,0.0,0.0,0.03528076888847381,0.0,80.0,0.0,0.0,23.575836902790225,200.0,249.25476347469356,180.0,4.106183365548688e-09,False,True,RELEASE,MOVING,
0.18000000000001612,BRAKE_RELEASE,0.0,0.0,0.0,0,0.00937011640601818,1.0599299310385138e-06,1.0599299310385138e-06,0.0,0.000703126787732979,0.0,0.0,-1.7202151563891845e-08,0.0,1.2891015127716915e-05,2.194977036558277e-08,-1.2895762746518606e-05,0.0,0.0,0.03528076888847381,0.0,80.0,0.0,0.0,23.575836902790225,200.00000000000003,264.1751337135804,180.00000000000003,4.128341835052396e-09,False,True,RELEASE,MOVING,
0.19000000000001918,BRAKE_RELEASE,0.0,0.0,0.0,0,0.00840373813206166,9.506222656315227e-07,9.506222656315227e-07,0.0,0.0006306105177769845,0.0,0.0,-1.38369738600583e-08,0.0,1.0369127942477652e-05,1.7655703648066798e-08,-1.037294667226566e-05,0.0,0.0,0.03528076888847381,0.0,80.0,0.0,0.0,23.575836902790225,200.0,278.29653649579734,180.0,3.736004949850269e-09,False,True,RELEASE,MOVING,
0.20000000000002224,BRAKE_RELEASE,0.0,0.0,0.0,0,0.007537027171908021,8.525815503521611e-07,8.525815503521611e-07,0.0,0.0005655731417067379,0.0,0.0,-1.1130037785019484e-08,0.0,8.34060104089299e-06,1.4201694647519957e-08,-8.343672697755489e-06,0.0,0.0,0.03528076888847381,0.0,80.0,0.0,0.0,23.575836902790225,200.0,291.7350501411996,180.0,3.1904582309394414e-09,False,True,RELEASE,MOVING,
0.2100000000000253,BRAKE_RELEASE,0.0,0.0,0.0,0,0.0067597034059742045,7.646508264038755e-07,7.646508264038755e-07,0.0,0.0005072433305301736,0.0,0.0,-8.952646376831628e-09,0.0,6.70891773624475e-06,1.1423397534184817e-08,-6.711388487402104e-06,0.0,0.0,0.03528076888847381,0.0,80.0,0.0,0.0,23.575836902790225,200.0,304.58110166151744,180.0,2.3976740037845445e-09,False,True,RELEASE,MOVING,
0.22000000000002837,BRAKE_RELEASE,0.0,0.0,0.0,0,0.006062548182082971,6.857893672706758e-07,6.857893672706758e-07,0.0,0.0004549293058969717,0.0,0.0,-7.201228272872128e-09,0.0,5.396442961371795e-06,9.188622615019387e-09,-5.398430355713944e-06,0.0,0.0,0.03528076888847381,0.0,80.0,0.0,0.0,23.575836902790225,200.0,316.9067642930851,180.0,1.9684691654475728e-09,False,True,RELEASE,MOVING,
0.23000000000003143,BRAKE_RELEASE,0.0,0.0,0.0,0,0.005437293394515537,6.150611677159713e-07,6.150611677159713e-07,0.0,0.00040801063550596284,0.0,0.0,-5.7924421324668475e-09,0.0,4.340729463615647e-06,7.391039864510572e-09,-4.34232806134769e-06,0.0,0.0,0.03528076888847381,0.0,80.0,0.0,0.0,23.575836902790225,200.0,328.7705846784785,180.0,-1.3371787566107685e-09,False,True,RELEASE,MOVING,
0.2400000000000345,BRAKE_RELEASE,0.0,0.0,0.0,0,0.0048765236422925245,5.516274352991525e-07,5.516274352991525e-07,0.0,0.00036593087477521265,0.0,0.0,-4.659258639905461e-09,0.0,3.49154666192129e-06,5.94512070845949e-09,-3.492832523989844e-06,0.0,0.0,0.03528076888847381,0.0,80.0,0.0,0.0,23.575836902790225,200.0,340.22089086912774,180.0,-1.143676819914674e-09,False,True,RELEASE,MOVING,
0.2500000000000375,BRAKE_RELEASE,7.164131377948928e-06,0.041047449183371644,-0.06471586537383349,1.021142393726927,0.004373588419896278,4.95077059724424e-07,4.947319720660108e-07,-1.848163631978135e-08,0.00032819096753387264,-2.5774191503483482e-11,-1.107898164548224e-13,-3.7477319046155806e-09,-1.4000352109021347e-10,2.808490676188115e-06,4.782068916662705e-09,-2.8095249024103462e-06,0.0,0.0,0.03528076888847381,0.0,80.0,0.0,0.0,23.575836902790225,200.0,351.2981275994225,180.0,-1.8620212482095756e-09,False,True,RELEASE,MOVING,
0.2600000000000406,BRAKE_RELEASE,0.00028146342783968076,1.61266665024987,-0.7597246055685011,1.0707566328829166,0.003924219166837979,4.791409792927023e-07,4.378119361553113e-07,-1.9467097009443224e-07,0.0002943433450571894,-2.477480371020066e-10,-4.1839207057969905e-11,-2.9757845159449184e-09,-1.323168261692812e-09,2.259059155381028e-06,3.84987401734464e-09,-2.2598914056753697e-06,0.0,0.0,0.03528076888847381,0.0,80.0,0.0,0.0,23.575836902790225,200.0,362.03654714241895,180.0,-1.939239129954834e-09,False,True,RELEASE,MOVING,
0.27000000000004365,BRAKE_RELEASE,0.0009388696893200893,5.379327071079993,-1.2770530494762475,1.1404099089249842,0.003535781693870568,4.701911658965343e-07,3.662638624995911e-07,-2.9483981331228466e-07,0.0002639868161445859,-3.44789963332068e-10,-1.942277074525582e-10,-2.243056129462096e-09,-1.8056442859150997e-09,1.817077974355301e-06,3.1254380466775572e-09,-1.8177661285650639e-06,0.0,0.0,0.03528076888847381,0.0,80.0,0.0,0.0,23.575836902790225,200.0,372.46546062031337,180.0,-2.0387014125489156e-09,False,True,RELEASE,MOVING,
0.2800000000000467,BRAKE_RELEASE,0.0019602499721645913,11.23140501956682,-1.6285641601854282,1.229883584860585,0.003225494778440895,4.400653469980663e-07,2.756975460044536e-07,-3.4299908564841775e-07,0.00023676203657037548,-3.767339684261796e-10,-4.4309565067252473e-10,-1.5402452246441468e-09,-1.916240138455023e-09,1.4614797454911593e-06,2.60095414143737e-09,-1.46209735875728e-06,0.0,0.0,0.03528076888847381,0.0,80.0,0.0,0.0,23.575836902790225,200.0,382.61018184616614,180.0,-1.936845191174985e-09,False,True,RELEASE,MOVING,
0.2900000000000498,BRAKE_RELEASE,0.003327404964901078,19.064626121970758,-1.7418019284229431,1.3648448925386174,0.0030095476852059874,3.830964559400515e-07,1.7205168633860315e-07,-3.422880538112173e-07,0.00021234724696150956,-3.7056426588824783e-10,-7.398104268788873e-10,-8.968520185898858e-10,-1.7842413435904598e-09,1.1753318838418429e-06,2.26434431738218e-09,-1.1759595657137563e-06,0.0,0.0,0.03528076888847381,0.0,80.0,0.0,0.0,23.575836902790225,200.0,392.4927512852056,180.0,-3.86846817079789e-09,False,True,RELEASE,MOVING,
0.30000000000005284,BRAKE_RELEASE,0.0050230234538988115,28.77980443036275,-1.544229103517915,1.6212334764057863,0.0028941710809006946,2.9995177655854175e-07,6.933400488257823e-08,-2.9182848392089485e-07,0.00019045432988168225,-3.4233527734289853e-10,-1.0317348763142002e-09,-3.4756106052542425e-10,-1.4628928119015828e-09,9.450342855520868e-07,2.094056561380474e-09,-9.457490461766276e-07,0.0,0.0,0.03528076888847381,0.0,80.0,0.0,0.0,23.575836902790225,200.0,402.13249967972763,180.0,-3.585494567914793e-09,False,True,RELEASE,MOVING,
0.3100000000000559,BRAKE_RELEASE,0.007030639009764653,40.2825942539551,-1.0439026907991258,2.286281905040979,0.002870936444053876,1.9644625629879634e-07,-1.7186403954195918e-08,-1.9569302269865313e-07,0.00017082520877908893,-3.03451622798894e-10,-1.2800752900957758e-09,8.546124612289225e-11,-9.731046484159515e-10,7.596664120286667e-07,2.0605690164491786e-09,-7.605323670011434e-07,0.0,0.0,0.03528076888847381,0.0,80.0,0.0,0.0,23.575836902790225,200.0,411.5464927143809,180.0,-3.540718163108636e-09,False,True,RELEASE,MOVING,
0.32000000000005896,BRAKE_RELEASE,0.009334588786164767,53.48325409373872,-0.3278298127801736,6.4381116877048585,0.0029190541017888112,1.0000933319281449e-07,-7.808568059287432e-08,-6.248594411560886e-08,0.00015322860043969492,-2.610747154517857e-10,-1.4622150667244377e-09,3.9479729791333505e-10,-3.1592581004739576e-10,6.104577003352476e-07,2.1302192122925217e-09,-6.115205017787286e-07,0.0,0.0,0.03528076888847381,0.0,80.0,0.0,0.0,23.575836902790225,200.0,420.74988604189616,180.0,-3.2487962320359998e-09,False,True,RELEASE,MOVING,
0.330000000000062,BRAKE_RELEASE,0.011919974328049664,68.29642209015351,0.4984381843382662,-3.567361559643538,0.003012724079232983,1.490473731976444e-07,-1.1225266660308447e-07,9.80533441429442e-08,0.00013745710573735676,-2.1952281119647564e-10,-1.5700237643299697e-09,5.857558741730671e-10,5.116610950288521e-10,4.903611857111775e-07,2.269126594397557e-09,-4.916460444154195e-07,0.0,0.0,0.03528076888847381,0.0,80.0,0.0,0.0,23.575836902790225,200.0,429.7562118132456,180.0,-3.659736069749897e-09,False,True,RELEASE,MOVING,
0.3400000000000651,BRAKE_RELEASE,0.014772624291283542,84.64090242229858,1.3615217785751699,-1.0722132091263137,0.0031280858002716914,3.045482450412739e-07,-1.2414571329919308e-07,2.780961621942208e-07,0.0001233246186101269,-1.812337386997103e-10,-1.6063787584292846e-09,6.726219136970036e-10,1.5067259902568457e-09,3.9371140638694743e-07,2.4462301934653474e-09,-3.9522387973568173e-07,0.0,0.0,0.03528076888847381,0.0,80.0,0.0,0.0,23.575836902790225,200.0,438.57761220319503,180.0,-2.4700892442552913e-09,False,True,RELEASE,MOVING,
0.35000000000006815,BRAKE_RELEASE,0.017879058980458145,102.43946212457242,2.2277101449707297,-0.5328065660582665,0.00324666800297243,4.872683002605883e-07,-1.1997311472087359e-07,4.722677716963279e-07,0.00011066402805147486,-1.4739941927087855e-10,-1.5812177464975896e-09,6.746560858591522e-10,2.655747723740921e-09,3.1595042380701077e-07,2.6352132803812473e-09,-3.1767907542675193e-07,0.0,0.0,0.03528076888847381,0.0,80.0,0.0,0.0,23.575836902790225,200.0,447.22503144450957,180.0,-2.972606383266907e-09,False,True,RELEASE,MOVING,
0.3600000000000712,BRAKE_RELEASE,0.021226456616217772,121.61863781268207,3.0886320465836694,-0.31254048155076997,0.003355835080577434,6.84959157342608e-07,-1.0542603355843696e-07,6.767971621362124e-07,9.932518481595359e-05,-1.1841576883073204e-10,-1.5081283078569636e-09,6.127863806457093e-10,3.933867844765815e-09,2.5340873135503856e-07,2.8154072720085392e-09,-2.5532879669983696e-07,0.0,0.0,0.03528076888847381,0.0,80.0,0.0,0.0,23.575836902790225,200.0,455.7083750403325,180.0,-3.5475082871272434e-09,False,True,RELEASE,MOVING,
0.37000000000007427,BRAKE_RELEASE,0.024802621247745932,142.10855183573418,3.947176574760862,-0.20008609651439066,0.003447840128436525,8.926886927899524e-07,-8.49331658665689e-08,8.886391053576902e-07,8.917310475174715e-05,-9.419247179300681e-11,-1.401732121362564e-09,5.072067913312641e-10,5.306805470881092e-09,2.0313012211899493e-07,2.971900387814299e-09,-2.052074971767781e-07,0.0,0.0,0.03528076888847381,0.0,80.0,0.0,0.0,23.575836902790225,200.0,464.0366427614001,180.0,-2.6804474195785133e-09,False,True,RELEASE,MOVING,
0.38000000000007733,BRAKE_RELEASE,0.02859595223017903,163.84273739469725,4.809497121441046,-0.13555002569309385,0.0035185808849142247,1.106711216663519e-06,-6.167176492835714e-08,1.104991543180068e-06,8.008638167415938e-05,-7.436261005279146e-11,-1.2758817868686332e-09,3.7584999054459654e-10,6.734217214936947e-09,1.627316592274123e-07,3.0951028609209425e-09,-1.6492673029200924e-07,0.0,0.0,0.03528076888847381,0.0,96.18994242882091,0.0,0.0,23.575836902790225,200.0,472.2180405183765,180.0,-2.876133109452894e-09,False,True,RELEASE,MOVING,
0.3900000000000804,BRAKE_RELEASE,0.032595415190624574,186.75797218993998,5.681589802053316,-0.09569081129631456,0.0035665071232693197,1.323676931785528e-06,-3.781375173037183e-08,1.3231367049255428e-06,7.195578447587662e-05,-5.84219286793581e-11,-1.1425722129244406e-09,2.3358959387548887e-10,8.173507028583609e-09,1.3029163280479764e-07,3.1799932650827e-09,-1.3256264345083071e-07,0.0,0.0,0.03528076888847381,0.0,113.63179604106631,0.0,0.0,23.575836902790225,200.0,480.2600750711555,180.0,-3.289939876083281e-09,False,True,RELEASE,MOVING,
0.40000000000008346,BRAKE_RELEASE,0.03679051441018327,210.79412018187386,6.568206222302492,-0.06977010692365133,0.0035917814046599857,1.540523863993461e-06,-1.4786585765851366e-08,1.5404528984732809e-06,6.468301542259348e-05,-4.5818685509453133e-11,-1.0114158056947145e-09,9.198953672740304e-11,9.583385287508459e-09,1.0425981099954539e-07,3.2252234147153156e-09,-1.0656560814529432e-07,0.0,0.0,0.03528076888847381,0.0,131.36412444604986,0.0,0.0,23.575836902790225,200.0,488.1696346876794,180.0,-3.3413609656918197e-09,False,True,RELEASE,MOVING,
0.4100000000000865,BRAKE_RELEASE,0.04117126655291709,235.89398106902783,7.472731593251709,-0.05224342720963955,0.0035956691663056955,1.7545019268321854e-06,6.514796545583288e-09,1.7544898314563756e-06,5.8179608991023246e-05,-3.600918677706338e-11,-8.895262962913524e-10,-4.05733820763406e-11,1.0926755084776054e-08,8.338545142040483e-08,3.232209188380374e-09,-8.568756093041725e-08,0.0,0.0,0.03528076888847381,0.0,149.45463186503417,0.0,0.0,23.575836902790225,200.0,495.95305821894374,180.0,-3.939749859682706e-09,False,True,RELEASE,MOVING,
0.4200000000000896,BRAKE_RELEASE,0.04572817567607066,262.0031471071639,8.397384530892715,-0.04001885405824346,0.0035801060741560966,1.9632179766074582e-06,2.5570402052368734e-08,1.963051445635993e-06,5.236595302404472e-05,-2.848983817919885e-11,-7.81672995144738e-10,-1.5856016112158702e-10,1.2172735996584533e-08,6.665947160689832e-08,3.2042898755523448e-09,-6.892352832618395e-08,0.0,0.0,0.03528076888847381,0.0,167.9476906178543,0.0,0.0,23.575836902790225,200.0,503.6161945608592,180.0,-3.662078640331856e-09,False,True,RELEASE,MOVING,
0.43000000000009264,BRAKE_RELEASE,0.05045220945905921,289.06986691141026,9.343479005621681,-0.03127135241411301,0.0035473948652024636,2.164672148090083e-06,4.2121612202931836e-08,2.164262294293915e-06,4.717041629710716e-05,-2.2813435355674502e-11,-6.905929314271182e-10,-2.5880647990769935e-10,1.329780786368341e-08,5.3267921573519764e-08,3.1460025824162024e-09,-5.5464524744599765e-08,0.0,0.0,0.03528076888847381,0.0,186.86958011243362,0.0,0.0,23.575836902790225,200.0,511.16445408925927,180.0,-3.738023224286735e-09,False,True,RELEASE,MOVING,
0.4400000000000957,BRAKE_RELEASE,0.05533477659178358,317.0449159008501,10.311659381145864,-0.024875189601860494,0.003499995071061957,2.357277523161822e-06,5.6089940451526313e-08,2.3566101162016763e-06,4.252856874241304e-05,-1.859516848763814e-11,-6.173756963700183e-10,-3.4002671444502784e-10,1.4286169473338529e-08,4.255449293402938e-08,3.062491374364499e-09,-4.465958189757913e-08,0.0,0.0,0.03528076888847381,0.0,206.23318762291728,0.0,0.0,23.575836902790225,200.0,518.6028533539723,180.0,-4.7991335350161535e-09,False,True,RELEASE,MOVING,
0.45000000000009877,BRAKE_RELEASE,0.060367705265730105,345.88147306160107,11.302087119031937,-0.02011091526378483,0.0034403792255559692,2.5398626011262996e-06,6.751878395580261e-08,2.538964995113793e-06,3.838248252646968e-05,-1.5512183748986538e-11,-5.618609619520006e-10,-4.0233846601022427e-10,1.512946800191821e-08,3.399026728421801e-08,2.9590523039092733e-09,-3.598512016016519e-08,0.0,0.0,0.03528076888847381,0.0,226.04174238063874,0.0,0.0,23.575836902790225,200.0,525.9360540812868,180.0,-5.041786543813487e-09,False,True,RELEASE,MOVING,
0.4600000000001018,BRAKE_RELEASE,0.06554322271407242,375.5350037202343,12.314581434811394,-0.016504988302337608,0.0033709368493225274,2.7116588707734032e-06,7.653145374786613e-08,2.710578677705432e-06,3.468010390678349e-05,-1.3299362156982985e-11,-5.230098334861454e-10,-4.468391396664823e-10,1.5826076534943363e-08,2.7149276217410933e-08,2.8408038105301224e-09,-2.9020231054788257e-08,0.0,0.0,0.03528076888847381,0.0,246.29162869622786,0.0,0.0,23.575836902790225,200.0,533.168397346386,180.0,-5.636050737223286e-09,False,True,RELEASE,MOVING,
0.4700000000001049,BRAKE_RELEASE,0.07085393574961617,405.9631480344109,13.348722632252443,-0.01373781651473091,0.0032939129295194657,2.8722767901754534e-06,8.330081645518081e-08,2.871068604780893e-06,3.1374687303985895e-05,-1.1743122906144058e-11,-4.992278855350662e-10,-4.752498630448003e-10,1.6380091087684438e-08,2.168873692676293e-08,2.7124655968138782e-09,-2.342672477499723e-08,0.0,0.0,0.03528076888847381,0.0,266.97445264504887,0.0,0.0,23.575836902790225,200.0,540.3039336272909,180.0,-6.121085860399944e-09,False,True,RELEASE,MOVING,
0.48000000000010795,BRAKE_RELEASE,0.07629281225191856,437.1256149218911,14.403927123639129,-0.01158897192812255,0.003211371366608388,3.0216736492951133e-06,8.802732223025242e-08,3.020391172246638e-06,2.842428432575724e-05,-1.0674445901205901e-11,-4.88630098220378e-10,-4.896307097703907e-10,1.6800196075294196e-08,1.7333057280838193e-08,2.578226513568057e-09,-1.893302298641533e-08,0.0,0.0,0.03528076888847381,0.0,288.07854247278254,0.0,0.0,23.575836902790225,200.0,547.3464493312479,180.0,-5.815360637484446e-09,False,True,RELEASE,MOVING,
0.490000000000111,BRAKE_RELEASE,0.0818531635572932,468.98408116269366,15.479501614549156,-0.009903490092334584,0.0031251764636223344,3.1601165544821254e-06,9.092316911809823e-08,3.158808258699711e-06,2.5791281584123834e-05,-9.961872985811163e-12,-4.892464913067491e-10,-4.921638791728115e-10,1.709851670640145e-08,1.386088572577319e-08,2.4416819821947508e-09,-1.532115733748868e-08,0.0,0.0,0.03528076888847381,0.0,309.5900322909831,0.0,0.0,23.575836902790225,200.0,554.2994902867463,180.0,-5.335925479243997e-09,False,True,RELEASE,MOVING,
0.500000000000114,BRAKE_RELEASE,0.08752862770766498,501.5020954221041,16.57468216640063,-0.008570562394099562,0.0030369873628805473,3.288143350592141e-06,9.220100805255805e-08,3.2868504176730353e-06,2.3441982077285994e-05,-9.504942268861797e-12,-4.991727319404316e-10,-4.849972559872464e-10,1.7289544518897788e-08,1.1094624828849483e-08,2.3058230605740354e-09,-1.2416277901495469e-08,0.0,0.0,0.03528076888847381,0.0,331.4936433280126,0.0,0.0,23.575836902790225,200.0,561.1663826149486,180.0,-5.111720824402255e-09,False,True,RELEASE,MOVING,
0.5100000000001046,BRAKE_RELEASE,0.09331315351638823,534.6449869545382,17.688662338680054,-0.007509738380880441,0.002948261644986225,3.406523805746212e-06,9.206603369577244e-08,3.405279472312836e-06,2.1346225682022422e-05,-9.228300148772635e-12,-5.166730730866374e-10,-4.701387882476325e-10,1.7389192305687533e-08,8.891940977179029e-09,2.1730616818242207e-09,-1.007819079766917e-08,0.0,0.0,0.03528076888847381,0.0,353.77324677360104,0.0,0.0,23.575836902790225,200.0,567.9502513292102,180.0,-5.777641476356621e-09,False,True,RELEASE,MOVING,
0.5200000000000952,BRAKE_RELEASE,0.09920098541118556,568.3797787599784,18.82061344685605,-0.006661800840370877,0.002860265262083573,3.516222894336582e-06,9.0710608219559e-08,3.515052635198108e-06,1.947704494410949e-05,-9.076595198107632e-12,-5.402443126984272e-10,-4.4939166990785873e-10,1.7414009282379545e-08,7.1388931401006235e-09,2.0452793423705033e-09,-8.194536499864873e-09,0.0,0.0,0.03528076888847381,0.0,376.412268937121,0.0,0.0,23.575836902790225,199.99999999999994,574.6540369578208,179.99999999999997,-5.482858611571828e-09,False,True,RELEASE,MOVING,
0.5300000000000857,BRAKE_RELEASE,0.1051866490163053,602.6751049758205,19.96969911367412,-0.005982616538511445,0.002774086690809341,3.618367564851237e-06,8.831077602212373e-08,3.6172897369723986e-06,1.781035288258233e-05,-9.010167621344113e-12,-5.686496034986409e-10,-4.2432083518706414e-10,1.7380567485005447e-08,5.744375733156202e-09,1.9238892420313806e-09,-6.675294536501823e-09,0.0,0.0,0.03528076888847381,0.0,399.39398227348244,0.0,0.0,23.575836902790225,200.0,581.2805104408433,180.0,-5.623759236073056e-09,False,True,RELEASE,MOVING,
0.5400000000000763,BRAKE_RELEASE,0.1112649374378457,637.5011322975706,21.13508567364565,-0.00543892139268883,0.0026906537317970326,3.7142179914416884e-06,8.502417804959504e-08,3.7132446966360995e-06,1.6324659958155417e-05,-9.001493077977341e-12,-6.009303385010099e-10,-3.962423405175218e-10,1.730501609378827e-08,4.635628403340102e-09,1.809904376108325e-09,-5.448360100429949e-09,0.0,0.0,0.03528076888847381,0.0,422.70171347291307,0.0,0.0,23.575836902790225,200.0,587.8322865151672,180.0,-5.647246226203606e-09,False,True,RELEASE,MOVING,
0.5500000000000669,BRAKE_RELEASE,0.11743089821795409,672.8294852319109,22.315949550135716,-0.005005386723235727,0.002610751799776517,3.8051439916360597e-06,8.09889844997815e-08,3.804282006039208e-06,1.5000817714085938e-05,-9.032309511334874e-12,-6.364033313391745e-10,-3.662285242226681e-10,1.72027911376312e-08,3.754612031243933e-09,1.7040062400090808e-09,-4.455986415691151e-09,0.0,0.0,0.03528076888847381,0.0,446.3189910027143,0.0,0.0,23.58353186287795,196.43579163382503,594.302902698448,176.79221247044254,-5.532150737508346e-09,False,True,RELEASE,MOVING,
0.5600000000000575,BRAKE_RELEASE,0.1236798209252757,708.6331749952101,23.511482411674105,-0.0046625482638701825,0.0025350428738185045,3.892607049980232e-06,7.632354675188962e-08,3.891858728392773e-06,1.3821786894629572e-05,-9.091342303749571e-12,-6.746493528588782e-10,-3.351231888564051e-10,1.708846303850953e-08,3.0550877763860666e-09,1.6066105930244958e-09,-3.6519258276952797e-09,0.0,0.0,0.03528076888847381,0.0,470.2296482334821,0.0,0.0,24.0,0.0,600.0199120344416,0.0,-5.3241180353325035e-09,False,True,RELEASE,MOVING,
0.570000000000048,BRAKE_RELEASE,0.1300072253506251,744.8865318797021,24.720894691622487,-0.004395325185017321,0.0024640845339307382,3.978148217302067e-06,7.112653145838315e-08,3.977512319949029e-06,1.2772428095493246e-05,-9.172540805053284e-12,-7.154979476882197e-10,-3.035623181829277e-10,1.697570281704735e-08,2.500266412039019e-09,1.5179281475891662e-09,-2.9991342937570833e-09,0.0,0.0,0.03528076888847381,0.0,494.41789383244975,0.0,0.0,24.0,0.0,600.0199120344416,0.0,-5.032521954717595e-09,False,True,RELEASE,MOVING,
0.5800000000000386,BRAKE_RELEASE,0.13640885027836297,781.5651409182142,25.94341789669172,-0.004191948327002021,0.0023983487145496775,4.063382054368534e-06,6.547734706692863e-08,4.062854469063016e-06,1.1839313213958723e-05,-9.273743914585253e-12,-7.590124470987236e-10,-2.719969480407633e-10,1.687734866211575e-08,2.060919935837528e-09,1.4380191391455225e-09,-2.467929679843574e-09,0.0,0.0,0.03528076888847381,0.0,500.0,0.0,0.0,24.0,0.0,600.0199120344416,0.0,-5.2277222550856095e-09,False,True,RELEASE,MOVING,
0.5900000000000292,BRAKE_RELEASE,0.1428806428053977,818.6457806865537,27.17830601605322,-0.004043175959298928,0.002338239969939479,4.149996752949759e-06,5.9436709022868104e-08,4.149571101585569e-06,1.1010556153596812e-05,-9.395701048703504e-12,-8.054782832676635e-10,-2.4071572515936054e-10,1.680555725981035e-08,1.713867623477356e-09,1.3668415392556444e-09,-2.034515154305972e-09,0.0,0.0,0.03528076888847381,0.0,500.0,0.0,0.0,24.0,0.0,600.0199120344416,0.0,-5.308919526214595e-09,False,True,RELEASE,MOVING,
0.6000000000000197,BRAKE_RELEASE,0.1494187481811095,856.106365090562,28.42483626084285,-0.003941714016610262,0.0022841131808859004,4.239760593338093e-06,5.304721675273793e-08,4.2394287211388955e-06,1.0275661408255438e-05,-9.541385558346634e-12,-8.553971316248823e-10,-2.0986540313614114e-10,1.6772028243740542e-08,1.440765199899423e-09,1.304293255774177e-09,-1.6797959209124972e-09,0.0,0.0,0.03528076888847381,0.0,500.0,0.0,0.0,24.0,0.0,600.0199120344416,0.0,-5.318000262377609e-09,False,True,RELEASE,MOVING,
0.6100000000000103,BRAKE_RELEASE,0.15601950014278346,893.9258879922237,29.682309304385214,-0.003881783394075398,0.0022362907444047303,4.3345349832966726e-06,4.633383467590024e-08,4.3342873344053825e-06,9.625389309703376e-06,-9.715549252006108e-12,-9.094890827463519e-10,-1.7946804767915185e-10,1.6788295020847932e-08,1.2271393405231358e-09,1.250249073377566e-09,-1.388431283475106e-09,0.0,0.0,0.03528076888847381,0.0,500.0,0.0,0.0,24.0,0.0,600.0199120344416,0.0,-5.400071501071579e-09,False,True,RELEASE,MOVING,
0.6200000000000009,BRAKE_RELEASE,0.16267941172239403,932.0843705364226,30.95004915009402,-0.0038587941236395335,0.0021950793854395045,4.436294469719489e-06,3.930418177943004e-08,4.436120354922573e-06,9.051636879577591e-06,-9.924478448720188e-12,-9.687049894136266e-10,-1.4943406765305917e-10,1.6866080890699083e-08,1.0616208527718561e-09,1.2045933770953681e-09,-1.1480751728006956e-09,0.0,0.0,0.03528076888847381,0.0,500.0,0.0,0.0,24.0,0.0,600.0199120344416,0.0,-5.436081806919901e-09,False,True,RELEASE,MOVING,
0.6299999999999915,BRAKE_RELEASE,0.1693951665017456,970.5628110465883,32.22740272216239,-0.003869097999163574,0.0021607868180714617,4.5471543246387825e-06,3.1948540128521615e-08,4.547042087210632e-06,8.547333385329368e-06,-1.017592366811148e-11,-1.0342513704412787e-09,-1.1957036837141147e-10,1.701772585479454e-08,9.353390906917652e-10,1.1672499182878484e-09,-9.487672701668831e-10,0.0,0.0,0.03528076888847381,0.0,500.0,0.0,0.0,24.0,0.0,600.0199120344416,0.0,-5.088882204518086e-09,False,True,RELEASE,MOVING,
0.639999999999982,BRAKE_RELEASE,0.17616361029410735,1009.3431373639733,33.51373925056128,-0.0039097993191643836,0.002133738569782848,4.6694065894175015e-06,2.4239492073132055e-08,4.669343673828219e-06,8.106349867913226e-06,-1.0479186729264627e-11,-1.107630820304013e-09,-8.95829480100236e-11,1.7256697059140892e-08,8.414478118748302e-10,1.1382100710447389e-09,-7.824441146055987e-10,0.0,0.0,0.03528076888847381,0.0,500.0,0.0,0.0,24.0,0.0,600.0199120344416,0.0,-5.392529089931486e-09,False,True,RELEASE,MOVING,
0.6499999999999726,BRAKE_RELEASE,0.18298174323153832,1048.4081615113662,34.80844950443043,-0.00397860906150061,0.002114295372168853,4.805565828165795e-06,1.613108844624485e-08,4.805538754064974e-06,7.723422092702957e-06,-1.0845361039457175e-11,-1.1907018413851693e-09,-5.907312678283318e-11,1.7598204921180314e-08,7.747591309001983e-10,1.1175612301936574e-09,-6.425453929259181e-10,0.0,0.0,0.03528076888847381,0.0,500.0,0.0,0.0,24.0,0.0,600.0199120344416,0.0,-5.180229578627404e-09,False,True,RELEASE,MOVING,
0.6599999999999632,BRAKE_RELEASE,0.18984671223812066,1087.7415365678949,36.11094491478898,-0.004073731786525503,0.0021028716221508257,4.958426313553609e-06,7.55743486830906e-09,4.958420554180437e-06,7.394086582282561e-06,-1.128773386483731e-11,-1.285763497714955e-09,-2.7526297585566153e-11,1.805995845244991e-08,7.314677574879674e-10,1.1055172648118115e-09,-5.236952269992408e-10,0.0,0.0,0.03528076888847381,0.0,500.0,0.0,0.0,24.0,0.0,600.0199120344416,0.0,-5.0734314527289825e-09,False,True,RELEASE,MOVING,
0.6699999999999537,BRAKE_RELEASE,0.19675580387027744,1127.3277156470685,37.4206566177313,-0.004193777395217949,0.002099955537264927,5.131132974220913e-06,-1.569441047434542e-09,5.131132734201284e-06,7.1146296297943e-06,-1.1822374392243125e-11,-1.3956724663207073e-09,5.708417565296817e-12,1.866310829429666e-08,7.089526164989239e-10,1.1024533146224074e-09,-4.214418823659312e-10,0.0,0.0,0.03528076888847381,0.0,500.0,0.0,0.0,24.0,0.0,600.0199120344416,0.0,-5.178065975997015e-09,False,True,RELEASE,MOVING,
0.6799999999999443,BRAKE_RELEASE,0.2037064375062722,1167.1519128754856,38.73703444180855,-0.004337691904630805,0.002106131776761734,5.327269213668925e-06,-1.1362614436087046e-08,5.327257095907602e-06,6.8820494764697906e-06,-1.2468949881108186e-11,-1.524003215834883e-09,4.144999077340814e-11,1.9433446300144278e-08,7.056475250869018e-10,1.108947765271385e-09,-3.3204206529677526e-10,0.0,0.0,0.03528076888847381,0.0,500.0,0.0,0.0,24.0,0.0,600.0199120344416,0.0,-5.146787884768855e-09,False,True,RELEASE,MOVING,
0.6899999999999349,BRAKE_RELEASE,0.21069615886786283,1207.2000662746432,40.05954585771178,-0.0045047028761623625,0.002122107489371524,5.550965722655304e-06,-2.1964402832700544e-08,5.550922267434694e-06,6.694032182583619e-06,-1.3251836296917059e-11,-1.6752666034236885e-09,8.073231491910511e-11,2.0402958732792066e-08,7.20977181436626e-10,1.1258350491116783e-09,-2.5227794204364856e-10,0.0,0.0,0.03528076888847381,0.0,500.0,0.0,0.0,24.0,0.0,600.0199120344416,0.0,-4.990688751149719e-09,False,True,RELEASE,MOVING,
0.6999999999999255,BRAKE_RELEASE,0.217722633857907,1247.4588024530192,41.38767490412105,-0.004694276208951937,0.002148742994650149,5.807035729278008e-06,-3.3551912823119235e-08,5.806938800285164e-06,6.548942148359127e-06,-1.4201622642002824e-11,-1.8552088120037655e-09,1.2487122892829415e-10,2.1611870182356698e-08,7.553597096046601e-10,1.1542741142645231e-09,-1.7929624079372156e-10,0.0,0.0,0.03528076888847381,0.0,500.0,0.0,0.0,24.0,0.0,600.0199120344416,0.0,-5.091237653687131e-09,False,True,RELEASE,MOVING,
0.709999999999916,BRAKE_RELEASE,0.2247836426985139,1287.9154030201528,42.72092110034304,-0.004906081804035961,0.0021870886290202038,6.101143871762345e-06,-4.634438033227079e-08,6.100967852919309e-06,6.445828778653822e-06,-1.535715441901902e-11,-2.0712222670744046e-09,1.7555940068403285e-10,2.3111372990033397e-08,8.102829553080438e-10,1.1958391677973689e-09,-1.104592567149325e-10,0.0,0.0,0.03528076888847381,0.0,500.0,0.0,0.0,24.0,0.0,600.0199120344416,0.0,-5.269761516046856e-09,False,True,RELEASE,MOVING,
0.7199999999999066,BRAKE_RELEASE,0.23187707435507882,1328.5577726387191,44.05879835394907,-0.005139966192199416,0.0022384297185499414,6.440018188994772e-06,-6.061282025545218e-08,6.439732941714599e-06,6.3844514711018645e-06,-1.676832833504746e-11,-2.3329145496937047e-09,2.350003895821642e-10,2.496732116621661e-08,8.884694212011024e-10,1.2526419012218927e-09,-4.319716231139221e-11,0.0,0.0,0.03528076888847381,0.0,500.0,0.0,0.0,24.0,0.0,600.0199120344416,0.0,-5.332729813289916e-09,False,True,RELEASE,MOVING,
0.7299999999998972,BRAKE_RELEASE,0.23900092123226588,1369.3744086347458,45.40083386978844,-0.005395930657845797,0.00230434221721476,6.831717812397201e-06,-7.669267759400285e-08,6.831287323881835e-06,6.36532599459756e-06,-1.849994831432418e-11,-2.6529028139236697e-09,3.060987136615628e-10,2.726529217772782e-08,9.94155334805297e-10,1.3274982635095595e-09,2.515050194727851e-11,0.0,0.0,0.03528076888847381,0.0,500.0,0.0,0.0,24.0,0.0,600.0199120344416,0.0,-5.136115532877739e-09,False,True,RELEASE,MOVING,
0.7399999999998877,BRAKE_RELEASE,0.24615327412866603,1410.3543720899359,46.74656706540722,-0.005674113720896638,0.002386762325747897,7.28597310238862e-06,-9.500041439412515e-08,7.285353729915618e-06,6.389796486368166e-06,-2.063709898800281e-11,-3.047933690648563e-09,3.927311064123956e-10,3.011760579364768e-08,1.1335246541874454e-09,1.4241585999023777e-09,9.751933014640601e-11,0.0,0.0,0.03528076888847381,0.0,500.0,0.0,0.0,24.0,0.0,600.0199120344416,0.0,-5.3585935688715836e-09,False,True,RELEASE,MOVING,
0.7499999999998783,BRAKE_RELEASE,0.25333231743752543,1451.4872603438635,48.095548496931926,-0.005974777088053976,0.0024880744572216467,7.814620614678e-06,-1.1605530070745076e-07,7.813758795773522e-06,6.460138832392774e-06,-2.329271361611979e-11,-3.540478271868137e-09,5.001369960746425e-10,3.3673169845305414e-08,1.3153616635987794e-09,1.5476286261696985e-09,1.773509860250184e-10,0.0,0.0,0.03528076888847381,0.0,500.0,0.0,0.0,24.0,0.0,600.0199120344416,0.0,-5.334975128334918e-09,False,True,RELEASE,MOVING,
0.7599999999998689,BRAKE_RELEASE,0.2605363245815336,1492.7631808372396,49.44733879881599,-0.006298294373854629,0.0026112233464550497,8.432162987576452e-06,-1.4050814094760094e-07,8.43099223765398e-06,6.57970324852434e-06,-2.6618351195464167e-11,-4.161028432132022e-09,6.35486216234651e-10,3.813145145951717e-08,1.55202072561604e-09,1.7046218412679777e-09,2.6889964901336716e-10,0.0,0.0,0.03528076888847381,0.0,500.0,0.0,0.0,24.0,0.0,600.0199120344416,0.0,-5.416332271579449e-09,False,True,RELEASE,MOVING,
0.7699999999998595,BRAKE_RELEASE,0.26776365367026284,1534.1727262308714,50.80150764042329,-0.006645142036502839,0.0027598580599783452,9.156494439276287e-06,-1.691793134471924e-07,9.15493139113555e-06,6.753106646333126e-06,-3.0819720625419496e-11,-4.951440599855449e-09,8.087133872028802e-10,4.3762534698110126e-08,1.8608661121334339e-09,1.9042041278068593e-09,3.776569727122827e-10,0.0,0.0,0.03528076888847381,0.0,500.0,0.0,0.0,24.0,0.0,600.0199120344416,0.0,-5.20938669978932e-09,False,True,RELEASE,MOVING,
0.77999999999985,BRAKE_RELEASE,0.27501274336939485,1575.7069507380738,52.157632702197674,-0.00701589208417753,0.0029385183633643297,1.000984723995443e-05,-2.0310940923507385e-07,1.000778638536532e-05,6.986489128280271e-06,-3.617930984231523e-11,-5.969862751767876e-09,1.0337584663242248e-09,5.0936261121521535e-08,2.266420800553054e-09,2.158722542957345e-09,5.10960941933268e-10,0.0,0.0,0.03528076888847381,0.0,500.0,0.0,0.0,24.0,0.0,600.0199120344416,0.0,-5.2565525265890756e-09,False,True,RELEASE,MOVING,
0.7899999999998406,BRAKE_RELEASE,0.2822821089714105,1617.357347611381,53.51529867415053,-0.007411206191904854,0.0031528776468695463,1.1020034989431086e-05,-2.4362704082843097e-07,1.1017341650019874e-05,7.2878541096597e-06,-4.308977941695189e-11,-7.298084285358031e-09,1.3304336937074314e-09,6.016508880307397e-08,2.803601037581828e-09,2.485159364032412e-09,6.788901900363634e-10,0.0,0.0,0.03528076888847381,0.0,500.0,0.0,0.0,24.0,0.0,600.0199120344416,0.0,-5.242831946361548e-09,False,True,RELEASE,MOVING,
0.7999999999998312,BRAKE_RELEASE,0.28957033865791265,1659.115827727234,54.87409627947733,-0.00783183093485485,0.0034100618369103416,1.2222097274523078e-05,-2.924402222057851e-07,1.2218598139898892e-05,7.667518680609742e-06,-5.210387262748751e-11,-9.052641625278181e-09,1.7272690332703251e-09,7.216793243362637e-08,3.522637813445266e-09,2.9071304328880843e-09,8.956043456743903e-10,0.0,0.0,0.03528076888847381,0.0,500.0,0.0,0.0,24.0,0.0,600.0199120344416,0.0,-5.3085003060004965e-09,False,True,RELEASE,MOVING,
0.8099999999998218,BRAKE_RELEASE,0.29687608994424064,1700.9746992151208,56.23362132636943,-0.00827859389372616,0.003719071067576407,1.3660490942546722e-05,-3.5176034779137135e-07,1.3655961242223953e-05,8.138710724183293e-06,-6.401000283873315e-11,-1.1401823616049705e-08,2.2659065077214434e-09,8.796651368533296e-08,4.496656359143928e-09,3.4578724014209798e-09,1.1813883477633645e-09,0.0,0.0,0.03528076888847381,0.0,500.0,0.0,0.0,24.0,0.0,600.0199120344416,0.0,-5.4718185538149555e-09,False,True,RELEASE,MOVING,
0.8199999999998123,BRAKE_RELEASE,0.304198086297481,1742.926648080206,57.593473791422475,-0.008752400426651478,0.004091341287496135,1.5392031178712533e-05,-4.2447159586373305e-07,1.5386177162335144e-05,8.718363193588433e-06,-7.994830853104392e-11,-1.459207347471848e-08,3.007980178071541e-09,1.0903277479951512e-07,5.833503472617393e-09,4.184768382692632e-09,1.5658214413369647e-09,0.0,0.0,0.03528076888847381,0.0,500.0,0.0,0.0,24.0,0.0,600.0199120344416,0.0,-5.06707209524393e-09,False,True,RELEASE,MOVING,
0.8299999999998029,BRAKE_RELEASE,0.3115351139194213,1784.9647197710146,58.95325693850791,-0.00925423093126636,0.004541497812415414,1.7489868795642587e-05,-5.143641144109594e-07,1.748230362528344e-05,9.428175577387936e-06,-1.015913954947125e-10,-1.8989572181206942e-08,4.0460421083048475e-09,1.3751763514659406e-07,7.694461975352818e-09,5.156300595043499e-09,2.092767502505604e-09,0.0,0.0,0.03528076888847381,0.0,500.0,0.0,0.0,24.0,0.0,600.0199120344416,0.0,-5.286054260977835e-09,False,True,RELEASE,MOVING,
0.8399999999997935,BRAKE_RELEASE,0.3188860186864014,1827.0823016460702,60.312576477491326,-0.009785138443410215,0.005088374155450305,2.0048910584991905e-05,-6.264574711846963e-07,2.0039120905912946e-05,1.029604053465799e-05,-1.3143001165994293e-10,-2.5146715892487907e-08,5.521171766905356e-09,1.7661123646605825e-07,1.0324298203344079e-08,6.472887886463652e-09,2.8283580357745975e-09,0.0,0.0,0.03528076888847381,0.0,500.0,0.0,0.0,24.0,0.0,600.0199120344416,0.0,-5.251393986327457e-09,False,True,RELEASE,MOVING,
0.849999999999784,BRAKE_RELEASE,0.3262497032384089,1869.2731062956416,61.67103976779969,-0.010346246435778665,0.005756400353674527,2.3193265288908272e-05,-7.674528743032152e-07,2.318056450665947e-05,1.1357973814193166e-05,-1.7323155285731847e-10,-3.3910045626737335e-08,7.651795162871198e-09,2.3111898763259033e-07,1.4100245779377909e-08,8.284036257946055e-09,3.8739684265421235e-09,0.0,0.0,0.03528076888847381,0.0,500.0,0.0,0.0,24.0,0.0,600.0199120344416,0.0,-5.3650595077670005e-09,False,True,RELEASE,MOVING,
0.8599999999997746,BRAKE_RELEASE,0.3336251242101415,1911.5311556768972,63.028255072500244,-0.01093874669283797,0.006577510116515224,2.7086556190280773e-05,-9.463706155126336e-07,2.707001863514932e-05,1.2660743658323314e-05,-2.3278776455283865e-10,-4.659830811812518e-08,1.0781604564321444e-08,3.0839739916787025e-07,1.9613133860947658e-08,1.0815909833215032e-08,5.387659859640863e-09,0.0,0.0,0.03528076888847381,0.0,500.0,0.0,0.0,24.0,0.0,600.0199120344416,0.0,-5.325361485120084e-09,False,True,RELEASE,MOVING,
0.8699999999997652,BRAKE_RELEASE,0.3410112895971102,1953.850766022789,64.38383086926383,-0.011563897147938972,0.007593782546079876,3.194632465872172e-05,-1.1754561978718943e-06,3.1924692041229404e-05,1.4265480665586258e-05,-3.191543354102428e-10,-6.530113889925333e-08,1.5460560487154258e-08,4.1989963831131294e-07,2.780397998486916e-08,1.4416383339286844e-08,7.62021508794322e-09,0.0,0.0,0.03528076888847381,0.0,500.0,0.0,0.0,24.0,0.0,600.0199120344416,0.0,-5.02400610002951e-09,False,True,RELEASE,MOVING,
0.8799999999997558,BRAKE_RELEASE,0.3484072562501959,1996.22653348692,65.7373752253034,-0.012223019576104345,0.008861132837132914,3.8064322504593005e-05,-1.4714796142770132e-06,3.803586985305361e-05,1.6252673863810112e-05,-4.4674144331974365e-10,-9.338877631217058e-08,2.258416948093459e-08,5.837719549639788e-07,4.019791736153386e-08,1.9629918789328803e-08,1.0976770680374085e-08,0.0,0.0,0.03528076888847381,0.0,500.0,0.0,0.0,24.0,0.0,600.0199120344416,0.0,-5.410882408796169e-09,False,True,RELEASE,MOVING,
0.8899999999997463,BRAKE_RELEASE,0.3558121274923949,2038.6533204884993,67.08849524409081,-0.012917497041871864,0.010454514188110808,4.583535665209275e-05,-1.8576150484511591e-06,4.579769847662993e-05,1.87291440085495e-05,-6.389024532719701e-10,-1.3639754469528606e-07,3.363722841480537e-08,8.292932627861876e-07,5.9311945662909214e-08,2.7324216727352555e-08,1.6124153890218835e-08,0.0,0.0,0.03528076888847381,0.0,500.0,0.0,0.0,24.0,0.0,600.0199120344416,0.0,-5.2216506674085394e-09,False,True,RELEASE,MOVING,
0.8999999999997369,BRAKE_RELEASE,0.36322505085178514,2081.1262427231995,68.43679659235734,-0.013648771006136654,0.012475316649766673,5.579866815192502e-05,-2.3661853434862246e-06,5.5748475624441276e-05,2.183786265654164e-05,-9.342084674977096e-10,-2.0359675086781428e-07,5.1128254349756515e-08,1.2046064984656298e-06,8.937876175668574e-08,3.89083813779864e-08,2.418135338338504e-08,0.0,0.0,0.03528076888847381,0.0,500.0,0.0,0.0,24.0,0.0,600.0199120344416,0.0,-4.9882373787113465e-09,False,True,RELEASE,MOVING,
0.9099999999997275,BRAKE_RELEASE,0.3706452159050425,2123.6406568074112,69.78188311646493,-0.014418338000942336,0.01506198967574379,6.869785454670702e-05,-3.042707023235527e-06,6.863043897055641e-05,2.577190514472855e-05,-1.3976291187442985e-09,-3.108147278832929e-07,7.937854057747817e-08,1.7904399086315683e-06,1.3765617813921347e-07,5.671588324805314e-08,3.706412591854725e-08,0.0,0.0,0.03528076888847381,0.0,500.0,0.0,0.0,24.0,0.0,600.0199120344416,0.0,-4.9641073474049335e-09,False,True,RELEASE,MOVING,
0.919999999999718,BRAKE_RELEASE,0.3780718522261003,2166.192148524928,71.12335655775836,-0.015227745785493949,0.018405440486420895,8.556849055057998e-05,-3.951910165189934e-06,8.547718398000112e-05,3.07944659054018e-05,-2.1408508148148283e-09,-4.856372597380789e-07,1.2598356878776366e-07,2.7249406584654106e-06,2.1684254699522755e-07,8.469005987479538e-08,5.812108408028989e-08,0.0,0.0,0.03528076888847381,0.0,500.0,0.0,0.0,24.0,0.0,600.0199120344416,0.0,-5.31844079887378e-09,False,True,RELEASE,MOVING,
0.9299999999997086,BRAKE_RELEASE,0.38550422743479706,2208.7765216465273,72.46081637682732,-0.016078588902422333,0.022771577504102167,0.00010786753238180273,-5.1867867470530475e-06,0.00010774275746137119,3.7267851102113354e-05,-3.3599562532734714e-09,-7.771664037797429e-07,2.0457480096709826e-07,4.249539115104273e-06,3.4962307034615213e-07,1.29636185506333e-07,9.333234696015403e-08,0.0,0.0,0.03528076888847381,0.0,500.0,0.0,0.0,24.0,0.0,600.0199120344416,0.0,-5.1131081590938265e-09,False,True,RELEASE,MOVING,
0.9399999999996992,BRAKE_RELEASE,0.3929416453385434,2251.3897872824973,71.21059240725064,-0.053864652797196974,0.026019553022845768,0.00012624320957158305,-3.6050859080579374e-05,0.00012098629477129571,4.4462640063341516e-05,-1.0323538312028323e-08,-2.433928878026339e-06,1.6247108374659623e-06,5.452512070805738e-06,5.046303962034155e-07,1.692542848771706e-07,1.3533335947978634e-07,1.5355620399494308e-06,1.4932528071897148e-06,0.03553793759977322,1.4932528071897148e-06,500.0,0.0,0.0,24.0,0.0,600.0199120344416,0.0,-5.203105502005201e-09,False,True,RELEASE,MOVING,
0.9499999999996898,BRAKE_RELEASE,0.4003834441528266,2294.028153686886,71.18818412903767,-0.07416147860000083,0.028261070249349644,0.0001653503773733956,-0.00010041564102486163,0.00013136760002028833,4.981567773066213e-05,-2.6118652386974753e-08,-6.274485599596439e-06,4.9153064206938515e-06,6.430392728270241e-06,1.0062730449934782e-06,1.9967202290966893e-07,1.5323411099944206e-07,4.7879818209336584e-06,4.533483631968464e-06,0.03734418766298926,4.533483631968464e-06,500.0,0.0,0.0,24.0,0.0,600.0199120344416,0.0,-5.499799726749188e-09,False,True,RELEASE,MOVING,
0.9599999999996803,BRAKE_RELEASE,0.4078289948570269,2336.68801683702,72.20297806370948,-0.07875883585448264,0.03095459983797977,0.0001997855977427789,-0.00013644055911718006,0.0001459392301378583,5.434588910922951e-05,-3.773645762512447e-08,-9.23401294963158e-06,7.315252342517525e-06,7.824523016021163e-06,1.5362198406941138e-06,2.395468127823644e-07,1.429939536375792e-07,7.1526885162731186e-06,6.71130219566899e-06,0.04044756766817828,6.71130219566899e-06,500.0,0.0,0.0,24.0,0.0,600.0199120344416,0.0,-5.258812052488793e-09,False,True,RELEASE,MOVING,
0.9699999999996709,BRAKE_RELEASE,0.4152776995849681,2379.3659512120366,73.35287130119141,-0.08124190596539538,0.034031326063505646,0.00022852535838885672,-0.00016017123102686248,0.00016300004962605026,5.891945615941896e-05,-4.785301644049349e-08,-1.1923374351365876e-05,9.44113076576391e-06,9.607872609079564e-06,2.0371599161069155e-06,2.895327884101597e-07,1.5555088108488864e-07,9.238635589016048e-06,8.642123195662532e-06,0.0443008757732743,8.642123195662532e-06,500.0,0.0,0.0,24.0,0.0,600.0199120344416,0.0,-5.316948659128684e-09,False,True,RELEASE,MOVING,
0.9799999999996615,BRAKE_RELEASE,0.42272899009280235,2422.0587010145164,74.52159487117139,-0.0833811350037221,0.037503868556457105,0.00025767685921840165,-0.0001819150748843891,0.00018249457336169507,6.388804439817913e-05,-5.898934472539296e-08,-1.4961903673200925e-05,1.1816949642161477e-05,1.1854593055322186e-05,2.606449906097307e-06,3.516350391750031e-07,1.8686908576713936e-07,1.1565389480087003e-05,1.0803043373214345e-05,0.0487345500594244,1.0803043373214345e-05,500.0,0.0,0.0,24.0,0.0,600.0199120344416,0.0,-5.375881073632627e-09,False,True,RELEASE,MOVING,
0.989999999999652,BRAKE_RELEASE,0.4301823263157238,2464.763171901054,75.69151334730131,-0.08544232719626385,0.0414160365813195,0.00028984333731664485,-0.00020520495045364955,0.00020469511107050313,6.939364782501982e-05,-7.242509227951437e-08,-1.869359680825947e-05,1.472031137455806e-05,1.468373820975703e-05,3.3127813655599327e-06,4.2882202152629886e-07,2.3168204661518153e-07,1.4407287718964362e-05,1.3443722703051398e-05,0.053749780223796645,1.3443722703051398e-05,500.0,0.0,0.0,24.0,0.0,600.0199120344416,0.0,-5.369855671233381e-09,False,True,RELEASE,MOVING,
0.9999999999996426,BRAKE_RELEASE,0.4376371949944612,2507.4764231126464,76.86008833439469,-0.087463588038647,0.04582440922732173,0.0003261487991318924,-0.0002312625726458667,0.00022997969838311984,7.55234893124419e-05,-8.904416811005143e-08,-2.3381423977378896e-05,1.8355357801706967e-05,1.825353580847256e-05,4.211135832738057e-06,5.249691202582622e-07,2.899612226755993e-07,1.796492642506912e-05,1.674823882610575e-05,0.059404600009451886,1.674823882610575e-05,500.0,0.0,0.0,24.0,0.0,600.0199120344416,0.0,-5.23823473486118e-09,False,True,RELEASE,MOVING,
1.009999999999658,LOWERING,0.44509310836763266,2550.195659982434,78.02695428021715,-0.08945072614434843,0.05079476481226023,0.00036735181618712155,-0.00026071568275580064,0.00025879468623052034,8.235710804774596e-05,-1.0974623997789892e-07,-2.9308377050053907e-05,2.293753462181066e-05,2.276852705064638e-05,5.361458626234697e-06,6.450270330832077e-07,3.643567689253074e-07,2.2449368978978046e-05,2.0911324893102205e-05,0.06577955672852635,2.0911324893102205e-05,500.0,0.0,0.0,24.0,0.0,600.0199120344416,0.0,-5.2562683094947715e-09,False,True,RELEASE,RELEASED,
1.0199999999996736,LOWERING,0.45254960292738555,2592.9182268060435,79.19202401922841,-0.09140546198459899,0.056402223064788135,0.00041418725031598896,-0.0002940891791435575,0.0002916549897309974,8.997948940551847e-05,-1.3561185451498294e-07,-3.682265454780114e-05,2.8730017752096035e-05,2.84922180981323e-05,6.838238382562808e-06,7.953026916625296e-07,4.5909572147981835e-07,2.8118216563116395e-05,2.6170976950151194e-05,0.07296977200370483,2.6170976950151194e-05,500.0,0.0,0.0,24.0,0.0,600.0199120344416,0.0,-5.220584853304899e-09,False,True,RELEASE,RELEASED,
1.0299999999996892,LOWERING,0.46000623823548414,2635.6416000582717,80.35523136658924,-0.09332918974670953,0.06273230857003792,0.00046746425132980225,-0.0003319359140501935,0.0003291525106010816,9.848517114993559e-05,-1.6799636544063683e-07,-4.636762566214862e-05,3.60666778849897e-05,3.57642456642692e-05,8.737262794432279e-06,9.838356346316137e-07,5.79849348094964e-07,3.529820453904572e-05,3.282908649359493e-05,0.08108426958575221,3.282908649359493e-05,500.0,0.0,0.0,24.0,0.0,600.0199120344416,0.0,-5.09470510223764e-09,False,True,RELEASE,RELEASED,
1.0399999999997047,LOWERING,0.4674625957969602,2678.3633819395754,81.51650559643102,-0.0952233384485837,0.0698823403769692,0.0005281011531370486,-0.00037487487096470436,0.0003719672822492277,0.00010798020635734662,-2.0861679288645495e-07,-5.8512328517723426e-05,4.537476594286242e-05,4.502283209068569e-05,1.118268856044738e-05,1.2208853741406453e-06,7.339886402729271e-07,4.4407435302193e-05,4.127188552345165e-05,0.09024727255934269,4.127188552345165e-05,500.0,0.0,0.0,24.0,0.0,600.0199120344416,0.0,-5.131511215950013e-09,False,True,RELEASE,RELEASED,
1.0499999999997203,LOWERING,0.4749182779884881,2721.0812942361154,82.67577217953637,-0.09708935782181823,0.07796304238475045,0.0005971465065633921,-0.0004236078040030564,0.0004208804802893233,0.00011858374016860971,-2.596539935491341e-07,-7.398865649351326e-05,5.7202282462527664e-05,5.683399571245971e-05,1.4335776627309924e-05,1.519558994471599e-06,9.310384092041027e-07,5.598216954965845e-05,5.199463633458995e-05,0.10060015541002285,5.199463633458995e-05,500.0,0.0,0.0,24.0,0.0,600.0199120344416,0.0,-5.1767727882179315e-09,False,True,RELEASE,RELEASED,
1.0599999999997358,LOWERING,0.4823729070387674,2763.7931724777773,83.83295416315674,-0.09892869698108163,0.08710037435823291,0.0006757987039064096,-0.0004789319494816514,0.0004767893412895133,0.00013042963370268066,-3.23880937362706e-07,-9.373883357405364e-05,7.225276286875542e-05,7.192952412514108e-05,1.8406153471889507e-05,1.8966188033360797e-06,1.1832984300727463e-06,7.071086787915586e-05,6.563301630712674e-05,0.11230376370213538,6.563301630712674e-05,500.0,0.0,0.0,24.0,0.0,600.0199120344416,0.0,-5.345810905055259e-09,False,True,RELEASE,RELEASED,
1.0699999999997514,LOWERING,0.48982612405831916,2806.496960379316,84.98797270093753,-0.10074279578948643,0.09743760643275308,0.0007654273460971751,-0.0005417530250746531,0.0005407242198901644,0.00014366824751156559,-4.0482598727316935e-07,-0.00011897660655845938,9.142997043210872e-05,9.125634218594383e-05,2.36664584079256e-05,2.373521786836022e-06,1.5066559315891095e-06,8.947792608475112e-05,8.300344157585569e-05,0.12554106464482848,8.300344157585569e-05,500.0,0.0,0.0,24.0,0.0,600.0199120344416,0.0,-5.243521172815235e-09,False,True,RELEASE,RELEASED,
1.079999999999767,LOWERING,0.4972775881161928,2849.190704550275,86.14074722436028,-0.10253308155830755,0.1091376666326964,0.0008675973130674678,-0.0006130995751002945,0.0006138680710492506,0.0001584684242345748,-5.069812576794836e-07,-0.00015126625022338062,0.00011589542884229092,0.00011604069915593167,3.0471424792769435e-05,2.9777575695073937e-06,1.92163901881277e-06,0.00011341997455800749,0.00010515497378881314,0.14052015218284422,0.00010515497378881314,500.0,0.0,0.0,24.0,0.0,600.0199120344416,0.0,-5.314106488185644e-09,False,True,RELEASE,RELEASED,
1.0899999999997825,LOWERING,0.5047269753611715,2891.872549459861,87.2911955040711,-0.10430096749180542,0.12238579481140155,0.0009840960334617588,-0.0006941390244550859,0.0006975786821597322,0.0001750196955284123,-6.360685693792967e-07,-0.00019262457908707193,0.00014714249001180355,0.00014787162319927598,3.9282738623940495e-05,3.744570692904621e-06,2.4547797584232906e-06,0.0001439983586132744,0.00013343614446042817,0.15747764680272783,0.00013343614446042817,500.0,0.0,0.0,24.0,0.0,600.0199120344416,0.0,-5.132818614583812e-09,False,True,RELEASE,RELEASED,
1.099999999999798,LOWERING,0.5121739781851851,2934.54073264366,88.43923367519956,-0.10604785180183895,0.13739254009204457,0.0011169643830614658,-0.0007861956678010983,0.0007934140186300379,0.00019353473669041934,-7.993788502813968e-07,-0.00024565262749543345,0.0001870916592109127,0.00018880941636560417,5.070141416371899e-05,4.71917751823602e-06,3.1403766025655936e-06,0.00018309242087943584,0.00016958095858127185,0.17668253747165383,0.00016958095858127185,500.0,0.0,0.0,24.0,0.0,600.0199120344416,0.0,-5.279446213535266e-09,False,True,RELEASE,RELEASED,
1.1099999999998136,LOWERING,0.5196183044266641,2977.1935801391837,89.58477624502358,-0.10777511720527645,0.15439714278635322,0.0012685316633537144,-0.0008907708056193532,0.0009031610890573122,0.0002142520934746994,-1.006205102850842e-06,-0.00031370555366928696,0.00023821322099350199,0.000241526676383103,6.550994152921665e-05,5.959619425147387e-06,4.022771721421043e-06,0.00023311949999104298,0.00021581953273923322,0.19844051872287138,0.00021581953273923322,500.0,0.0,0.0,24.0,0.0,600.0199120344416,0.0,-5.029704652770306e-09,False,True,RELEASE,RELEASED,
1.1199999999998291,LOWERING,0.5270596766116709,3019.8295021378763,90.7277360874479,-0.10948413071360916,0.17367134595388578,0.0014414551547163865,-0.0010095652485328152,0.0010288687826993865,0.00023743920724714126,-1.2683944687376046e-06,-0.00040111174710532433,0.0003036848944178404,0.0003094915441056994,8.472712691095461e-05,7.540434101358572e-06,5.159291675170205e-06,0.0002971892088867601,0.00027502034551843456,0.223098881499596,0.00027502034551843456,500.0,0.0,0.0,24.0,0.0,600.0199120344416,0.0,-5.262535296424176e-09,False,True,RELEASE,RELEASED,
1.1299999999998447,LOWERING,0.5344978312306563,3062.4469888412373,91.86802442572126,-0.11117624366946809,0.19552368624398084,0.00163876478861758,-0.0011445044258155145,0.0011728851826592068,0.00026339576638085356,-1.6010517462960294e-06,-0.0005134552116499696,0.00038759438801699457,0.00039720572881408404,0.0001096794039560464,9.557377970608667e-06,6.624041706320034e-06,0.0003793016522935744,0.0003508730139049209,0.25105202229466944,0.0003508730139049209,500.0,0.0,0.0,24.0,0.0,600.0199120344416,0.0,-5.319407136994414e-09,False,True,RELEASE,RELEASED,
1.1399999999998602,LOWERING,0.5419325180487365,3105.0446065089914,93.00555080418911,-0.112852791996703,0.2203043184288175,0.0018639135372420705,-0.0012977663490826765,0.001337899913111167,0.00029245741354997116,-2.0234353094779223e-06,-0.0006579392354244569,0.0004951994417804824,0.0005105135378175833,0.00014209349828799462,1.213349817959646e-05,8.51279717638384e-06,0.00048460190188538536,0.00044812296582783304,0.28274764143339376,0.00044812296582783304,500.0,0.0,0.0,24.0,0.0,600.0199120344416,0.0,-5.488516308105318e-09,False,True,RELEASE,RELEASED,
1.1499999999998758,LOWERING,0.549363499447361,3147.620993687132,94.14022304969562,-0.11451509663605251,0.24841043307581315,0.002120834176440895,-0.0014718126967319283,0.0015269921380604479,0.0003249998402906752,-2.5600971725903135e-06,-0.0008438543649957054,0.0006332613820633313,0.0006570028604150059,0.0001842167438454701,1.542693581522826e-05,1.0949303271676116e-05,0.0006197064130347613,0.0005728724892089463,0.3186937080398363,0.0005728724892089463,500.0,0.0,0.0,24.0,0.0,600.0199120344416,0.0,-5.168232064534095e-09,False,True,RELEASE,RELEASED,
1.1599999999998913,LOWERING,0.5567905497952393,3190.1748576035916,95.2719472231644,-0.11616446414212094,0.2802923320991439,0.0024140031385659635,-0.0016694232982237482,0.0017436848925061158,0.0003614433018228659,-3.2423324807747645e-06,-0.001083180050753726,0.0008104725579786515,0.0008465251183698008,0.00023897316518048246,1.9640947858394196e-05,1.409337973619861e-05,0.0007931213173157955,0.0007329665674035993,0.35946627628147854,0.0007329665674035993,500.0,0.0,0.0,24.0,0.0,600.0199120344416,0.0,-5.040419637225568e-09,False,True,RELEASE,RELEASED,
1.169999999999907,LOWERING,0.5642134548463315,3232.7049707189835,96.40062756181011,-0.11780218742049124,0.3164602324420002,0.0027485122352780464,-0.0018937343092176012,0.0019920064943582034,0.0004022575866186662,-4.1100206376331044e-06,-0.0013913573660692174,0.0010380034991922047,0.0010918689604412825,0.0003101657615992041,2.5036769679311214e-05,1.8151335598497447e-05,0.0010157778799598938,0.0009384868639596575,0.40571824486840125,0.0009384868639596575,500.0,0.0,0.0,24.0,0.0,600.0199120344416,0.0,-5.285500037643942e-09,False,True,RELEASE,RELEASED,
1.1799999999999224,LOWERING,0.5716320111625849,3275.2101674191276,97.5261664123564,-0.11942954658650594,0.3574918738301103,0.0031301490963646385,-0.0021482803783118005,0.0022765598568087056,0.00044796747651211754,-5.213961410639223e-06,-0.0017882803483726842,0.0013302025112642718,0.0014096324060596374,0.00040273839190629445,3.195010996364087e-05,2.3389335238476914e-05,0.001301717141639445,0.0012023834473955403,0.4581891594415115,0.0012023834473955403,500.0,0.0,0.0,24.0,0.0,600.0199120344416,0.0,-4.935515107717947e-09,False,True,RELEASE,RELEASED,
1.189999999999938,LOWERING,0.5790460255589942,3317.689340835476,98.64846415555974,-0.12104780992967075,0.40404101234642503,0.003565487238388103,-0.0024370411129704486,0.002602600595711947,0.0004991587342072407,-6.6188356555058476e-06,-0.0022995662880892923,0.00170548904358618,0.001821350808237848,0.0005231144310411421,4.081228491448101e-05,3.015052854749012e-05,0.0016689641999629138,0.0015412816567722135,0.5177161653528404,0.0015412816567722135,500.0,0.0,0.0,24.0,0.0,600.0199120344416,0.0,-5.343594011719688e-09,False,True,RELEASE,RELEASED,
1.1999999999999535,LOWERING,0.5864553145683252,3360.1414397782096,99.76741912226869,-0.12265823496955137,0.4568468874344799,0.004061986745842247,-0.0027644921553528776,0.0029761249043664968,0.0005564846557898325,-8.406952949962703e-06,-0.0029581813420988916,0.002187492937835964,0.002354954127040536,0.000679634161886283,5.217726963964309e-05,3.887697273700138e-05,0.0021406431305735266,0.0019765112760458947,0.585246226333329,0.0019765112760458947,500.0,0.0,0.0,24.0,0.0,600.0199120344416,0.0,-5.0902428938570665e-09,False,True,RELEASE,RELEASED,
1.209999999999969,LOWERING,0.59385970392257,3402.565465765192,100.88292750115146,-0.12426206959096413,0.5167447557540171,0.004628106616468411,-0.0031356611772769237,0.0034039682481945945,0.0006206732262037401,-1.068298884228996e-05,-0.003806517954534261,0.002806505089975341,0.0030466474770621836,0.0008831189372086465,6.675628564981973e-05,5.013764170045277e-05,0.002746396688557513,0.0025354173640851326,0.6618497325509698,0.0025354173640851326,500.0,0.0,0.0,24.0,0.0,600.0199120344416,0.0,-5.142453574080719e-09,False,True,RELEASE,RELEASED,
1.2199999999999847,LOWERING,0.6012590280478597,3444.9604701280346,101.99488323815486,-0.12586055324761072,0.5846775909774081,0.00527342989028608,-0.003556189096416891,0.0038939160132555853,0.0006925349155275697,-1.3579964296273079e-05,-0.0048990456802210725,0.003601321736407211,0.0039433348447108305,0.001147597819483877,8.546197134778634e-05,6.466415298219709e-05,0.00352419125571239,0.003253027226067338,0.7487356294506553,0.003253027226067338,500.0,0.0,0.0,24.0,0.0,600.0199120344416,0.0,-4.97439600621874e-09,False,True,RELEASE,RELEASED,
1.2300000000000002,LOWERING,0.6086531295690614,3487.325551173647,103.10317792765662,-0.1274549182245911,0.6617090539976552,0.006008802747291808,-0.004032396801916248,0.004454827324123482,0.0007729711531864335,-1.7266781270120877e-05,-0.0063056882745861145,0.004621585223965315,0.0051057386333364235,0.001491242075533009,0.00010946471803561798,8.339625705217242e-05,0.004522607712057209,0.004174166768178652,0.8472682063742953,0.004174166768178652,500.0,0.0,0.0,24.0,0.0,600.0199120344416,0.0,-5.191594709685887e-09,False,True,RELEASE,RELEASED,
1.2400000000000158,LOWERING,0.616041858819695,3529.659851376263,104.2077006951641,-0.1290463909513044,0.7490378429625962,0.006846488819961614,-0.004571357655626957,0.005096773326939328,0.0008629835158500814,-2.1957703589037916e-05,-0.008116118720641682,0.005930749599523864,0.006612408970101385,0.0019375650523333762,0.0001402644225475148,0.00010753964623692706,0.005803743848584995,0.005356142634579673,0.9589856910921492,0.005356142634579673,500.0,0.0,0.0,24.0,0.0,600.0199120344416,0.0,-4.9626294185145525e-09,False,True,RELEASE,RELEASED,
1.2500000000000313,LOWERING,0.6234250733520648,3571.9625545707077,105.30833807130635,-0.1306361933569656,0.8480135368734384,0.007800340021639901,-0.0051809760038050625,0.005831191310632271,0.0009636836625899336,-2.792426416310544e-05,-0.010445211860511864,0.007609830669361174,0.008564868557965136,0.0025169601794363654,0.00017978173968014966,0.00013863927203418107,0.007446884592840069,0.006872135010716634,1.0856208028063012,0.006872135010716634,500.0,0.0,0.0,24.0,0.0,600.0199120344416,0.0,-5.137707148605841e-09,False,True,RELEASE,RELEASED,
1.2600000000000469,LOWERING,0.6308026374414967,3614.2328831118803,106.40497385671966,-0.13222554426157104,0.9601540499790019,0.008885985238266865,-0.0058700718918307535,0.0066710561112491885,0.0010763040477722622,-3.5510191432698195e-05,-0.013439953447079076,0.009762138516918312,0.011094203786972399,0.003268668846279944,0.00023047394992276992,0.00017867213395805596,0.009553133850840756,0.008815480879530916,1.2291234216504132,0.008815480879530916,500.0,0.0,0.0,24.0,0.0,600.0199120344416,0.0,-5.128811153554125e-09,False,True,RELEASE,RELEASED,
1.2700000000000624,LOWERING,0.6381744215774526,3656.4700949590574,107.49748897728368,-0.13381566079549415,1.087164816620565,0.010121038265999778,-0.006648472119838755,0.00763107030851889,0.0012022094380261163,-4.515008347310199e-05,-0.01728817704277234,0.012519237209530888,0.01436949386760354,0.00424329354979182,0.0002954818346244068,0.0002301644488252267,0.012251247528979384,0.01130507010608796,1.3916855369029146,0.01130507010608796,500.0,0.0,0.0,24.0,0.0,600.0199120344416,0.0,-4.991250079910969e-09,False,True,RELEASE,RELEASED,
1.280000000000078,LOWERING,0.6455403019327522,3698.6734806347563,108.58576132897632,-0.13540775984096362,1.2309598272658913,0.011525326398061732,-0.007527107708432665,0.008727874777258907,0.0013429092543119827,-5.739272179054151e-05,-0.022229588972045168,0.016048433159283476,0.018608570570674297,0.005506001029560682,0.0003788155240856184,0.00029633925911538503,0.015704962844369053,0.014492128466885672,1.5757686387095027,0.014492128466885672,500.0,0.0,0.0,24.0,0.0,600.0199120344416,0.0,-5.003442993256613e-09,False,True,RELEASE,RELEASED,
1.2900000000000935,LOWERING,0.6529001598003784,3740.8423599978696,109.66966561140129,-0.13700305948866714,1.393684635913762,0.013121141067182832,-0.008518117759292128,0.009980281195624897,0.0015000707534987363,-7.29301134082559e-05,-0.028569649619105998,0.02056216214239,0.024091726126610737,0.00714059633071082,0.000485589216095519,0.0003813019299096533,0.02012218613664963,0.018568724307182698,1.784133718688978,0.018568724307182698,500.0,0.0,0.0,24.0,0.0,600.0199120344416,0.0,-4.885720272795879e-09,False,True,RELEASE,RELEASED,
1.300000000000109,LOWERING,0.6602538809850982,3782.9760787579085,110.74907314880825,-0.13860278050210062,1.577741456520421,0.014933511931479423,-0.009634959593843837,0.011409528133653684,0.001675533055802787,-9.263358488548873e-05,-0.03669701035812388,0.026329727367138,0.031179141149562918,0.009254693307269685,0.0006223170259057951,0.0004902726578104102,0.025766482058637716,0.02377841079487357,2.0198740429462454,0.02377841079487357,500.0,0.0,0.0,24.0,0.0,600.0199120344416,0.0,-4.705441369878827e-09,False,True,RELEASE,RELEASED,
1.3100000000001246,LOWERING,0.6676013551344313,3825.0740046417345,111.82385169710625,-0.14020814778186202,1.7858164612357146,0.016990505747382187,-0.010892524932716302,0.013039562344725406,0.0018713220148317516,-0.00011759853153503846,-0.0471053634087665,0.033691939481674274,0.04033299424144174,0.011986261700117493,0.0007972851083051129,0.0006298771186696306,0.03297140347072436,0.030429505851782113,2.2864508562686217,0.030429505851782113,500.0,0.0,0.0,24.0,0.0,600.0199120344416,0.0,-4.7630521748942556e-09,False,True,RELEASE,RELEASED,
1.3200000000001402,LOWERING,0.6749424749902576,3867.135523105588,112.89386523505428,-0.14182039182078815,2.0209093856519686,0.019323551298775016,-0.012307261738022431,0.01489734685466505,0.002089665915695177,-0.0001491997559558962,-0.060420751531689,0.04307932651171233,0.05214544737662072,0.01551189756904582,0.0010210186862540547,0.0008085087646768144,0.04215831602664982,0.038911619097929256,2.5877321681297234,0.038911619097929256,500.0,0.0,0.0,24.0,0.0,600.0199120344416,0.0,-4.525674057731521e-09,False,True,RELEASE,RELEASED,
1.3300000000001557,LOWERING,0.6822771355383457,3909.1600324622436,113.95897373738434,-0.14344075013955085,2.286365535552863,0.02196779154203182,-0.013897301178414846,0.0170131973829317,0.0023330119736050137,-0.00018915971919251213,-0.077435610821943,0.05503472007750965,0.06737398460122199,0.0200572448041979,0.001306866840540983,0.0010367790996944903,0.05385850692607526,0.04971616203640585,2.9280347590284683,0.04971616203640585,500.0,0.0,0.0,24.0,0.0,600.0199120344416,0.0,-4.036905920656864e-09,False,True,RELEASE,RELEASED,
1.3400000000001713,LOWERING,0.689605233028413,3951.1469382663704,115.0190329271559,-0.14507046869037726,2.5859102753771195,0.024962463977108842,-0.015682588992461496,0.01942114853199939,0.0026040435905243645,-0.0002396324828180278,-0.09915108849294194,0.07024118664921372,0.08698592557861567,0.025910093284274287,0.0016717329880752431,0.0013280755713786785,0.0687405263572724,0.06346172686480309,3.312169529082328,0.06346172686480309,500.0,0.0,0.0,24.0,0.0,600.0199120344416,0.0,-3.7415759379655356e-09,False,True,RELEASE,RELEASED,
1.3500000000001868,LOWERING,0.6969266638316111,3993.095646768403,116.07389400408204,-0.14671080321413624,2.92368606034886,0.028351310060063733,-0.017685020318732286,0.022159351038509616,0.002905698310705664,-0.00030330664858893846,-0.1268294944314214,0.08955646189519958,0.11221435096688052,0.03343679691454289,0.0021369850448695604,0.0016992505768093635,0.08764389554149374,0.08092539341495143,3.7454902890898296,0.08092539341495143,500.0,0.0,0.0,24.0,0.0,600.0199120344416,0.0,-3.5445282264845446e-09,False,True,RELEASE,RELEASED,
1.3600000000002024,LOWERING,0.7042413230956333,4035.0055572088772,117.12340334494291,-0.14836302053293493,3.30429205154298,0.03218301422710714,-0.019928576831184285,0.025270501186675457,0.003241186397408231,-0.000383531211449342,-0.1620591166797334,0.11405526512401783,0.14462817576380818,0.04310279552485684,0.0027295864904725293,0.002171469540386245,0.11162052973133052,0.10308122544743936,4.233946066889908,0.10308122544743936,500.0,0.0,0.0,24.0,0.0,600.0199120344416,0.0,-2.7469582164485473e-09,False,True,RELEASE,RELEASED,
1.370000000000218,LOWERING,0.7115491031496793,4076.8760526795495,118.16740217146926,-0.15002839975661922,3.7328263256368373,0.03651167279942848,-0.022439464766820547,0.028802303234136416,0.0036140099327792853,-0.00048446893845296654,-0.2068340631960513,0.14508112195454242,0.18621970316609893,0.05549819200868333,0.0034834980943418536,0.002771251138483727,0.1419854704994843,0.13114744933307323,4.784136968199989,0.13114744933307323,500.0,0.0,0.0,24.0,0.0,600.0199120344416,0.0,-2.061511850115494e-09,False,True,RELEASE,RELEASED,
1.3800000000002335,LOWERING,0.7188498916021427,4118.70648922395,119.20572618026334,-0.151708233376761,4.214930658371149,0.04139729267675364,-0.025246252160902146,0.03280796538636531,0.004027982320976661,-0.000611282676473707,-0.2636522914328352,0.18430960877755387,0.23951369995872065,0.07136953398661952,0.004441410113719263,0.0035317385549423486,0.18037880125219366,0.16664407215019036,5.403373590670196,0.16664407215019036,500.0,0.0,0.0,24.0,0.0,600.0199120344416,0.0,-1.0593623755994486e-09,False,True,RELEASE,RELEASED,
1.390000000000249,LOWERING,0.7261435690630161,4160.496182787723,120.23820512839585,-0.15340382821609702,4.756837822482049,0.04690631930160861,-0.028380003316084455,0.03734672947131375,0.004487248051352388,-0.0007703608796118466,-0.3356355591527224,0.2338252537157426,0.30770287081446207,0.09165918173999534,0.005656876517348941,0.00449424717963548,0.22884093451296839,0.2114629939318459,6.099739942167337,0.2114629939318459,500.0,0.0,0.0,24.0,0.0,600.0199120344416,0.0,9.950440471584443e-11,False,True,RELEASE,RELEASED,
1.4000000000002646,LOWERING,0.7334300064102734,4202.244393556158,121.26466236729689,-0.1551165061942603,5.365421296834395,0.053112192882094865,-0.031874408229904345,0.04248443400515365,0.004996302554262398,-0.0009695896348331084,-0.42667567925458877,0.2962146860704976,0.39481558970285946,0.11755391534913551,0.007196936423131021,0.005710141411824687,0.2899038095714071,0.26795300085176893,6.882159758911804,0.26795300085176893,500.0,0.0,0.0,24.0,0.0,600.0199120344416,0.0,1.8307275695406133e-09,False,True,RELEASE,RELEASED,
1.4100000000002801,LOWERING,0.7407090615049222,4243.950307132815,122.28491431643728,-0.1568476048622875,6.04824723355965,0.06009593129633326,-0.03576590439591454,0.048294109797323195,0.005560011957310258,-0.001218679550251582,-0.541612191565254,0.3746790187211298,0.5059228886978315,0.15054474802103474,0.009145323649565492,0.0072431011735237805,0.3667009236685929,0.3390223919730659,7.76046605577642,0.3390223919730659,500.0,0.0,0.0,24.0,0.0,600.0199120344416,0.0,4.0422492020297796e-09,False,True,RELEASE,RELEASED,
1.4200000000002957,LOWERING,0.7479805752426345,4285.613011917047,123.29876986708373,-0.15859847764822088,6.8136284742069,0.06794673746582956,-0.04009378808514759,0.054856606614277964,0.006183632525220221,-0.0015295570490737754,-0.6864473768595774,0.4731688728910144,0.6473930242555209,0.19250027341297155,0.011606383246130765,0.009171847309460746,0.4630995363405521,0.42826238963325586,8.745473669738885,0.42826238963325586,500.0,0.0,0.0,24.0,0.0,600.0199120344416,0.0,7.019593795121182e-09,False,True,RELEASE,RELEASED,
1.4300000000003112,LOWERING,0.7552443668108754,4327.231471929338,124.30602970514661,-0.16037049374395138,7.670680344475289,0.07676262827917808,-0.04490031191649446,0.06226124870357787,0.006872829542897783,-0.0019168308728672939,-0.868605431317318,0.5965459071528435,0.8272034536735677,0.24575628579322942,0.01470983423677989,0.011593404134465302,0.5838588300193437,0.540094908418319,9.849054478310553,0.540094908418319,500.0,0.0,0.0,24.0,0.0,600.0199120344416,0.0,1.0568726338533452e-08,False,True,RELEASE,RELEASED,
1.4400000000003268,LOWERING,0.7625002279989749,4368.804494210426,125.30648554081883,-0.16216503754901543,8.629377890476306,0.08665108137562208,-0.05023076524955232,0.07060651617244013,0.007633695379616821,-0.0023983459235978827,-1.0972435881382785,0.7507751848364097,1.0553217727554158,0.31322487579510083,0.018616540694160324,0.014626986812607323,0.7348182729967115,0.6799487033380083,11.084214888187882,0.6799487033380083,500.0,0.0,0.0,24.0,0.0,600.0199120344416,0.0,1.536847094030236e-08,False,True,RELEASE,RELEASED,
1.4500000000003423,LOWERING,0.7697479163846417,4410.330689782895,126.29991923139421,-0.1639835075699783,9.700614148445295,0.09772969526720657,-0.05613353369709801,0.08000074831961149,0.008472766453952098,-0.0029958379407197065,-1.3836240076170299,0.9431531952840462,1.3441690988119126,0.3985267228458965,0.023525478714254262,0.01841861077283302,0.9231209027846221,0.8544683747075106,12.465175096201142,0.8544683747075106,500.0,0.0,0.0,24.0,0.0,600.0199120344416,0.0,2.141729282811866e-08,False,True,RELEASE,RELEASED,
1.460000000000358,LOWERING,0.776987147193876,4451.808427011916,127.28610178240423,-0.16582731465379943,10.89625896551941,0.11012685739971413,-0.06266013387547675,0.09056286404174893,0.009397038805606469,-0.003735703885512122,-1.7415563428590848,1.1825768202717561,1.709181534881934,0.5061508780617417,0.029682114860915532,0.023146529664671123,1.1574767146733844,1.0717611625411942,14.00744952612609,1.0717611625411942,500.0,0.0,0.0,24.0,0.0,600.0199120344416,0.0,2.9515319965867093e-08,False,True,RELEASE,RELEASED,
1.4700000000003735,LOWERING,0.7842175836021693,4493.235776035209,128.26479221107903,-0.16769787940999253,12.22921781320242,0.12398241384225363,-0.0698652194125804,0.10242309338515335,0.010413981973514064,-0.004649904249545147,-2.187922004735852,1.479858989176299,2.169487718204599,0.6416469564442087,0.037388442080686854,0.02902761703465795,1.4484717840763963,1.341686900608527,15.72792774287915,1.341686900608527,500.0,0.0,0.0,24.0,0.0,600.0199120344416,0.0,3.962765049436712e-08,False,True,RELEASE,RELEASED,
1.480000000000389,LOWERING,0.7914388252133583,4534.6104427517475,129.23573625522076,-0.1695966286488507,13.71348995954386,0.1394483333749857,-0.07780655424156416,0.11572371320570252,0.01153155088170995,-0.005777014769270791,-2.7432922693391366,1.8480971731009075,2.7487230262402567,0.8118553300423086,0.047014951717627575,0.036324814478294165,1.8089291505034963,1.676196899728479,17.6449550424787,1.676196899728479,500.0,0.0,0.0,24.0,0.0,600.0199120344416,0.0,5.3027576996100834e-08,False,True,RELEASE,RELEASED,
1.4900000000004046,LOWERING,0.7986503944187765,4575.929690665445,130.1986649099811,-0.17152499063110643,15.364225293577915,0.15668935784253818,-0.08654494935539461,0.13061977875566608,0.012758195447967606,-0.00716344615898017,-3.432653460160309,2.3031012036834206,3.4760037635666485,1.0251816268190743,0.059014854717954854,0.045355774939857874,2.254327820752353,2.0897278680865585,19.778411815123988,2.0897278680865585,500.0,0.0,0.0,24.0,0.0,600.0199120344416,0.0,7.00312057233532e-08,False,True,RELEASE,RELEASED,
1.50000000000042,LOWERING,0.8058517203036561,4617.190248675636,131.15329277486254,-0.17348438888771578,17.197779029603506,0.17588362979353048,-0.09614415951885576,0.1472798418649358,0.014102867658005822,-0.008864851409858487,-4.286253455322452,2.8638871385875557,4.387087546461695,1.291922582361455,0.07394090088776754,0.05650283348567431,2.803286481603597,2.599657227416426,22.149790683894597,2.599657227416426,500.0,0.0,0.0,24.0,0.0,600.0199120344416,0.0,9.16459725885943e-08,False,True,RELEASE,RELEASED,
1.5100000000004357,LOWERING,0.8130421197305986,4658.388202693345,132.09931619366068,-0.17547623432661313,19.23176346364304,0.19722328767967928,-0.1066707369718211,0.16588664526437955,0.01557502589341055,-0.010947740883189389,-5.340584672357782,3.5532440035301347,5.525749088122422,1.6246510487073056,0.09246518148037886,0.07022443863996308,3.478118619324646,3.2268263205653325,24.782270337983416,3.2268263205653325,500.0,0.0,0.0,24.0,0.0,600.0199120344416,0.0,1.19539777188038e-07,False,True,RELEASE,RELEASED,
1.5200000000004512,LOWERING,0.8202207751918041,4699.518868743907,133.03641117116217,-0.17750191529585418,21.48509591498179,0.22091501829666346,-0.11819383995627322,0.1866377815593778,0.01718463636791536,-0.01349132579610995,-6.6395194217102915,4.398380192296215,6.945403600124805,2.038668718139501,0.11540233661899182,0.0870681746555837,4.305465697319576,3.9961380018710524,27.700784913246792,3.9961380018710524,500.0,0.0,0.0,24.0,0.0,600.0199120344416,0.0,1.5481634818570456e-07,False,True,RELEASE,RELEASED,
1.5300000000004668,LOWERING,0.8273867089833156,4740.576644996285,133.9642310523542,-0.1795627852192957,23.97804196812653,0.24718055577999426,-0.13078499501005952,0.20974630446309553,0.018942171618274686,-0.016589610718368973,-8.235614049351385,5.431656078647196,8.711012983738154,2.552535848128357,0.14373662415630933,0.10768549841952346,5.317014821794987,4.937234934543757,30.932087731636333,4.937234934543757,500.0,0.0,0.0,24.0,0.0,600.0199120344416,0.0,2.000385279643524e-07,False,True,RELEASE,RELEASED,
1.5400000000004823,LOWERING,0.8345387532164327,4781.554839941135,134.8824039527845,-0.18166014736187408,26.732253141937147,0.2762571164013285,-0.14451781344682965,0.23544127921612323,0.02085860611685971,-0.02035375535446776,-10.191598570073888,6.6914089743171745,10.90131279387997,3.1886879524331397,0.17865333951115217,0.13284830381241441,6.550306915465201,6.085264574938588,34.50480820356797,6.085264574938588,500.0,0.0,0.0,24.0,0.0,600.0199120344416,0.0,2.5706737005748437e-07,False,True,RELEASE,RELEASED,
1.5500000000004979,LOWERING,0.8416755151443649,4822.445473727152,135.7905299326487,-0.18379523621641253,29.770798161279313,0.30839775873552233,-0.1594676643406468,0.2639682587411453,0.022945409227717397,-0.02491472520579001,-12.582068503358158,8.222875958817237,13.611400516011399,3.97415002738549,0.22157510578990797,0.16346741136552723,8.049640824243248,7.481736302635299,38.44950073371897,7.481736302635299,500.0,0.0,0.0,24.0,0.0,600.0199120344416,0.0,3.2933553484326694e-07,False,True,RELEASE,RELEASED,
1.5600000000005134,LOWERING,0.8487953372467197,4863.23904946204,136.68817791217052,-0.18596919493333514,33.118187101624656,0.3438716595906502,-0.17571130871284285,0.2955896721132997,0.025214535920661946,-0.030426249782429162,-15.495395367137936,10.079219337666894,16.955727898242138,4.94135938759892,0.2742035792245545,0.2006130626475695,9.867078028879519,9.175475479936372,42.79868456283068,9.175475479936372,500.0,0.0,0.0,24.0,0.0,600.0199120344416,0.0,4.201193064545805e-07,False,True,RELEASE,RELEASED,
1.570000000000529,LOWERING,0.8558962514807504,4903.924291091473,137.57488233182065,-0.1881830481389675,36.800387828965654,0.3829642975291881,-0.19332650253370237,0.3305851124901283,0.027678415893497114,-0.037068106041470636,-19.035871806231402,12.322658619080105,21.071541834032217,6.129108572669285,0.33856713609057093,0.2455374783914479,12.06355178414928,11.223678448365778,47.586873639005624,11.223678448365778,500.0,0.0,0.0,24.0,0.0,600.0199120344416,0.0,5.346400939743035e-07,False,True,RELEASE,RELEASED,
1.5800000000005445,LOWERING,0.8629759270764783,4944.48784428717,138.45013956768858,-0.1904376694084876,40.84483437757033,0.4259775379868661,-0.21239157965380215,0.36925151287640595,0.03034994203500877,-0.04504974395993845,-23.326106735031516,15.025712045352527,26.122819529076068,7.583620046459927,0.4170751238327878,0.29969951938628014,14.7100836701071,13.693071689100954,52.850595856274055,13.693071689100954,500.0,0.0,0.0,24.0,0.0,600.0199120344416,0.0,6.779297905268322e-07,False,True,RELEASE,RELEASED,
1.59000000000056,LOWERING,0.8700316112218406,4984.9139365978335,139.31340411949915,-0.19273374257701567,45.280427208647474,0.4732296170537167,-0.23298502991247194,0.4119032001496128,0.03324245949495984,-0.05461427104757539,-28.509685341136997,18.272550045683438,32.30474439297037,9.359764550031112,0.5125792720494058,0.3647914733730424,17.88910988060106,16.661177740566142,58.628401341631154,16.661177740566142,500.0,0.0,0.0,24.0,0.0,600.0199120344416,0.0,8.573148306822986e-07,False,True,RELEASE,RELEASED,
1.6000000000005756,LOWERING,0.8770600619522322,5025.1839929345415,140.1640845957158,-0.19507171598891868,50.13752568667331,0.525055025062817,-0.2551850924652356,0.4588718208031788,0.03636975701565405,-0.0660428137941239,-34.75410861466442,22.160462740045343,39.84876933495215,11.522435019138282,0.6284428704954564,0.4427679849853341,21.69591933616311,20.217690201144666,64.9608599310298,20.217690201144666,500.0,0.0,0.0,24.0,0.0,600.0199120344416,0.0,1.0809328045979782e-06,False,True,RELEASE,RELEASED,
1.6100000000005912,LOWERING,0.8840574725229313,5065.27620225667,141.0015395260388,-0.19745174870265958,55.447933609958056,0.5818042963807405,-0.27906938984405044,0.5105061360445708,0.03974606262606697,-0.07965927738134476,-42.254027654852855,26.801444160342417,49.02831409190623,14.148088002598017,0.7686183354035793,0.5358771565088318,26.24020622529913,24.465960555159374,71.89054856725971,24.465960555159374,500.0,0.0,0.0,24.0,0.0,600.0199120344416,0.0,1.3586965224021696e-06,False,True,RELEASE,RELEASED,
1.6200000000006067,LOWERING,0.8910193864978738,5105.165031066405,141.82507303505895,-0.19987364758943013,61.244879250927006,0.6438437183498977,-0.3047146344116738,0.5671716893798404,0.0433860463073381,-0.09583553159515844,-51.234789939969396,32.32389761717404,60.16514321430715,17.32646462967082,0.9377338086151576,0.6466938845093821,31.647741291870368,29.52460105471664,79.46203009571175,29.52460105471664,500.0,0.0,0.0,24.0,0.0,600.0199120344416,0.0,1.702949646187335e-06,False,True,RELEASE,RELEASED,
1.6300000000006223,LOWERING,0.8979406027266768,5144.820678967192,142.6339304102997,-0.2023367941900029,67.56299211200951,0.7115549803264869,-0.3321964456741702,0.6292503567808883,0.04730483281119592,-0.114997062187573,-61.95631879950385,38.874470207183634,73.63647193122371,21.16250354316669,1.1411894757818648,0.7781555733716559,38.06216966318562,35.52921099561701,87.72182584485094,35.52921099561701,500.0,0.0,0.0,24.0,0.0,600.0199120344416,0.0,2.1284748186189972e-06,False,True,RELEASE,RELEASED,
1.6400000000006378,LOWERING,0.9048150692930582,5184.208471032936,143.42729359114634,-0.2048400601285449,74.43827949667256,0.7853347933008119,-0.36158932433844526,0.697139798098843,0.05151802845559539,-0.13762914476696933,-74.71735449544181,46.62003055077441,89.88284912722794,25.778459084560282,1.3852643636061859,0.9336004965009437,45.64694896162241,42.63423910375093,96.71838547317722,42.63423910375093,500.0,0.0,0.0,24.0,0.0,600.0199120344416,0.0,2.652767136623879e-06,False,True,RELEASE,RELEASED,
1.6500000000006534,LOWERING,0.9116357653877731,5223.288180989789,144.2042765896738,-0.2073817098255228,81.90810704281854,0.8655945217691428,-0.3929668370047435,0.7712528386536011,0.05604176644220287,-0.16428362486730586,-89.8600968579505,55.74981335825927,109.41687124210658,31.316239722444635,1.6772344998344555,1.1168092774121021,54.58745072841743,51.015003211834625,106.5020588588851,51.015003211834625,500.0,0.0,0.0,24.0,0.0,600.0199120344416,0.0,3.2967220704449574e-06,False,True,RELEASE,RELEASED,
1.660000000000669,LOWERING,0.9183945698687919,5262.013278121438,144.96392082691523,-0.20995928920461132,90.01118857768672,0.9527598824121323,-0.42640207394040164,0.85201682194268,0.06089277605124038,-0.19558642588493869,-107.77530688366355,66.4777684112594,132.8327895973586,37.9399846976005,2.025503517291971,1.3320502575116393,65.09326185602443,60.86990093768671,117.1250763167589,60.86990093768671,500.0,0.0,0.0,24.0,0.0,600.0199120344416,0.0,4.0846359752322314e-06,False,True,RELEASE,RELEASED,
1.6700000000006845,LOWERING,0.9250821149961724,5300.330089231656,145.70519032493343,-0.2125694990483923,98.78759203995105,1.0472707787648772,-0.461968451507396,0.9398729881567248,0.06608848199197685,-0.2322459593936173,-128.9079499890976,79.0451712907257,160.81708847857354,45.83890168309992,2.4397470852629506,1.584129930009027,77.40074202340162,72.42286285201759,128.64154516325905,72.42286285201759,500.0,0.0,0.0,24.0,0.0,600.0199120344416,0.0,5.046366936767299e-06,False,True,RELEASE,RELEASED,
1.6800000000007,LOWERING,0.9316876234374533,5338.176864753999,146.4269666318051,-0.21520805161911674,108.27876978822542,1.1495813574652187,-0.499740940617892,1.0352759485769574,0.07164714125653805,-0.27506268401764283,-153.76349902123488,93.72358020871307,194.16013481832005,55.230395636574904,2.93107299671288,1.8784501792340222,91.7759195496913,85.92612405593337,141.10747263095877,85.92612405593337,500.0,0.0,0.0,24.0,0.0,600.0199120344416,0.0,6.216540270997939e-06,False,True,RELEASE,RELEASED,
1.6900000000007156,LOWERING,0.9381987260914728,5375.482734959174,147.1280432682763,-0.2178695091135478,118.52762339294014,1.2601603898744862,-0.5397978133281247,1.1386933427990136,0.07758802609533567,-0.32494015461047254,-182.91506346690693,110.81825945330007,233.769035709934,66.36352983073826,3.5121993767946638,2.221074806073972,108.51784343181987,101.66342288111001,154.58082737779134,101.66342288111001,500.0,0.0,0.0,24.0,0.0,600.0199120344416,0.0,7.635063525412988e-06,False,True,RELEASE,RELEASED,
1.7000000000007311,LOWERING,0.9446012575233983,5412.166537884093,147.80711936550975,-0.22054710244830086,129.57861501745526,1.3794921029560459,-0.5822230118520535,1.2506057838455797,0.083931663287887,-0.3828980293737223,-217.0115760297895,130.6722375187838,280.6818911351452,79.52287535860617,4.197654367460471,2.618808784939006,127.96255584514775,119.95377868465835,169.1216543749955,119.95377868465835,500.0,0.0,0.0,24.0,0.0,600.0199120344416,0.0,9.349796471269656e-06,False,True,RELEASE,RELEASED,
1.7100000000007467,LOWERING,0.9508790247773021,5448.135494725505,148.4627920060987,-0.22323252874962785,141.4779397778888,1.508077605447178,-0.6271092587404864,1.3715072153121368,0.09070014184777639,-0.45008766716919624,-256.78735321328173,153.67122988748966,336.08370094851443,95.03282652693619,5.004001860948982,3.079294937906951,150.48790992027725,141.156057118776,184.7922608377213,141.156057118776,500.0,0.0,0.0,24.0,0.0,600.0199120344416,0.0,1.141604963095233e-05,False,True,RELEASE,RELEASED,
1.7200000000007623,LOWERING,0.9570135439515196,5483.283700527978,149.09354657668683,-0.22591572571466734,154.27377609951805,1.6464370799162622,-0.6745620450916808,1.5019058244260581,0.09791750385736618,-0.5278111619876158,-303.07345840256266,180.24973653476724,401.3242830999121,113.26248807373395,5.950099498001056,3.611134296060584,176.5195359567052,165.67460435850742,201.65749416011448,165.67460435850742,500.0,0.0,0.0,24.0,0.0,600.0199120344416,0.0,1.3897606038426602e-05,False,True,RELEASE,RELEASED,
1.7300000000007778,LOWERING,0.9629837370786167,5517.490387434045,149.6977441789163,-0.22858462067396088,168.0166341708851,1.7951129388807208,-0.7247046574946341,1.6423256749934112,0.10561023653945315,-0.6175449421588219,-356.8114417284603,210.898727892029,477.9386913807612,134.6312780567513,7.057397339528261,4.22403844015173,206.53836062130296,193.966326432612,219.78513665267624,193.966326432612,500.0,0.0,0.0,24.0,0.0,600.0199120344416,0.0,1.6869054149992735e-05,False,True,RELEASE,RELEASED,
1.7400000000007443,LOWERING,0.9687655788640538,5550.617900645839,150.27208837236597,-0.23123727561251262,182.76176038295785,1.9546750924709528,-0.7776847116588625,1.793310125543934,0.11380791961766673,-0.720970115374332,-419.070618698579,246.1781599672295,567.6770808767847,159.61561046904933,8.350465264569426,4.926382997730741,241.14369166010127,226.59797586332573,239.24638841972717,226.59797586332573,500.0,0.0,0.0,24.0,0.0,600.0199120344416,0.0,1.7128995864368335e-05,False,True,RELEASE,RELEASED,
1.7500000000007099,LOWERING,0.9743316820760184,5582.509322883818,150.81769296310662,-0.23383165754728433,198.5621625145431,2.1257233110424187,-0.833680849270732,1.9554221632855588,0.12254387412202036,-0.8400076255193698,-491.0676256373818,286.7193125422932,672.5083092380471,188.75594971826365,9.85673309561296,5.735630281212082,280.8602143981919,264.0724475742088,260.1168210610449,264.0724475742088,500.0,0.0,0.0,24.0,0.0,600.0199120344416,0.0,1.7373872765347187e-05,False,True,RELEASE,RELEASED,
1.7600000000006755,LOWERING,0.9796508021765268,5612.985636132051,151.33086808495824,-0.23636058903304946,215.48060443394783,2.308899527912545,-0.8929136540071082,2.1292539154554695,0.13185629535901017,-0.9768701721490745,-574.1949886608976,333.2562296070962,794.6872898140132,222.66684112188557,11.607972721804876,6.663945210110967,326.45071357827374,307.11140654896855,282.4769753543599,307.11140654896855,500.0,0.0,0.0,24.0,0.0,600.0199120344416,0.0,1.7664805341155443e-05,False,True,RELEASE,RELEASED,
1.770000000000641,LOWERING,0.98468723684192,5641.842281144092,151.80924753893666,-0.2388007477820807,233.58330941764748,2.5048949268130043,-0.9556565400059661,2.315430666618492,0.1417893472466314,-1.134122811324916,-670.053754393753,386.63776427182285,936.772678039959,262.0476038646227,13.64029060962511,7.728095647682267,378.7465624848789,356.5031136221529,306.4138113826587,356.5031136221529,500.0,0.0,0.0,24.0,0.0,600.0199120344416,0.0,1.8009055168022314e-05,False,True,RELEASE,RELEASED,
1.7800000000006067,LOWERING,0.9894000927228844,5668.844956287359,152.25016052097672,-0.24112511866204062,252.943069648722,2.7144625651245615,-1.0222501980936924,2.5146195636636604,0.15239469851796125,-1.3147649873717149,-780.497160248626,447.8582878600986,1101.6806007981775,307.69610035360046,15.995049120829561,8.94772291409754,438.7215540186403,413.16988664612194,332.02220622991314,413.16988664612194,500.0,0.0,0.0,24.0,0.0,600.0199120344416,0.0,1.8415552915485023e-05,False,True,RELEASE,RELEASED,
1.7900000000005722,LOWERING,0.9937423754923047,5693.724403901375,152.65056362927956,-0.243302408789638,273.6408998193554,2.938432923552129,-1.0931204101792078,2.7275402499440324,0.1637334408109374,-1.5223379073563261,-907.6870130149557,518.0952856784711,1292.7448173459788,360.5258138733815,18.71983551348663,10.346077949616529,507.5286664974677,478.20240068536395,359.40692432001043,478.20240068536395,500.0,0.0,0.0,24.0,0.0,600.0199120344416,0.0,1.88948474146855e-05,False,True,RELEASE,RELEASED,
1.8000000000005878,FAULT,0.9927036562222573,5687.772980874113,146.78779972195073,-0.2916089283641738,893.4966600763405,8.62761704425701,-1.0461173865638531,8.563960198172506,0.5005461260135244,-9.93516547933957,-5917.605057908128,1618.952031068679,13253.427325554185,3036.33439910704,199.5840703918939,1062.7345573405146,0.0,0.0,359.40692432001043,0.0,500.0,0.0,0.0,24.0,0.0,600.0199120344416,0.0,2.0793098315152747e-05,False,False,APPLY,RELEASED,RUNAWAY DIAGNOSTIC
1.8100000000005665,FAULT,0.9367396383945389,5367.122778261797,147.20258424846864,-0.2153597270191111,2486.8931939820222,24.032033343622633,-2.480705202053161,23.90365512488616,1.4503998549147346,-76.49216308574873,-42991.944713376215,10685.452510346999,102963.21040052795,22728.927618961698,1546.159439568526,8031.405144498982,0.0,0.0,359.40692432001043,0.0,500.0,0.0,0.0,24.0,0.0,600.0199120344416,0.0,6.434201492311331e-05,False,False,APPLY,RELEASED,RUNAWAY DIAGNOSTIC
1.820000000000538,FAULT,0.661748886448641,3791.5418290989087,132.12157160002533,0.043420948554580764,4857.466545939116,41.90806635264643,-0.42494159367911283,41.90591187481519,3.480491362257533,-148.50075506748607,-58962.12558161477,3575.1946182888496,352570.3128097636,50551.52335139121,5898.745311229422,-1063.3376992946796,0.0,0.0,359.40692432001043,0.0,500.0,0.0,0.0,24.0,0.0,600.0199120344416,0.0,0.0003186925828231324,False,False,APPLY,RELEASED,RUNAWAY DIAGNOSTIC
1.8300000000005037,FAULT,0.5600125578764158,3208.635604064437,106.69804157842536,-0.0024037794252049095,3959.604969229846,27.588137932992787,0.2797794950803907,27.586719233065175,3.8967050481264534,-55.22138076468514,-18554.800014899294,-1918.7940806953648,189196.2581282126,16466.56872624656,3919.6178780874234,87.4074912607648,0.0,0.0,359.40692432001043,0.0,500.0,0.0,0.0,24.0,0.0,600.0199120344416,0.0,0.00018655407160395043,False,False,APPLY,MOVING,RUNAWAY DIAGNOSTIC
1.8400000000004846,FAULT,0.5072400660766649,2906.27149861299,96.5699128484947,-0.003166656807675303,3349.18291293343,21.123882604923008,0.45617905048240787,21.11895634212235,3.784297952569351,-26.999928807281528,-8217.267403362437,-2646.274129668889,122510.1147338206,9463.659978642849,2804.2565460713145,-1404.374991682831,0.0,0.0,359.40692432001043,0.0,500.0,0.0,0.0,24.0,0.0,600.0199120344416,0.0,0.00017295724643417998,False,False,APPLY,MOVING,RUNAWAY DIAGNOSTIC
1.8500000000005001,FAULT,0.47474051883319585,2720.0628092993093,90.34278747440005,-0.0036081777493227165,2884.689680337943,17.0216974280747,0.3976364167799421,17.017052289188488,3.563967979191346,-17.581332139095345,-5007.942444895719,-1986.7621602076629,85024.49509081358,6208.170420602729,2080.3586379620565,-1293.8244534614105,0.0,0.0,359.40692432001043,0.0,500.0,0.0,0.0,24.0,0.0,600.0199120344416,0.0,0.00016282448655147164,False,False,APPLY,MOVING,RUNAWAY DIAGNOSTIC
1.8600000000005157,FAULT,0.45125760406667775,2585.515618620617,85.83158330029961,-0.0041042078006233275,2532.899621838065,14.199207620769654,0.31553895949227534,14.195701188133171,3.345551292471834,-13.302766156752902,-3601.7846300133606,-1384.3043882095408,62278.11449991574,4343.72700126468,1603.895123576853,-961.5331066187146,0.0,0.0,359.40692432001043,0.0,500.0,0.0,0.0,24.0,0.0,600.0199120344416,0.0,0.00015999571013480818,False,False,APPLY,MOVING,RUNAWAY DIAGNOSTIC
1.8700000000005312,FAULT,0.432784378401755,2479.671832161334,82.30131468105677,-0.004306286710337804,2261.356073116195,12.155106026866548,0.2491873660494155,12.152551509085196,3.1517108699401963,-10.756648820079086,-2793.1857439703385,-976.0129918196953,47598.91460256895,3188.325977922927,1278.4328223548746,-697.560064487755,0.0,0.0,359.40692432001043,0.0,500.0,0.0,0.0,24.0,0.0,600.0199120344416,0.0,0.0001587956325010964,False,False,APPLY,MOVING,RUNAWAY DIAGNOSTIC
1.8800000000005468,FAULT,0.41752352310713525,2392.2335721471754,79.39920755346414,-0.004306233382469782,2045.9730738800872,10.609272857532844,0.20078657895747126,10.607372686735092,2.9833892359523912,-8.975722903865318,-2248.5452695531526,-711.533285885694,37589.65754382131,2428.9666410854215,1046.5014547605833,-515.3895404071623,0.0,0.0,359.40692432001043,0.0,500.0,0.0,0.0,24.0,0.0,600.0199120344416,0.0,0.0001581383111215473,False,False,APPLY,MOVING,RUNAWAY DIAGNOSTIC
1.8900000000005623,FAULT,0.40448569223607644,2317.5323038554707,76.92529406358753,-0.004235053444521573,1870.4755045738746,9.396812319393359,0.16580439439846664,9.395349417062729,2.836787343387953,-7.6258891847746835,-1850.7378394915177,-537.1662140356202,30438.664151304503,1904.577238258235,874.6696533027228,-391.34283803382345,0.0,0.0,359.40692432001043,0.0,500.0,0.0,0.0,24.0,0.0,600.0199120344416,0.0,0.00015772889730669704,False,False,APPLY,MOVING,RUNAWAY DIAGNOSTIC
1.900000000000578,FAULT,0.39305443348322844,2252.0360157494533,74.75876610467584,-0.004134646718751501,1723.925943957659,8.416521210859397,0.14006456000310602,8.415355679463422,2.7077169556919207,-6.557414778855671,-1546.4525706105992,-418.22259675618625,25127.640459614264,1527.1385334675433,742.9801650625766,-305.44353116333286,0.0,0.0,359.40692432001043,0.0,500.0,0.0,0.0,24.0,0.0,600.0199120344416,0.0,0.00015745644918752078,False,False,APPLY,MOVING,RUNAWAY DIAGNOSTIC
1.9100000000005934,FAULT,0.38281642655748777,2193.376557002389,72.8197655929486,-0.004020698291830074,1598.8653787925114,7.603397431148722,0.1207469989692629,7.602438599438927,2.5925907007480284,-5.686628612663656,-1306.1609067956788,-334.3866047140291,21053.55538865512,1245.8780197956114,639.0926248753302,-244.4231331612432,0.0,0.0,359.40692432001043,0.0,500.0,0.0,0.0,24.0,0.0,600.0199120344416,0.0,0.00015726669062132714,False,False,APPLY,MOVING,RUNAWAY DIAGNOSTIC
1.920000000000609,FAULT,0.37348124387389664,2139.8899001270506,71.05268195399191,-0.0038982537458023365,1490.093051358333,6.9141151951954996,0.10595434375341198,6.913303306630853,2.488538899163778,-4.961414343484394,-1111.7971202270062,-273.4593535563703,17842.66115195972,1030.112115537477,555.094325426597,-199.94996718069956,0.0,0.0,359.40692432001043,0.0,500.0,0.0,0.0,24.0,0.0,600.0199120344416,0.0,0.00015713074003542715,False,False,APPLY,MOVING,RUNAWAY DIAGNOSTIC
1.9300000000006245,FAULT,0.3648378178332308,2090.366716860689,69.4172295572677,-0.0037693956734384648,1393.9039203176835,6.318883571361205,0.09442093261771184,6.318178082002923,2.3933111209363065,-4.346985575146946,-951.5668388334861,-227.961629463887,15254.05575740119,860.5210571475809,485.7420347692518,-166.73462361945838,0.0,0.0,359.40692432001043,0.0,500.0,0.0,0.0,24.0,0.0,600.0199120344416,0.0,0.00015703092208241287,False,False,APPLY,MOVING,RUNAWAY DIAGNOSTIC
1.94000000000064,FAULT,0.3567286932893283,2043.9048556695323,67.88339086017362,-0.003635219047701302,1307.6054462111467,5.796675607679073,0.0852784053820853,5.796048282600573,2.3051472871866334,-3.8191950978340365,-817.4498860004065,-193.14186425916614,13127.116596774347,724.4951518304283,427.4580007402632,-141.36140231111017,0.0,0.0,359.40692432001043,0.0,500.0,0.0,0.0,24.0,0.0,600.0199120344416,0.0,0.0001569564137753332,False,False,APPLY,MOVING,RUNAWAY DIAGNOSTIC
1.9500000000006557,FAULT,0.3490338592425832,1999.8167041763256,66.42829603919759,-0.0034964131330853417,1229.205696699377,5.332314988896564,0.07791997542927281,5.331745644555831,2.222665014951218,-3.360745137089764,-703.8083070775108,-165.89526808184382,11351.535574477362,613.5388276415753,377.73666119955027,-121.57191368175245,0.0,0.0,359.40692432001043,0.0,500.0,0.0,0.0,24.0,0.0,600.0199120344416,0.0,0.0001569000046401925,False,False,APPLY,MOVING,RUNAWAY DIAGNOSTIC
1.9600000000006712,FAULT,0.3416601402918308,1957.5684066569509,65.03419521520014,-0.003353389797114762,1157.207640324473,4.914635415382574,0.07191242889134886,4.914109265035078,2.144771089510867,-2.958936790885237,-606.5704554531056,-144.13713232378745,9849.55769548649,521.7644901890184,334.7823807063338,-105.83928311845773,0.0,0.0,359.40692432001043,0.0,500.0,0.0,0.0,24.0,0.0,600.0199120344416,0.0,0.00015685678749832732,False,False,APPLY,MOVING,RUNAWAY DIAGNOSTIC
1.9700000000006868,FAULT,0.334533996911435,1916.738612666774,63.68708182719872,-0.0032063843378445428,1090.4706903116664,4.535283137787178,0.06694075361906449,4.534789088304066,2.0705943999870984,-2.604247884332459,-522.7256722163315,-126.43439122566588,8565.085791822134,444.98722150439426,297.2815816072007,-93.10873966960298,0.0,0.0,359.40692432001043,0.0,500.0,0.0,0.0,24.0,0.0,600.0199120344416,0.0,0.0001568235517197536,False,False,APPLY,MOVING,RUNAWAY DIAGNOSTIC
1.9800000000007023,FAULT,0.3275965074911191,1876.9897262466982,62.37573580824528,-0.0030554894063919524,1028.1156405692316,4.187918145065538,0.06277185968143938,4.187447681273321,1.9994357565593153,-2.289405368031001,-450.00072167902573,-111.7808965720053,7456.791284128533,380.1632681314328,264.2554425957704,-82.63709247617203,0.0,0.0,359.40692432001043,0.0,500.0,0.0,0.0,24.0,0.0,600.0199120344416,0.0,0.00015679793182243884,False,False,APPLY,MOVING,RUNAWAY DIAGNOSTIC
1.9900000000007179,FAULT,0.320799794692694,1838.0474304554668,61.09104163039824,-0.0029006880014055153,969.4582037503164,3.867668995397954,0.0592304578401528,3.8672154337231666,1.9307303986032978,-2.0087607981087574,-386.64603097201285,-99.45687449946263,6493.638139556149,325.0317461618178,234.96230220469758,-73.89114289503982,0.0,0.0,359.40692432001043,0.0,500.0,0.0,0.0,24.0,0.0,600.0199120344416,0.0,0.00015677831368066109,False,False,APPLY,MOVING,RUNAWAY DIAGNOSTIC
2.000000000000733,FAULT,0.3141044351592681,1799.6858460966687,59.82549432215564,-0.0027418725565950277,913.9617542849617,3.570753156003371,0.0561827034060464,3.5703111355939305,1.86401991012674,-1.7578592041030503,-331.2908234365855,-88.93880354041505,5651.903191126454,277.88013992273824,208.8315220739112,-66.48203501965043,0.0,0.0,359.40692432001043,0.0,500.0,0.0,0.0,24.0,0.0,600.0199120344416,0.0,0.00015676309408263478,False,False,APPLY,MOVING,RUNAWAY DIAGNOSTIC
2.010000000000699,FAULT,0.3074775546084698,1761.7166174068616,58.57283620381229,-0.002578858270709151,861.2032073236576,3.2942076679192867,0.053524903543333724,3.2937727978837428,1.7989310949800157,-1.533134905713871,-282.8427430162728,-79.84029983723565,4913.148653614359,237.3872701161469,185.4177410761387,-60.1219683387821,0.0,0.0,359.40692432001043,0.0,500.0,0.0,0.0,24.0,0.0,600.0199120344416,0.0,0.00015675151666982856,False,False,APPLY,MOVING,RUNAWAY DIAGNOSTIC
2.0200000000006644,FAULT,0.3008914104889459,1723.980791275499,57.32778661348794,-0.0024113919362361612,810.8480332751457,3.0356948091615843,0.05117559918678271,3.035263420597702,1.7351600249946502,-1.33169267566341,-240.41693251089706,-71.87254629762901,4262.814978016922,202.51594989672054,164.368633266543,-54.59510435473294,0.0,0.0,359.40692432001043,0.0,500.0,0.0,0.0,24.0,0.0,600.0199120344416,0.0,0.00015674269502596871,False,False,APPLY,MOVING,RUNAWAY DIAGNOSTIC
2.03000000000063,FAULT,0.29432232783278645,1686.3427201284467,56.085838988759775,-0.002239157295069578,762.6317225586556,2.793359629986535,0.049069933315220214,2.792928599889899,1.6724599617204936,-1.1511475189429103,-203.2850504725284,-64.81730375314623,3689.226562771024,172.43823194392237,145.40178606319563,-49.73766378144944,0.0,0.0,359.40692432001043,0.0,500.0,0.0,0.0,24.0,0.0,600.0199120344416,0.0,0.00015673655559567123,False,False,APPLY,MOVING,RUNAWAY DIAGNOSTIC
2.0400000000005956,FAULT,0.28774989522937,1648.6854551974518,54.84310754290779,-0.0020617777159839335,716.3458648187266,2.5657239126392635,0.04715559731563561,2.565290538229683,1.6106322030612528,-0.9895054504710694,-170.83805382116444,-58.50818635198028,3182.8776518953755,146.48247589572117,128.28784951072237,-45.424085233298854,0.0,0.0,359.40692432001043,0.0,500.0,0.0,0.0,24.0,0.0,600.0199120344416,0.0,0.00015673159998641495,False,False,APPLY,MOVING,RUNAWAY DIAGNOSTIC
2.050000000000561,FAULT,0.2811563553140681,1610.9072542776676,53.596211029584076,-0.001878816513402242,671.827564988034,2.3516060431457078,0.045389886035396,2.3511679524026152,1.5495191553368857,-0.8450734333559102,-142.55865989705623,-52.81746322392172,2735.9118452610464,124.09530518593513,112.83806926943778,-41.557251334392504,0.0,0.0,359.40692432001043,0.0,500.0,0.0,0.0,24.0,0.0,600.0199120344416,0.0,0.00015672814129175094,False,False,APPLY,MOVING,RUNAWAY DIAGNOSTIC
2.0600000000005267,FAULT,0.27452614276740966,1572.9189346578464,52.342184641517804,-0.0016897749749938025,628.9512911348902,2.150059516575425,0.043737545610959494,2.1496146054398864,1.4889991073442075,-0.7163903959982878,-118.00073527741625,-47.64661463082996,2341.737682796127,104.8139062084029,98.89493165506136,-38.06148795521598,0.0,0.0,359.40692432001043,0.0,500.0,0.0,0.0,24.0,0.0,600.0199120344416,0.0,0.00015672607844408049,False,False,APPLY,MOVING,RUNAWAY DIAGNOSTIC
2.0700000000004923,FAULT,0.2678455355973031,1534.6418751146523,51.078413529942125,-0.0014940879184030048,587.6225014362319,1.9603249567094692,0.04216919837942406,1.9598713464424184,1.4289823066868232,-0.6021737439002193,-96.77372937455249,-42.91947394440234,1994.7414326249075,88.2456339137276,86.32505104854361,-34.87748164331303,0.0,0.0,359.40692432001043,0.0,500.0,0.0,0.0,24.0,0.0,600.0199120344416,0.0,0.00015672463916871493,False,False,APPLY,MOVING,RUNAWAY DIAGNOSTIC
2.080000000000458,FAULT,0.26110239434010785,1496.006521644869,49.80258312674619,-0.0012911163246119158,547.7725711804204,1.7817920002943308,0.040660195336056935,1.7813280104540286,1.3694080249086327,-0.5012774789533232,-78.53084999009143,-38.57717045008394,1690.0704415911946,74.05286413822402,75.01369743440219,-31.95854113245906,0.0,0.0,359.40692432001043,0.0,500.0,0.0,0.0,24.0,0.0,600.0199120344416,0.0,0.00015672368499508593,False,False,APPLY,MOVING,RUNAWAY DIAGNOSTIC
2.0900000000004235,FAULT,0.2542859699961696,1456.95128701708,48.512642635382946,-0.0010801362766448485,509.35466199501604,1.6139684154166907,0.03918979062539177,1.6134925491843466,1.3102423574284374,-0.4126592139765253,-62.96006910232657,-34.574336625269126,1423.4685525908078,61.94167419309734,64.86054292401427,-29.267811389517206,0.0,0.0,359.40692432001043,0.0,500.0,0.0,0.0,24.0,0.0,600.0199120344416,0.0,0.00015672316908421635,False,False,APPLY,MOVING,RUNAWAY DIAGNOSTIC
2.100000000000389,FAULT,0.2473867658230314,1417.4217589050934,47.206778884641174,-0.0008603230260889687,472.34026196274857,1.456454546286012,0.03774056187177923,1.455965485644078,1.2514765446615363,-0.3353541964680561,-49.77731404164831,-30.876207793509508,1191.1505988611073,51.653360438265864,55.77633076775949,-26.776169370868246,0.0,0.0,359.40692432001043,0.0,500.0,0.0,0.0,24.0,0.0,600.0199120344416,0.0,0.00015672308495595644,False,False,APPLY,MOVING,RUNAWAY DIAGNOSTIC
2.1100000000003547,FAULT,0.24039644109454913,1377.370148468297,45.8833983163575,-0.000630728476551053,436.71618865387865,1.3089217021544008,0.03629801947720209,1.3084183108443597,1.1931256278545268,-0.2684550413336238,-38.72138191829595,-27.456352872265725,989.7067488665546,42.95808925654141,47.68025735809254,-24.460611824068728,0.0,0.0,359.40692432001043,0.0,500.0,0.0,0.0,24.0,0.0,600.0199120344416,0.0,0.00015672321478632512,False,False,APPLY,MOVING,RUNAWAY DIAGNOSTIC
2.1200000000003203,FAULT,0.23330774698245513,1336.7549229800748,44.5411152778466,-0.00039024965392356147,402.4818954048642,1.1710935012533814,0.034850360413177656,1.1705748335997044,1.1352272716992122,-0.21109628552991713,-29.550239264010003,-24.29485160598663,816.0300650794403,35.65017282753017,40.497919032173016,-22.303000989706852,0.0,0.0,359.40692432001043,0.0,500.0,0.0,0.0,24.0,0.0,600.0199120344416,0.0,0.0001567235713082482,False,False,APPLY,MOVING,RUNAWAY DIAGNOSTIC
2.130000000000286,FAULT,0.22611448611221732,1295.5405740999518,43.17874506643785,-0.00013758475112550425,369.64696000960123,1.0427294840494243,0.033388329598997575,1.0421947976998194,1.0778405996747968,-0.16244316023143324,-22.03845101890506,-21.376788398126592,667.2624215596052,29.544593358905743,34.15971876108494,-20.289072702960468,0.0,0.0,359.40692432001043,0.0,500.0,0.0,0.0,24.0,0.0,600.0199120344416,0.0,0.0001567239316955238,False,False,APPLY,MOVING,RUNAWAY DIAGNOSTIC
2.1400000000002515,FAULT,0.21881148830758299,1253.6974789000665,41.79530036957026,0.00012882803059436967,338.22866824266094,0.9236105511345739,0.03190515621950689,0.923059321589745,1.0210449008057458,-0.12168415440451352,-15.975534557220799,-18.690973355471968,540.7551389704686,24.474488662518933,28.599658005301002,-18.407638755124054,0.0,0.0,359.40692432001043,0.0,500.0,0.0,0.0,24.0,0.0,600.0199120344416,0.0,0.00015672415213430213,False,False,APPLY,MOVING,RUNAWAY DIAGNOSTIC
2.150000000000217,FAULT,0.2113945957482849,1211.20181482509,40.38998989464856,0.00041089555082444925,308.24963487764046,0.8135259762064841,0.03039653451865828,0.8129579107505931,0.964938081280307,-0.08802703459671728,-11.165063636096002,-16.228832247837065,434.04150397556026,20.289371559329208,23.754459350549666,-16.649935025945588,0.0,0.0,359.40692432001043,0.0,500.0,0.0,0.0,24.0,0.0,600.0199120344416,0.0,0.00015672455504045502,False,False,APPLY,MOVING,RUNAWAY DIAGNOSTIC
2.1600000000001827,FAULT,0.20386065137533757,1168.0354932594685,38.96221811916999,0.0007109881963850784,279.73543357084867,0.7122619025218241,0.02886061978755266,0.7116769508769316,0.9096347538865133,-0.0606980025107533,-7.4243605974144256,-13.983431584307155,344.81885787525556,16.85389511441735,19.562978198767677,-15.009081131461507,0.0,0.0,359.40692432001043,0.0,500.0,0.0,0.0,24.0,0.0,600.0199120344416,0.0,0.0001567248208402816,False,False,APPLY,MOVING,RUNAWAY DIAGNOSTIC
2.1700000000001483,FAULT,0.19620748501571064,1124.1860800276559,37.51158524131325,0.0010321053298331456,252.71223462902933,0.619591354881993,0.02729801144184639,0.6189897136591405,0.8552638845655498,-0.03894362796592016,-4.584618780348413,-11.94862432831404,270.9382537757292,14.047002352129011,15.965868382799396,-13.479627626265984,0.0,0.0,359.40692432001043,0.0,500.0,0.0,0.0,24.0,0.0,600.0199120344416,0.0,0.00015672529252697132,False,False,APPLY,MOVING,RUNAWAY DIAGNOSTIC
2.180000000000114,FAULT,0.18843389246248177,1079.646675532222,36.037886599172765,0.001378107489609927,227.20447583307163,0.5352658877369262,0.02571169715411926,0.5346479956048227,0.8019659496506195,-0.022035106758821754,-2.4912965624346737,-10.118316360846194,210.39986309714334,11.76131859760369,12.905468459645208,-12.057174133967742,0.0,0.0,359.40692432001043,0.0,500.0,0.0,0.0,24.0,0.0,600.0199120344416,0.0,0.00015672529389121337,False,False,APPLY,MOVING,RUNAWAY DIAGNOSTIC
2.1900000000000794,FAULT,0.18053960370152702,1034.4157327061953,34.54111107552407,0.001754044675973398,203.23261491978323,0.4590090405210847,0.024106935696895655,0.45837556101017485,0.7498895993148318,-0.009274281984681963,-1.004625116478416,-8.485863505805403,161.35242131293424,9.902661537367281,10.325873941783225,-10.738046856866694,0.0,0.0,359.40692432001043,0.0,500.0,0.0,0.0,24.0,0.0,600.0199120344416,0.0,0.00015672546840050927,False,False,APPLY,MOVING,RUNAWAY DIAGNOSTIC
2.200000000000045,FAULT,0.17252523764087166,988.4967976313513,33.021438335115214,0.0021666252090768107,180.8110312294611,0.3905117810395279,0.022491061908665344,0.3898635700663563,0.6991878705632656,-7.590143800972893e-07,-7.856948177947422e-05,-7.043613407956649,122.09509184336207,8.389562022476987,8.173157253565291,-9.519027298603959,0.0,0.0,359.40692432001043,0.0,500.0,0.0,0.0,24.0,0.0,600.0199120344416,0.0,0.00015672591189286322,False,False,APPLY,MOVING,RUNAWAY DIAGNOSTIC
2.2100000000000106,FAULT,0.16439224204316594,941.8981653766497,31.479235175166778,0.002624894224780097,159.94615636702926,0.32943008576425625,0.020873205051720023,0.32876814127514553,0.6500140432902457,0.006400634249566578,0.631328768870716,-5.782605633439042,91.08023904916698,7.152709855173941,6.395693234146545,-8.397126224751045,0.0,0.0,359.40692432001043,0.0,500.0,0.0,0.0,24.0,0.0,600.0199120344416,0.0,0.00015672576830638718,False,False,APPLY,MOVING,RUNAWAY DIAGNOSTIC
2.219999999999976,FAULT,0.15614281880494396,894.6324518799233,29.915051838773962,0.0031412317100312005,140.63491765205924,0.27538473510884254,0.019263921341690693,0.2747101266162362,0.6025172806008939,0.010492814327365336,0.9830265637630353,-4.692437392203951,66.91576690366485,6.134264150632851,4.944545015750372,-7.369398337942187,0.0,0.0,359.40692432001043,0.0,500.0,0.0,0.0,24.0,0.0,600.0199120344416,0.0,0.00015672601614369341,False,False,APPLY,MOVING,RUNAWAY DIAGNOSTIC
2.229999999999942,FAULT,0.14777983614784973,846.716090840663,28.329619902843298,0.0037328495234740956,122.86357246727555,0.2279632996167465,0.017674751666799906,0.22727707567124208,0.556838234085136,0.01278056141293768,1.1332255628888765,-3.7612923179251725,48.3659139816088,5.2869966195404,3.7738643598553683,-6.432794224359478,0.0,0.0,359.40692432001043,0.0,500.0,0.0,0.0,24.0,0.0,600.0199120344416,0.0,0.00015672595111482224,False,False,APPLY,MOVING,RUNAWAY DIAGNOSTIC
2.2399999999999074,FAULT,0.13930673054527287,798.1687718010326,26.723854423148875,0.004424088478246497,106.60699625312118,0.1867241717017196,0.016117725195985765,0.18602724325270192,0.513104820456655,0.013706392200109468,1.1456356109810877,-2.9761175516364795,34.34969494732439,4.573266093629855,2.8412629125282494,-5.584047065502669,0.0,0.0,359.40692432001043,0.0,500.0,0.0,0.0,24.0,0.0,600.0199120344416,0.0,0.00015672616700612707,False,False,APPLY,MOVING,RUNAWAY DIAGNOSTIC
2.249999999999873,FAULT,0.13072740216566783,749.0128410802145,25.09886463586646,0.0052500356133377965,91.82846305493499,0.1512023728345495,0.014604837284484903,0.15049536962542012,0.47142838351165334,0.013648597001895916,1.0705473775583854,-2.322922206105655,23.93652385229545,3.9638506263170417,2.10811665675789,-4.81959245452763,0.0,0.0,359.40692432001043,0.0,500.0,0.0,0.0,24.0,0.0,600.0199120344416,0.0,0.0001567261631407746,False,False,APPLY,MOVING,RUNAWAY DIAGNOSTIC
2.2599999999998386,FAULT,0.12204610816580644,699.2726903897841,23.455980161398823,0.006262389408952891,78.47992773644441,0.12091675500061061,0.013147534565652232,0.12019985014434363,0.4319004424349979,0.012921617861041512,0.9462199026875332,-1.787160442608021,16.33891254004293,3.4366860733109212,1.5397747643793844,-4.135520297769786,0.0,0.0,359.40692432001043,0.0,469.1196032279765,0.0,0.0,24.0,0.0,600.0199120344416,0.0,0.00015672605059080524,False,False,APPLY,MOVING,RUNAWAY DIAGNOSTIC
2.269999999999804,FAULT,0.11326735826153564,648.9741584982249,21.79680432771383,0.007539287654385862,66.50278677763662,0.09537813366585576,0.011756240540411139,0.09465082772980826,0.3945901945607569,0.011778699422715162,0.8004853004205728,-1.3541567393099911,10.902469697775208,2.975574291541479,1.10565516229795,-3.527558014949983,0.0,0.0,359.40692432001043,0.0,435.9360865542766,0.0,0.0,24.0,0.0,600.0199120344416,0.0,0.00015672631036522944,False,False,APPLY,MOVING,RUNAWAY DIAGNOSTIC
2.2799999999997698,FAULT,0.10439581665342591,598.1439693062858,20.123315027510476,0.009202396178153775,55.829064043486746,0.07409784925830241,0.010439951107396764,0.07335869877241058,0.35954289112938703,0.01041652343513099,0.6524648824200294,-1.0095304879719238,7.0936963408024605,2.568928401646203,0.7792210979929363,-2.9910838940872213,0.0,0.0,359.40692432001043,0.0,402.4663005502095,0.0,0.0,24.0,0.0,600.0199120344416,0.0,0.0001567261857644553,False,False,APPLY,MOVING,RUNAWAY DIAGNOSTIC
2.2899999999997354,FAULT,0.09543621366521,546.8092255725286,18.43805106026895,0.011447895107137042,46.382943049469915,0.05659626126813105,0.009205921651265322,0.05584252677020727,0.32677914411626374,0.008981370640524055,0.5142888044732986,-0.7395817798229477,4.486255358565207,2.2086170835551258,0.5378443514825925,-2.5211684596879684,0.0,0.0,359.40692432001043,0.0,368.76102120537905,0.0,0.0,24.0,0.0,600.0199120344416,0.0,0.0001567262837625094,False,False,APPLY,MOVING,RUNAWAY DIAGNOSTIC
2.299999999999701,FAULT,0.08639326948565883,494.9969719864611,16.74445887877644,0.014605417489546482,38.08255157864175,0.0424107324158665,0.008059456127604881,0.04163790810040103,0.2962951579989051,0.007576259126242521,0.3927226778319913,-0.5316090942611242,2.7464744843471536,1.8889564515497184,0.3625701836849774,-2.1126402188055002,0.0,0.0,358.8744102658031,-36.69958782009116,334.88917757552883,0.09403513293528265,36.69958782009116,24.0,0.0,600.0199120344416,0.0,0.0001567261751915794,False,False,APPLY,MOVING,RUNAWAY DIAGNOSTIC
2.3099999999996665,FAULT,0.07727163133285227,442.7338351463287,15.047557499991255,0.019256480336679326,30.84190109636994,0.031102750171896305,0.007003794197554377,0.030303926067321692,0.26806381973681914,0.006268490433088613,0.29062588905548087,-0.3741408629522176,1.6188278424324616,1.6058797361068822,0.23780571580956641,-1.7601704780197098,0.0,0.0,353.1355061635163,-156.32637983545752,300.95114999982513,0.41367896523372616,156.32637983545752,24.0,0.0,600.0199120344416,0.0,0.0001567260634374179,False,False,APPLY,MOVING,RUNAWAY DIAGNOSTIC
2.319999999999632,FAULT,0.06807582432233253,390.0457420543691,13.355278673274578,0.02648794883156138,24.57289603394453,0.022263932716965324,0.006040072837361961,0.02142895751418909,0.2420365296035314,0.00509708496829974,0.20819295651478495,-0.2570745867638973,0.9120486699540018,1.356295306759347,0.15095680487376173,-1.4583704813840148,0.0,0.0,341.08297641394506,-227.16795366889207,267.10557346549155,0.6443783159798235,227.16795366889207,24.0,0.0,600.0199120344416,0.0,0.00015672621645990148,False,False,APPLY,MOVING,RUNAWAY DIAGNOSTIC
2.3299999999995977,FAULT,0.058810215429208786,336.9577136348818,11.681361924004497,0.038474806199740724,19.18736516373665,0.015520695784480162,0.005167304847344943,0.014635264201543674,0.2181456192670171,0.004079687938513986,0.14395639592877132,-0.1717275808280431,0.4863809259099018,1.1376257148755027,0.0920387454816437,-1.2018932754578693,0.0,0.0,325.6081290881907,-251.9772140109261,233.62723848008994,0.7843045453831274,251.9772140109261,24.0,0.0,600.0199120344416,0.0,0.00015672630297558499,False,False,APPLY,MOVING,RUNAWAY DIAGNOSTIC
2.3399999999995633,FAULT,0.049478989260448275,283.49372591968125,10.052205185217243,0.059928573892798986,14.599155508693249,0.010537036263791828,0.0043822348448072975,0.009582544077092513,0.1963071837328924,0.003218653044197284,0.09555341964416793,-0.1108112897647984,0.24230880042152197,0.9475067246612857,0.05328383539175212,-0.98553268993237,0.0,0.0,308.6364089893239,-250.8921932532246,201.04410370434488,0.8691740936142134,250.8921932532246,24.0,0.0,600.0199120344416,0.0,0.00015672608049044356,False,False,APPLY,MOVING,RUNAWAY DIAGNOSTIC
2.349999999999529,FAULT,0.04008613392528075,229.6766290914775,8.525115329140043,0.10196081333777576,10.726562966185242,0.0070133005615973945,0.0036786732304357112,0.005971075952538036,0.17642415018883256,0.0025061412512133252,0.060276908299084817,-0.0683458935485983,0.11093633379728692,0.7836168567704322,0.028764788266884184,-0.8043126597877928,0.0,0.0,291.29227943617775,-236.72198932323676,170.50230658280086,0.920650076692327,236.72198932323676,24.0,0.0,600.0199120344416,0.0,0.00015672622339479858,False,False,APPLY,MOVING,RUNAWAY DIAGNOSTIC
2.3599999999994945,FAULT,0.030635435098601584,175.52811346968198,7.245081734275117,0.19242634793526425,7.496138402801797,0.004674112207029973,0.0030448720381748102,0.003546276807448593,0.15838941726693845,0.001928188387463954,0.03544253412121752,-0.039533682471503226,0.046043767851002206,0.6436047736043378,0.014048022738489974,-0.6535616479925411,0.0,0.0,274.2057242394087,-216.87903487786787,144.90163468550233,0.9518718386680507,216.87903487786787,24.0,0.0,600.0199120344416,0.0,0.00015672630672725063,False,False,APPLY,MOVING,RUNAWAY DIAGNOSTIC
2.36999999999946,FAULT,0.02113047637690788,121.06871154977084,6.660368281656996,0.39408399841191755,4.852123922304766,0.0032351809854249776,0.002452241371244652,0.0021101915234431868,0.14208891938595228,0.0014677869879546703,0.018609022965185358,-0.0206089434016937,0.017734313670477467,0.5250830149692967,0.005885776639350548,-0.5289688711721421,0.0,0.0,257.7128581853791,-195.38532299459507,133.20736563313991,0.9708087945565775,195.38532299459507,24.0,0.0,600.0199120344416,0.0,0.00015672617075779272,False,False,APPLY,MOVING,RUNAWAY DIAGNOSTIC
2.3799999999994257,FAULT,0.011574644176569582,66.3178260683113,8.505639640654609,0.7401025324760981,2.793834922591408,0.002371686568566348,0.001793660014198053,0.0015516703686624478,0.12740449874080012,0.001107090291725461,0.007688505718834096,-0.008679635663729882,0.007508632273445088,0.4256608101619565,0.001951378393672835,-0.4266210586107328,0.0,0.0,241.97939259744845,-174.29486745481086,170.1127928130922,0.9822946389045948,174.29486745481086,24.0,0.0,600.0199120344416,0.0,0.00015672628683205403,False,False,APPLY,MOVING,RUNAWAY DIAGNOSTIC
2.3899999999993913,FAULT,0.001971135665134641,11.293775445992726,16.313330857413778,0.9769232178993045,1.5725409344859895,0.0017718137726636396,0.0005774259665227064,0.0016750830720253483,0.11421649837435986,0.0008288805920531554,0.0009803016582803348,-0.0015727471128862663,0.004562458597484855,0.3429945235857275,0.0006182212476585174,-0.34302029937878026,0.0,0.0,228.38955041610095,-113.89822660157665,326.26661714827554,0.7205737596067484,113.89822660157665,24.0,0.0,600.0199120344416,0.0,0.00015672621066187276,False,False,APPLY,MOVING,RUNAWAY DIAGNOSTIC
2.3999999999993573,FAULT,0.0,0.0,-2.3189976021696723,1.0,1.369161741749977,0.00026363639971324745,0.0001628541072376471,-0.0002073226736505009,0.10240067238398612,-8.953228725745141e-05,-0.0,-0.0003862016266652171,-0.0004916569509147507,0.27519748440012853,0.00046865096876795787,-0.27527993374223125,0.0,0.0,218.6345739858689,-106.18708399295961,80.0,0.7330742309468863,106.18708399295961,24.0,0.0,600.0199120344416,0.0,0.00015672634424390708,False,False,APPLY,MOVING,RUNAWAY DIAGNOSTIC
2.409999999999323,FAULT,0.0,0.0,1.461606412311474,1.0,1.2264097069105357,0.0001826318410276416,0.0001401946798331405,0.00011704632033357124,0.09181376136432357,4.5573050928288034e-05,0.0,-0.0002978020889223961,0.0002486302528562693,0.22095545066233235,0.00037602019230109656,-0.22103366876571104,0.0,0.0,207.7780277933965,-109.64323303886952,80.0,0.8381013372019146,109.64323303886952,24.0,0.0,600.0199120344416,0.0,0.00015672627603180445,False,False,APPLY,MOVING,RUNAWAY DIAGNOSTIC
2.4199999999992885,FAULT,0.0,0.0,-0.17127631627033602,1.0,1.0991656815067716,0.00012555467608302542,0.00012495144167723972,-1.2292839748927157e-05,0.08232596676655729,-4.314819610160872e-06,-0.0,-0.0002378839049286178,-2.3403241154192995e-05,0.17746580807142523,0.00030204129885056156,-0.17752996546534713,0.0,0.0,196.41114391771592,-105.42175100435178,80.0,0.9018034972464851,105.42175100435178,24.0,0.0,600.0199120344416,0.0,0.00015672618962980778,False,False,APPLY,MOVING,RUNAWAY DIAGNOSTIC
2.429999999999254,FAULT,0.0,0.0,-0.0571105314842419,1.0,0.9852564735506075,0.00011201058425703642,0.00011195030855187838,-3.6741530645692247e-06,0.07382188645328891,-1.1461162735571986e-06,-0.0,-0.00019104479915033886,-6.269994637334596e-06,0.14257886464820102,0.00024268257966834482,-0.142630502428719,0.0,0.0,185.06698612720308,-97.60575653459664,80.0,0.9404408104034381,97.60575653459664,24.0,0.0,600.0199120344416,0.0,0.00015672631434426876,False,False,APPLY,MOVING,RUNAWAY DIAGNOSTIC
2.4399999999992197,FAULT,0.0,0.0,0.023688075278890705,1.0,0.8832546945558162,0.0001002889507760625,0.00010027964501245239,1.3661785900888468e-06,0.06619862588817854,3.8377137825470807e-07,0.0,-0.00015341201338653652,2.090037396174311e-06,0.11457665430464414,0.00019503471386372206,-0.11461827700512134,0.0,0.0,174.03652617786375,-88.46832915751435,80.0,0.9638755254420476,88.46832915751435,24.0,0.0,600.0199120344416,0.0,0.000156726298769172,False,False,APPLY,MOVING,RUNAWAY DIAGNOSTIC
2.4499999999991853,FAULT,0.0,0.0,-0.001513212065796123,1.0,0.7918800147094451,8.983753742040771e-05,8.983750334711562e-05,-7.824397832832867e-08,0.059364292049708105,-1.9914245055658235e-08,-0.0,-0.0001232190011305048,-1.0731759560193824e-07,0.09209118852752476,0.00015676848942405781,-0.09212473801581832,0.0,0.0,163.46902617933867,-79.2018931676155,80.0,0.9780893986145929,79.2018931676155,24.0,0.0,600.0199120344416,0.0,0.00015672625215756852,False,False,APPLY,MOVING,RUNAWAY DIAGNOSTIC
2.459999999999151,FAULT,0.0,0.0,-0.0012027103767281219,1.0,0.710007524151066,8.050372437760252e-05,8.05037050674549e-05,-5.5759099989010034e-08,0.053236763481186465,-1.256013154100005e-08,-0.0,-9.900096937714973e-05,-6.85708185217599e-08,0.07402958342713806,0.0001260276710877817,-0.07405661012884869,0.0,0.0,153.43249312192148,-70.38992704501418,80.0,0.9867105484870082,70.38992704501418,24.0,0.0,600.0199120344416,0.0,0.00015672620816076233,False,False,APPLY,MOVING,RUNAWAY DIAGNOSTIC
2.4699999999991165,FAULT,0.0,0.0,0.0003629760969284687,1.0,0.6366354860690867,7.215154097260328e-05,7.215153939482627e-05,1.5089005436611522e-08,0.04774259990608541,3.059076612585357e-09,0.0,-7.956042077841548e-05,1.663842007715878e-08,0.05951754055944272,0.00010132618553060561,-0.059539306324194914,0.0,0.0,143.94919524711227,-62.285900109075044,80.0,0.9919395402066058,62.285900109075044,24.0,0.0,600.0199120344416,0.0,0.00015672619645101804,False,False,APPLY,MOVING,RUNAWAY DIAGNOSTIC
2.479999999999082,FAULT,0.0,0.0,-1.969985176317094e-06,0,0.5708713326943388,6.467441342610119e-05,6.46744134260595e-05,-7.343328202411249e-11,0.042816087082906,-1.5247131128892424e-11,-0.0,-6.39486470415638e-05,-7.260922495274812e-11,0.047854944727253775,8.147351962305263e-05,-0.04787246959983525,0.0,0.0,135.01621212873596,-54.97047164287821,80.0,0.9951110840039253,54.97047164287821,24.0,0.0,600.0199120344416,0.0,0.00015672627966978325,False,False,APPLY,MOVING,RUNAWAY DIAGNOSTIC
2.4899999999990476,FAULT,0.0,0.0,-2.3094337052142855e-05,0,0.5119190802732373,5.797846950971422e-05,5.7978469504574954e-05,-7.719666930838657e-10,0.038398397721756,-1.2553794639891028e-10,-0.0,-5.1407761229749636e-05,-6.844795968981608e-10,0.03848066590599326,6.551528618694933e-05,-0.03849477343095045,0.0,0.0,126.61720227347742,-48.43750555430291,80.0,0.9970347225556212,48.43750555430291,24.0,0.0,600.0199120344416,0.0,0.00015672617860218452,False,False,APPLY,MOVING,RUNAWAY DIAGNOSTIC
2.4999999999990132,FAULT,0.0,0.0,5.213562660562347e-06,0,0.45906799911239177,5.1980303868324255e-05,5.198030386808932e-05,1.5627998596484842e-10,0.03443685061968757,2.287349529173161e-11,0.0,-4.133105215915376e-05,1.2426276436711662e-10,0.03094465288679147,5.268585695226373e-05,-0.03095600769158458,0.0,0.0,118.72960804922111,-42.58723861211966,80.0,0.9969545336753899,42.58723861211966,24.0,0.0,600.0199120344416,0.0,0.0001567262490880239,False,False,APPLY,MOVING,RUNAWAY DIAGNOSTIC
2.511999999998972,FAULT,0.0,0.0,9.341240514222734e-07,0,0.40281077436782936,4.5600003499484845e-05,4.560000349947824e-05,2.456955998196575e-11,0.03021900845504062,3.1569991553134463e-12,0.0,-3.181460839462723e-05,1.714190502953274e-11,0.023824611248939746,4.0564129986702595e-05,-0.023833360770531813,0.0,0.0,110.13949471135759,-34.177041653780016,80.0,0.9297415675342007,34.177041653780016,24.0,0.0,600.0199120344416,0.0,0.00015672629683649575,False,False,APPLY,MOVING,RUNAWAY DIAGNOSTIC
2.5219999999989375,FAULT,0.0,0.0,9.625408022140835e-08,0,0.3612405743210315,4.0888021848312526e-05,4.088802184831246e-05,2.2704263540106223e-12,0.027101735307787523,2.586161574509701e-13,0.0,-2.5583104890670906e-05,1.420576315780441e-12,0.019160707060535097,3.262368813394718e-05,-0.019167747643778377,0.0,0.0,104.060659576763,-27.146449222858124,80.0,0.8272824720531657,27.146449222858124,24.0,0.0,600.0199120344416,0.0,0.00015672619917950215,False,False,APPLY,MOVING,RUNAWAY DIAGNOSTIC
2.531999999998903,FAULT,0.0,0.0,-8.173219418193121e-08,0,0.3239651210738699,3.6664534127587374e-05,3.666453412758733e-05,-1.7289528890677466e-12,0.02430614468655618,-1.7815304353798564e-13,-0.0,-2.057335186564125e-05,-9.701570474504964e-13,0.015410290491221314,2.6238349918101796e-05,-0.015415955489273771,0.0,0.0,99.02397848538378,-21.12412098011144,80.0,0.7109054505020045,21.12412098011144,24.0,0.0,600.0199120344416,0.0,0.00015672622055262764,False,False,APPLY,MOVING,RUNAWAY DIAGNOSTIC
2.5419999999988687,FAULT,0.0,0.0,1.1757359894522056e-08,0,0.29053940490051233,3.2878455077826855e-05,3.2878455077826855e-05,2.2305224729293268e-13,0.02179900843258962,2.070673733809389e-14,0.0,-1.6545392428357237e-05,1.1224636078602116e-13,0.012394272692730777,2.1103286449985972e-05,-0.012398830586752407,0.0,0.0,94.94217303695805,-16.278216062836208,80.0,0.5959398307086822,16.278216062836208,24.0,0.0,600.0199120344416,0.0,0.00015672617246309528,False,False,APPLY,MOVING,RUNAWAY DIAGNOSTIC
2.5519999999988343,FAULT,0.0,0.0,2.706797309464581e-09,0,0.2605648902228032,2.9484164687752402e-05,2.9484164687752402e-05,4.6053578132772715e-14,0.019550539764442508,3.800285064194029e-15,0.0,-1.3306546381209002e-05,2.078451521203323e-14,0.009968735149671303,1.6973515504205375e-05,-0.0099724021187943,0.0,0.0,91.68031562153779,-12.49392227908133,80.0,0.4905243154833909,12.49392227908133,24.0,0.0,600.0199120344416,0.0,0.00015672626159357606,False,False,APPLY,MOVING,RUNAWAY DIAGNOSTIC
2.5619999999988,FAULT,0.0,0.0,-1.3562374615797583e-09,0,0.23368456124079354,2.6440889661449973e-05,2.6440889661449966e-05,-2.0694620670963446e-14,0.017534034334184025,-1.5392801922232033e-15,-0.0,-1.0702043506491878e-05,-8.376220935729498e-15,0.008018001586757388,1.3652118540575548e-05,-0.008020951661791469,0.0,0.0,89.09754675555543,-9.579318026478159,80.0,0.3982144720719132,9.579318026478159,24.0,0.0,600.0199120344416,0.0,0.0001567261875834447,False,False,APPLY,MOVING,RUNAWAY DIAGNOSTIC
2.5719999999987655,FAULT,0.0,0.0,1.1863661875810037e-10,0,0.20957852351404338,2.371216400030111e-05,2.3712164000301115e-05,1.6235190130891205e-15,0.01572554942398445,1.0909929944423198e-16,0.0,-8.607530966394596e-06,5.893379961287564e-16,0.006449082075683931,1.0980789379581611e-05,-0.006451455334097118,0.0,0.0,87.0652510314697,-7.346919741933532,80.0,0.31983760330746325,7.346919741933532,24.0,0.0,600.0199120344416,0.0,0.00015672623476348235,False,False,APPLY,MOVING,RUNAWAY DIAGNOSTIC
2.581999999998731,FAULT,0.0,0.0,6.671938682684244e-11,0,0.18796009161133262,2.126535628233556e-05,2.1265356282335564e-05,8.188588072356979e-16,0.014103617036812219,4.88639609160062e-17,0.0,-6.923073441336921e-06,2.665847736652146e-16,0.005187214940119409,8.83224900963514e-06,-0.005189124115687708,0.0,0.0,85.47325053574319,-5.639231341129212,80.0,0.2547260788259763,5.639231341129212,24.0,0.0,600.0199120344416,0.0,0.00015672632889618399,False,False,APPLY,MOVING,RUNAWAY DIAGNOSTIC
2.5919999999986967,FAULT,0.0,0.0,-2.8243790128835886e-11,0,0.16857230364470582,1.907125364237314e-05,1.907125364237314e-05,-3.1088681641160037e-16,0.012648987160179707,-1.671485187274883e-17,-0.0,-5.568344437424044e-06,-9.077122700132303e-17,0.004172287845736716,7.1041553890207264e-06,-0.004173823656688313,0.0,0.0,84.2303843907567,-4.331948893849791,80.0,0.2014928774967551,4.331948893849791,24.0,0.0,600.0199120344416,0.0,0.00015672622305373807,False,False,APPLY,MOVING,RUNAWAY DIAGNOSTIC
2.6019999999986623,FAULT,0.0,0.0,7.990170162532934e-12,0,0.15118481213692828,1.71036943860692e-05,1.7103694386069202e-05,7.887885680263521e-17,0.011344397928538214,3.807558681695889e-18,0.0,-4.478769579920326e-06,2.065500429791452e-17,0.0033559635908965253,5.714211855219576e-06,-0.003357199033171824,0.0,0.0,83.26274637443144,-3.3296518014950633,80.0,0.15849344157185746,3.3296518014950633,24.0,0.0,600.0199120344416,0.0,0.00015672616757456126,False,False,APPLY,MOVING,RUNAWAY DIAGNOSTIC
2.611999999998628,FAULT,0.0,0.0,-7.393851657259881e-13,0,0.13559110770652175,1.5339242626355842e-05,1.5339242626355842e-05,-6.547790886364307e-18,0.01017436979295871,-2.815458107334489e-19,-0.0,-3.602431678097254e-06,-1.5376824366217755e-18,0.0026993711277313037,4.5962371222703965e-06,-0.0027003649331754755,0.0,0.0,82.51116651914975,-2.5599173158375677,80.0,0.1240836110517741,2.5599173158375677,24.0,0.0,600.0199120344416,0.0,0.00015672616518713767,False,False,APPLY,MOVING,RUNAWAY DIAGNOSTIC
2.6219999999985935,FAULT,0.0,0.0,7.674415845545593e-12,0,0.12160603785501276,1.3756899454340258e-05,1.3756899454340258e-05,6.09399825625228e-17,0.00912502113761409,2.3585466980173482e-18,0.0,-2.897585963128128e-06,1.2835566705777244e-17,0.0021712501966217584,3.697007110698699e-06,-0.0021720496177693293,0.0,0.0,81.92865500606862,-1.9679405353803563,80.0,0.09675073227104852,1.9679405353803563,24.0,0.0,600.0199120344416,0.0,0.00015672615552375646,False,False,APPLY,MOVING,RUNAWAY DIAGNOSTIC
2.631999999998559,FAULT,0.0,0.0,7.924180184507822e-14,0,0.10906358797656135,1.2337846047283739e-05,1.2337846047283739e-05,5.626140275451772e-19,0.008183903070216035,1.3956191294994683e-20,0.0,-2.3306644677033066e-06,1.0640851399882148e-19,0.001746460160352957,2.9737165555802854e-06,-0.001747103212440834,0.0,0.0,81.47809906804217,-1.512195827099243,80.0,0.07516924686170742,1.512195827099243,24.0,0.0,600.0199120344416,0.0,0.00015672623806040065,False,False,APPLY,MOVING,RUNAWAY DIAGNOSTIC
2.6419999999985246,FAULT,0.0,0.0,7.455482513631322e-12,0,0.09781489578267634,1.1065214817982438e-05,1.1065214817982436e-05,4.761954024918127e-17,0.007339851364958325,1.4790981969183198e-18,0.0,-1.8746727801011768e-06,8.06767118524199e-18,0.0014047813539982627,2.3919384592439597e-06,-0.0014052986196774054,0.0,0.0,81.13030191063676,-1.1611177859040622,80.0,0.05821354314119656,1.1611177859040622,24.0,0.0,600.0199120344416,0.0,0.00015672624897433707,False,False,APPLY,MOVING,RUNAWAY DIAGNOSTIC
2.6519999999984902,FAULT,0.0,0.0,-7.41951087097795e-12,0,0.0877264737977246,9.923885285930544e-06,9.923885285930546e-06,-4.250049288013361e-17,0.006582853757252047,-1.186181961484717e-18,-0.0,-1.507901717495993e-06,-6.4577262503075824e-18,0.0011299514438715273,1.9239835512457156e-06,-0.001130367525705277,0.0,0.0,80.86236318662831,-0.890619329905248,80.0,0.044948292457101635,0.890619329905248,24.0,0.0,600.0199120344416,0.0,0.0001567262505659528,False,False,APPLY,MOVING,RUNAWAY DIAGNOSTIC
2.661999999998456,FAULT,0.0,0.0,3.4139234132728218e-12,0,0.07867861754895016,8.900301805181455e-06,8.900301805181454e-06,1.7538196815893606e-17,0.005903930984090053,4.394314286126704e-19,0.0,-1.2128918598808292e-06,2.3899828700168135e-18,0.000908890638377999,1.5475812148534918e-06,-0.0009092253277329718,0.0,0.0,80.65636518478117,-0.6822504079920153,80.0,0.03460831468581654,0.6822504079920153,24.0,0.0,600.0199120344416,0.0,0.0001567262348771692,False,False,APPLY,MOVING,RUNAWAY DIAGNOSTIC
2.6719999999984214,FAULT,0.0,0.0,9.90408458041986e-13,0,0.07056397963820502,7.982310672373248e-06,7.982310672373248e-06,4.5638361576524064e-18,0.005295030135901968,1.0350014696508503e-19,0.0,-9.756011866795778e-07,5.577711957669568e-19,0.0007310786876609006,1.2448188055952533e-06,-0.0007313479052798161,0.0,0.0,80.498318643306,-0.5218319085312602,80.0,0.026574857993513498,0.5218319085312602,24.0,0.0,600.0199120344416,0.0,0.00015672628830998292,False,False,APPLY,MOVING,RUNAWAY DIAGNOSTIC
2.681999999998387,FAULT,0.0,0.0,-2.5420995642475245e-12,0,0.06328629211031023,7.1590144535420395e-06,7.15901445354204e-06,-1.0505058795569888e-17,0.004748929038266336,-2.1252172451896153e-19,-0.0,-7.847358944938647e-07,-1.1515148220126196e-18,0.0005880539012246784,1.0012886922678787e-06,-0.0005882704540224522,0.0,0.0,80.37732283787773,-0.39843779370028565,80.0,0.02035201400075099,0.39843779370028565,24.0,0.0,600.0199120344416,0.0,0.0001567262361277244,False,False,APPLY,MOVING,RUNAWAY DIAGNOSTIC
2.6919999999983526,FAULT,0.0,0.0,-1.5042806891216782e-12,0,0.056759221479482154,6.42064163730863e-06,6.42064163730863e-06,-5.5752459144069024e-18,0.004259150517342674,-9.883732985212362e-20,-0.0,-6.312123509423556e-07,-5.481229611021383e-19,0.0004730102637154126,8.054023057392273e-07,-0.0004731844536702094,0.0,0.0,80.28489959240521,-0.30363192081923185,80.0,0.015545103922714017,0.30363192081923185,24.0,0.0,600.0199120344416,0.0,0.00015672632389396313,False,False,APPLY,MOVING,RUNAWAY DIAGNOSTIC
2.701999999998318,FAULT,0.0,0.0,6.507627541782574e-13,0,0.050905342484091905,5.758429949502293e-06,5.758429949502293e-06,2.1630103443861773e-18,0.003819885523483735,3.5225486385570684e-20,0.0,-5.077244515041331e-07,1.9074123180982776e-19,0.00038047342590415937,6.478384733556731e-07,-0.00038061353992601077,0.0,0.0,80.21446702168384,-0.2308918586074859,80.0,0.01184178454725011,0.2308918586074859,24.0,0.0,600.0199120344416,0.0,0.00015672631002416892,False,False,APPLY,MOVING,RUNAWAY DIAGNOSTIC
2.711999999998284,FAULT,0.0,0.0,2.4527421607508797e-13,0,0.045655218145757265,5.164521858635945e-06,5.164521858635945e-06,7.314907710106154e-19,0.0034259241949815187,1.0155709970619797e-20,0.0,-4.083957082162778e-07,5.784970331950854e-20,0.000306040119786579,5.21099735984171e-07,-0.00030615282381434684,0.0,0.0,80.1609247984832,-0.17517095941484925,80.0,0.008996024109380288,0.17517095941484925,24.0,0.0,600.0199120344416,0.0,0.00015672614063078072,False,False,APPLY,MOVING,RUNAWAY DIAGNOSTIC
2.7219999999982494,FAULT,0.0,0.0,-1.8800817588887367e-12,0,0.0409465750399689,4.631870972918592e-06,4.631870972918593e-06,-5.026049491137495e-18,0.003072594039827158,-6.60760145113484e-20,-0.0,-3.2849946122701633e-07,-3.5646852189605196e-19,0.00024616857671027524,4.191555018759511e-07,-0.00024625923275092414,0.0,0.0,80.12032803387224,-0.13256351088016405,80.0,0.006814790354420033,0.13256351088016405,24.0,0.0,600.0199120344416,0.0,0.00015672619224460504,False,False,APPLY,MOVING,RUNAWAY DIAGNOSTIC
2.731999999998215,FAULT,0.0,0.0,2.762648226155525e-12,0,0.036723563865670904,4.154158171653653e-06,4.154158171653652e-06,6.624595103940318e-18,0.002755704499050882,7.767350028964813e-20,0.0,-2.6423386471950543e-07,4.213658040345123e-19,0.00019800996210625672,3.3715503574900257e-07,-0.00019808288327728622,0.0,0.0,80.08963133851616,-0.10004740481416573,80.0,0.005147154191629276,0.10004740481416573,24.0,0.0,600.0199120344416,0.0,0.0001567262958133142,False,False,APPLY,MOVING,RUNAWAY DIAGNOSTIC
2.7419999999981806,FAULT,0.0,0.0,4.400618175405113e-12,0,0.032936096449176305,3.7257164463737523e-06,3.7257164463737523e-06,9.464269112211887e-18,0.002471497231807431,9.954953235953177e-20,0.0,-2.1254091799816084e-07,5.3992394687051265e-19,0.00015927279710609192,2.7119661232736107e-07,-0.00015933145280042115,0.0,0.0,80.06648832692531,-0.07528557467814213,80.0,0.0038754679329513603,0.07528557467814213,24.0,0.0,600.0199120344416,0.0,0.00015672628558149881,False,False,APPLY,MOVING,RUNAWAY DIAGNOSTIC
2.751999999998146,FAULT,0.0,0.0,-1.8604960313118903e-13,0,0.029539251251141086,3.3414635352804023e-06,3.3414635352804023e-06,-3.5857390735814956e-19,0.002216601530890849,-3.717349672813306e-21,-0.0,-1.7096091607217274e-07,-1.8363409598677214e-20,0.00012811391016232893,2.1814184111951013e-07,-0.00012816109108737626,0.0,0.0,80.04909482955978,-0.05647230834246468,80.0,0.0029082827624573792,0.05647230834246468,24.0,0.0,600.0199120344416,0.0,0.00015672633446683903,False,False,APPLY,APPLIED,RUNAWAY DIAGNOSTIC
2.7619999999981117,FAULT,0.0,0.0,-7.725803096871184e-12,0,0.026492740276466,2.9968415366991225e-06,2.9968415366991225e-06,-1.3364859210253993e-17,0.0019879943386842745,-1.1245230914444018e-19,-0.0,-1.3751538488573676e-07,-6.132683974243645e-19,0.00010305072623441458,1.75466321839071e-07,-0.00010308867717136793,0.0,0.0,80.03606649699407,-0.04221403446988288,80.0,0.002174699865194461,0.04221403446988288,24.0,0.0,600.0199120344416,0.0,0.00015672620338591514,False,False,APPLY,APPLIED,RUNAWAY DIAGNOSTIC
2.7719999999980773,FAULT,0.0,0.0,-1.4686149218177562e-11,0,0.023760431029285826,2.68776277196638e-06,2.68776277196638e-06,-2.278540543956968e-17,0.001782964388454081,-1.724640557900092e-19,-0.0,-1.1061292489917278e-07,-9.37705177279913e-19,8.289071773077529e-05,1.411395206743622e-07,-8.292124432655049e-05,0.0,0.0,80.02634341835737,-0.03143672020183104,80.0,0.001619888874498532,0.03143672020183104,24.0,0.0,600.0199120344416,0.0,0.00015672621873363823,False,False,APPLY,APPLIED,RUNAWAY DIAGNOSTIC
2.781999999998043,FAULT,0.0,0.0,6.591225911652043e-13,0,0.0213099178177519,2.41056124834586e-06,2.4105612483458604e-06,9.172551888225977e-19,0.0015990800450709879,6.1877245722029235e-21,0.0,-8.89734790788433e-08,3.385319374934521e-20,6.667465885118318e-05,1.1352814934983498e-07,-6.669921352145416e-05,0.0,0.0,80.0191159227475,-0.023313886965009724,80.0,0.0012015480105552786,0.023313886965009724,24.0,0.0,600.0199120344416,0.0,0.00015672625625029468,False,False,APPLY,APPLIED,RUNAWAY DIAGNOSTIC
2.7919999999980085,FAULT,0.0,0.0,-1.1479372923190655e-12,0,0.01911213730586519,2.1619491388621637e-06,2.1619491388621637e-06,-1.4324449253945486e-18,0.0014341604632938925,-8.63452482413478e-21,-0.0,-7.156741928643607e-08,-4.7422264517665077e-20,5.363098231851994e-05,9.131844809956098e-08,-5.3650733347333085e-05,0.0,0.0,80.01376696290725,-0.017210643531649507,80.0,0.0008871184576570751,0.017210643531649507,24.0,0.0,600.0199120344416,0.0,0.00015672624408580305,False,False,APPLY,APPLIED,RUNAWAY DIAGNOSTIC
2.801999999997974,FAULT,0.0,0.0,1.3597718292822809e-11,0,0.017141023739510066,1.9389777590157238e-06,1.9389777590157238e-06,1.5219264656308268e-17,0.001286249721226644,8.295887421113227e-20,0.0,-5.7566551141166016e-08,4.518441008846412e-19,4.3139066114962065e-05,7.345367370961193e-08,-4.315495323753052e-05,0.0,0.0,80.0098274575271,-0.012640184145356434,80.0,0.0006515993960272803,0.012640184145356434,24.0,0.0,600.0199120344416,0.0,0.00015672625534079998,False,False,APPLY,APPLIED,RUNAWAY DIAGNOSTIC
2.8119999999979397,FAULT,0.0,0.0,-4.369187746133903e-12,0,0.015373199748091333,1.7390025741206046e-06,1.7390025741206046e-06,-4.3858215629995086e-18,0.001153593621935783,-2.1454635246576163e-20,-0.0,-4.6304705065653125e-08,-1.1678135888023645e-19,3.46997029688614e-05,5.908381762367886e-08,-3.471248208141942e-05,0.0,0.0,80.00694174285864,-0.009229997134044847,80.0,0.0004758391448167965,0.009229997134044847,24.0,0.0,600.0199120344416,0.0,0.00015672624806484237,False,False,APPLY,APPLIED,RUNAWAY DIAGNOSTIC
2.8219999999979053,FAULT,0.0,0.0,-4.807274162266063e-12,0,0.013787699047796078,1.559651819941881e-06,1.559651819941881e-06,-4.327871392810312e-18,0.0010346188879282428,-1.897355869801164e-20,-0.0,-3.724603773527174e-08,-1.0335621753850081e-19,2.7911347249669995e-05,4.752516125814923e-08,-2.792162637319288e-05,0.0,0.0,80.00484089691399,-0.0066956411031452254,80.0,0.00034520221590838857,0.0066956411031452254,24.0,0.0,600.0199120344416,0.0,0.00015672619474571547,False,False,APPLY,APPLIED,RUNAWAY DIAGNOSTIC
2.831999999997871,FAULT,0.0,0.0,7.341290791401894e-13,0,0.012365717752777818,1.39879836266829e-06,1.39879836266829e-06,5.930349751694216e-19,0.0009279145016150662,2.3031810180773364e-21,0.0,-2.995953525765607e-08,1.2700531125139187e-20,2.245100891791373e-05,3.822774388534113e-08,-2.2459277126541417e-05,0.0,0.0,80.00332218336771,-0.004820418017065245,80.0,0.0002485321618409688,0.004820418017065245,24.0,0.0,600.0199120344416,0.0,0.0001567261592754221,False,False,APPLY,APPLIED,RUNAWAY DIAGNOSTIC
2.8419999999978365,FAULT,0.0,0.0,3.1954234460544754e-12,0,0.011090391341250857,1.2545344633852164e-06,1.2545344633852166e-06,2.314074061486079e-18,0.0008322149703730724,8.186839166984595e-21,0.0,-2.4098504655686752e-08,4.4451858937987154e-20,1.8058885348840758e-05,3.0749195025523e-08,-1.8065536039210595e-05,0.0,0.0,80.00223324380518,-0.003439638915152828,80.0,0.0001773464799761711,0.003439638915152828,24.0,0.0,600.0199120344416,0.0,0.00015672634333441238,False,False,APPLY,APPLIED,RUNAWAY DIAGNOSTIC
2.851999999997802,FAULT,0.0,0.0,5.144779631234128e-13,0,0.00994659462875679,1.125149146758292e-06,1.1251491467582919e-06,3.3405207885496393e-19,0.0007463853176668437,9.59891402079504e-22,0.0,-1.9384077668145318e-08,5.755936292450243e-21,1.4525999738061362e-05,2.4733686177203356e-08,-1.4531349346570418e-05,0.0,0.0,80.00145996731719,-0.0024284634477532473,80.0,0.00012521307630809753,0.0024284634477532473,24.0,0.0,600.0199120344416,0.0,0.0001567261302852785,False,False,APPLY,APPLIED,RUNAWAY DIAGNOSTIC
2.8619999999977677,FAULT,0.0,0.0,2.1385208009177017e-12,0,0.008920762374431344,1.0091079050363133e-06,1.0091079050363131e-06,1.245639486561213e-18,0.0006694076221822513,3.545968189649976e-21,0.0,-1.55919418616094e-08,1.9248079263802677e-20,1.168425787748624e-05,1.989500033526749e-08,-1.1688560935959896e-05,0.0,0.0,80.00091720249999,-0.0016925173495727019,80.0,8.726842475543737e-05,0.0016925173495727019,24.0,0.0,600.0199120344416,0.0,0.00015672622669171687,False,False,APPLY,APPLIED,RUNAWAY DIAGNOSTIC
2.8719999999977333,FAULT,0.0,0.0,2.105475475167006e-12,0,0.008000728391363933,9.050344960119991e-07,9.050344960119991e-07,1.0998965435704776e-18,0.0006003689452949016,2.8145725070911747e-21,0.0,-1.2541667638902108e-08,1.5242870737820917e-20,9.39845017310572e-06,1.600291369809423e-08,-9.401911419164912e-06,0.0,0.0,80.00054166212838,-0.0011606663686031414,80.0,5.984604921989603e-05,0.0011606663686031414,24.0,0.0,600.0199120344416,0.0,0.00015672613108108635,False,False,APPLY,APPLIED,RUNAWAY DIAGNOSTIC
2.881999999997699,FAULT,0.0,0.0,-4.310764334860971e-12,0,0.0071755812519392155,8.116946189181435e-07,8.116946189181434e-07,-2.0197542849464956e-18,0.0005384505036716632,-4.614543369400705e-21,-0.0,-1.0088123277372215e-08,-2.510265684429987e-20,7.559818341765496e-06,1.2872241575795392e-08,-7.56260246006392e-06,0.0,0.0,80.0002865158346,-0.0007794617220482745,80.0,4.0190707160748504e-05,0.0007794617220482745,24.0,0.0,600.0199120344416,0.0,0.00015672621043449908,False,False,APPLY,APPLIED,RUNAWAY DIAGNOSTIC
2.8919999999976644,FAULT,0.0,0.0,3.5513363922775186e-12,0,0.006435534876160415,7.279812742790261e-07,7.279812742790261e-07,1.4923614686240576e-18,0.0004829179585772379,3.070869250011902e-21,0.0,-8.114569490701395e-09,1.6635636094207078e-20,6.080880678564736e-06,1.0354027285569263e-08,-6.083120136359604e-06,0.0,0.0,80.00011727954052,-0.0005088790933350714,80.0,2.6239001317582772e-05,0.0005088790933350714,24.0,0.0,600.0199120344416,0.0,0.00015672631423058192,False,False,APPLY,APPLIED,RUNAWAY DIAGNOSTIC
2.90199999999763,FAULT,0.0,0.0,1.2753659556906707e-11,0,0.005771812467650292,6.52901634002174e-07,6.52901634002174e-07,4.806683228135998e-18,0.000433112706706523,8.819283368766741e-21,0.0,-6.5271049350551e-09,4.8052576144430484e-20,4.891269673752962e-06,8.328454790430842e-09,-4.893071023608338e-06,0.0,0.0,80.00000869890764,-0.0003190569139001656,80.0,1.6451368545253708e-05,0.0003190569139001656,24.0,0.0,600.0199120344416,0.0,0.00015672629149321438,False,False,APPLY,APPLIED,RUNAWAY DIAGNOSTIC
2.9119999999975956,FAULT,0.0,0.0,6.273905614923348e-12,0,0.005176542420469495,5.855652658544127e-07,5.855652658544127e-07,2.1207333240187045e-18,0.0003884440692449184,3.484976544171261e-21,0.0,-5.2501983638173244e-09,1.901419394560331e-20,3.9343839284369285e-06,6.699147857730047e-09,-3.93583287793084e-06,0.0,0.0,79.99994189949587,-0.0001935883032767535,80.0,9.981911386554431e-06,0.0001935883032767535,24.0,0.0,600.0199120344416,0.0,0.00015672619474571547,False,False,APPLY,APPLIED,RUNAWAY DIAGNOSTIC
2.921999999997561,FAULT,0.0,0.0,1.2026463281304224e-12,0,0.004642664961963095,5.251735725216987e-07,5.251735725216986e-07,3.645886954815781e-19,0.0003483822865140626,5.294602155192934e-22,0.0,-4.223094842438997e-09,2.9316314884644992e-21,3.164695064528503e-06,5.388584487259947e-09,-3.165860554173325e-06,0.0,0.0,79.99990138296269,-0.00011741712236555217,80.0,6.054335298479834e-06,0.00011741712236555217,24.0,0.0,600.0199120344416,0.0,0.0001567262291928273,False,False,APPLY,APPLIED,RUNAWAY DIAGNOSTIC
2.931999999997527,FAULT,0.0,0.0,-1.1133143916515965e-11,0,0.004163848424259342,4.710103200012532e-07,4.7101032000125327e-07,-3.0269710403651386e-18,0.0003124522351163768,-4.012071540126536e-21,-0.0,-3.3969250269855894e-09,-2.1830743931346368e-20,2.5455814901096122e-06,4.334408425051752e-09,-2.5465189735076783e-06,0.0,0.0,79.99987680845305,-7.121704093676599e-05,80.0,3.6721399827084155e-06,7.121704093676599e-05,24.0,0.0,600.0199120344416,0.0,0.00015672620793338865,False,False,APPLY,APPLIED,RUNAWAY DIAGNOSTIC
2.9419999999974924,FAULT,0.0,0.0,6.1929899155479685e-12,0,0.0037344141512696215,4.224331429409108e-07,4.224331429409108e-07,1.510145577739038e-18,0.0002802277930618067,1.7949786980658023e-21,0.0,-2.7323799626491744e-09,9.767813962120712e-21,2.0475859498626068e-06,3.4864622633007022e-09,-2.0483400321632583e-06,0.0,0.0,79.99986190326321,-4.31953027262738e-05,80.0,2.2272654862692466e-06,4.31953027262738e-05,24.0,0.0,600.0199120344416,0.0,0.00015672631514007662,False,False,APPLY,APPLIED,RUNAWAY DIAGNOSTIC
2.951999999997458,FAULT,0.0,0.0,-5.44400529126786e-13,0,0.0033492691505118567,3.788659260839503e-07,3.788659260839503e-07,-1.1908123794361666e-19,0.00025132678604601074,-1.3023247886308508e-22,-0.0,-2.1978407669128716e-09,-6.906441126934935e-22,1.6470139543299914e-06,2.8044009606426036e-09,-1.647620514523721e-06,0.0,0.0,79.99985286280996,-2.6199269537710437e-05,80.0,1.3509048047420493e-06,2.6199269537710437e-05,24.0,0.0,600.0199120344416,0.0,0.00015672633992380725,False,False,APPLY,APPLIED,RUNAWAY DIAGNOSTIC
2.9619999999974236,FAULT,0.0,0.0,-8.109107000061585e-13,0,0.0030038456909545876,3.397919715397756e-07,3.3979197153977556e-07,-1.5904487826368997e-19,0.00022540645494226628,-1.5199443755661884e-22,-0.0,-1.7678742073912233e-09,-8.275942028593042e-22,1.3248064010383965e-06,2.2557722337666113e-09,-1.3252942990647718e-06,0.0,0.0,79.99984737949839,-1.589065805835647e-05,80.0,8.193651824291518e-07,1.589065805835647e-05,24.0,0.0,600.0199120344416,0.0,0.00015672614927098039,False,False,APPLY,APPLIED,RUNAWAY DIAGNOSTIC
2.971999999997389,FAULT,0.0,0.0,4.5651290900088645e-12,0,0.0026940471304673624,3.047478707402951e-07,3.047478707402951e-07,8.03060966229277e-19,0.0002021593907513343,6.870526624948502e-22,0.0,-1.4220225926910909e-09,3.747283271230069e-21,1.0656327467144376e-06,1.8144724852948575e-09,-1.0660251966070416e-06,0.0,0.0,79.99984405370203,-9.638170514036316e-06,80.0,4.969701046443096e-07,9.638170514036316e-06,24.0,0.0,600.0199120344416,0.0,0.0001567262219168697,False,False,APPLY,APPLIED,RUNAWAY DIAGNOSTIC
2.9819999999973548,FAULT,0.0,0.0,-7.479199834271172e-12,0,0.0024161993303714563,2.733180084382586e-07,2.7331800843825865e-07,-1.1799973277142225e-18,0.00018130988879782057,-9.086223599725553e-22,-0.0,-1.1438303993413069e-09,-4.938268256941575e-21,8.57161583727518e-07,1.4595048010218686e-09,-8.574772581291986e-07,0.0,0.0,79.99984203650455,-5.845845625495015e-06,80.0,3.01427605427366e-07,5.845845625495015e-06,24.0,0.0,600.0199120344416,0.0,0.00015672620861550968,False,False,APPLY,APPLIED,RUNAWAY DIAGNOSTIC
2.9919999999973204,FAULT,0.0,0.0,-6.2999247138360655e-12,0,0.00216700708085083,2.451296335554483e-07,2.451296335554483e-07,-8.914176254173533e-19,0.0001626106789339988,-6.126645685018979e-22,-0.0,-9.200613215035295e-10,-3.3458163308062855e-21,6.894739148286027e-07,1.1739799221144087e-09,-6.897278334292136e-07,0.0,0.0,79.99984081301247,-3.5456844953565216e-06,80.0,1.8282508437545745e-07,3.5456844953565216e-06,24.0,0.0,600.0199120344416,0.0,0.00015672614335926482,False,False,APPLY,APPLIED,RUNAWAY DIAGNOSTIC
3.001999999997286,FAULT,0.0,0.0,4.85774447296156e-13,0,0.0019435150204194119,2.1984843839953281e-07,2.1984843839953284e-07,6.165157826512425e-20,0.00014583999297160616,3.8718353457303876e-23,0.0,-7.400684905628888e-10,2.0751893617424082e-22,5.545912098593089e-07,9.443126586489668e-10,-5.54795454027395e-07,0.0,0.0,79.99984007092706,-2.150566316203743e-06,80.0,1.1088901903826269e-07,2.150566316203743e-06,24.0,0.0,600.0199120344416,0.0,0.00015672626136620238,False,False,APPLY,APPLIED,RUNAWAY DIAGNOSTIC
3.0119999999972515,FAULT,0.0,0.0,-5.766059793014007e-12,0,0.001743072585944529,1.9717459381148223e-07,1.9717459381148223e-07,-6.562625435918634e-19,0.00013079893456170117,-3.6347075441532966e-22,-0.0,-5.952878996660874e-10,-1.981356061005924e-21,4.460957894371443e-07,7.595755099678371e-10,-4.4626007704744596e-07,0.0,0.0,79.9998396208295,-1.3043843918452738e-06,80.0,6.725758987216346e-08,1.3043843918452738e-06,24.0,0.0,600.0199120344416,0.0,0.0001567262954722537,False,False,APPLY,APPLIED,RUNAWAY DIAGNOSTIC
3.021999999997217,FAULT,0.0,0.0,1.927886789250582e-13,0,0.001563302577532894,1.768391932505897e-07,1.768391932505897e-07,1.9692647654104378e-20,0.00011730912032973469,9.528732915698745e-24,0.0,-4.788309304947874e-10,5.327560132724344e-23,3.588254735393579e-07,6.109787372302476e-10,-3.5895762134609346e-07,0.0,0.0,79.99983934783155,-7.911491203052041e-07,80.0,4.079379035584457e-08,7.911491203052041e-07,24.0,0.0,600.0199120344416,0.0,0.00015672614381401218,False,False,APPLY,APPLIED,RUNAWAY DIAGNOSTIC
3.0319999999971827,FAULT,0.0,0.0,-1.0636516114378945e-11,0,0.0014020729654579168,1.586010636071415e-07,1.5860106360714149e-07,-9.737739551073963e-19,0.00010521056429007279,-4.348417394357375e-22,-0.0,-3.85156594606885e-10,-2.364793049015466e-21,2.886279664254481e-07,4.914521501169893e-10,-2.887342619809583e-07,0.0,0.0,79.99983918225,-4.79856195883392e-07,80.0,2.4742684576708983e-08,4.79856195883392e-07,24.0,0.0,600.0199120344416,0.0,0.00015672628148877266,False,False,APPLY,APPLIED,RUNAWAY DIAGNOSTIC
3.0419999999971483,FAULT,0.0,0.0,4.490509558204313e-12,0,0.0012574716047605815,1.4224390493621946e-07,1.4224390493621946e-07,3.6870940369112497e-19,9.435978044950476e-05,1.475620742547844e-22,0.0,-3.098078947094281e-10,8.030502031212073e-22,2.3216329158698092e-07,3.95308709194788e-10,-2.322487924014663e-07,0.0,0.0,79.99983908181964,-2.9104749432559334e-07,80.0,1.5007196799372716e-08,2.9104749432559334e-07,24.0,0.0,600.0199120344416,0.0,0.00015672613176320738,False,False,APPLY,APPLIED,RUNAWAY DIAGNOSTIC
3.051999999997114,FAULT,0.0,0.0,0,0,0.0011277835576410792,1.2757372518343037e-07,1.2757372518343037e-07,-4.957139682973249e-20,8.462808109696874e-05,-1.7660386857363835e-23,-0.0,-2.4919976195878374e-10,-9.683829280552437e-23,1.867448766260212e-07,3.179739382213924e-10,-1.8681365080228385e-07,0.0,0.0,79.99983902090557,-1.7652922847218065e-07,80.0,9.102324975160751e-09,1.7652922847218065e-07,24.0,0.0,600.0199120344416,0.0,0.0001567263180959344,False,False,APPLY,APPLIED,RUNAWAY DIAGNOSTIC
3.0619999999970795,FAULT,0.0,0.0,0,0,0.0010114707546873835,1.1441653947277723e-07,1.1441653947277723e-07,2.808515670757355e-19,7.59000505975505e-05,9.02885006163319e-23,0.0,-2.004484793809607e-10,4.920432174983401e-22,1.5021172691996628e-07,2.5576827189696635e-10,-1.5026704671248228e-07,0.0,0.0,79.99983898395934,-1.0707038930489626e-07,80.0,5.520839172102965e-09,1.0707038930489626e-07,24.0,0.0,600.0199120344416,0.0,0.0001567261251693708,False,False,APPLY,APPLIED,RUNAWAY DIAGNOSTIC
3.071999999997045,FAULT,0.0,0.0,0,0,0.0009071537537254662,1.0261630669242412e-07,1.026163066924241e-07,-1.562109877055387e-19,6.807217659026535e-05,-4.5198473451347224e-23,-0.0,-1.6123447545999498e-10,-2.454399973809687e-22,1.2082560612893768e-07,2.05731983224551e-10,-1.2087010363670228e-07,0.0,0.0,79.99983896155025,-6.494147382440448e-08,80.0,3.348558225222924e-09,6.494147382440448e-08,24.0,0.0,600.0199120344416,0.0,0.00015672622237161704,False,False,APPLY,APPLIED,RUNAWAY DIAGNOSTIC
3.0819999999970107,FAULT,0.0,0.0,0,0,0.0008135953799550479,9.203307887777461e-08,9.203307887777461e-08,-9.8029479511619e-20,6.105162235592105e-05,-2.52988828264082e-23,-0.0,-1.2969195958476812e-10,-1.381423934706234e-22,9.71883314215849e-08,1.6548436057104968e-10,-9.722412382257117e-08,0.0,0.0,79.9998389479585,-3.938899494804209e-08,80.0,2.0310032294305993e-09,3.938899494804209e-08,24.0,0.0,600.0199120344416,0.0,0.00015672618872031308,False,False,APPLY,APPLIED,RUNAWAY DIAGNOSTIC
3.0919999999969763,FAULT,0.0,0.0,0,0,0.0007296860533448053,8.254134145425648e-08,8.254134145425647e-08,-1.0705889100940527e-19,5.4755125795610806e-05,-2.4666380463489235e-23,-0.0,-1.0432014826646007e-10,-1.3531188481204352e-22,7.81752483486916e-08,1.3311043411147954e-10,-7.820403863453664e-08,0.0,0.0,79.99983893971464,-2.3890633086329476e-08,80.0,1.2318657286250151e-09,2.3890633086329476e-08,24.0,0.0,600.0199120344416,0.0,0.0001567262080470755,False,False,APPLY,APPLIED,RUNAWAY DIAGNOSTIC
3.101999999996942,FAULT,0.0,0.0,0,0,0.0006544306292727159,7.402852467177044e-08,7.402852467177044e-08,1.0940118830746914e-19,4.91080119619668e-05,2.30215108127948e-23,0.0,-8.391185831276656e-11,1.239995437005273e-22,6.28817201177167e-08,1.0706986213257073e-10,-6.29048781215365e-08,0.0,0.0,79.99983893471453,-1.449040144499238e-08,80.0,7.471643330603059e-10,1.449040144499238e-08,24.0,0.0,600.0199120344416,0.0,0.00015672616734718758,False,False,APPLY,APPLIED,RUNAWAY DIAGNOSTIC
3.1119999999969075,FAULT,0.0,0.0,0,0,0.0005869365963449708,6.639366854643295e-08,6.639366854643295e-08,1.462779121267055e-19,4.404330743201568e-05,2.7319376485732674e-23,0.0,-6.74960693968266e-11,1.4869863980347787e-22,5.058008524299298e-08,8.612364203225481e-11,-5.059871281562841e-08,0.0,0.0,79.9998389316818,-8.788872747265657e-09,80.0,4.5317807584481154e-10,8.788872747265657e-09,24.0,0.0,600.0199120344416,0.0,0.0001567261472246173,False,False,APPLY,APPLIED,RUNAWAY DIAGNOSTIC
3.121999999996873,FAULT,0.0,0.0,0,0,0.0005264034914213436,5.954622549985372e-08,5.954622549985371e-08,2.591925463812573e-19,3.9500946018300424e-05,4.3690221887662584e-23,0.0,-5.4291723199648384e-11,2.363183924230109e-22,4.068503562896121e-08,6.927515894514515e-11,-4.0700019064706696e-08,0.0,0.0,79.99983892984235,-5.330720785284219e-09,80.0,2.7486639730945195e-10,5.330720785284219e-09,24.0,0.0,600.0199120344416,0.0,0.00015672620497753087,False,False,APPLY,APPLIED,RUNAWAY DIAGNOSTIC
3.1319999999968386,FAULT,0.0,0.0,0,0,0.00047211340631112816,5.3404986487870255e-08,5.3404986487870255e-08,-9.424854899653397e-20,3.5427056398185314e-05,-1.418435016459797e-23,-0.0,-4.367056088876116e-11,-7.706592966737939e-23,3.272576778563594e-08,5.57227671046741e-11,-3.273781999185185e-08,0.0,0.0,79.99983892872669,-3.2332455945520673e-09,80.0,1.667148972929348e-10,3.2332455945520673e-09,24.0,0.0,600.0199120344416,0.0,0.00015672614915729355,False,False,APPLY,APPLIED,RUNAWAY DIAGNOSTIC
3.1419999999968042,FAULT,0.0,0.0,0,0,0.00042342247355235376,4.7897117878588845e-08,4.7897117878588845e-08,-3.7267106702242444e-21,3.1773323212792355e-05,-5.285999153704956e-25,-0.0,-3.5127230747890636e-11,-2.7335734305463336e-24,2.632358213923326e-08,4.482164777729843e-11,-2.6333276556262673e-08,0.0,0.0,79.99983892805002,-1.9610625834434315e-09,80.0,1.0111769663900638e-10,1.9610625834434315e-09,24.0,0.0,600.0199120344416,0.0,0.00015672623328555346,False,False,APPLY,APPLIED,RUNAWAY DIAGNOSTIC
3.15199999999677,FAULT,0.0,0.0,0,0,0.00037975323029610937,4.2957297662441013e-08,4.2957297662441e-08,-7.922965196958922e-20,2.849641405835114e-05,-9.627637140551734e-24,-0.0,-2.825524369288129e-11,-5.2112378590840744e-23,2.117386461975997e-08,3.605312898008248e-11,-2.1181662505047172e-08,0.0,0.0,79.99983892763959,-1.1894445824614868e-09,80.0,6.133098325107775e-11,1.1894445824614868e-09,24.0,0.0,600.0199120344416,0.0,0.00015672625193019485,False,False,APPLY,APPLIED,RUNAWAY DIAGNOSTIC
3.1619999999967354,FAULT,0.0,0.0,0,0,0.0003405877697344593,3.852694074849262e-08,3.852694074849262e-08,-2.3306581047014554e-19,2.5557465574213926e-05,-2.5295626408591448e-23,-0.0,-2.2727632642552767e-11,-1.374880806813969e-22,1.703159321478588e-08,2.900000722317327e-11,-1.70378655893665e-08,0.0,0.0,79.99983892739064,-7.214346072874849e-10,80.0,3.719912173210022e-11,7.214346072874849e-10,24.0,0.0,600.0199120344416,0.0,0.00015672622123474866,False,False,APPLY,APPLIED,RUNAWAY DIAGNOSTIC
3.171999999996701,FAULT,0.0,0.0,0,0,0.0003054615988486284,3.455350416044708e-08,3.455350416044707e-08,1.0224778344192511e-19,2.2921622532660505e-05,1.001939177697173e-23,0.0,-1.8281395523531448e-11,5.409833907517826e-23,1.3699679895530565e-08,2.3326697092790098e-11,-1.3704725197099823e-08,0.0,0.0,79.99983892723965,-4.3757220829594527e-10,80.0,2.2562407844901006e-11,4.3757220829594527e-10,24.0,0.0,600.0199120344416,0.0,0.0001567261477930515,False,False,APPLY,APPLIED,RUNAWAY DIAGNOSTIC
3.1819999999966666,FAULT,0.0,0.0,0,0,0.00027395812963239166,3.09898638878876e-08,3.09898638878876e-08,7.203648588447805e-20,2.05576244642066e-05,6.297230481776908e-24,0.0,-1.4704981709291702e-11,3.4181784785333365e-23,1.101959322755943e-08,1.8763264197919588e-11,-1.1023651510048057e-08,0.0,0.0,79.99983892714808,-2.65400960169043e-10,80.0,1.3684792114873152e-11,2.65400960169043e-10,24.0,0.0,600.0199120344416,0.0,0.00015672626943796786,False,False,APPLY,APPLIED,RUNAWAY DIAGNOSTIC
3.191999999996632,FAULT,0.0,0.0,0,0,0.00024570373845749334,2.7793756006528856e-08,2.779375600652886e-08,-8.187196574256095e-21,1.8437434915889564e-05,-6.599168570972061e-25,-0.0,-1.1828226504795505e-11,-3.483609757455988e-24,8.863815492701911e-09,1.5092581772997077e-11,-8.867079847970113e-09,0.0,0.0,79.99983892709254,-1.6097381945947091e-10,80.0,8.300245989464174e-12,1.6097381945947091e-10,24.0,0.0,600.0199120344416,0.0,0.00015672614108552807,False,False,APPLY,APPLIED,RUNAWAY DIAGNOSTIC
3.201999999996598,FAULT,0.0,0.0,0,0,0.00022036333498626085,2.4927275439575765e-08,2.492727543957577e-08,-3.7039383353819466e-20,1.6535908945622453e-05,-2.6066488663398937e-24,-0.0,-9.514254762011517e-12,-1.4137397163519214e-23,7.129775434296946e-09,1.2139999851566759e-11,-7.132401179386502e-09,0.0,0.0,79.99983892705883,-9.763555691313183e-11,80.0,5.034353675766787e-12,9.763555691313183e-11,24.0,0.0,600.0199120344416,0.0,0.0001567262273738379,False,False,APPLY,APPLIED,RUNAWAY DIAGNOSTIC
3.2119999999965634,FAULT,0.0,0.0,0,0,0.00019763638808014983,2.235642641124407e-08,2.235642641124407e-08,-2.043184487239853e-20,1.4830494909178303e-05,-1.2994621701779848e-24,-0.0,-7.652968400793704e-12,-6.994482547796414e-24,5.734967947601238e-09,9.7650354733419e-12,-5.737080014673785e-09,0.0,0.0,79.99983892703843,-5.921895874590135e-11,80.0,3.0534898561895167e-12,5.921895874590135e-11,24.0,0.0,600.0199120344416,0.0,0.00015672627955609642,False,False,APPLY,APPLIED,RUNAWAY DIAGNOSTIC
3.221999999996529,FAULT,0.0,0.0,0,0,0.00017725336157201592,2.0050719265168202e-08,2.00507192651682e-08,1.224537122940712e-19,1.330096700306917e-05,6.903454310221151e-24,0.0,-6.15580797541907e-12,3.7595116502465024e-23,4.61302851168474e-09,7.854688547144953e-12,-4.614727392256466e-09,0.0,0.0,79.99983892702602,-3.59181141156352e-11,80.0,1.8520352169004396e-12,3.59181141156352e-11,24.0,0.0,600.0199120344416,0.0,0.00015672609822559025,False,False,APPLY,APPLIED,RUNAWAY DIAGNOSTIC
3.2319999999964946,FAULT,0.0,0.0,0,0,0.00015897251763146003,1.7982808864824035e-08,1.7982808864824035e-08,4.2985493007086836e-20,1.1929185391341874e-05,2.1732045088007775e-24,0.0,-4.951539042908936e-12,1.1836094265485028e-23,3.7105755854620886e-09,6.3180653405212195e-12,-3.711942111759701e-09,0.0,0.0,79.99983892701847,-2.1785437450185516e-11,80.0,1.1233161419176414e-12,2.1785437450185516e-11,24.0,0.0,600.0199120344416,0.0,0.0001567261496120409,False,False,APPLY,APPLIED,RUNAWAY DIAGNOSTIC
3.24199999999646,FAULT,0.0,0.0,0,0,0.0001425770498117647,1.6128170286488478e-08,1.6128170286488478e-08,4.348250825166081e-20,1.0698881071451454e-05,1.9719692473225182e-24,0.0,-3.982862849508846e-12,1.073739404024217e-23,2.984670730006446e-09,5.082053783256609e-12,-2.9857699209401943e-09,0.0,0.0,79.99983892701391,-1.3213535748787687e-11,80.0,6.813256806231501e-13,1.3213535748787687e-11,24.0,0.0,600.0199120344416,0.0,0.0001567262005437442,False,False,APPLY,APPLIED,RUNAWAY DIAGNOSTIC
3.2519999999964257,FAULT,0.0,0.0,0,0,0.0001278725117771527,1.4464807958731763e-08,1.4464807958731762e-08,-8.723069374314984e-21,9.595462927772649e-06,-3.5955017882525364e-25,-0.0,-3.2036900730181836e-12,-1.9317373411562466e-24,2.400775610528728e-09,4.087844817049515e-12,-2.4016597652727593e-09,0.0,0.0,79.99983892701111,-8.014414554848012e-12,80.0,4.132449145475136e-13,8.014414554848012e-12,24.0,0.0,600.0199120344416,0.0,0.00015672623692353227,False,False,APPLY,APPLIED,RUNAWAY DIAGNOSTIC
3.2619999999963913,FAULT,0.0,0.0,0,0,0.0001146845112156209,1.2972994801656957e-08,1.2972994801656955e-08,3.210085915091559e-20,8.605844684450152e-06,1.1698870333300023e-24,0.0,-2.576947907063612e-12,6.37636900778868e-24,1.9311086727880847e-09,3.28813427819147e-12,-1.9318198591592125e-09,0.0,0.0,79.9998389270096,-4.860988147162253e-12,80.0,2.5064571064339114e-13,4.860988147162253e-12,24.0,0.0,600.0199120344416,0.0,0.00015672623692353227,False,False,APPLY,APPLIED,RUNAWAY DIAGNOSTIC
3.271999999996357,FAULT,0.0,0.0,0,0,0.00010285664158772646,1.163503826690387e-08,1.163503826690387e-08,-2.547609777278358e-20,7.718289705289514e-06,-8.328761882887234e-25,-0.0,-2.0728161477402103e-12,-4.538537668789943e-24,1.5533233050913293e-09,2.644872179676506e-12,-1.5538953611232654e-09,0.0,0.0,79.99983892700827,-2.948338347753477e-12,80.0,1.5202430823067593e-13,2.948338347753477e-12,24.0,0.0,600.0199120344416,0.0,0.00015672623692353227,False,False,APPLY,APPLIED,RUNAWAY DIAGNOSTIC
3.2819999999963225,FAULT,0.0,0.0,0,0,9.22486271823343e-05,1.0435070509398596e-08,1.0435070509398595e-08,-5.414484074389548e-20,6.9222718000525414e-06,-1.5909872954242201e-24,-0.0,-1.6673083575314275e-12,-8.65116617940744e-24,1.2494445932255045e-09,2.1274523042563264e-12,-1.2499047371722293e-09,0.0,0.0,79.99983892700783,-1.7882576031189313e-12,80.0,9.220740396350753e-14,1.7882576031189313e-12,24.0,0.0,600.0199120344416,0.0,0.00015672623692353227,False,False,APPLY,APPLIED,RUNAWAY DIAGNOSTIC
3.291999999996288,FAULT,0.0,0.0,0,0,8.273465948017025e-05,9.358860197816486e-09,9.358860197816486e-09,-2.18759000739062e-20,6.208350386352897e-06,-5.77857968014306e-25,-0.0,-1.3411305976797817e-12,-3.134794397828982e-24,1.005014079442949e-09,1.7112559698249311e-12,-1.0053842048150942e-09,0.0,0.0,79.99983892700783,-1.0846330637558453e-12,80.0,5.592661755637485e-14,1.0846330637558453e-12,24.0,0.0,600.0199120344416,0.0,0.00015672623692353227,False,False,APPLY,APPLIED,RUNAWAY DIAGNOSTIC
3.3019999999962537,FAULT,0.0,0.0,0,0,7.420190509474583e-05,8.393643734663618e-09,8.393643734663618e-09,4.983707406955947e-21,5.568058526601818e-06,1.180640785189975e-25,0.0,-1.0787634284345618e-12,6.404540808435933e-25,8.084018333879816e-10,1.3764806799224173e-12,-8.086995506394691e-10,0.0,0.0,79.99983892700783,-6.578632077059602e-13,80.0,3.39212082419638e-14,6.578632077059602e-13,24.0,0.0,600.0199120344416,0.0,0.00015672623692353227,False,False,APPLY,APPLIED,RUNAWAY DIAGNOSTIC
3.3119999999962193,FAULT,0.0,0.0,0,0,6.65491675953904e-05,7.527973883137374e-09,7.527973883137372e-09,2.413912676488033e-20,4.993802512148866e-06,5.100033083908155e-25,0.0,-8.677234987797126e-13,2.78249542844452e-24,6.502531035069117e-10,1.1071979269098399e-12,-6.504925779350417e-10,0.0,0.0,79.99983892700783,-3.990142053705606e-13,80.0,2.0574252813247684e-14,3.990142053705606e-13,24.0,0.0,600.0199120344416,0.0,0.00015672623692353227,False,False,APPLY,APPLIED,RUNAWAY DIAGNOSTIC
3.321999999996185,FAULT,0.0,0.0,0,0,5.968568734166871e-05,6.7515840053021595e-09,6.751584005302158e-09,4.4708780409636805e-21,4.478771803709483e-06,8.490588808984272e-26,0.0,-6.979695923015549e-13,4.621841380381282e-25,5.230432207813771e-10,8.905953183618584e-13,-5.232358465074376e-10,0.0,0.0,79.99983892700783,-2.4201434921811513e-13,80.0,1.2478915131913458e-14,2.4201434921811513e-13,24.0,0.0,600.0199120344416,0.0,0.00015672623692353227,False,False,APPLY,APPLIED,RUNAWAY DIAGNOSTIC
3.3319999999961505,FAULT,0.0,0.0,0,0,5.353006509574661e-05,6.055266302473739e-09,6.05526630247374e-09,9.022182185140047e-21,4.0168582599943615e-06,1.5447632018218897e-25,0.0,-5.614248691673158e-13,8.364828603473938e-25,4.2071957723870595e-10,7.163669672887174e-13,-4.2087451933682727e-10,0.0,0.0,79.99983892700783,-1.4678912289118532e-13,80.0,7.568844627457346e-15,1.4678912289118532e-13,24.0,0.0,600.0199120344416,0.0,0.00015672623692353227,False,False,APPLY,APPLIED,RUNAWAY DIAGNOSTIC
3.341999999996116,FAULT,0.0,0.0,0,0,4.800929664682368e-05,5.430762612952731e-09,5.430762612952731e-09,1.907996340715682e-20,3.6025836966114025e-06,2.912269358240618e-25,0.0,-4.515925725118063e-13,1.5865949179039496e-24,3.3841364468429915e-10,5.76223141130679e-13,-3.3853827525291794e-10,0.0,0.0,79.99983892700783,-8.903210354582843e-14,80.0,4.5907363251540724e-15,8.903210354582843e-14,24.0,0.0,600.0199120344416,0.0,0.00015672623692353227,False,False,APPLY,APPLIED,RUNAWAY DIAGNOSTIC
3.3519999999960817,FAULT,0.0,0.0,0,0,4.305790699863322e-05,4.870666471984526e-09,4.870666471984526e-09,1.3020443911718265e-20,3.231034916106201e-06,1.7813268100795668e-25,0.0,-3.6324691467873853e-13,9.710562198908567e-25,2.7220933159380245e-10,4.63495838775737e-13,-2.7230958051789954e-10,0.0,0.0,79.99983892700783,-5.4000700499254104e-14,80.0,2.7844223318624138e-15,5.4000700499254104e-14,24.0,0.0,600.0199120344416,0.0,0.00015672623692353227,False,False,APPLY,APPLIED,RUNAWAY DIAGNOSTIC
3.3619999999960473,FAULT,0.0,0.0,0,0,3.861717385159534e-05,4.368335272938851e-09,4.36833527293885e-09,4.257161485796693e-21,2.897805438612744e-06,5.296057130246524e-26,0.0,-2.92184435825958e-13,2.8478509767202703e-25,2.1895665665579587e-10,3.7282152907108484e-13,-2.190372937490411e-10,0.0,0.0,79.99983892700783,-3.275308049875652e-14,80.0,1.688837513863078e-15,3.275308049875652e-14,24.0,0.0,600.0199120344416,0.0,0.00015672623692353227,False,False,APPLY,APPLIED,RUNAWAY DIAGNOSTIC
3.371999999996013,FAULT,0.0,0.0,0,0,3.4634431170375886e-05,3.917811487747314e-09,3.917811487747313e-09,1.979747268750541e-20,2.5989432420537935e-06,2.1816461093475475e-25,0.0,-2.3502400458104874e-13,1.1876269373666124e-24,1.7612187360807525e-10,2.998859556238762e-13,-1.7618673555911808e-10,0.0,0.0,79.99983892700783,-1.9865747522531543e-14,80.0,1.0243317314308043e-15,1.9865747522531543e-14,24.0,0.0,600.0199120344416,0.0,0.00015672623692353227,False,False,APPLY,APPLIED,RUNAWAY DIAGNOSTIC
3.3819999999959784,FAULT,0.0,0.0,0,0,3.1062444577262084e-05,3.513752011767984e-09,3.5137520117679847e-09,-1.9415222781224036e-21,2.330903892102204e-06,-1.936692965362845e-26,-0.0,-1.8904594480744615e-13,-1.0445149473850373e-25,1.4166691635225886e-10,2.412188657788697e-13,-1.4171908927323023e-10,0.0,0.0,79.99983892700783,-1.2049184950525523e-14,80.0,6.212886008293021e-16,1.2049184950525523e-14,24.0,0.0,600.0199120344416,0.0,0.00015672623692353227,False,False,APPLY,APPLIED,RUNAWAY DIAGNOSTIC
3.391999999995944,FAULT,0.0,0.0,0,0,2.7858851163717975e-05,3.1513647961196912e-09,3.151364796119692e-09,7.829797430203016e-21,2.090508506035676e-06,6.952487537506974e-26,0.0,-1.5206263424958057e-13,3.7781073105930963e-25,1.139524283816315e-10,1.9402889704054765e-13,-1.1399439464442246e-10,0.0,0.0,79.99983892700783,-7.308200097041691e-15,80.0,3.76830584932931e-16,7.308200097041691e-15,24.0,0.0,600.0199120344416,0.0,0.00015672623692353227,False,False,APPLY,APPLIED,RUNAWAY DIAGNOSTIC
3.4019999999959096,FAULT,0.0,0.0,0,0,2.498565707640401e-05,2.826352014867256e-09,2.826352014867256e-09,3.0923384853315367e-21,1.8749060519463154e-06,2.455921213179315e-26,0.0,-1.2231441810843398e-13,1.3382551940531333e-25,9.165976269141891e-11,1.560707648849145e-13,-9.169351903819535e-11,0.0,0.0,79.99983892700783,-4.432647426170574e-15,80.0,2.285593032792654e-16,4.432647426170574e-15,24.0,0.0,600.0199120344416,0.0,0.00015672623692353227,False,False,APPLY,APPLIED,RUNAWAY DIAGNOSTIC
3.411999999995875,FAULT,0.0,0.0,0,0,2.240878691913746e-05,2.5348590940028245e-09,2.5348590940028245e-09,-1.7363905317254535e-21,1.6815395361825953e-06,-1.2373973551683639e-26,-0.0,-9.838588520496669e-14,-6.74097420729459e-26,7.372824095078928e-11,1.255384327968266e-13,-7.375539349838114e-11,0.0,0.0,79.99983892700783,-2.6885365676687116e-15,80.0,1.38628225001431e-16,2.6885365676687116e-15,24.0,0.0,600.0199120344416,0.0,0.00015672623692353227,False,False,APPLY,APPLIED,RUNAWAY DIAGNOSTIC
3.421999999995841,FAULT,0.0,0.0,0,0,2.0097679626827615e-05,2.2734289970308614e-09,2.273428997030862e-09,-8.09140818166488e-21,1.508115678014885e-06,-5.155541281504031e-26,-0.0,-7.913852313743286e-14,-2.816564753219205e-25,5.93046867467741e-11,1.0097918159565047e-13,-5.932652740523234e-11,0.0,0.0,79.99983892700783,-1.6306798580496232e-15,80.0,8.40822687649083e-17,1.6306798580496232e-15,24.0,0.0,600.0199120344416,0.0,0.00015672623692353227,False,False,APPLY,APPLIED,RUNAWAY DIAGNOSTIC
3.4319999999958064,FAULT,0.0,0.0,0,0,1.8024926018535976e-05,2.0389612254073113e-09,2.0389612254073113e-09,-5.9366211804165386e-21,1.3525777118732924e-06,-3.4064295786414274e-26,-0.0,-6.365654820637025e-14,-1.853460251252976e-25,4.770283170706471e-11,8.122448949342381e-14,-4.772039964835175e-11,0.0,0.0,79.99983892700783,-9.890573300829296e-16,80.0,5.099847394411417e-17,9.890573300829296e-16,24.0,0.0,600.0199120344416,0.0,0.00015672623692353227,False,False,APPLY,APPLIED,RUNAWAY DIAGNOSTIC
3.441999999995772,FAULT,0.0,0.0,0,0,1.616594373113909e-05,1.8286750473243133e-09,1.8286750473243135e-09,5.083901161941889e-21,1.2130809945988463e-06,2.603640348062607e-26,0.0,-5.120333269970901e-14,1.4234995034713158e-25,3.837066305719014e-11,6.533443417958882e-14,-3.838479415867002e-11,0.0,0.0,79.99983892700783,-5.998935949088084e-16,80.0,3.093213804566077e-17,5.998935949088084e-16,24.0,0.0,600.0199120344416,0.0,0.00015672623692353227,False,False,APPLY,APPLIED,RUNAWAY DIAGNOSTIC
3.4519999999957376,FAULT,0.0,0.0,0,0,1.4498685678352454e-05,1.6400765188890726e-09,1.6400765188890726e-09,-2.624805281401506e-21,1.0879711284158706e-06,-1.2086581663150309e-26,-0.0,-4.1186356367678695e-14,-6.591642837936253e-26,3.086415901868687e-11,5.2552971599915645e-14,-3.0875525633919093e-11,0.0,0.0,79.99983892700783,-3.638538578774184e-16,80.0,1.876129009515665e-17,3.638538578774184e-16,24.0,0.0,600.0199120344416,0.0,0.00015672623692353227,False,False,APPLY,APPLIED,RUNAWAY DIAGNOSTIC
3.461999999995703,FAULT,0.0,0.0,0,0,1.3003378577569847e-05,1.470928906548741e-09,1.470928906548741e-09,1.803487589742906e-21,9.75764340169176e-07,7.516118793526072e-27,0.0,-3.312901448784468e-14,4.062002573164034e-26,2.4826162386380052e-11,4.2271963607900605e-14,-2.4835305335500103e-11,0.0,0.0,79.99983892700783,-2.2068852045737493e-16,80.0,1.1379297658475332e-17,2.2068852045737493e-16,24.0,0.0,600.0199120344416,0.0,0.00015672623692353227,False,False,APPLY,APPLIED,RUNAWAY DIAGNOSTIC
3.4719999999956688,FAULT,0.0,0.0,0,0,1.1662288443432008e-05,1.3192261600013794e-09,1.319226160001379e-09,2.5113954392305395e-21,8.751298841285558e-07,9.333580363445418e-27,0.0,-2.664794115650466e-14,5.0727700510237164e-26,1.9969387095943152e-11,3.400224293445195e-14,-1.99767413977211e-11,0.0,0.0,79.99983892700783,-1.3385435390401499e-16,80.0,6.901892915861383e-18,1.3385435390401499e-16,24.0,0.0,600.0199120344416,0.0,0.00015672623692353227,False,False,APPLY,APPLIED,RUNAWAY DIAGNOSTIC
3.4819999999956344,FAULT,0.0,0.0,0,0,1.0459510267001567e-05,1.1831691208777157e-09,1.1831691208777157e-09,7.622406523603719e-22,7.848742596620005e-07,2.5094651471211912e-27,0.0,-2.1434768853212577e-14,1.3810193437251643e-26,1.606274923934358e-11,2.7350338756377807e-14,-1.6068664809246746e-11,0.0,0.0,79.99983892700783,-8.118676957880948e-17,80.0,4.186209663523303e-18,8.118676957880948e-17,24.0,0.0,600.0199120344416,0.0,0.00015672623692353227,False,False,APPLY,APPLIED,RUNAWAY DIAGNOSTIC
3.4919999999956,FAULT,0.0,0.0,0,0,9.380779386153345e-06,1.0611441851606495e-09,1.06114418516065e-09,5.647900506522967e-25,7.039270566030425e-07,2.4553295675003992e-29,0.0,-1.7241456407153915e-14,9.466330862652142e-30,1.2920372161970563e-11,2.1999755472919883e-14,-1.2925130461036329e-11,0.0,0.0,79.99983892700783,-4.924226491257229e-17,80.0,2.53906450891216e-18,4.924226491257229e-17,24.0,0.0,600.0199120344416,0.0,0.00015672623692353227,False,False,APPLY,APPLIED,RUNAWAY DIAGNOSTIC
3.5019999999955655,FAULT,0.0,0.0,0,0,8.413302310080715e-06,9.5170416623443e-10,9.517041662344301e-10,9.213984886341613e-22,6.313282604416323e-07,2.4823973573107952e-27,0.0,-1.3868487272955181e-14,1.342680703731423e-26,1.0392742507299952e-11,1.7695913940202378e-14,-1.0396569933967201e-11,0.0,0.0,79.99983892700783,-2.986694342316639e-17,80.0,1.5400204716434086e-18,2.986694342316639e-17,24.0,0.0,600.0199120344416,0.0,0.00015672623692353227,False,False,APPLY,APPLIED,RUNAWAY DIAGNOSTIC
3.511999999995531,FAULT,0.0,0.0,0,0,7.545604991552879e-06,8.535511315974292e-10,8.535511315974291e-10,-2.571319663604781e-21,5.662168667811594e-07,-6.180811474068136e-27,-0.0,-1.1155376593427764e-14,-3.3605474562415103e-26,8.359596416344149e-12,1.4234038672136933e-14,-8.362675078422858e-12,0.0,0.0,79.99983892700783,-1.81152168980528e-17,80.0,9.340696326368266e-19,1.81152168980528e-17,24.0,0.0,600.0199120344416,0.0,0.00015672623692353227,False,False,APPLY,APPLIED,RUNAWAY DIAGNOSTIC
3.5219999999954967,FAULT,0.0,0.0,0,0,6.767396747448445e-06,7.655210096764247e-10,7.655210096764247e-10,2.1723519718239266e-21,5.078206700317896e-07,4.6928225915950025e-27,0.0,-8.973035378088943e-15,2.546324672917643e-26,6.724197409400607e-12,1.1449414684343947e-14,-6.7266737887068616e-12,0.0,0.0,79.99983892700783,-1.098743445601327e-17,80.0,5.665418705007444e-19,1.098743445601327e-17,24.0,0.0,600.0199120344416,0.0,0.00015672623692353227,False,False,APPLY,APPLIED,RUNAWAY DIAGNOSTIC
3.5319999999954623,FAULT,0.0,0.0,0,0,6.069448213715136e-06,6.865697842380326e-10,6.865697842380324e-10,1.5288301881107681e-21,4.554471052364574e-07,2.9443986768341384e-27,0.0,-7.217628488133024e-15,1.607205486774659e-26,5.4087336934341536e-12,9.209550404742464e-15,-5.410725615350762e-12,0.0,0.0,79.99983892700783,-6.664215869154972e-18,80.0,3.4362501446964193e-19,6.664215869154972e-18,24.0,0.0,600.0199120344416,0.0,0.00015672623692353227,False,False,APPLY,APPLIED,RUNAWAY DIAGNOSTIC
3.541999999995428,FAULT,0.0,0.0,0,0,5.4434818873092014e-06,6.157611125825726e-10,6.157611125825726e-10,1.7817996517978905e-21,4.0847503441575913e-07,3.090701559873526e-27,0.0,-5.805634191454234e-15,1.6799779052812973e-26,4.350615900358696e-12,7.407873764365838e-15,-4.352218139931607e-12,0.0,0.0,79.99983892700783,-4.042051247585924e-18,80.0,2.0841910672003294e-19,4.042051247585924e-18,24.0,0.0,600.0199120344416,0.0,0.00015672623692353227,False,False,APPLY,APPLIED,RUNAWAY DIAGNOSTIC
3.5519999999953935,FAULT,0.0,0.0,0,0,4.882073956987045e-06,5.522552207788275e-10,5.522552207788274e-10,3.0060385655917957e-21,3.663473800197504e-07,4.677291892523464e-27,0.0,-4.669870224116788e-15,2.5419169126097206e-26,3.4994991037239345e-12,5.958661530372787e-15,-3.50078789503019e-12,0.0,0.0,79.99983892700783,-2.451628009790537e-18,80.0,1.2641257829561795e-19,2.451628009790537e-18,24.0,0.0,600.0199120344416,0.0,0.00015672623692353227,False,False,APPLY,APPLIED,RUNAWAY DIAGNOSTIC
3.561999999995359,FAULT,0.0,0.0,0,0,4.378566258677192e-06,4.952989440937469e-10,4.952989440937469e-10,-2.1292584909592395e-22,3.2856451812115393e-07,-3.0061147167160385e-28,-0.0,-3.756297277926843e-15,-1.614601057761106e-27,2.8148874222509392e-12,4.792960620406596e-15,-2.8159240855934197e-12,0.0,0.0,79.99983892700783,-1.4869875541482076e-18,80.0,7.66731045096152e-20,1.4869875541482076e-18,24.0,0.0,600.0199120344416,0.0,0.00015672623692353227,False,False,APPLY,APPLIED,RUNAWAY DIAGNOSTIC
3.5719999999953247,FAULT,0.0,0.0,0,0,3.926987311240567e-06,4.4421679468044073e-10,4.4421679468044083e-10,8.912951789344047e-22,2.9467835299481594e-07,1.1150857044090104e-27,0.0,-3.0214478268080674e-15,6.062593271849781e-27,2.264207237977299e-12,3.855307335661105e-15,-2.265041097486152e-12,0.0,0.0,79.99983892700783,-9.019035422019773e-19,80.0,4.6504588660432065e-20,9.019035422019773e-19,24.0,0.0,600.0199120344416,0.0,0.00015672623692353227,False,False,APPLY,APPLIED,RUNAWAY DIAGNOSTIC
3.5819999999952903,FAULT,0.0,0.0,0,0,3.5219814961311958e-06,3.984029504400316e-10,3.984029504400316e-10,7.163797002473625e-22,2.6428700280934805e-07,8.085855093394481e-28,0.0,-2.4303579548397282e-15,4.370042895891524e-27,1.821257353307992e-12,3.101088414772635e-15,-1.8219280837679253e-12,0.0,0.0,79.99983892700783,-5.470321504489204e-19,80.0,2.820645883987621e-20,5.470321504489204e-19,24.0,0.0,600.0199120344416,0.0,0.00015672623692353227,False,False,APPLY,APPLIED,RUNAWAY DIAGNOSTIC
3.591999999995256,FAULT,0.0,0.0,0,0,3.1587455410368665e-06,3.573140701114004e-10,3.5731407011140046e-10,1.908990371204839e-22,2.3703003340451386e-07,1.8974261812103048e-28,0.0,-1.954903783622244e-15,1.0445504461257723e-27,1.4649623459121041e-12,2.4944183482550723e-15,-1.465501860476737e-12,0.0,0.0,79.99983892700783,-3.317917710958001e-19,80.0,1.7108082088307148e-20,3.317917710958001e-19,24.0,0.0,600.0199120344416,0.0,0.00015672623692353227,False,False,APPLY,APPLIED,RUNAWAY DIAGNOSTIC
3.6019999999952215,FAULT,0.0,0.0,0,0,2.8329715542177707e-06,3.2046284937975286e-10,3.204628493797529e-10,-1.494152079000654e-21,2.1258418362810883e-07,-1.3457396967806923e-27,-0.0,-1.5724633466451792e-15,-7.331525341704355e-27,1.1783698064649115e-12,2.0064319567517633e-15,-1.1788037750750181e-12,0.0,0.0,79.99983892700783,-2.012418818099565e-19,80.0,1.0376576315438709e-20,2.012418818099565e-19,24.0,0.0,600.0199120344416,0.0,0.00015672623692353227,False,False,APPLY,APPLIED,RUNAWAY DIAGNOSTIC
3.611999999995187,FAULT,0.0,0.0,0,0,2.5407959339364426e-06,2.8741224156268794e-10,2.874122415626879e-10,1.4237509991868695e-21,1.906595315358416e-07,1.1518555589072515e-27,0.0,-1.2648402429101318e-15,6.265675651137615e-27,9.478437481091702e-13,1.6139109944769904e-15,-9.48192818860737e-13,0.0,0.0,79.99983892700783,-1.2205937133600315e-19,80.0,6.293711678161446e-21,1.2205937133600315e-19,24.0,0.0,600.0199120344416,0.0,0.00015672623692353227,False,False,APPLY,APPLIED,RUNAWAY DIAGNOSTIC
3.6219999999951527,FAULT,0.0,0.0,0,0,2.2787535470650147e-06,2.5777027433889866e-10,2.577702743388986e-10,-8.223343137497513e-23,1.709960559862655e-07,-5.881327826971965e-29,-0.0,-1.0173978576335651e-15,-3.245916105951582e-28,7.624158103005527e-13,1.2981794320653467e-15,-7.626965918749845e-13,0.0,0.0,79.99983892700783,-7.40327510205344e-20,80.0,3.817329096196321e-21,7.40327510205344e-20,24.0,0.0,600.0199120344416,0.0,0.00015672623692353227,False,False,APPLY,APPLIED,RUNAWAY DIAGNOSTIC
3.6319999999951182,FAULT,0.0,0.0,0,0,2.043736633432547e-06,2.3118540104971894e-10,2.3118540104971889e-10,-1.3356013920313503e-21,1.5336055285209477e-07,-8.703200381488143e-28,-0.0,-8.183629565173427e-16,-4.7277666645059645e-27,6.132633875106811e-13,1.0442148567085506e-15,-6.134892394108722e-13,0.0,0.0,79.99983892700783,-4.4903133316825337e-20,80.0,2.3153271350561583e-21,4.4903133316825337e-20,24.0,0.0,600.0199120344416,0.0,0.00015672623692353227,False,False,APPLY,APPLIED,RUNAWAY DIAGNOSTIC
3.641999999995084,FAULT,0.0,0.0,0,0,1.8329579485297183e-06,2.0734233144776756e-10,2.0734233144776756e-10,-8.080733649707734e-23,1.3754386927491005e-07,-4.624542982462631e-29,-0.0,-6.582655188284756e-16,-2.5647840180998146e-28,4.932898523088371e-13,8.399337102695685e-16,-4.934715205002782e-13,0.0,0.0,79.99983892700783,-2.723512707381808e-20,80.0,1.4043168946761563e-21,2.723512707381808e-20,24.0,0.0,600.0199120344416,0.0,0.00015672623692353227,False,False,APPLY,APPLIED,RUNAWAY DIAGNOSTIC
3.6519999999950494,FAULT,0.0,0.0,0,0,1.6439177074571668e-06,1.8595829241373002e-10,1.8595829241373e-10,-3.50904058470279e-22,1.2335842316217344e-07,-1.8358118304294683e-28,-0.0,-5.294881566029442e-16,-9.9917861812392e-28,3.9678689996251585e-13,6.75616357222807e-16,-3.9693302816313577e-13,0.0,0.0,79.99983892700783,-1.6518939591440108e-20,80.0,8.51761252573517e-22,1.6518939591440108e-20,24.0,0.0,600.0199120344416,0.0,0.00015672623692353227,False,False,APPLY,APPLIED,RUNAWAY DIAGNOSTIC
3.661999999995015,FAULT,0.0,0.0,0,0,1.4743739380704144e-06,1.6677967434605307e-10,1.6677967434605302e-10,1.2226292621495937e-22,1.1063597850837615e-07,5.724865278289946e-29,0.0,-4.2590368166075845e-16,3.122040291928595e-28,3.1916294901458955e-13,5.434446273153157e-16,-3.1928048996024406e-13,0.0,0.0,79.99983892700783,-1.0019243328149195e-20,80.0,5.166193144410683e-22,1.0019243328149195e-20,24.0,0.0,600.0199120344416,0.0,0.00015672623692353227,False,False,APPLY,APPLIED,RUNAWAY DIAGNOSTIC
3.6719999999949806,FAULT,0.0,0.0,0,0,1.3223158917265908e-06,1.495790234155264e-10,1.495790234155264e-10,-7.527239400068764e-23,9.92256501561641e-08,-3.201011123368249e-29,-0.0,-3.4258357584021795e-16,-1.7239075969407924e-28,2.5672467521814497e-13,4.371298293781723e-16,-2.568192214716829e-13,0.0,0.0,79.99983892700783,-6.07697826564366e-21,80.0,3.1334545360822584e-22,6.07697826564366e-21,24.0,0.0,600.0199120344416,0.0,0.00015672623692353227,False,False,APPLY,APPLIED,RUNAWAY DIAGNOSTIC
3.681999999994946,FAULT,0.0,0.0,0,0,1.1859401962849053e-06,1.3415234400434033e-10,1.3415234400434033e-10,8.345055393413255e-22,8.89921143343804e-08,3.149334571100451e-28,0.0,-2.755634935511454e-16,1.7141824210936146e-27,2.065012842792363e-13,3.5161353729107e-16,-2.0657733432297627e-13,0.0,0.0,79.99983892700783,-3.685873636520143e-21,80.0,1.900536246949495e-22,3.685873636520143e-21,24.0,0.0,600.0199120344416,0.0,0.00015672623692353227,False,False,APPLY,APPLIED,RUNAWAY DIAGNOSTIC
3.691999999994912,FAULT,0.0,0.0,0,0,1.063629468543888e-06,1.203166793773389e-10,1.203166793773389e-10,-9.128419193668108e-23,7.981400375043505e-08,-3.1173487265840677e-29,-0.0,-2.2165463943180897e-16,-1.6815679530433834e-28,1.6610316235764948e-13,2.8282691158873837e-16,-1.6616433462980646e-13,0.0,0.0,79.99983892700783,-2.2355953683759378e-21,80.0,1.1527335036700353e-22,2.2355953683759378e-21,24.0,0.0,600.0199120344416,0.0,0.00015672623692353227,False,False,APPLY,APPLIED,RUNAWAY DIAGNOSTIC
3.7019999999948774,FAULT,0.0,0.0,0,0,9.539331324623027e-07,1.0790794185373607e-10,1.0790794185373607e-10,-2.709650866760743e-22,7.158246820317912e-08,-8.213417137331025e-29,-0.0,-1.782920464115792e-16,-4.476908896645683e-28,1.3360817895884474e-13,2.274971053023354e-16,-1.3365738401773549e-13,0.0,0.0,79.99983892700783,-1.3559571336315496e-21,80.0,6.991682124538338e-23,1.3559571336315496e-21,24.0,0.0,600.0199120344416,0.0,0.00015672623692353227,False,False,APPLY,APPLIED,RUNAWAY DIAGNOSTIC
3.711999999994843,FAULT,0.0,0.0,0,0,8.55550215673386e-07,9.677896676872139e-11,9.677896676872137e-11,-2.0269608930348199e-22,6.41998836454964e-08,-5.528189312369122e-29,-0.0,-1.4341253535370286e-16,-3.003803600782774e-28,1.0747023254296722e-13,1.8299154288469441e-16,-1.0750981155049819e-13,0.0,0.0,79.99983892700783,-8.224295748035853e-22,80.0,4.240669571497213e-23,8.224295748035853e-22,24.0,0.0,600.0199120344416,0.0,0.00015672623692353227,False,False,APPLY,APPLIED,RUNAWAY DIAGNOSTIC
3.7219999999948086,FAULT,0.0,0.0,0,0,7.673139202633199e-07,8.679776713240311e-11,8.67977671324031e-11,3.8937332079533566e-22,5.757869438640331e-08,9.509953175892513e-29,0.0,-1.1535654960713703e-16,5.174958353128948e-28,8.644568747843717e-14,1.4719266305746613e-16,-8.647752359188747e-14,0.0,0.0,79.99983892700783,-4.988287525727937e-22,80.0,2.5720961128234666e-23,4.988287525727937e-22,24.0,0.0,600.0199120344416,0.0,0.00015672623692353227,False,False,APPLY,APPLIED,RUNAWAY DIAGNOSTIC
3.731999999994774,FAULT,0.0,0.0,0,0,6.881777848265062e-07,7.784596830021111e-11,7.784596830021111e-11,1.2934398147501027e-22,5.164037470144848e-08,2.840708149372285e-29,0.0,-9.278919380726657e-17,1.5416992167622048e-28,6.953420223253023e-14,1.183971658821793e-16,-6.955981020460515e-14,0.0,0.0,79.99983892700783,-3.0255493238160284e-22,80.0,1.5600551521550982e-23,3.0255493238160284e-22,24.0,0.0,600.0199120344416,0.0,0.00015672623692353227,False,False,APPLY,APPLIED,RUNAWAY DIAGNOSTIC
3.7419999999947398,FAULT,0.0,0.0,0,0,6.172032736825312e-07,6.981740407349054e-11,6.981740407349055e-11,-5.054306163287687e-22,4.6314497536361766e-08,-9.947996312093667e-29,-0.0,-7.463671994932665e-17,-5.403157940379502e-28,5.593113342201504e-14,9.523497026110841e-17,-5.595173167232683e-14,0.0,0.0,79.99983892700783,-1.8350884273672283e-22,80.0,9.462212806247146e-24,1.8350884273672283e-22,24.0,0.0,600.0199120344416,0.0,0.00015672623692353227,False,False,APPLY,APPLIED,RUNAWAY DIAGNOSTIC
3.7519999999947053,FAULT,0.0,0.0,0,0,5.535486460674306e-07,6.261685759778661e-11,6.261685759778663e-11,1.2815439243082015e-22,4.1537899258997677e-08,2.2731558540608106e-29,0.0,-6.003543878641137e-17,1.2287278970795014e-28,4.498925112292095e-14,7.660402589077143e-17,-4.500581971002532e-14,0.0,0.0,79.99983892700783,-1.113037394482051e-22,80.0,5.739122175714343e-24,1.113037394482051e-22,24.0,0.0,600.0199120344416,0.0,0.00015672623692353227,False,False,APPLY,APPLIED,RUNAWAY DIAGNOSTIC
3.761999999994671,FAULT,0.0,0.0,0,0,4.964589732891375e-07,5.615893210891563e-11,5.615893210891562e-11,-2.6354515738562655e-23,3.7253930553732584e-08,-4.086775193741105e-30,-0.0,-4.82906257494954e-17,-2.2658180609726952e-29,3.6187943865350114e-14,6.161787803982615e-17,-3.6201271117640446e-14,0.0,0.0,79.99983892700783,-6.750913051600213e-23,80.0,3.480953559407384e-24,6.750913051600213e-23,24.0,0.0,600.0199120344416,0.0,0.00015672623692353227,False,False,APPLY,APPLIED,RUNAWAY DIAGNOSTIC
3.7719999999946365,FAULT,0.0,0.0,0,0,4.452571854530029e-07,5.036703815269029e-11,5.0367038152690296e-11,1.343141339207501e-22,3.341178457410076e-08,1.907667313689584e-29,0.0,-3.8843466166472293e-17,1.0358652724485636e-28,2.9108448096272494e-14,4.956349029938248e-17,-2.91191681204054e-14,0.0,0.0,79.99983892700783,-4.0946357468496573e-23,80.0,2.111305058816376e-24,4.0946357468496573e-23,24.0,0.0,600.0199120344416,0.0,0.00015672623692353227,False,False,APPLY,APPLIED,RUNAWAY DIAGNOSTIC
3.781999999994602,FAULT,0.0,0.0,0,0,3.9933604157466893e-07,4.517248524869032e-11,4.517248524869032e-11,-2.224143219468875e-22,2.996589438572052e-08,-2.8349159150645405e-29,-0.0,-3.124446702453578e-17,-1.5383712098183036e-28,2.3413923535585858e-14,3.986731852513143e-17,-2.3422546387086453e-14,0.0,0.0,79.99983892700783,-2.4835221208196274e-23,80.0,1.280571250178503e-24,2.4835221208196274e-23,24.0,0.0,600.0199120344416,0.0,0.00015672623692353227,False,False,APPLY,APPLIED,RUNAWAY DIAGNOSTIC
3.7919999999945677,FAULT,0.0,0.0,0,0,3.581509278470196e-07,4.051366723927943e-11,4.051366723927943e-11,-9.67026464851201e-23,2.6875392553327072e-08,-1.0949561735197667e-29,-0.0,-2.5132070229394217e-17,-5.998732516381811e-29,1.8833426416864643e-14,3.206802177942026e-17,-1.884036236841467e-14,0.0,0.0,79.99983892700783,-1.5063323103516285e-23,80.0,7.767057251797896e-25,1.5063323103516285e-23,24.0,0.0,600.0199120344416,0.0,0.00015672623692353227,False,False,APPLY,APPLIED,RUNAWAY DIAGNOSTIC
3.8019999999945333,FAULT,0.0,0.0,0,0,3.2121339865008926e-07,3.633533165450545e-11,3.633533165450546e-11,-2.070308529422425e-23,2.4103626462743435e-08,-2.1502044864111295e-30,-0.0,-2.0215449779219722e-17,-1.1516290695457916e-29,1.514901806441646e-14,2.5794511868085296e-17,-1.5154597126505325e-14,0.0,0.0,79.99983892700783,-9.136367299440179e-24,80.0,4.710958358958717e-25,9.136367299440179e-24,24.0,0.0,600.0199120344416,0.0,0.00015672623692353227,False,False,APPLY,APPLIED,RUNAWAY DIAGNOSTIC
3.811999999994499,FAULT,0.0,0.0,0,0,2.8808538370285064e-07,3.258792443161382e-11,3.258792443161382e-11,7.306971280314046e-25,2.1617723629623492e-08,9.345575055139062e-32,0.0,-1.6260674351357284e-17,3.6400075948918758e-31,1.2185395436621468e-14,2.074829707580468e-17,-1.2189883059345918e-14,0.0,0.0,79.99983892700783,-5.541486885506318e-24,80.0,2.857340681337942e-25,5.541486885506318e-24,24.0,0.0,600.0199120344416,0.0,0.00015672623692353227,False,False,APPLY,APPLIED,RUNAWAY DIAGNOSTIC
3.8219999999944645,FAULT,0.0,0.0,0,0,2.5837399265411207e-07,2.922700221534592e-11,2.922700221534592e-11,-1.7624979518168762e-23,1.9388201839632684e-08,-1.4576641525337843e-30,-0.0,-1.307957692007117e-17,-7.887838680232363e-30,9.801550259921557e-15,1.668928002000679e-17,-9.805159963021494e-15,0.0,0.0,79.99983892700783,-3.361081696455013e-24,80.0,1.7330647284756264e-25,3.361081696455013e-24,24.0,0.0,600.0199120344416,0.0,0.00015672623692353227,False,False,APPLY,APPLIED,RUNAWAY DIAGNOSTIC
3.83199999999443,FAULT,0.0,0.0,0,0,2.3172685549670734e-07,2.6212705270249118e-11,2.6212705270249118e-11,-4.7955970207106925e-23,1.7388619496422137e-08,-3.5526907460382195e-30,-0.0,-1.0520801826008644e-17,-1.9248129050194913e-29,7.884059897559274e-15,1.3424333889597976e-17,-7.886963429622864e-15,0.0,0.0,79.99983892700783,-2.038599098698891e-24,80.0,1.0511568930870048e-25,2.038599098698891e-24,24.0,0.0,600.0199120344416,0.0,0.00015672623692353227,False,False,APPLY,APPLIED,RUNAWAY DIAGNOSTIC
3.8419999999943957,FAULT,0.0,0.0,0,0,2.0782794354337045e-07,2.350928475408809e-11,2.350928475408809e-11,-1.5355229502109699e-25,1.5595262030606165e-08,-1.2133358649639586e-32,-0.0,-8.462603319602702e-18,-5.488900341503622e-32,6.3416907346246195e-15,1.0798113529366595e-17,-6.344026244834385e-15,0.0,0.0,79.99983892700783,-1.2364728562234041e-24,80.0,6.375588838255358e-26,1.2364728562234041e-24,24.0,0.0,600.0199120344416,0.0,0.00015672623692353227,False,False,APPLY,APPLIED,RUNAWAY DIAGNOSTIC
3.8519999999943613,FAULT,0.0,0.0,0,0,1.863938214018656e-07,2.1084678744572023e-11,2.1084678744572023e-11,-4.9701524457402604e-23,1.3986860650628951e-08,-2.9447228108437788e-30,-0.0,-6.8070529346902885e-18,-1.6046077924656694e-29,5.101057310089018e-15,8.685664164197646e-18,-5.102935921318526e-15,0.0,0.0,79.99983892700783,-7.499586972019358e-25,80.0,3.8669901041234746e-26,7.499586972019358e-25,24.0,0.0,600.0199120344416,0.0,0.00015672623692353227,False,False,APPLY,APPLIED,RUNAWAY DIAGNOSTIC
3.861999999994327,FAULT,0.0,0.0,0,0,1.671702854988609e-07,1.8910131992871026e-11,1.8910131992871026e-11,-5.300907619153314e-23,1.254434009997256e-08,-2.8045572406099215e-30,-0.0,-5.475380081672952e-18,-1.5348698691794076e-29,4.103130658633799e-15,6.986476088442667e-18,-4.104641754640569e-15,0.0,0.0,79.99983892700783,-4.548729433711116e-25,80.0,2.3454480589562074e-26,4.548729433711116e-25,24.0,0.0,600.0199120344416,0.0,0.00015672623692353227,False,False,APPLY,APPLIED,RUNAWAY DIAGNOSTIC
3.8719999999942925,FAULT,0.0,0.0,0,0,1.4992934928632293e-07,1.695985489390521e-11,1.6959854893905213e-11,4.286226993778421e-23,1.1250592429166996e-08,2.0532459507733846e-30,0.0,-4.40422416673112e-18,1.1131489892569346e-29,3.3004297302292003e-15,5.6197024443550565e-18,-3.301645208506824e-15,0.0,0.0,79.99983892700783,-2.7589438642830387e-25,80.0,1.4225861585204044e-26,2.7589438642830387e-25,24.0,0.0,600.0199120344416,0.0,0.00015672623692353227,False,False,APPLY,APPLIED,RUNAWAY DIAGNOSTIC
3.881999999994258,FAULT,0.0,0.0,0,0,1.344665393753436e-07,1.5210717626239713e-11,1.5210717626239713e-11,5.662902742243693e-23,1.0090274099592252e-08,2.4182217122969182e-30,0.0,-3.5426199133618544e-18,1.318896085215823e-29,2.654762256049512e-15,4.52031255289521e-18,-2.6557399486890458e-15,0.0,0.0,79.99983892700783,-1.673384042113694e-25,80.0,8.628421212254316e-27,1.673384042113694e-25,24.0,0.0,600.0199120344416,0.0,0.00015672623692353227,False,False,APPLY,APPLIED,RUNAWAY DIAGNOSTIC
3.8919999999942236,FAULT,0.0,0.0,0,0,1.205984705306122e-07,1.364197583960409e-11,1.3641975839604092e-11,-4.055016066792948e-24,9.049624012772161e-09,-1.6444131532975079e-31,-0.0,-2.8495724503273175e-18,-8.470239895415063e-31,2.1354075718060246e-15,3.635997773580737e-18,-2.1361939971292785e-15,0.0,0.0,79.99983892700783,-1.0149587270158001e-25,80.0,5.2334020101470295e-27,1.0149587270158001e-25,24.0,0.0,600.0199120344416,0.0,0.00015672623692353227,False,False,APPLY,APPLIED,RUNAWAY DIAGNOSTIC
3.9019999999941892,FAULT,0.0,0.0,0,0,1.0816067076527657e-07,1.2235024630799401e-11,1.2235024630799403e-11,-2.5742954011841538e-23,8.116300307030495e-09,-8.873421292210379e-31,-0.0,-2.29210678771209e-18,-4.822721173740077e-30,1.7176549377766461e-15,2.924682675098639e-18,-1.7182875136640333e-15,0.0,0.0,79.99983892700783,-6.156035862779801e-26,80.0,3.1742187737558594e-27,6.156035862779801e-26,24.0,0.0,600.0199120344416,0.0,0.00015672623692353227,False,False,APPLY,APPLIED,RUNAWAY DIAGNOSTIC
3.911999999994155,FAULT,0.0,0.0,0,0,9.700563074243343e-08,1.0973177894146225e-11,1.0973177894146222e-11,3.4443368245249755e-24,7.2792339859569576e-09,1.049932746244854e-31,0.0,-1.8436988768787932e-18,5.78645651791145e-31,1.381627809239852e-15,2.3525230989343367e-18,-1.3821366334619074e-15,0.0,0.0,79.99983892700783,-3.7338244930664173e-26,80.0,1.925261006918344e-27,3.7338244930664173e-26,24.0,0.0,600.0199120344416,0.0,0.00015672623692353227,False,False,APPLY,APPLIED,RUNAWAY DIAGNOSTIC
3.9219999999941204,FAULT,0.0,0.0,0,0,8.70010543495872e-08,9.841470428608743e-12,9.841470428608743e-12,-9.73645098257362e-24,6.528497642751371e-09,-2.7269813843031112e-31,-0.0,-1.4830136042736076e-18,-1.4671252833855866e-30,1.1113381164529875e-15,1.8922958644849566e-18,-1.1117473987131989e-15,0.0,0.0,79.99983892700783,-2.2646790330307365e-26,80.0,1.1677298286451785e-27,2.2646790330307365e-26,24.0,0.0,600.0199120344416,0.0,0.00015672623692353227,False,False,APPLY,APPLIED,RUNAWAY DIAGNOSTIC
3.931999999994086,FAULT,0.0,0.0,0,0,7.802828969832676e-08,8.826480453634285e-12,8.826480453634285e-12,-2.877958301855231e-23,5.855187723548228e-09,-7.166219813460309e-31,-0.0,-1.1928896730566726e-18,-3.8896081156844615e-30,8.939255571012347e-16,1.5221034983115018e-18,-8.942547709264895e-16,0.0,0.0,79.99983892700783,-1.373597267941486e-26,80.0,7.0826394333427255e-28,1.373597267941486e-26,24.0,0.0,600.0199120344416,0.0,0.00015672623692353227,False,False,APPLY,APPLIED,RUNAWAY DIAGNOSTIC
3.9419999999940516,FAULT,0.0,0.0,0,0,6.99809219412635e-08,7.916170430335104e-12,7.916170430335102e-12,-1.605636340092706e-23,5.251318933392697e-09,-3.571892869436868e-31,-0.0,-9.595230738120067e-19,-1.9462485053005212e-30,7.190457069799829e-16,1.2243323589373037e-18,-7.193105162651082e-16,0.0,0.0,79.99983892700783,-8.331288571040105e-27,80.0,4.295837968012024e-28,8.331288571040105e-27,24.0,0.0,600.0199120344416,0.0,0.00015672623692353227,False,False,APPLY,APPLIED,RUNAWAY DIAGNOSTIC
3.951999999994017,FAULT,0.0,0.0,0,0,6.276351121731819e-08,7.099744299148639e-12,7.099744299148639e-12,2.4667646704466726e-23,4.709729532548174e-09,4.9267620158217525e-31,0.0,-7.718102939228932e-19,2.681688928689092e-30,5.783778354015499e-16,9.84814585081607e-19,-5.7859083969270855e-16,0.0,0.0,79.99983892700783,-5.0531819532492174e-27,80.0,2.6055574367568805e-28,5.0531819532492174e-27,24.0,0.0,600.0199120344416,0.0,0.00015672623692353227,False,False,APPLY,APPLIED,RUNAWAY DIAGNOSTIC
3.961999999993983,FAULT,0.0,0.0,0,0,5.6290460757760734e-08,6.367519440990544e-12,6.367519440990544e-12,-1.789325479222864e-23,4.223996399972176e-09,-3.2111646862203695e-31,-0.0,-6.208200157600228e-19,-1.744531417750263e-30,4.652290073308233e-16,7.921539930802505e-19,-4.654003413081436e-16,0.0,0.0,79.99983892700783,-3.0649097837521836e-27,80.0,1.5803504710352895e-28,3.0649097837521836e-27,24.0,0.0,600.0199120344416,0.0,0.00015672623692353227,False,False,APPLY,APPLIED,RUNAWAY DIAGNOSTIC
3.9719999999939484,FAULT,0.0,0.0,0,0,5.0485001728945016e-08,5.710811843789118e-12,5.7108118437891174e-12,1.3128721224303181e-23,3.7883588566336394e-09,2.1228186653816044e-31,0.0,-4.993681672861232e-19,1.1479746174763168e-30,3.74215635548619e-16,6.371838498928955e-19,-3.7435345123122573e-16,0.0,0.0,79.99983892700783,-1.858961753098895e-27,80.0,9.58531013774194e-29,1.858961753098895e-27,24.0,0.0,600.0199120344416,0.0,0.00015672623692353227,False,False,APPLY,APPLIED,RUNAWAY DIAGNOSTIC
3.981999999993914,FAULT,0.0,0.0,0,0,4.5278282772274786e-08,5.121833112138756e-12,5.121833112138755e-12,2.8614999667855025e-23,3.397650345234453e-09,4.113933062906118e-31,0.0,-4.0167610606526054e-19,2.2440935712000072e-30,3.0100733119049427e-16,5.12530722701519e-19,-3.011181858071305e-16,0.0,0.0,79.99983892700783,-1.1275172984876134e-27,80.0,5.813784481394746e-29,1.1275172984876134e-27,24.0,0.0,600.0199120344416,0.0,0.00015672623692353227,False,False,APPLY,APPLIED,RUNAWAY DIAGNOSTIC
3.9919999999938796,FAULT,0.0,0.0,0,0,4.060855344352229e-08,4.593598098876423e-12,4.593598098876423e-12,8.4864117532779e-24,3.0472371560728774e-09,1.0992922242336222e-31,0.0,-3.2309567320045427e-19,5.9688180095206165e-31,2.4212086514662555e-16,4.122636531938516e-19,-2.4221003312661893e-16,0.0,0.0,79.99983892700783,-6.838738108890896e-28,80.0,3.5262385369273797e-29,6.838738108890896e-28,24.0,0.0,600.0199120344416,0.0,0.00015672623692353227,False,False,APPLY,APPLIED,RUNAWAY DIAGNOSTIC
4.001999999993865,FAULT,0.0,0.0,0,0,3.642043186728394e-08,4.119842062785162e-12,4.119842062785163e-12,-2.2319355571988617e-23,2.7329634723523507e-09,-2.5866104316962783e-31,-0.0,-2.5988803532081855e-19,-1.4079390487821364e-30,1.947544370680136e-16,3.31611964349868e-19,-1.9482616099704266e-16,0.0,0.0,79.99983892700783,-4.147904336787475e-28,80.0,2.138771786106651e-29,4.147904336787475e-28,24.0,0.0,600.0199120344416,0.0,0.00015672623692353227,False,False,APPLY,APPLIED,RUNAWAY DIAGNOSTIC
4.011999999993931,FAULT,0.0,0.0,0,0,3.2664247921175796e-08,3.694946370376253e-12,3.694946370376253e-12,-1.1564517529332838e-23,2.4511020831860686e-09,-1.2001665666528263e-31,-0.0,-2.0904579202296708e-19,-6.542805318258775e-31,1.5665436654833186e-16,2.6673827306400934e-19,-1.567120590293729e-16,0.0,0.0,79.99983892700783,-2.5158311538165704e-28,80.0,1.2972306624020187e-29,2.5158311538165704e-28,24.0,0.0,600.0199120344416,0.0,0.00015672623692353227,False,False,APPLY,APPLIED,RUNAWAY DIAGNOSTIC
4.021999999993996,FAULT,0.0,0.0,0,0,2.929545416001991e-08,3.313871860105125e-12,3.3138718601051253e-12,6.27865627012252e-24,2.198310179765368e-09,5.878449765411322e-32,0.0,-1.6814988465520933e-19,3.185909425191823e-31,1.2600786368779414e-16,2.1455590861045698e-19,-1.2605426971174938e-16,0.0,0.0,79.99983892700783,-1.5259287294499416e-28,80.0,7.868101694661432e-30,1.5259287294499416e-28,24.0,0.0,600.0199120344416,0.0,0.00015672623692353227,False,False,APPLY,APPLIED,RUNAWAY DIAGNOSTIC
4.031999999994062,FAULT,0.0,0.0,0,0,2.6274097493771493e-08,2.9720990792099096e-12,2.9720990792099096e-12,-1.8682195894233117e-24,1.971589710445037e-09,-1.5526117464756905e-32,-0.0,-1.3525449824058524e-19,-8.501476071700594e-32,1.013567770947698e-16,1.7258204977805243e-19,-1.0139410464630727e-16,0.0,0.0,79.99983892700783,-9.255225589477233e-29,80.0,4.7722449115490344e-30,9.255225589477233e-29,24.0,0.0,600.0199120344416,0.0,0.00015672623692353227,False,False,APPLY,APPLIED,RUNAWAY DIAGNOSTIC
4.041999999994127,FAULT,0.0,0.0,0,0,2.356434535342884e-08,2.6655746840944924e-12,2.6655746840944924e-12,-8.761967524084334e-24,1.7682518245662837e-09,-6.558863511486488e-32,-0.0,-1.0879448018535412e-19,-3.5761810728286675e-31,8.152821548099749e-17,1.3881959298391587e-19,-8.155824059379605e-17,0.0,0.0,79.99983892700783,-5.613578082574811e-29,80.0,2.8945128545120615e-30,5.613578082574811e-29,24.0,0.0,600.0199120344416,0.0,0.00015672623692353227,False,False,APPLY,APPLIED,RUNAWAY DIAGNOSTIC
4.051999999994193,FAULT,0.0,0.0,0,0,2.113406072529474e-08,2.3906633686043277e-12,2.3906633686043277e-12,4.072003892534895e-24,1.5858849833296242e-09,2.755086043638051e-32,0.0,-8.751087078687622e-20,1.4905794989895774e-31,6.557874184674697e-17,1.1166213068511144e-19,-6.560289310664521e-17,0.0,0.0,79.99983892700783,-3.4048072177724405e-29,80.0,1.7556107911938783e-30,3.4048072177724405e-29,24.0,0.0,600.0199120344416,0.0,0.00015672623692353227,False,False,APPLY,APPLIED,RUNAWAY DIAGNOSTIC
4.061999999994258,FAULT,0.0,0.0,0,0,1.895442101367076e-08,2.144104750123315e-12,2.144104750123315e-12,-3.618627504218363e-24,1.4223263595202509e-09,-2.177560967101658e-32,-0.0,-7.039100230834172e-20,-1.187967756477733e-31,5.274948503202036e-17,8.98175189908709e-20,-5.276891154870288e-17,0.0,0.0,79.99983892700783,-2.0651199679898296e-29,80.0,1.0648317713814287e-30,2.0651199679898296e-29,24.0,0.0,600.0199120344416,0.0,0.00015672623692353227,False,False,APPLY,APPLIED,RUNAWAY DIAGNOSTIC
4.071999999994324,FAULT,0.0,0.0,0,0,1.6999576211754905e-08,1.922974702281615e-12,1.922974702281615e-12,2.6142498848454943e-24,1.2756361868934183e-09,1.4171383735321235e-32,0.0,-5.662031655514194e-20,7.697550783195828e-32,4.243003285494367e-17,7.224639784481584e-20,-4.2445658936233355e-17,0.0,0.0,79.99983892700783,-1.2525585765705879e-29,80.0,6.458531167789418e-31,1.2525585765705879e-29,24.0,0.0,600.0199120344416,0.0,0.00015672623692353227,False,False,APPLY,APPLIED,RUNAWAY DIAGNOSTIC
4.081999999994389,FAULT,0.0,0.0,0,0,1.524634232672262e-08,1.7246506754873929e-12,1.7246506754873927e-12,-2.4494459130341048e-24,1.1440747550097059e-09,-1.1919935895304291e-32,-0.0,-4.5543608439641973e-20,-6.468416274156818e-32,3.412938888367803e-17,5.811273858590346e-20,-3.41419580138243e-17,0.0,0.0,79.99983892700783,-7.597151797760673e-30,80.0,3.9172971699738767e-31,7.597151797760673e-30,24.0,0.0,600.0199120344416,0.0,0.00015672623692353227,False,False,APPLY,APPLIED,RUNAWAY DIAGNOSTIC
4.091999999994455,FAULT,0.0,0.0,0,0,1.3673926423111566e-08,1.5467805941162453e-12,1.5467805941162453e-12,1.4398836974930905e-24,1.0260817766844044e-09,6.250620680836464e-33,0.0,-3.6633851520203605e-20,3.4104758659729126e-32,2.745261097382473e-17,4.674406595616718e-20,-2.7462721188260692e-17,0.0,0.0,79.99983892700783,-4.6079054918327516e-30,80.0,2.3759608367946625e-31,4.6079054918327516e-30,24.0,0.0,600.0199120344416,0.0,0.00015672623692353227,False,False,APPLY,APPLIED,RUNAWAY DIAGNOSTIC
4.10199999999452,FAULT,0.0,0.0,0,0,1.2263680023565464e-08,1.3872549614455366e-12,1.3872549614455366e-12,8.368158836422992e-25,9.20257883353866e-10,3.1954168235012735e-33,0.0,-2.946712224132346e-20,1.7775731533586566e-32,2.2082020039935904e-17,3.759946193009966e-20,-2.2090152379624688e-17,0.0,0.0,79.99983892700783,-2.7948359578547533e-30,80.0,1.4410930937924306e-31,2.7948359578547533e-30,24.0,0.0,600.0199120344416,0.0,0.00015672623692353227,False,False,APPLY,APPLIED,RUNAWAY DIAGNOSTIC
4.111999999994586,FAULT,0.0,0.0,0,0,1.0998877942343677e-08,1.244181841547943e-12,1.2441818415479431e-12,-4.1735999153183626e-24,8.253480288982985e-10,-1.4612969943151136e-32,-0.0,-2.3702429778848197e-20,-7.951231868058084e-32,1.7762084980151898e-17,3.0243828997643573e-20,-1.7768626379370697e-17,0.0,0.0,79.99983892700783,-1.6951536973062143e-30,80.0,8.740671448852332e-32,1.6951536973062143e-30,24.0,0.0,600.0199120344416,0.0,0.00015672623692353227,False,False,APPLY,APPLIED,RUNAWAY DIAGNOSTIC
4.121999999994651,FAULT,0.0,0.0,0,0,9.864519928612098e-09,1.1158644213611085e-12,1.1158644213611083e-12,-5.1944138076498924e-24,7.402266050943086e-10,-1.635469992276452e-32,-0.0,-1.9065491798585368e-20,-8.875001156617884e-32,1.42872645832025e-17,2.432718835549631e-20,-1.4292526279759412e-17,0.0,0.0,79.99983892700783,-1.0281626903414363e-30,80.0,5.301485220203724e-32,1.0281626903414363e-30,24.0,0.0,600.0199120344416,0.0,0.00015672623692353227,False,False,APPLY,APPLIED,RUNAWAY DIAGNOSTIC
4.131999999994717,FAULT,0.0,0.0,0,0,8.847152767044008e-09,1.0007808869111997e-12,1.0007808869111997e-12,-1.2351473041316495e-24,6.638840921699998e-10,-3.5022208490658905e-33,-0.0,-1.533568418573498e-20,-1.892451865275817e-32,1.1492227939373811e-17,1.9568028020853615e-20,-1.1496460283208929e-17,0.0,0.0,79.99983892700783,-6.236121948647004e-31,80.0,3.215513328066905e-32,6.236121948647004e-31,24.0,0.0,600.0199120344416,0.0,0.00015672623692353227,False,False,APPLY,APPLIED,RUNAWAY DIAGNOSTIC
4.141999999994782,FAULT,0.0,0.0,0,0,7.93471072589987e-09,8.975663749318035e-13,8.975663749318033e-13,-2.8578155941893484e-24,5.954150861414016e-10,-7.226328011792996e-33,-0.0,-1.2335543815325233e-20,-3.927655764515493e-32,9.243988045534732e-18,1.5739908575927614e-20,-9.247392410295334e-18,0.0,0.0,79.99983892700783,-3.782399159561259e-31,80.0,1.9503074201871636e-32,3.782399159561259e-31,24.0,0.0,600.0199120344416,0.0,0.00015672623692353227,False,False,APPLY,APPLIED,RUNAWAY DIAGNOSTIC
4.151999999994848,FAULT,0.0,0.0,0,0,7.116372460328358e-09,8.049967859642802e-13,8.049967859642802e-13,-1.5131299071870693e-24,5.340075609372958e-10,-3.436310880815285e-33,-0.0,-9.922324910889611e-21,-1.8651427805175137e-32,7.435574323515535e-18,1.2660689248529973e-20,-7.438312687853175e-18,0.0,0.0,79.99983892700783,-2.2941410575451738e-31,80.0,1.1829212462085507e-32,2.2941410575451738e-31,24.0,0.0,600.0199120344416,0.0,0.00015672623692353227,False,False,APPLY,APPLIED,RUNAWAY DIAGNOSTIC
4.161999999994913,FAULT,0.0,0.0,0,0,6.382432673798424e-09,7.219742667622955e-13,7.219742667622955e-13,-2.6381321203857035e-24,4.78933237963806e-10,-5.344067682538808e-33,-0.0,-7.981207242343718e-21,-2.9163732725256756e-32,5.9809429921567035e-18,1.0183861708892428e-20,-5.983145646623252e-18,0.0,0.0,79.99983892700783,-1.3914668891066977e-31,80.0,7.174780038509549e-33,1.3914668891066977e-31,24.0,0.0,600.0199120344416,0.0,0.00015672623692353227,False,False,APPLY,APPLIED,RUNAWAY DIAGNOSTIC
4.171999999994979,FAULT,0.0,0.0,0,0,5.724187015597599e-09,6.475141900648955e-13,6.475141900648955e-13,9.263880557379213e-25,4.295389488940762e-10,1.681109735941478e-33,0.0,-6.41983301469165e-21,9.185218817777289e-33,4.8108831300762794e-18,8.191579247384038e-21,-4.812654876308974e-18,0.0,0.0,79.99983892700783,-8.439673302181609e-32,80.0,4.351724070050178e-33,8.439673302181609e-32,24.0,0.0,600.0199120344416,0.0,0.00015672623692353227,False,False,APPLY,APPLIED,RUNAWAY DIAGNOSTIC
4.181999999995044,FAULT,0.0,0.0,0,0,5.133828849311975e-09,5.80733477122315e-13,5.807334771223149e-13,-8.140919089480515e-25,3.852388892477982e-10,-1.3307712770941576e-33,-0.0,-5.163912511544333e-21,-7.239164410103975e-33,3.869723640837742e-18,6.589049663506981e-21,-3.8711487779897046e-18,0.0,0.0,79.99983892700783,-5.118920615731248e-32,80.0,2.639454071094848e-33,5.118920615731248e-32,24.0,0.0,600.0199120344416,0.0,0.00015672623692353227,False,False,APPLY,APPLIED,RUNAWAY DIAGNOSTIC
4.19199999999511,FAULT,0.0,0.0,0,0,4.604356667979041e-09,5.208401246291149e-13,5.208401246291149e-13,6.5028073214753865e-25,3.4550767088987464e-10,9.490823839104067e-34,0.0,-4.153689413106437e-21,5.185622798991472e-33,3.112684438921622e-18,5.300025081490766e-21,-3.113830774590006e-18,0.0,0.0,79.99983892700783,-3.104782298076032e-32,80.0,1.600909819022333e-33,3.104782298076032e-32,24.0,0.0,600.0199120344416,0.0,0.00015672623692353227,False,False,APPLY,APPLIED,RUNAWAY DIAGNOSTIC
4.201999999995175,FAULT,0.0,0.0,0,0,4.129491057888442e-09,4.671238117185869e-13,4.671238117185869e-13,1.2015577395957597e-25,3.0987409105252556e-10,1.5655821511426636e-34,0.0,-3.3410976080884284e-21,8.59333390225125e-34,2.503745826719398e-18,4.263174099295153e-21,-2.504667903210605e-18,0.0,0.0,79.99983892700783,-1.883145655516139e-32,80.0,9.710008886720364e-34,1.883145655516139e-32,24.0,0.0,600.0199120344416,0.0,0.00015672623692353227,False,False,APPLY,APPLIED,RUNAWAY DIAGNOSTIC
4.211999999995241,FAULT,0.0,0.0,0,0,3.7036002262325727e-09,4.189474757338122e-13,4.189474757338122e-13,6.956183709792118e-25,2.779155439829133e-10,8.14661666158001e-34,0.0,-2.6874742226849088e-21,4.4625527139136665e-33,2.013934688151823e-18,3.429163658937492e-21,-2.0146763775880758e-18,0.0,0.0,79.99983892700783,-1.1421855767751691e-32,80.0,5.889418095877963e-34,1.1421855767751691e-32,24.0,0.0,600.0199120344416,0.0,0.00015672623692353227,False,False,APPLY,APPLIED,RUNAWAY DIAGNOSTIC
4.221999999995306,FAULT,0.0,0.0,0,0,3.3216332093868435e-09,3.7573975682476323e-13,3.7573975682476313e-13,-6.673788684465714e-25,2.492530089397709e-10,-7.054553022307335e-34,-0.0,-2.161720052729642e-21,-3.839493688203821e-33,1.6199459565173521e-18,2.7583117944253862e-21,-1.6205425482590474e-18,0.0,0.0,79.99983892700783,-6.927705713956905e-33,80.0,3.572112643016343e-34,6.927705713956905e-33,24.0,0.0,600.0199120344416,0.0,0.00015672623692353227,False,False,APPLY,APPLIED,RUNAWAY DIAGNOSTIC
4.231999999995372,FAULT,0.0,0.0,0,0,2.9790599696893067e-09,3.3698822176037767e-13,3.3698822176037767e-13,-3.9959999189217655e-26,2.235465550978656e-10,-3.6014208173317834e-35,-0.0,-1.738819872920851e-21,-2.0594661026406477e-34,1.3030337664252138e-18,2.2186995757513134e-21,-1.3035136461280444e-18,0.0,0.0,79.99983892700783,-4.201865916981216e-33,80.0,2.1665958379365176e-34,4.201865916981216e-33,24.0,0.0,600.0199120344416,0.0,0.00015672623692353227,False,False,APPLY,APPLIED,RUNAWAY DIAGNOSTIC
4.241999999995437,FAULT,0.0,0.0,0,0,2.671817670272908e-09,3.022332865881274e-13,3.022332865881274e-13,-2.5343850417452772e-25,2.0049131004953449e-10,-2.0954362297758097e-34,-0.0,-1.3986522198807434e-21,-1.1727672039283798e-33,1.0481195311568004e-18,1.7846524157956374e-21,-1.0485055313527153e-18,0.0,0.0,79.99983892700783,-2.548560506650617e-33,80.0,1.3141068029142666e-34,2.548560506650617e-33,24.0,0.0,600.0199120344416,0.0,0.00015672623692353227,False,False,APPLY,APPLIED,RUNAWAY DIAGNOSTIC
4.251999999995503,FAULT,0.0,0.0,0,0,2.396262490791024e-09,2.71062766060148e-13,2.71062766060148e-13,6.136852049397362e-25,1.798138440906906e-10,4.679422605432747e-34,0.0,-1.1250320189019603e-21,2.547037649474716e-33,8.430745080429749e-19,1.435518481193001e-21,-8.433849945052661e-19,0.0,0.0,79.99983892700783,-1.545780085416345e-33,80.0,7.970460661044409e-35,1.545780085416345e-33,24.0,0.0,600.0199120344416,0.0,0.00015672623692353227,False,False,APPLY,APPLIED,RUNAWAY DIAGNOSTIC
4.2619999999955684,FAULT,0.0,0.0,0,0,2.14912641257617e-09,2.431069852514537e-13,2.431069852514537e-13,1.1581229578683816e-25,1.6126892740978541e-10,7.71726734994217e-35,0.0,-9.049405031351334e-22,4.311478179945986e-34,6.781427165348506e-19,1.15468608430813e-21,-6.783924621160237e-19,0.0,0.0,79.99983892700783,-9.37563014978215e-34,80.0,4.834328762956798e-35,9.37563014978215e-34,24.0,0.0,600.0199120344416,0.0,0.00015672623692353227,False,False,APPLY,APPLIED,RUNAWAY DIAGNOSTIC
4.271999999995634,FAULT,0.0,0.0,0,0,1.927478460720582e-09,2.1803439527000415e-13,2.1803439527000415e-13,5.783030938563588e-26,1.4463662172076955e-10,3.7836959101061643e-35,0.0,-7.279057844193036e-22,1.931102119530854e-34,5.45476751582468e-19,9.287933041354466e-22,-5.456776391021839e-19,0.0,0.0,79.99983892700783,-5.68660713996896e-34,80.0,2.932168613863913e-35,5.68660713996896e-34,24.0,0.0,600.0199120344416,0.0,0.00015672623692353227,False,False,APPLY,APPLIED,RUNAWAY DIAGNOSTIC
4.2819999999956995,FAULT,0.0,0.0,0,0,1.7286899434123067e-09,1.9554764118112882e-13,1.9554764118112887e-13,-2.137404925576596e-25,1.2971967184750833e-10,-1.1908712862989816e-34,-0.0,-5.855046040634806e-22,-6.400214091922109e-34,4.387644064620264e-19,7.470922301137112e-22,-4.389259940880767e-19,0.0,0.0,79.99983892700783,-3.4491015801319042e-34,80.0,1.7784501637555362e-35,3.4491015801319042e-34,24.0,0.0,600.0199120344416,0.0,0.00015672623692353227,False,False,APPLY,APPLIED,RUNAWAY DIAGNOSTIC
4.291999999995765,FAULT,0.0,0.0,0,0,1.5504032762772096e-09,1.7538003544881892e-13,1.7538003544881897e-13,3.517527878940375e-26,1.1634116632446822e-10,1.8447914468217275e-35,0.0,-4.709615567255511e-22,9.447448097558725e-35,3.529283398778791e-19,6.009375797727764e-22,-3.5305831590092627e-19,0.0,0.0,79.99983892700783,-2.0919858568132642e-34,80.0,1.078684551088673e-35,2.0919858568132642e-34,24.0,0.0,600.0199120344416,0.0,0.00015672623692353227,False,False,APPLY,APPLIED,RUNAWAY DIAGNOSTIC
4.3019999999958305,FAULT,0.0,0.0,0,0,1.3905040219913904e-09,1.5729239508133573e-13,1.5729239508133573e-13,4.4675775491055084e-26,1.0434243926895619e-10,1.7905717698900494e-35,0.0,-3.788267186507898e-22,1.0759299793076398e-34,2.838844975902392e-19,4.833753587935584e-22,-2.83989046230382e-19,0.0,0.0,79.99983892700783,-1.2688535618424325e-34,80.0,6.542552523936307e-36,1.2688535618424325e-34,24.0,0.0,600.0199120344416,0.0,0.00015672623692353227,False,False,APPLY,APPLIED,RUNAWAY DIAGNOSTIC
4.311999999995896,FAULT,0.0,0.0,0,0,1.247095813559499e-09,1.4107020498156795e-13,1.4107020498156795e-13,1.0786993569952723e-25,9.358118864161722e-11,4.4308055502338336e-35,0.0,-3.0471634194858535e-22,2.329947352764856e-34,2.283477943424703e-19,3.888119920494073e-22,-2.2843188999257115e-19,0.0,0.0,79.99983892700783,-7.695985879430065e-35,80.0,3.968258698547597e-36,7.695985879430065e-35,24.0,0.0,600.0199120344416,0.0,0.00015672623692353227,False,False,APPLY,APPLIED,RUNAWAY DIAGNOSTIC
4.3219999999959615,FAULT,0.0,0.0,0,0,1.1184778638542328e-09,1.2652107384691635e-13,1.265210738469163e-13,2.697989386252149e-25,8.392978857820742e-11,9.54255293737994e-35,0.0,-2.4510427717903176e-22,5.22677685621376e-34,1.836758104922471e-19,3.127481829829819e-22,-1.8374345439805108e-19,0.0,0.0,79.99983892700783,-4.6678513925897787e-35,80.0,2.4068705663404448e-36,4.6678513925897787e-35,24.0,0.0,600.0199120344416,0.0,0.00015672623692353227,False,False,APPLY,APPLIED,RUNAWAY DIAGNOSTIC
4.331999999996027,FAULT,0.0,0.0,0,0,1.0031247946870388e-09,1.1347245245426441e-13,1.1347245245426441e-13,6.254057015963495e-25,7.527377577730305e-11,1.9949810539484294e-34,0.0,-1.9715420022335395e-22,1.0866328553718767e-33,1.47743066479488e-19,2.5156483842897843e-22,-1.4779747711769361e-19,0.0,0.0,79.99983892700783,-2.831194984587982e-35,80.0,1.4598407924453735e-36,2.831194984587982e-35,24.0,0.0,600.0199120344416,0.0,0.00015672623692353227,False,False,APPLY,APPLIED,RUNAWAY DIAGNOSTIC
4.3419999999960925,FAULT,0.0,0.0,0,0,8.996685461868209e-10,1.017695872652556e-13,1.0176958726525559e-13,5.89403093631173e-26,6.751049199286234e-11,1.6867058237353614e-35,0.0,-1.5858466083245834e-22,9.184725110149943e-35,1.1883989314795118e-19,2.0235087324947706e-22,-1.1888365936036818e-19,0.0,0.0,79.99983892700783,-1.7172065617772267e-35,80.0,8.854381989172952e-37,1.7172065617772267e-35,24.0,0.0,600.0199120344416,0.0,0.00015672623692353227,False,False,APPLY,APPLIED,RUNAWAY DIAGNOSTIC
4.351999999996158,FAULT,0.0,0.0,0,0,8.068821519365099e-10,9.127368509510131e-14,9.127368509510128e-14,-2.1029328765865194e-25,6.054786653192674e-11,-5.408412773934882e-35,-0.0,-1.2756053192472306e-22,-2.9389709759258832e-34,9.55910862008365e-20,1.627647017784233e-22,-9.562629037069022e-20,0.0,0.0,79.99983892700783,-1.0415384287775937e-35,80.0,5.370454149240675e-37,1.0415384287775937e-35,24.0,0.0,600.0199120344416,0.0,0.00015672623692353227,False,False,APPLY,APPLIED,RUNAWAY DIAGNOSTIC
4.361999999996224,FAULT,0.0,0.0,0,0,7.2366518744387e-10,8.186026704670151e-14,8.186026704670151e-14,6.072596150079719e-26,5.4303324318175845e-11,1.4249195583873916e-35,0.0,-1.0260569477122704e-22,7.611913668749723e-35,7.68904743938099e-20,1.309228258795429e-22,-7.691879152491824e-20,0.0,0.0,79.99983892700783,-6.31724990322527e-36,80.0,3.2573450980953625e-37,6.31724990322527e-36,24.0,0.0,600.0199120344416,0.0,0.00015672623692353227,False,False,APPLY,APPLIED,RUNAWAY DIAGNOSTIC
4.371999999996289,FAULT,0.0,0.0,0,0,6.490307193700822e-10,7.341769222983179e-14,7.341769222983179e-14,7.441136494983302e-25,4.870280657122844e-11,1.5376292628220943e-34,0.0,-8.253280572519954e-23,8.364994124604021e-34,6.184828823980279e-20,1.0531021867151161e-22,-6.187106565274912e-20,0.0,0.0,79.99983892700783,-3.831605751372743e-36,80.0,1.9756796712594674e-37,3.831605751372743e-36,24.0,0.0,600.0199120344416,0.0,0.00015672623692353227,False,False,APPLY,APPLIED,RUNAWAY DIAGNOSTIC
4.381999999996355,FAULT,0.0,0.0,0,0,5.820936007353702e-10,6.5845833721645e-14,6.584583372164501e-14,6.455235893869371e-26,4.367989248718196e-11,1.1767708642188836e-35,0.0,-6.638680276057195e-23,6.508124473327595e-35,4.974882504433738e-20,8.470824000426715e-23,-4.9767146481581084e-20,0.0,0.0,79.99983892700783,-2.3239863641388028e-36,80.0,1.1983102943898291e-37,2.3239863641388028e-36,24.0,0.0,600.0199120344416,0.0,0.00015672623692353227,False,False,APPLY,APPLIED,RUNAWAY DIAGNOSTIC
4.39199999999642,FAULT,0.0,0.0,0,0,5.220599732873966e-10,5.905489108629421e-14,5.905489108629421e-14,-1.1292353808147143e-25,3.9175011503729305e-11,-1.8775216176524355e-35,-0.0,-5.339946390996652e-23,-1.02109316784178e-34,4.001639598651498e-20,6.813665392720933e-23,-4.0031133176532214e-20,0.0,0.0,79.99983892700783,-1.409568982604256e-36,80.0,7.268119333966945e-38,1.409568982604256e-36,24.0,0.0,600.0199120344416,0.0,0.00015672623692353227,False,False,APPLY,APPLIED,RUNAWAY DIAGNOSTIC
4.401999999996486,FAULT,0.0,0.0,0,0,4.682178525318231e-10,5.296432536706199e-14,5.2964325367061984e-14,7.933397354560619e-26,3.5134736807506554e-11,1.1835483238353433e-35,0.0,-4.2952855497877264e-23,6.433627518844232e-35,3.218793501801246e-20,5.480698935737804e-23,-3.2199789151871965e-20,0.0,0.0,79.99983892700783,-8.549468049294155e-37,80.0,4.408337214501069e-38,8.549468049294155e-37,24.0,0.0,600.0199120344416,0.0,0.00015672623692353227,False,False,APPLY,APPLIED,RUNAWAY DIAGNOSTIC
4.411999999996551,FAULT,0.0,0.0,0,0,4.1992868376608677e-10,4.750190390569188e-14,4.750190390569188e-14,-7.832738971509834e-26,3.1511151704837196e-11,-1.0473654665826582e-35,-0.0,-3.454993103493084e-23,-5.697033371260216e-35,2.5890966319728538e-20,4.408502486237953e-23,-2.5900501413555986e-20,0.0,0.0,79.99983892700783,-5.185514496130403e-37,80.0,2.6737916789470544e-38,5.185514496130403e-37,24.0,0.0,600.0199120344416,0.0,0.00015672623692353227,False,False,APPLY,APPLIED,RUNAWAY DIAGNOSTIC
4.421999999996617,FAULT,0.0,0.0,0,0,3.766197689728523e-10,4.260284368828921e-14,4.260284368828921e-14,1.2539552540605418e-25,2.8261281341180267e-11,1.5066623335176196e-35,0.0,-2.7790881902577155e-23,8.179677440196888e-35,2.082588201430719e-20,3.5460612595291165e-23,-2.0833551744999902e-20,0.0,0.0,79.99983892700783,-3.145173528287361e-37,80.0,1.6217366309658877e-38,3.145173528287361e-37,24.0,0.0,600.0199120344416,0.0,0.00015672623692353227,False,False,APPLY,APPLIED,RUNAWAY DIAGNOSTIC
4.431999999996682,FAULT,0.0,0.0,0,0,3.377774747585273e-10,3.820904302984325e-14,3.8209043029843256e-14,1.9909331894180073e-25,2.5346583029611606e-11,2.137999227180154e-35,0.0,-2.235411457532628e-23,1.1647753117107268e-34,1.6751686913414266e-20,2.852340561356189e-23,-1.6757856204452505e-20,0.0,0.0,79.99983892700783,-1.9076441750228204e-37,80.0,9.836329886598713e-39,1.9076441750228204e-37,24.0,0.0,600.0199120344416,0.0,0.00015672623692353227,False,False,APPLY,APPLIED,RUNAWAY DIAGNOSTIC
4.441999999996748,FAULT,0.0,0.0,0,0,3.0294114078345843e-10,3.426839250297901e-14,3.4268392502979014e-14,-3.360921360378985e-25,2.2732489143755348e-11,-3.2442335426874884e-35,-0.0,-1.7980949298316038e-23,-1.7635060124623663e-34,1.3474532039136288e-20,2.29433336947958e-23,-1.3479494423532766e-20,0.0,0.0,79.99983892700783,-1.157044679973539e-37,80.0,5.966035655269735e-39,1.157044679973539e-37,24.0,0.0,600.0199120344416,0.0,0.00015672623692353227,False,False,APPLY,APPLIED,RUNAWAY DIAGNOSTIC
4.451999999996813,FAULT,0.0,0.0,0,0,2.7169761644049593e-10,3.0734156933070114e-14,3.073415693307011e-14,4.9401893407580855e-26,2.0387997153984528e-11,4.2897737787840065e-36,0.0,-1.4463312182644323e-23,2.324833952338779e-35,1.0838491347896446e-20,1.845489869486171e-23,-1.0842482934408661e-20,0.0,0.0,79.99983892700783,-7.017830730613347e-38,80.0,3.6185835418598007e-39,7.017830730613347e-38,24.0,0.0,600.0199120344416,0.0,0.00015672623692353227,False,False,APPLY,APPLIED,RUNAWAY DIAGNOSTIC
4.461999999996879,FAULT,0.0,0.0,0,0,2.436763609872848e-10,2.7564421129513142e-14,2.7564421129513136e-14,-9.279013786885624e-26,1.828530194481877e-11,-7.196160602318073e-36,-0.0,-1.1633835111895843e-23,-3.9162696323598404e-35,8.71814281618327e-21,1.484454222600138e-23,-8.721353523297375e-21,0.0,0.0,79.99983892700783,-4.2565295027904554e-38,80.0,2.1947818628694768e-39,4.2565295027904554e-38,24.0,0.0,600.0199120344416,0.0,0.00015672623692353227,False,False,APPLY,APPLIED,RUNAWAY DIAGNOSTIC
4.471999999996944,FAULT,0.0,0.0,0,0,2.1854504902148275e-10,2.4721592782296426e-14,2.4721592782296426e-14,1.5230613045011298e-25,1.6399466052890305e-11,1.0574042342564286e-35,0.0,-9.357892417854938e-24,5.765248777806372e-35,7.012600898382222e-21,1.1940484612950577e-23,-7.015183490577316e-21,0.0,0.0,79.99983892700783,-2.581715647413753e-38,80.0,1.3312024912115311e-39,2.581715647413753e-38,24.0,0.0,600.0199120344416,0.0,0.00015672623692353227,False,False,APPLY,APPLIED,RUNAWAY DIAGNOSTIC
4.48199999999701,FAULT,0.0,0.0,0,0,1.9600562918079266e-10,2.2171956625593386e-14,2.2171956625593386e-14,-6.915093027395864e-27,1.47081239145798e-11,-4.36367839431715e-37,-0.0,-7.527195431412065e-24,-2.3473152817982554e-36,5.640716422849375e-21,9.604551667639602e-24,-5.642793779085603e-21,0.0,0.0,79.99983892700783,-1.5658896948162743e-38,80.0,8.07415125205622e-40,1.5658896948162743e-38,24.0,0.0,600.0199120344416,0.0,0.00015672623692353227,False,False,APPLY,APPLIED,RUNAWAY DIAGNOSTIC
4.491999999997075,FAULT,0.0,0.0,0,0,1.7579078932500663e-10,1.9885274583125388e-14,1.988527458312539e-14,-3.8931008526867053e-26,1.3191216615769482e-11,-2.1834577977783595e-36,-0.0,-6.054640140410135e-24,-1.1854493186058138e-35,4.537215538722979e-21,7.725600402877218e-24,-4.538886498985445e-21,0.0,0.0,79.99983892700783,-9.497601096341185e-39,80.0,4.897220285529189e-40,9.497601096341185e-39,24.0,0.0,600.0199120344416,0.0,0.00015672623692353227,False,False,APPLY,APPLIED,RUNAWAY DIAGNOSTIC
4.501999999997141,FAULT,0.0,0.0,0,0,1.576607862777552e-10,1.783442715138611e-14,1.7834427151386112e-14,2.9273664002315553e-26,1.18307539979088e-11,1.4696721436088827e-36,0.0,-4.8701628067958376e-24,7.994096269560819e-36,3.649594005725666e-21,6.214230882430003e-24,-3.650938073801301e-21,0.0,0.0,79.99983892700783,-5.760586258651181e-39,80.0,2.970314250540075e-40,5.760586258651181e-39,24.0,0.0,600.0199120344416,0.0,0.00015672623692353227,False,False,APPLY,APPLIED,RUNAWAY DIAGNOSTIC
4.511999999997206,FAULT,0.0,0.0,0,0,1.4140060252964762e-10,1.5995091769514144e-14,1.5995091769514144e-14,-6.002445530385254e-26,1.061060129902735e-11,-2.700135778600238e-36,-0.0,-3.917406355245791e-24,-1.470075071848276e-35,2.935619058198328e-21,4.998532598936848e-24,-2.936700184442019e-21,0.0,0.0,79.99983892700783,-3.49397218379119e-39,80.0,1.8015866619338864e-40,3.49397218379119e-39,24.0,0.0,600.0199120344416,0.0,0.00015672623692353227,False,False,APPLY,APPLIED,RUNAWAY DIAGNOSTIC
4.521999999997272,FAULT,0.0,0.0,0,0,1.2681739618198093e-10,1.434545435890945e-14,1.4345454358909455e-14,-6.24848978005145e-26,9.516287799308592e-12,-2.5216420123801622e-36,-0.0,-3.1510389202690885e-24,-1.3725182242796419e-35,2.3613199828082544e-21,4.020662993594379e-24,-2.3621896068815793e-21,0.0,0.0,79.99983892700783,-2.119201253652434e-39,80.0,1.0927175465922273e-40,2.119201253652434e-39,24.0,0.0,600.0199120344416,0.0,0.00015672623692353227,False,False,APPLY,APPLIED,RUNAWAY DIAGNOSTIC
4.531999999997337,FAULT,0.0,0.0,0,0,1.137382138877795e-10,1.2865950613483685e-14,1.2865950613483685e-14,8.898528546158174e-26,8.534835201806247e-12,3.2265770206074126e-36,0.0,-2.534596969704349e-24,1.7530202355110468e-35,1.899371802222728e-21,3.2340953245955705e-24,-1.9000713005776194e-21,0.0,0.0,79.99983892700783,-1.285360534441636e-39,80.0,6.627666944141464e-41,1.285360534441636e-39,24.0,0.0,600.0199120344416,0.0,0.00015672623692353227,False,False,APPLY,APPLIED,RUNAWAY DIAGNOSTIC
4.541999999997403,FAULT,0.0,0.0,0,0,1.0200793966639903e-10,1.1539033971613419e-14,1.1539033971613419e-14,-5.805093049917593e-27,7.654603712939774e-12,-1.9058161340187126e-37,-0.0,-2.0387503808338414e-24,-1.0257106565886038e-36,1.5277951609033293e-21,2.6014049387459267e-24,-1.5283578154612416e-21,0.0,0.0,79.99983892700783,-7.796105729234604e-40,80.0,4.0198832039856926e-41,7.796105729234604e-40,24.0,0.0,600.0199120344416,0.0,0.00015672623692353227,False,False,APPLY,APPLIED,RUNAWAY DIAGNOSTIC
4.551999999997468,FAULT,0.0,0.0,0,0,9.14874552650436e-11,1.034896751894407e-14,1.034896751894407e-14,-4.2389416841788985e-26,6.865153997320439e-12,-1.2340193906082223e-36,-0.0,-1.6399069221145831e-24,-6.716848188995477e-36,1.228910553977964e-21,2.0924886177183392e-24,-1.2293631356735679e-21,0.0,0.0,79.99983892700783,-4.728577151142047e-40,80.0,2.4381824116811466e-41,4.728577151142047e-40,24.0,0.0,600.0199120344416,0.0,0.00015672623692353227,False,False,APPLY,APPLIED,RUNAWAY DIAGNOSTIC
4.561999999997534,FAULT,0.0,0.0,0,0,8.205199024943999e-11,9.281637351241973e-15,9.281637351241971e-15,-7.406319725503393e-27,6.157123369724946e-12,-1.9316879152019717e-37,-0.0,-1.3190897416777873e-24,-1.0524347859705793e-36,9.884971417146687e-22,1.683132275973549e-24,-9.888611842489645e-22,0.0,0.0,79.99983892700783,-2.868027018984238e-40,80.0,1.4788323866566888e-41,2.868027018984238e-40,24.0,0.0,600.0199120344416,0.0,0.00015672623692353227,False,False,APPLY,APPLIED,RUNAWAY DIAGNOSTIC
4.571999999997599,FAULT,0.0,0.0,0,0,7.358964225630948e-11,8.324385187346722e-15,8.32438518734672e-15,-5.524662931383924e-26,5.5221147558831065e-12,-1.2960686175592201e-36,-0.0,-1.061034454526889e-24,-7.041876968772648e-36,7.951161262429517e-22,1.3538588618529023e-24,-7.9540895065027775e-22,0.0,0.0,79.99983892700783,-1.739546319898146e-40,80.0,8.969571830832786e-42,1.739546319898146e-40,24.0,0.0,600.0199120344416,0.0,0.00015672623692353227,False,False,APPLY,APPLIED,RUNAWAY DIAGNOSTIC
4.581999999997665,FAULT,0.0,0.0,0,0,6.600004985800258e-11,7.4658582452715e-15,7.4658582452715e-15,6.979297218639638e-27,4.952597105180974e-12,1.4697840681198253e-37,0.0,-8.53462867718626e-25,7.978667906206276e-37,6.395664969905519e-22,1.0890016453147068e-24,-6.398020357681481e-22,0.0,0.0,79.99983892700783,-1.0550881770084943e-40,80.0,5.440320319894802e-42,1.0550881770084943e-40,24.0,0.0,600.0199120344416,0.0,0.00015672623692353227,False,False,APPLY,APPLIED,RUNAWAY DIAGNOSTIC
4.59199999999773,FAULT,0.0,0.0,0,0,5.919320229995588e-11,6.695874600172724e-15,6.695874600172725e-15,-5.4646815661411844e-27,4.4418160741979e-12,-1.031556559890911e-37,-0.0,-6.864987875375573e-25,-5.603113209339439e-37,5.144472493666441e-22,8.759587996308756e-25,-5.146367093787374e-22,0.0,0.0,79.99983892700783,-6.399433280559538e-41,80.0,3.2997210726737984e-42,6.399433280559538e-41,24.0,0.0,600.0199120344416,0.0,0.00015672623692353227,False,False,APPLY,APPLIED,RUNAWAY DIAGNOSTIC
4.601999999997796,FAULT,0.0,0.0,0,0,5.308837199459085e-11,6.0053024298211806e-15,6.00530242982118e-15,-1.909622243862747e-26,3.983713921805455e-12,-3.2213811404263488e-37,-0.0,-5.52198113256021e-25,-1.755940604288871e-36,4.1380524718889145e-22,7.045938102590147e-25,-4.1395764288589428e-22,0.0,0.0,79.99983892700783,-3.88145248944471e-41,80.0,2.0013819990764923e-42,3.88145248944471e-41,24.0,0.0,600.0199120344416,0.0,0.00015672623692353227,False,False,APPLY,APPLIED,RUNAWAY DIAGNOSTIC
4.611999999997861,FAULT,0.0,0.0,0,0,4.7613157111423346e-11,5.38595171320347e-15,5.38595171320347e-15,2.955504210219577e-26,3.572857665803371e-12,4.487118215520137e-37,0.0,-4.4417085918266085e-25,2.4373714652181855e-36,3.328519742536831e-22,5.66753182529271e-25,-3.329745565770296e-22,0.0,0.0,79.99983892700783,-2.354219939066115e-41,80.0,1.2138995442368393e-42,2.354219939066115e-41,24.0,0.0,600.0199120344416,0.0,0.00015672623692353227,False,False,APPLY,APPLIED,RUNAWAY DIAGNOSTIC
4.621999999997927,FAULT,0.0,0.0,0,0,4.270262290861878e-11,4.830477098488792e-15,4.830477098488792e-15,-2.3147980896791298e-27,3.204374649047226e-12,-3.1754275191066664e-38,-0.0,-3.5727712103609834e-25,-1.7122728258657461e-37,2.677356981749444e-22,4.558785008189234e-25,-2.6783429955472724e-22,0.0,0.0,79.99983892700783,-1.4279065727503883e-41,80.0,7.362672913908259e-43,1.4279065727503883e-41,24.0,0.0,600.0199120344416,0.0,0.00015672623692353227,False,False,APPLY,APPLIED,RUNAWAY DIAGNOSTIC
4.631999999997992,FAULT,0.0,0.0,0,0,3.829853162242147e-11,4.332290789324256e-15,4.332290789324256e-15,-5.4922592053333216e-27,2.873894750897594e-12,-6.742806065956384e-38,-0.0,-2.873825208834625e-25,-3.643228926957709e-37,2.1535820611534446e-22,3.666943811084045e-25,-2.1543751797556933e-22,0.0,0.0,79.99983892700783,-8.660691155782878e-42,80.0,4.465686859721059e-43,8.660691155782878e-42,24.0,0.0,600.0199120344416,0.0,0.00015672623692353227,False,False,APPLY,APPLIED,RUNAWAY DIAGNOSTIC
4.641999999998058,FAULT,0.0,0.0,0,0,3.434865178124415e-11,3.88548441504638e-15,3.885484415046379e-15,-2.9518846450756294e-27,2.5774985586321853e-12,-3.1923238154701093e-38,-0.0,-2.311614946697895e-25,-1.7561816724662857e-37,1.7322739275101918e-22,2.949574697972918e-25,-1.7329118872614668e-22,0.0,0.0,79.99983892700783,-5.252974720284303e-42,80.0,2.708575997096623e-43,5.252974720284303e-42,24.0,0.0,600.0199120344416,0.0,0.00015672623692353227,False,False,APPLY,APPLIED,RUNAWAY DIAGNOSTIC
4.651999999998123,FAULT,0.0,0.0,0,0,3.080613875280755e-11,3.4847589586309895e-15,3.4847589586309907e-15,1.9142759704764397e-26,2.31167088414635e-12,1.8772161928812288e-37,0.0,-1.8593906286794613e-25,1.021405867706198e-36,1.3933868664955446e-22,2.3725454621430786e-25,-1.393900021329008e-22,0.0,0.0,79.99983892700783,-3.1860902225477835e-42,80.0,1.6428343864007977e-43,3.1860902225477835e-42,24.0,0.0,600.0199120344416,0.0,0.00015672623692353227,False,False,APPLY,APPLIED,RUNAWAY DIAGNOSTIC
4.661999999998189,FAULT,0.0,0.0,0,0,2.7628979178023735e-11,3.125361911814842e-15,3.125361911814842e-15,-9.721333265489299e-27,2.0732590746610557e-12,-8.606779652038112e-38,-0.0,-1.495635557709589e-25,-4.652185345215989e-37,1.1207967336394767e-22,1.9084012260491728e-25,-1.1212094993078166e-22,0.0,0.0,79.99983892700783,-1.9324614045858555e-42,80.0,9.964294241822635e-44,1.9324614045858555e-42,24.0,0.0,600.0199120344416,0.0,0.00015672623692353227,False,False,APPLY,APPLIED,RUNAWAY DIAGNOSTIC
4.671999999998254,FAULT,0.0,0.0,0,0,2.4779492702575215e-11,2.803030911415258e-15,2.8030309114152574e-15,-1.7582468587354194e-26,1.8594356230133185e-12,-1.3876217913130069e-37,-0.0,-1.20304237689191e-25,-7.546294910857434e-37,9.015337723803145e-23,1.5350581464924462e-25,-9.01865788149915e-23,0.0,0.0,79.99983892700783,-1.1720970905926478e-42,80.0,6.043649960063407e-44,1.1720970905926478e-42,24.0,0.0,600.0199120344416,0.0,0.00015672623692353227,False,False,APPLY,APPLIED,RUNAWAY DIAGNOSTIC
4.68199999999832,FAULT,0.0,0.0,0,0,2.2223885096897577e-11,2.513943188676388e-15,2.5139431886763874e-15,-1.831327602594165e-28,1.6676646340960403e-12,-1.097990214318639e-39,-0.0,-9.676895906481765e-26,-7.051244189380763e-39,7.251655169471002e-23,1.2347526720002657e-25,-7.254325800284524e-23,0.0,0.0,79.99983892700783,-7.109128216044089e-43,80.0,3.6656589973494483e-44,7.109128216044089e-43,24.0,0.0,600.0199120344416,0.0,0.00015672623692353227,False,False,APPLY,APPLIED,RUNAWAY DIAGNOSTIC
4.6919999999983855,FAULT,0.0,0.0,0,0,1.9931847464687927e-11,2.2546702321800388e-15,2.2546702321800388e-15,6.541071295854041e-28,1.495671749747242e-12,4.270888669956892e-39,0.0,-7.783791841660158e-26,2.2582922477101026e-38,5.833004187748896e-23,9.931963583889664e-26,-5.835152359491127e-23,0.0,0.0,79.99983892700783,-4.311904226858867e-43,80.0,2.2233345699438851e-44,4.311904226858867e-43,24.0,0.0,600.0199120344416,0.0,0.00015672623692353227,False,False,APPLY,APPLIED,RUNAWAY DIAGNOSTIC
4.701999999998451,FAULT,0.0,0.0,0,0,1.7876196786631313e-11,2.0221371265743505e-15,2.0221371265743505e-15,8.590003707698112e-28,1.3414171754050315e-12,4.7756251664189766e-39,0.0,-6.261038252382584e-26,2.659498571550327e-38,4.6918857914722143e-23,7.988960288859191e-26,-4.6936137135086906e-23,0.0,0.0,79.99983892700783,-2.6153021153343706e-43,80.0,1.3485205834699528e-44,2.6153021153343706e-43,24.0,0.0,600.0199120344416,0.0,0.00015672623692353227,False,False,APPLY,APPLIED,RUNAWAY DIAGNOSTIC
4.7119999999985165,FAULT,0.0,0.0,0,0,1.6032553536267636e-11,1.8135860846845462e-15,1.8135860846845462e-15,2.232065172103106e-27,1.2030714886309099e-12,1.1357916416922653e-38,0.0,-5.036182980592861e-26,6.198465511776166e-38,3.7740059104456526e-23,6.426069322332198e-26,-3.7753957967873916e-23,0.0,0.0,79.99983892700783,-1.5862609173615825e-43,80.0,8.17919079128086e-45,1.5862609173615825e-43,24.0,0.0,600.0199120344416,0.0,0.00015672623692353227,False,False,APPLY,APPLIED,RUNAWAY DIAGNOSTIC
4.721999999998582,FAULT,0.0,0.0,0,0,1.4379052544640967e-11,1.6265437409547985e-15,1.6265437409547983e-15,-9.552743400896902e-27,1.0789939425962467e-12,-4.3717148970619913e-38,-0.0,-4.050947780828747e-26,-2.3791276716392345e-37,3.0356920959086854e-23,5.168928802038647e-26,-3.036810076929896e-23,0.0,0.0,79.99983892700783,-9.62115880683675e-44,80.0,4.9609299865510107e-45,9.62115880683675e-44,24.0,0.0,600.0199120344416,0.0,0.00015672623692353227,False,False,APPLY,APPLIED,RUNAWAY DIAGNOSTIC
4.7319999999986475,FAULT,0.0,0.0,0,0,1.2896083684600142e-11,1.458791817810497e-15,1.4587918178104975e-15,4.6411227707392116e-27,9.677130072164515e-13,1.9065640910870306e-38,0.0,-3.258455458468881e-26,1.0366362107721499e-37,2.4418155985543973e-23,4.15772436000525e-26,-2.4427148674559337e-23,0.0,0.0,79.99983892700783,-5.83552779831064e-44,80.0,3.0089561375309356e-45,5.83552779831064e-44,24.0,0.0,600.0199120344416,0.0,0.00015672623692353227,False,False,APPLY,APPLIED,RUNAWAY DIAGNOSTIC
4.741999999998713,FAULT,0.0,0.0,0,0,1.1566059299379306e-11,1.3083408174868936e-15,1.308340817486893e-15,-1.9043652563918127e-27,8.67908917155366e-13,-7.017882075542117e-39,-0.0,-2.620999467115815e-26,-3.815119147032174e-38,1.9641199531992898e-23,3.344343192918963e-26,-1.9648432969250923e-23,0.0,0.0,79.99983892700783,-3.539426525280724e-44,80.0,1.825024151142995e-45,3.539426525280724e-44,24.0,0.0,600.0199120344416,0.0,0.00015672623692353227,False,False,APPLY,APPLIED,RUNAWAY DIAGNOSTIC
4.7519999999987785,FAULT,0.0,0.0,0,0,1.0373205617183966e-11,1.1734064270151934e-15,1.1734064270151934e-15,2.6911897745888117e-27,7.783980197233367e-13,8.862820423284457e-39,0.0,-2.108249842342411e-26,4.835138872718237e-38,1.5798765446659482e-23,2.6900848694094244e-26,-1.5804583796930153e-23,0.0,0.0,79.99983892700783,-2.146770705382883e-44,80.0,1.1069331023842352e-45,2.146770705382883e-44,24.0,0.0,600.0199120344416,0.0,0.00015672623692353227,False,False,APPLY,APPLIED,RUNAWAY DIAGNOSTIC
4.761999999998844,FAULT,0.0,0.0,0,0,9.303375678018817e-12,1.052388356734125e-15,1.0523883567341251e-15,-5.4441060619003625e-27,6.981187370387944e-13,-1.6144841654157945e-38,-0.0,-1.69581011118482e-26,-8.772406404288677e-38,1.2708031871067461e-23,2.1638199751588027e-26,-1.27127119697072e-23,0.0,0.0,79.99983892700783,-1.3020822521876193e-44,80.0,6.7138886484685385e-46,1.3020822521876193e-44,24.0,0.0,600.0199120344416,0.0,0.00015672623692353227,False,False,APPLY,APPLIED,RUNAWAY DIAGNOSTIC
4.77199999999891,FAULT,0.0,0.0,0,0,8.343881554123412e-12,9.438513612086054e-16,9.438513612086056e-16,7.992667733792852e-28,6.261189759679313e-13,2.124077001835843e-39,0.0,-1.3640565152375731e-26,1.1549748571494863e-38,1.0221942630980325e-23,1.7405089847310232e-26,-1.0225707155675262e-23,0.0,0.0,79.99983892700783,-7.897528074194597e-45,80.0,4.072179311192739e-46,7.897528074194597e-45,24.0,0.0,600.0199120344416,0.0,0.00015672623692353227,False,False,APPLY,APPLIED,RUNAWAY DIAGNOSTIC
4.779999999998962,FAULT,0.0,0.0,0,0,7.648040656717408e-12,8.651385494353251e-16,8.65138549435325e-16,7.61078206607546e-29,5.739035667133176e-13,1.8144012516077731e-40,0.0,-1.1460313007322287e-26,1.0083967957035676e-39,8.58810912786525e-24,1.4623131471700615e-26,-8.591271946329629e-24,0.0,0.0,79.99983892700783,-5.293871382261823e-45,80.0,2.7296634233440676e-46,5.293871382261823e-45,24.0,0.0,600.0199120344416,0.0,0.00015672623692353227,False,False,APPLY,APPLIED,RUNAWAY DIAGNOSTIC
4.7899999999990275,FAULT,0.0,0.0,0,0,6.859267815180911e-12,7.759133710419684e-16,7.759133710419683e-16,-2.4575877801048296e-27,5.147146100376304e-13,-5.349171022673267e-39,-0.0,-9.218316674255623e-27,-2.9197230594917597e-38,6.908005874104025e-24,1.1762388740094179e-26,-6.910549946169865e-24,0.0,0.0,79.99983892700783,-3.2108953019170553e-45,80.0,1.6556245569543027e-46,3.2108953019170553e-45,24.0,0.0,600.0199120344416,0.0,0.00015672623692353227,False,False,APPLY,APPLIED,RUNAWAY DIAGNOSTIC
4.799999999999093,FAULT,0.0,0.0,0,0,6.151844252952983e-12,6.958903400597697e-16,6.958903400597697e-16,-7.165338558032732e-28,4.616300457991944e-13,-1.4090112110724609e-39,-0.0,-7.414925076922639e-27,-7.635619280167355e-39,5.55658346280454e-24,9.461296928147665e-27,-5.558629834655766e-24,0.0,0.0,79.99983892700783,-1.9475064457399232e-45,80.0,1.0041870547659173e-46,1.9475064457399232e-45,24.0,0.0,600.0199120344416,0.0,0.00015672623692353227,False,False,APPLY,APPLIED,RUNAWAY DIAGNOSTIC
4.8099999999991585,FAULT,0.0,0.0,0,0,5.51738009541367e-12,6.241204024256868e-16,6.241204024256867e-16,-1.2707259058942026e-27,4.1402030373489243e-13,-2.2315117524986982e-39,-0.0,-5.9643333852054794e-27,-1.214380943726687e-38,4.469541621968762e-24,7.610370779316742e-27,-4.471187659362873e-24,0.0,0.0,79.99983892700783,-1.1812223693292273e-45,80.0,6.090702368020508e-47,1.1812223693292273e-45,24.0,0.0,600.0199120344416,0.0,0.00015672623692353227,False,False,APPLY,APPLIED,RUNAWAY DIAGNOSTIC
4.819999999999224,FAULT,0.0,0.0,0,0,4.948350749070613e-12,5.597523838186276e-16,5.597523838186277e-16,2.403078852639536e-27,3.7132074366601275e-13,3.775283034288348e-39,0.0,-4.797522882687414e-27,2.0596262407870732e-38,3.5951592276503584e-24,6.121543783956925e-27,-3.5964832485516286e-24,0.0,0.0,79.99983892700783,-7.164475829365689e-46,80.0,3.6941977253887404e-47,7.164475829365689e-46,24.0,0.0,600.0199120344416,0.0,0.00015672623692353227,False,False,APPLY,APPLIED,RUNAWAY DIAGNOSTIC
4.8299999999992895,FAULT,0.0,0.0,0,0,4.438007661676793e-12,5.02022894903446e-16,5.020228949034459e-16,-2.971598348091839e-27,3.330249590004846e-13,-4.19653016824596e-39,-0.0,-3.858977076508291e-27,-2.2842286007265978e-38,2.8918334284280628e-24,4.92397800127548e-27,-2.8928984293528292e-24,0.0,0.0,79.99983892700783,-4.3454742512803356e-46,80.0,2.2406441834889156e-47,4.3454742512803356e-46,24.0,0.0,600.0199120344416,0.0,0.00015672623692353227,False,False,APPLY,APPLIED,RUNAWAY DIAGNOSTIC
4.839999999999355,FAULT,0.0,0.0,0,0,3.980298286010324e-12,4.502472777095628e-16,4.502472777095629e-16,-9.02198157160396e-30,2.9867877087154974e-13,-1.2813473157786127e-41,-0.0,-3.1040402393223475e-27,-6.215038948973429e-41,2.326100194243439e-24,3.960693611404182e-27,-2.326956847615521e-24,0.0,0.0,79.99983892700783,-2.6356633643932923e-46,80.0,1.3590193947927907e-47,2.6356633643932923e-46,24.0,0.0,600.0199120344416,0.0,0.00015672623692353227,False,False,APPLY,APPLIED,RUNAWAY DIAGNOSTIC
4.8499999999994206,FAULT,0.0,0.0,0,0,3.5697942981079277e-12,4.038114857756074e-16,4.0381148577560743e-16,-4.489984380948731e-28,2.678748416847937e-13,-5.126314120100905e-40,-0.0,-2.496792703423505e-27,-2.7763197798466152e-39,1.871042107913089e-24,3.1858578327009687e-27,-1.871731173042366e-24,0.0,0.0,79.99983892700783,-1.5986106391858647e-46,80.0,8.242869300859259e-48,1.5986106391858647e-46,24.0,0.0,600.0199120344416,0.0,0.00015672623692353227,False,False,APPLY,APPLIED,RUNAWAY DIAGNOSTIC
4.859999999999486,FAULT,0.0,0.0,0,0,3.2016272186421795e-12,3.621648016905672e-16,3.6216480169056716e-16,-2.335023487172503e-27,2.402478441914883e-13,-2.382591345131414e-39,-0.0,-2.008341813634513e-27,-1.294853590897161e-38,1.5050076425114856e-24,2.5626042117876157e-27,-1.5055619049096385e-24,0.0,0.0,79.99983892700783,-9.696063656090263e-47,80.0,4.999552954975124e-48,9.696063656090263e-47,24.0,0.0,600.0199120344416,0.0,0.00015672623692353227,False,False,APPLY,APPLIED,RUNAWAY DIAGNOSTIC
4.869999999999552,FAULT,0.0,0.0,0,0,2.8714306739141594e-12,3.248133057274798e-16,3.2481330572747973e-16,1.2120426287463642e-27,2.1547012879460757e-13,1.1083233891945703e-39,0.0,-1.6154472235207583e-27,6.028049681893925e-39,1.2105809882303289e-24,2.0612785287737816e-27,-1.2110268195355819e-24,0.0,0.0,79.99983892700783,-5.880959885944046e-47,80.0,3.0323821520492723e-48,5.880959885944046e-47,24.0,0.0,600.0199120344416,0.0,0.00015672623692353227,False,False,APPLY,APPLIED,RUNAWAY DIAGNOSTIC
4.879999999999617,FAULT,0.0,0.0,0,0,2.5752886117051913e-12,2.91314018049392e-16,2.9131401804939193e-16,-9.048912859877231e-29,1.9324783770280175e-13,-7.326548890875874e-41,-0.0,-1.2994151265672612e-27,-4.037084823781225e-40,9.73753413384085e-25,1.6580278583946135e-27,-9.741120261159124e-25,0.0,0.0,79.99983892700783,-3.566982479365133e-47,80.0,1.8392327471832382e-48,3.566982479365133e-47,24.0,0.0,600.0199120344416,0.0,0.00015672623692353227,False,False,APPLY,APPLIED,RUNAWAY DIAGNOSTIC
4.889999999999683,FAULT,0.0,0.0,0,0,2.3096888578326845e-12,2.6126964510483717e-16,2.6126964510483717e-16,6.216010646393956e-28,1.73317419847122e-13,4.5462606337782905e-40,0.0,-1.0452088106506865e-27,2.4866882028522474e-39,7.832567331684841e-25,1.333665654999113e-27,-7.835451900128323e-25,0.0,0.0,79.99983892700783,-2.1634842363927123e-47,80.0,1.1155510515141147e-48,2.1634842363927123e-47,24.0,0.0,600.0199120344416,0.0,0.00015672623692353227,False,False,APPLY,APPLIED,RUNAWAY DIAGNOSTIC
4.899999999999748,FAULT,0.0,0.0,0,0,2.0714814626016758e-12,2.343238677955044e-16,2.343238677955044e-16,-7.262156539375709e-28,1.554425052282386e-13,-4.791347735188701e-40,-0.0,-8.407332156696173e-28,-2.605540733402421e-39,6.300271728154497e-25,1.0727588624755945e-27,-6.302591984622558e-25,0.0,0.0,79.99983892700783,-1.312219521177139e-47,80.0,6.766159152179698e-49,1.312219521177139e-47,24.0,0.0,600.0199120344416,0.0,0.00015672623692353227,False,False,APPLY,APPLIED,RUNAWAY DIAGNOSTIC
4.909999999999814,FAULT,0.0,0.0,0,0,1.8578413431533332e-12,2.101571156387579e-16,2.1015711563875783e-16,1.055464118724563e-27,1.3941110162466006e-13,6.243078931244568e-40,0.0,-6.7625945431629155e-28,3.396343903565631e-39,5.067741159148744e-25,8.628936140824455e-28,-5.069607500746405e-25,0.0,0.0,79.99983892700783,-7.959013718673571e-48,80.0,4.103882974292178e-49,7.959013718673571e-48,24.0,0.0,600.0199120344416,0.0,0.00015672623692353227,False,False,APPLY,APPLIED,RUNAWAY DIAGNOSTIC
4.919999999999879,FAULT,0.0,0.0,0,0,1.6662347786568512e-12,1.8848277671873393e-16,1.8848277671873398e-16,1.1172444940238472e-28,1.2503308041557816e-13,5.922658024392056e-41,0.0,-5.439619144672456e-28,3.224219610595685e-40,4.076332190778884e-25,6.940845844014115e-28,-4.0778334174782247e-25,0.0,0.0,79.99983892700783,-4.827385841448927e-48,80.0,2.4891308477808514e-49,4.827385841448927e-48,24.0,0.0,600.0199120344416,0.0,0.00015672623692353227,False,False,APPLY,APPLIED,RUNAWAY DIAGNOSTIC
4.929999999999945,FAULT,0.0,0.0,0,0,1.4943893609846458e-12,1.6904379854816793e-16,1.6904379854816793e-16,-4.487964534328168e-28,1.1213792170080014e-13,-2.135620898584951e-40,-0.0,-4.375459189538265e-28,-1.1616203749867004e-39,3.2788738824165127e-25,5.582998905560246e-28,-3.280081422132534e-25,0.0,0.0,79.99983892700783,-2.92795751910141e-48,80.0,1.509734175215569e-49,2.92795751910141e-48,24.0,0.0,600.0199120344416,0.0,0.00015672623692353227,False,False,APPLY,APPLIED,RUNAWAY DIAGNOSTIC
4.94000000000001,FAULT,0.0,0.0,0,0,1.3402670444942905e-12,1.5160963948595642e-16,1.5160963948595647e-16,2.839365722669375e-28,1.005726919754273e-13,1.2023456116061404e-40,0.0,-3.519482267080216e-28,6.5910353529210636e-40,2.6374234075213813e-25,4.490789376393653e-28,-2.638394714630695e-25,0.0,0.0,79.99983892700783,-1.7758960056711225e-48,80.0,9.157000652841967e-50,1.7758960056711225e-48,24.0,0.0,600.0199120344416,0.0,0.00015672623692353227,False,False,APPLY,APPLIED,RUNAWAY DIAGNOSTIC
4.950000000000076,FAULT,0.0,0.0,0,0,1.2020399752939003e-12,1.359735345656976e-16,8.634720630297599e-17,1.0503790775696298e-16,9.020023037498487e-14,-1.937775071653091e-40,-0.0,-2.830961252679232e-28,-1.0527226687270902e-39,2.1214607453627347e-25,3.6122502555114022e-28,-2.122242034365566e-25,0.0,0.0,79.99983892700783,-1.077135375900724e-48,80.0,5.554001646957188e-50,1.077135375900724e-48,24.0,0.0,600.0199120344416,0.0,0.00015672623692353227,False,False,APPLY,APPLIED,RUNAWAY DIAGNOSTIC
4.960000000000141,FAULT,0.0,0.0,0,0,1.0780688133310582e-12,1.2195004331556886e-16,7.744187560032065e-17,9.420493069990331e-17,8.089752198030273e-14,2.1627990823005308e-41,0.0,-2.277136523507987e-28,1.1624611540652952e-40,1.7064365476093722e-25,2.90558091569259e-28,-1.7070649920015573e-25,0.0,0.0,79.99983892700783,-6.533156301448738e-49,80.0,3.3686722829739563e-50,6.533156301448738e-49,24.0,0.0,600.0199120344416,0.0,0.00015672623692353227,False,False,APPLY,APPLIED,RUNAWAY DIAGNOSTIC
4.970000000000207,FAULT,0.0,0.0,0,0,9.668832902106286e-13,1.0937285047368287e-16,6.945498705972023e-17,8.448920163708903e-17,7.255423888993212e-14,8.494285933659352e-41,0.0,-1.8316572654264524e-28,4.593680573811042e-40,1.3726040877174685e-25,2.3371582422213275e-28,-1.3731095886942632e-25,0.0,0.0,79.99983892700783,-3.9625596015234034e-49,80.0,2.0432030221478318e-50,3.9625596015234034e-49,24.0,0.0,600.0199120344416,0.0,0.00015672623692353227,False,False,APPLY,APPLIED,RUNAWAY DIAGNOSTIC
4.980000000000272,FAULT,0.0,0.0,0,0,8.67164772163296e-13,9.809279353845185e-17,6.229181809180615e-17,7.577549434345295e-17,6.507143175756437e-14,-1.249450259484419e-41,-0.0,-1.4733277093475252e-28,-6.733799640466476e-41,1.1040797176186513e-25,1.879936855202553e-28,-1.1044863267645062e-25,0.0,0.0,79.99983892700783,-2.4034138892625896e-49,80.0,1.2392652769501553e-50,2.4034138892625896e-49,24.0,0.0,600.0199120344416,0.0,0.00015672623692353227,False,False,APPLY,APPLIED,RUNAWAY DIAGNOSTIC
4.990000000000338,FAULT,0.0,0.0,0,0,7.777306213630353e-13,8.797609372420089e-17,5.586741521943734e-17,6.796046632909722e-17,5.836035627639844e-14,1.488693946298595e-40,0.0,-1.1850986426879599e-28,8.094600579172306e-40,8.88087128520774e-26,1.5121622985143327e-28,-8.884141921766006e-26,0.0,0.0,79.99983892700783,-1.457744211816927e-49,80.0,7.51652385987528e-51,1.457744211816927e-49,24.0,0.0,600.0199120344416,0.0,0.00015672623692353227,False,False,APPLY,APPLIED,RUNAWAY DIAGNOSTIC
5.000000000000403,FAULT,0.0,0.0,0,0,6.975201701249528e-13,7.890276938462667e-17,5.0105586558803196e-17,6.095143322483779e-17,5.2341420692840817e-14,2.4562309807301475e-41,0.0,-9.53256213108624e-29,1.3420515652531638e-40,7.143494579769814e-26,1.2163359693278582e-28,-7.146125377332007e-26,0.0,0.0,79.99983892700783,-8.84166558485583e-50,80.0,4.5590021754758493e-51,8.84166558485583e-50,24.0,0.0,600.0199120344416,0.0,0.00015672623692353227,False,False,APPLY,APPLIED,RUNAWAY DIAGNOSTIC
5.010000000000469,FAULT,0.0,0.0,0,0,6.255821416398062e-13,7.07652130615982e-17,4.4937998198262584e-17,5.46652695738925e-17,4.694324186730292e-14,-9.11525383189409e-41,-0.0,-7.667694275575349e-29,-4.965220848642124e-40,5.746003198604949e-26,9.783825398466167e-29,-5.74811932972784e-26,0.0,0.0,79.99983892700783,-5.362741260141035e-50,80.0,2.765174597122668e-51,5.362741260141035e-50,24.0,0.0,600.0199120344416,0.0,0.00015672623692353227,False,False,APPLY,APPLIED,RUNAWAY DIAGNOSTIC
5.020000000000534,FAULT,0.0,0.0,0,0,5.610633680579685e-13,6.346691527589762e-17,4.0303363770241414e-17,4.90274229736946e-17,4.2101798687201445e-14,-1.666581779852309e-41,-0.0,-6.167653008099557e-29,-9.114465601507908e-41,4.621904921980264e-26,7.869802574413786e-29,-4.6236070715465773e-26,0.0,0.0,79.99983892700783,-3.2526669943814674e-50,80.0,1.6771631726134097e-51,3.2526669943814674e-50,24.0,0.0,600.0199120344416,0.0,0.00015672623692353227,False,False,APPLY,APPLIED,RUNAWAY DIAGNOSTIC
5.0300000000006,FAULT,0.0,0.0,0,0,5.031986721222429e-13,5.692131995849951e-17,3.614671761811562e-17,4.397102990895352e-17,3.775967279184157e-14,-1.725909253585661e-41,-0.0,-4.9610668162960223e-29,-9.370482830940052e-41,3.717715491876406e-26,6.330222590639715e-29,-3.7190846476507507e-26,0.0,0.0,79.99983892700783,-1.9728422579276756e-50,80.0,1.017250885530932e-51,1.9728422579276756e-50,24.0,0.0,600.0199120344416,0.0,0.00015672623692353227,False,False,APPLY,APPLIED,RUNAWAY DIAGNOSTIC
5.040000000000665,FAULT,0.0,0.0,0,0,4.513017923483877e-13,5.1050797912128624e-17,3.241876291080142e-17,3.943612276578724e-17,3.386536760436243e-14,1.5878901129650685e-42,0.0,-3.990526692036913e-29,8.794549162102552e-42,2.9904138470716226e-26,5.091832694421682e-29,-2.9915151530740073e-26,0.0,0.0,79.99983892700783,-1.196589316209822e-50,80.0,6.169938506943304e-52,1.196589316209822e-50,24.0,0.0,600.0199120344416,0.0,0.00015672623692353227,False,False,APPLY,APPLIED,RUNAWAY DIAGNOSTIC
5.050000000000731,FAULT,0.0,0.0,0,0,4.0475724412759736e-13,4.578572614573967e-17,2.90752869950163e-17,3.5368918627095526e-17,3.037269759462519e-14,-5.556498735663981e-42,-0.0,-3.209854627961342e-29,-3.0141929967626815e-41,2.4053951939835306e-26,4.0957106668441866e-29,-2.406281050022413e-26,0.0,0.0,79.99983892700783,-7.257681073658241e-51,80.0,3.742256873002661e-52,7.257681073658241e-51,24.0,0.0,600.0199120344416,0.0,0.00015672623692353227,False,False,APPLY,APPLIED,RUNAWAY DIAGNOSTIC
5.060000000000796,FAULT,0.0,0.0,0,0,3.6301302022593907e-13,4.106366216431991e-17,2.6076637043807703e-17,3.172118142237005e-17,2.7240240529847875e-14,1.0027866973016432e-41,0.0,-2.581906481957737e-29,5.435006158807019e-41,1.9348245209956326e-26,3.294461321338952e-29,-1.9355370758350142e-26,0.0,0.0,79.99983892700783,-4.4020060895897695e-51,80.0,2.2697935299964108e-52,4.4020060895897695e-51,24.0,0.0,600.0199120344416,0.0,0.00015672623692353227,False,False,APPLY,APPLIED,RUNAWAY DIAGNOSTIC
5.070000000000862,FAULT,0.0,0.0,0,0,3.255740441102897e-13,3.6828603416018865e-17,2.3387249784698355e-17,2.844964985869814e-17,2.4430846216810155e-14,2.6858293550520677e-42,0.0,-2.0768046700518884e-29,1.4793507887877094e-41,1.5563122169735296e-26,2.6499614549582223e-29,-1.5568853737584357e-26,0.0,0.0,79.99983892700783,-2.6699516575778784e-51,80.0,1.3766993671601724e-52,2.6699516575778784e-51,24.0,0.0,600.0199120344416,0.0,0.00015672623692353227,False,False,APPLY,APPLIED,RUNAWAY DIAGNOSTIC
5.080000000000927,FAULT,0.0,0.0,0,0,2.919962984588172e-13,3.3030323115352534e-17,2.0975229726883853e-17,2.5515524353009872e-17,2.1911195909427608e-14,-8.112007333533841e-42,-0.0,-1.6705165999349208e-29,-4.4398390219051423e-41,1.2518487802990304e-26,2.1315459578412667e-29,-1.2523098096569366e-26,0.0,0.0,79.99983892700783,-1.6194075402715293e-51,80.0,8.350103753896138e-53,1.6194075402715293e-51,24.0,0.0,600.0199120344416,0.0,0.00015672623692353227,False,False,APPLY,APPLIED,RUNAWAY DIAGNOSTIC
5.090000000000993,FAULT,0.0,0.0,0,0,2.6188155922148644e-13,2.9623774563751346e-17,1.8811970887400464e-17,2.2884006876759118e-17,1.9651407156374843e-14,8.514070516352538e-42,0.0,-1.3437112073525316e-29,4.633323307366791e-41,1.0069479321981368e-26,1.7145487765069228e-29,-1.007318769767291e-26,0.0,0.0,79.99983892700783,-9.822203237444916e-52,80.0,5.064593938519499e-53,9.822203237444916e-52,24.0,0.0,600.0199120344416,0.0,0.00015672623692353227,False,False,APPLY,APPLIED,RUNAWAY DIAGNOSTIC
5.100000000001058,FAULT,0.0,0.0,0,0,2.3487267277792364e-13,2.6568556909088917e-17,1.687181753347935e-17,2.052388826096252e-17,1.7624679402344364e-14,1.175514249260481e-41,0.0,-1.0808391900204578e-29,6.38929041301222e-41,8.099573639524661e-27,1.37912931044614e-29,-8.102556540728919e-27,0.0,0.0,79.99983892700783,-5.957467409438958e-52,80.0,3.0718315027068e-53,5.957467409438958e-52,24.0,0.0,600.0199120344416,0.0,0.00015672623692353227,False,False,APPLY,APPLIED,RUNAWAY DIAGNOSTIC
5.110000000001124,FAULT,0.0,0.0,0,0,2.1064932018061253e-13,2.3828435998318444e-17,1.513175990892706e-17,1.8407178061412517e-17,1.5806976139856452e-14,-1.0430258585162705e-42,-0.0,-8.693931763569376e-30,-5.592231846504264e-42,6.515043235539568e-27,1.1093284023138553e-29,-6.517442587799137e-27,0.0,0.0,79.99983892700783,-3.613386638063488e-52,80.0,1.8631599878627862e-53,3.613386638063488e-52,24.0,0.0,600.0199120344416,0.0,0.00015672623692353227,False,False,APPLY,APPLIED,RUNAWAY DIAGNOSTIC
5.120000000001189,FAULT,0.0,0.0,0,0,1.8892421824869452e-13,2.1370914652051344e-17,1.3571161345732167e-17,1.6508772601055718e-17,1.4176739842016981e-14,-2.8438038616161858e-42,-0.0,-6.993126286345068e-30,-1.5428821579140358e-41,5.240496629825308e-27,8.923090060220093e-30,-5.242426593599185e-27,0.0,0.0,79.99983892700783,-2.1916297813814323e-52,80.0,1.1300636565885827e-53,2.1916297813814323e-52,24.0,0.0,600.0199120344416,0.0,0.00015672623692353227,False,False,APPLY,APPLIED,RUNAWAY DIAGNOSTIC
5.130000000001255,FAULT,0.0,0.0,0,0,1.6943971245802802e-13,1.916684725310323e-17,1.2171513517130551e-17,1.4806157243731376e-17,1.2714636295393106e-14,-2.3010908192630114e-42,-0.0,-5.625051655126365e-30,-1.254074544416691e-41,4.21529127809933e-27,7.177454039464806e-30,-4.216843680483669e-27,0.0,0.0,79.99983892700783,-1.329290657147119e-52,80.0,6.854182551479359e-54,1.329290657147119e-52,24.0,0.0,600.0199120344416,0.0,0.00015672623692353227,False,False,APPLY,APPLIED,RUNAWAY DIAGNOSTIC
5.14000000000132,FAULT,0.0,0.0,0,0,1.5196472121994514e-13,1.7190094088595975e-17,1.091621693422312e-17,1.3279139377977876e-17,1.1403325300856144e-14,-1.5400215384708477e-42,-0.0,-4.52461529044534e-30,-8.38388113090136e-42,3.390648217974952e-27,5.7733191238639126e-30,-3.39189692180837e-27,0.0,0.0,79.99983892700783,-8.06255539229273e-53,80.0,4.157271864739549e-54,8.06255539229273e-53,24.0,0.0,600.0199120344416,0.0,0.00015672623692353227,False,False,APPLY,APPLIED,RUNAWAY DIAGNOSTIC
5.150000000001386,FAULT,0.0,0.0,0,0,1.362919953088141e-13,1.5417211337410992e-17,9.790384078846658e-18,1.1909608936109526e-17,1.0227255022958222e-14,2.2631736533943473e-42,0.0,-3.63945876083636e-30,1.2326872266049335e-41,2.7273311805964528e-27,4.643876996314452e-30,-2.72833559883193e-27,0.0,0.0,79.99983892700783,-4.890187041056898e-53,80.0,2.521512846725217e-54,4.890187041056898e-53,24.0,0.0,600.0199120344416,0.0,0.00015672623692353227,False,False,APPLY,APPLIED,RUNAWAY DIAGNOSTIC
5.160000000001451,FAULT,0.0,0.0,0,0,1.2223565993565138e-13,1.3827173033301975e-17,8.780662842224701e-18,1.0681323613862083e-17,9.172477548875254e-15,4.007905191743396e-43,0.0,-2.9274665847864815e-30,2.198637290525638e-42,2.1937797407647257e-27,3.735389139976053e-30,-2.194587663319915e-27,0.0,0.0,79.99983892700783,-2.966048372130375e-53,80.0,1.5293748503981076e-54,2.966048372130375e-53,24.0,0.0,600.0199120344416,0.0,0.00015672623692353227,False,False,APPLY,APPLIED,RUNAWAY DIAGNOSTIC
5.170000000001517,FAULT,0.0,0.0,0,0,1.0962901031750905e-13,1.2401121701643917e-17,7.87507817147436e-18,9.579716240690626e-18,8.226483469489623e-15,-3.840816771339041e-43,-0.0,-2.354762388673422e-30,-2.1053633614940173e-42,1.764607681395435e-27,3.004629975799127e-30,-1.7652575489825603e-27,0.0,0.0,79.99983892700783,-1.7989992758877955e-53,80.0,9.276127369598622e-55,1.7989992758877955e-53,24.0,0.0,600.0199120344416,0.0,0.00015672623692353227,False,False,APPLY,APPLIED,RUNAWAY DIAGNOSTIC
5.1800000000015824,FAULT,0.0,0.0,0,0,9.832253459852185e-14,1.1122144713682112e-17,7.062890048332374e-18,8.591722015827473e-18,7.37805352078343e-15,-3.138881190976959e-43,-0.0,-1.8940970789806752e-30,-1.7243853415057077e-42,1.4193951249428452e-27,2.416830202469382e-30,-1.4199178580663343e-27,0.0,0.0,79.99983892700783,-1.091148217626762e-53,80.0,5.626255653061003e-55,1.091148217626762e-53,24.0,0.0,600.0199120344416,0.0,0.00015672623692353227,False,False,APPLY,APPLIED,RUNAWAY DIAGNOSTIC
5.190000000001648,FAULT,0.0,0.0,0,0,8.818214067499204e-14,9.975073707724146e-18,6.334466115564952e-18,7.70562356368964e-18,6.617125526044724e-15,1.1741348460846612e-42,0.0,-1.5235523388126118e-30,6.378360284990486e-42,1.1417169617658655e-27,1.944022483506022e-30,-1.142137431910559e-27,0.0,0.0,79.99983892700783,-6.618148482814165e-54,80.0,3.4124965529629845e-55,6.618148482814165e-54,24.0,0.0,600.0199120344416,0.0,0.00015672623692353227,False,False,APPLY,APPLIED,RUNAWAY DIAGNOSTIC
5.2000000000017135,FAULT,0.0,0.0,0,0,7.908756589499422e-14,8.946304695241441e-18,5.681167439170437e-18,6.910911967910506e-18,5.9346750608530794e-15,5.321006697058707e-43,0.0,-1.225497760821547e-30,2.9071250359728635e-42,9.183613483499383e-28,1.5637107697987636e-30,-9.186995613589157e-28,0.0,0.0,79.99983892700783,-4.014109965357396e-54,80.0,2.0697837855357038e-55,4.014109965357396e-54,24.0,0.0,600.0199120344416,0.0,0.00015672623692353227,False,False,APPLY,APPLIED,RUNAWAY DIAGNOSTIC
5.210000000001779,FAULT,0.0,0.0,0,0,7.093095077208459e-14,8.023636721574354e-18,5.095246052914861e-18,6.198162138896656e-18,5.322608425559653e-15,-4.177456832104573e-43,-0.0,-9.857519978468335e-31,-2.275686810774998e-42,7.387010917650798e-28,1.257799944357972e-30,-7.389731397115909e-28,0.0,0.0,79.99983892700783,-2.43468076544725e-54,80.0,1.2553873249034682e-55,2.43468076544725e-54,24.0,0.0,600.0199120344416,0.0,0.00015672623692353227,False,False,APPLY,APPLIED,RUNAWAY DIAGNOSTIC
5.2200000000018445,FAULT,0.0,0.0,0,0,6.361555979750401e-14,7.196127164485439e-18,4.569753068765989e-18,5.558921033613362e-18,4.773666655940938e-15,-2.0530527803443294e-43,-0.0,-7.929080185332184e-31,-1.1194185201104781e-42,5.941880110213147e-28,1.0117348620874526e-30,-5.94406837864869e-28,0.0,0.0,79.99983892700783,-1.4767085308563624e-54,80.0,7.614309023685697e-56,1.4767085308563624e-54,24.0,0.0,600.0199120344416,0.0,0.00015672623692353227,False,False,APPLY,APPLIED,RUNAWAY DIAGNOSTIC
5.23000000000191,FAULT,0.0,0.0,0,0,5.70546341801267e-14,6.453961958222564e-18,4.098456265456813e-18,4.98560740515354e-18,4.281339433615442e-15,-2.402522111718304e-43,-0.0,-6.37790364341029e-31,-1.3082653834667523e-42,4.779462171876021e-28,8.138078203570206e-31,-4.781222346436181e-28,0.0,0.0,79.99983892700783,-8.956689994235734e-55,80.0,4.618311875391892e-56,8.956689994235734e-55,24.0,0.0,600.0199120344416,0.0,0.00015672623692353227,False,False,APPLY,APPLIED,RUNAWAY DIAGNOSTIC
5.2400000000019755,FAULT,0.0,0.0,0,0,5.1170362907908973e-14,5.788339200521142e-18,3.6757661753355664e-18,4.471421890690776e-18,3.839787875221378e-15,-1.0015247076104319e-43,-0.0,-5.130185839187008e-31,-5.471961026745885e-43,3.8444496066370995e-28,6.546015100317768e-31,-3.8458654358982293e-28,0.0,0.0,79.99983892700783,-5.4325070910452736e-55,80.0,2.801147748540098e-56,5.4325070910452736e-55,24.0,0.0,600.0199120344416,0.0,0.00015672623692353227,False,False,APPLY,APPLIED,RUNAWAY DIAGNOSTIC
5.250000000002041,FAULT,0.0,0.0,0,0,4.5892959927856775e-14,5.19136476432837e-18,3.2966697948205615e-18,4.0102663727273674e-18,3.4437752846534583e-15,-3.9395097842756674e-44,-0.0,-4.126560734692571e-31,-2.136104346555143e-43,3.0923547977722863e-28,5.265409427349669e-31,-3.0934936464649427e-28,0.0,0.0,79.99983892700783,-3.2949821098252104e-55,80.0,1.6989819918745636e-56,3.2949821098252104e-55,24.0,0.0,600.0199120344416,0.0,0.00015672623692353227,False,False,APPLY,APPLIED,RUNAWAY DIAGNOSTIC
5.2600000000021065,FAULT,0.0,0.0,0,0,4.115983650009297e-14,4.655958675320774e-18,2.9566711313146215e-18,3.5966716568996804e-18,3.0886050470968436e-15,1.287432700681939e-43,0.0,-3.319276149232218e-31,7.01065242644005e-43,2.4873933004080535e-28,4.235330351785964e-31,-2.488309354610607e-28,0.0,0.0,79.99983892700783,-1.9985076728135848e-55,80.0,1.0304846683715503e-56,1.9985076728135848e-55,24.0,0.0,600.0199120344416,0.0,0.00015672623692353227,False,False,APPLY,APPLIED,RUNAWAY DIAGNOSTIC
5.270000000002172,FAULT,0.0,0.0,0,0,3.691485891032738e-14,4.1757711450430414e-18,2.6517378818427402e-18,3.2257326085362766e-18,2.770064928296285e-15,-2.7981152367837515e-43,-0.0,-2.669921724942532e-31,-1.5208412657404018e-42,2.0007812283933104e-28,3.406767020923442e-31,-2.0015180736892915e-28,0.0,0.0,79.99983892700783,-1.21215617723237e-55,80.0,6.250205457311438e-57,1.21215617723237e-55,24.0,0.0,600.0199120344416,0.0,0.00015672623692353227,False,False,APPLY,APPLIED,RUNAWAY DIAGNOSTIC
5.280000000002238,FAULT,0.0,0.0,0,0,3.310768273743189e-14,3.745107263983481e-18,2.3782536107503036e-18,2.8930499791215113e-18,2.4843771184631188e-15,1.1531666862022227e-43,0.0,-2.1476013735587715e-31,6.2743138740143684e-43,1.6093657256511744e-28,2.740296640606114e-31,-1.609958420918222e-28,0.0,0.0,79.99983892700783,-7.35209885851484e-56,80.0,3.79094123936256e-57,7.35209885851484e-56,24.0,0.0,600.0199120344416,0.0,0.00015672623692353227,False,False,APPLY,APPLIED,RUNAWAY DIAGNOSTIC
5.290000000002303,FAULT,0.0,0.0,0,0,2.9693155780575156e-14,3.3588594612964487e-18,2.1329748599318583e-18,2.5946782320047585e-18,2.228153428352758e-15,1.117686055407514e-43,0.0,-1.7274632498106112e-31,6.094170387838862e-43,1.2945233602479218e-28,2.2042087505237604e-31,-1.2950001057486352e-28,0.0,0.0,79.99983892700783,-4.459273370927451e-56,80.0,2.2993220908423742e-57,4.459273370927451e-56,24.0,0.0,600.0199120344416,0.0,0.00015672623692353227,False,False,APPLY,APPLIED,RUNAWAY DIAGNOSTIC
5.300000000002369,FAULT,0.0,0.0,0,0,2.6630782564937878e-14,3.0124469302254556e-18,1.912992681924229e-18,2.3270787494902523e-18,1.998355106148855e-15,1.7467821689631024e-44,0.0,-1.389517308095337e-31,9.57207275220628e-44,1.0412740271013111e-28,1.7729964500524984e-31,-1.0416575062432682e-28,0.0,0.0,79.99983892700783,-2.7046860195075766e-56,80.0,1.394609344650442e-57,2.7046860195075766e-56,24.0,0.0,600.0199120344416,0.0,0.00015672623692353227,False,False,APPLY,APPLIED,RUNAWAY DIAGNOSTIC
5.310000000002434,FAULT,0.0,0.0,0,0,2.3884244075026934e-14,2.7017613008231255e-18,1.7156981405834474e-18,2.0870778655871873e-18,1.792256798591955e-15,-3.0568559664148207e-44,-0.0,-1.1176841821152358e-31,-1.6478941511132273e-43,8.375681990845775e-29,1.4261427875886483e-31,-8.378766576900509e-29,0.0,0.0,79.99983892700783,-1.640474995727449e-56,80.0,8.458733258522268e-58,1.640474995727449e-56,24.0,0.0,600.0199120344416,0.0,0.00015672623692353227,False,False,APPLY,APPLIED,RUNAWAY DIAGNOSTIC
5.3200000000025,FAULT,0.0,0.0,0,0,2.142096701981667e-14,2.423117915656873e-18,1.5387513697264938e-18,1.87182922707766e-18,1.6074142289402552e-15,-5.205194305422175e-44,-0.0,-8.990301334624453e-32,-2.8304860523829738e-43,6.737136141488673e-29,1.1471445701601838e-31,-6.73961728585565e-29,0.0,0.0,79.99983892700783,-9.949983814006378e-57,80.0,5.130481063624646e-58,9.949983814006378e-57,24.0,0.0,600.0199120344416,0.0,0.00015672623692353227,False,False,APPLY,APPLIED,RUNAWAY DIAGNOSTIC
5.330000000002565,FAULT,0.0,0.0,0,0,1.921173752129867e-14,2.173212130714688e-18,1.380053822901282e-18,1.6787800365089615e-18,1.4416352084307797e-15,-3.9948039405980547e-44,-0.0,-7.231516682584241e-32,-2.171615767599312e-43,5.419141204090853e-29,9.227271464681884e-32,-5.421136958872951e-29,0.0,0.0,79.99983892700783,-6.034970246839246e-57,80.0,3.1117940641633953e-58,6.034970246839246e-57,24.0,0.0,600.0199120344416,0.0,0.00015672623692353227,False,False,APPLY,APPLIED,RUNAWAY DIAGNOSTIC
5.340000000002631,FAULT,0.0,0.0,0,0,1.7230354644860196e-14,1.9490801229987016e-18,1.2377233850479532e-18,1.5056407765380395e-18,1.2929536374438199e-15,6.57451367454368e-44,0.0,-5.816805419984174e-32,3.572325796045555e-43,4.358987375812e-29,7.422128029691385e-32,-4.360592698421708e-29,0.0,0.0,79.99983892700783,-3.660394485161477e-57,80.0,1.8873985066268576e-58,3.660394485161477e-57,24.0,0.0,600.0199120344416,0.0,0.00015672623692353227,False,False,APPLY,APPLIED,RUNAWAY DIAGNOSTIC
5.350000000002696,FAULT,0.0,0.0,0,0,1.545331966244706e-14,1.7480637403617837e-18,1.110072051161991e-18,1.3503580568118369e-18,1.1596061880306632e-15,6.186274287390992e-46,0.0,-4.67885601024483e-32,2.7382795186659755e-45,3.5062328562585076e-29,5.970127214744324e-32,-3.5075241274630057e-29,0.0,0.0,79.99983892700783,-2.2201414818934502e-57,80.0,1.144765061365014e-58,2.2201414818934502e-57,24.0,0.0,600.0199120344416,0.0,0.00015672623692353227,False,False,APPLY,APPLIED,RUNAWAY DIAGNOSTIC
5.360000000002762,FAULT,0.0,0.0,0,0,1.3859557363261373e-14,1.5677789765120694e-18,9.9558590687954e-19,1.2110902613827246e-18,1.040011391264935e-15,-1.9032094654918422e-44,-0.0,-3.763525162702855e-32,-1.038616694793561e-43,2.8203038417877523e-29,4.8021832576383143e-32,-2.821342499882688e-29,0.0,0.0,79.99983892700783,-1.3465838776682033e-57,80.0,6.943351078856875e-59,1.3465838776682033e-57,24.0,0.0,600.0199120344416,0.0,0.00015672623692353227,False,False,APPLY,APPLIED,RUNAWAY DIAGNOSTIC
5.370000000002827,FAULT,0.0,0.0,0,0,1.2430166106788909e-14,1.406087697174151e-18,8.929071738486004e-19,1.0861857074341441e-18,9.3275088139856e-16,6.376788955926364e-45,0.0,-3.027261710836153e-32,3.4483026712196194e-44,2.2685640361292179e-29,3.8627257360590947e-32,-2.269399500154441e-29,0.0,0.0,79.99983892700783,-8.167444076804815e-58,80.0,4.2113553104754345e-59,8.167444076804815e-58,24.0,0.0,600.0199120344416,0.0,0.00015672623692353227,False,False,APPLY,APPLIED,RUNAWAY DIAGNOSTIC
5.380000000002893,FAULT,0.0,0.0,0,0,1.1148193653856394e-14,1.2610722823637482e-18,8.008181068139143e-19,9.741630567544075e-19,8.365525743824835e-16,1.1606641119457965e-45,0.0,-2.4350344609754196e-32,6.500848002710003e-45,1.824761825221169e-29,3.1070555435971e-32,-1.8254338463037908e-29,0.0,0.0,79.99983892700783,-4.9538052440704076e-58,80.0,2.554316114746938e-59,4.9538052440704076e-58,24.0,0.0,600.0199120344416,0.0,0.00015672623692353227,False,False,APPLY,APPLIED,RUNAWAY DIAGNOSTIC
5.390000000002958,FAULT,0.0,0.0,0,0,9.998436117116613e-15,1.1310128838582197e-18,7.18226551401067e-19,8.736937474400381e-19,7.502755812534384e-16,1.3817637616116952e-44,0.0,-1.9586654186140352e-32,7.515284088260772e-44,1.467781233306486e-29,2.499218119701549e-32,-1.4683217860075742e-29,0.0,0.0,79.99983892700783,-3.0046347627738923e-58,80.0,1.549271038192053e-59,3.0046347627738923e-58,24.0,0.0,600.0199120344416,0.0,0.00015672623692353227,False,False,APPLY,APPLIED,RUNAWAY DIAGNOSTIC
5.400000000003024,FAULT,0.0,0.0,0,0,8.967257646577131e-15,1.0143670282426719e-18,6.441529914945944e-19,7.835862374585419e-19,6.728966774631106e-16,-1.0182848667333012e-44,-0.0,-1.5754890879694538e-32,-5.541218561198501e-44,1.1806372311551252e-29,2.010292742502401e-32,-1.1810720348096583e-29,0.0,0.0,79.99983892700783,-1.82240310486074e-58,80.0,9.396803848682916e-60,1.82240310486074e-58,24.0,0.0,600.0199120344416,0.0,0.00015672623692353227,False,False,APPLY,APPLIED,RUNAWAY DIAGNOSTIC
5.410000000003089,FAULT,0.0,0.0,0,0,8.042428711669975e-15,9.097513234875807e-19,5.777189323187258e-19,7.027718732475826e-19,6.034981676791948e-16,8.222343679303866e-45,0.0,-1.2672740544082438e-32,4.4697178799813806e-44,9.496675934802862e-30,1.6170164895573397e-32,-9.500173359154353e-30,0.0,0.0,79.99983892700783,-1.1053433574535237e-58,80.0,5.699449637531798e-60,1.1053433574535237e-58,24.0,0.0,600.0199120344416,0.0,0.00015672623692353227,False,False,APPLY,APPLIED,RUNAWAY DIAGNOSTIC
5.420000000003155,FAULT,0.0,0.0,0,0,7.212981061939097e-15,8.159250523312755e-19,5.181364818201392e-19,6.302922157450805e-19,5.412570021377645e-16,1.273795827488695e-44,0.0,-1.0193555393483667e-32,6.919698029534435e-44,7.638828543668951e-30,1.300677394997302e-32,-7.64164176222544e-30,0.0,0.0,79.99983892700783,-6.704246358052552e-59,80.0,3.4568909486510517e-60,6.704246358052552e-59,24.0,0.0,600.0199120344416,0.0,0.00015672623692353227,False,False,APPLY,APPLIED,RUNAWAY DIAGNOSTIC
5.43000000000322,FAULT,0.0,0.0,0,0,6.469077646209316e-15,7.317754575655721e-19,4.64699006342366e-19,5.652876734899851e-19,4.854350154694925e-16,8.844178425695075e-46,0.0,-8.199376543509021e-33,4.828937457017772e-45,6.1444343178783e-30,1.0462241398171269e-32,-6.1466971827329635e-30,0.0,0.0,79.99983892700783,-4.06633096642559e-59,80.0,2.0967103476399303e-60,4.06633096642559e-59,24.0,0.0,600.0199120344416,0.0,0.00015672623692353227,False,False,APPLY,APPLIED,RUNAWAY DIAGNOSTIC
5.440000000003286,FAULT,0.0,0.0,0,0,5.801895947503308e-15,6.563045450889051e-19,4.167727501747827e-19,5.06987308141045e-19,4.353701722345342e-16,3.2075742375228036e-45,0.0,-6.595321564193604e-33,1.7522730967835158e-44,4.942390429486929e-30,8.415499146413828e-33,-4.9442106070691496e-30,0.0,0.0,79.99983892700783,-2.4663544036759937e-59,80.0,1.2717191103803368e-60,2.4663544036759937e-59,24.0,0.0,600.0199120344416,0.0,0.00015672623692353227,False,False,APPLY,APPLIED,RUNAWAY DIAGNOSTIC
5.450000000003351,FAULT,0.0,0.0,0,0,5.203523350099679e-15,5.886172478855881e-19,3.7378931936456076e-19,4.546996912659851e-19,3.904687153402109e-16,-7.356111327821825e-45,-0.0,-5.3050700018606745e-33,-4.00406667397735e-44,3.9755039917032836e-30,6.769163813758148e-33,-3.97696808551518e-30,0.0,0.0,79.99983892700783,-1.4959195635467423e-59,80.0,7.713366309881402e-61,1.4959195635467423e-59,24.0,0.0,600.0199120344416,0.0,0.00015672623692353227,False,False,APPLY,APPLIED,RUNAWAY DIAGNOSTIC
5.460000000003417,FAULT,0.0,0.0,0,0,4.666863297795413e-15,5.279108107702106e-19,3.352389406698185e-19,4.078047042232827e-19,3.5019812422358894e-16,1.42196428106325e-46,0.0,-4.267232075168114e-33,7.099718354712101e-46,3.19777083853116e-30,5.44490326007747e-33,-3.198948509716069e-30,0.0,0.0,79.99983892700783,-9.073210797550288e-60,80.0,4.678393156537509e-61,9.073210797550288e-60,24.0,0.0,600.0199120344416,0.0,0.00015672623692353227,False,False,APPLY,APPLIED,RUNAWAY DIAGNOSTIC
5.470000000003482,FAULT,0.0,0.0,0,0,4.18555113044546e-15,4.73465269881522e-19,3.0066441580927033e-19,3.657461836438661e-19,3.1408079928469157e-16,-1.8515042976221667e-45,-0.0,-3.432427767567893e-33,-1.0088681821067044e-44,2.572186660383418e-30,4.3797095663933165e-33,-2.573133942182244e-30,0.0,0.0,79.99983892700783,-5.503180530749911e-60,80.0,2.8375888876297364e-61,5.503180530749911e-60,24.0,0.0,600.0199120344416,0.0,0.00015672623692353227,False,False,APPLY,APPLIED,RUNAWAY DIAGNOSTIC
5.480000000003548,FAULT,0.0,0.0,0,0,3.753878600611612e-15,4.2463491409832287e-19,2.6965569916478063e-19,3.2802532551503303e-19,2.816883976692243e-16,-3.3038178219685135e-45,-0.0,-2.7609373411112066e-33,-1.797124226830631e-44,2.068986350158024e-30,3.5229011370324505e-33,-2.0697483139539452e-30,0.0,0.0,79.99983892700783,-3.337847717833422e-60,80.0,1.7210846600072806e-61,3.337847717833422e-60,24.0,0.0,600.0199120344416,0.0,0.00015672623692353227,False,False,APPLY,APPLIED,RUNAWAY DIAGNOSTIC
5.490000000003613,FAULT,0.0,0.0,0,0,3.3667261751094723e-15,3.808406270608726e-19,2.418450347579285e-19,2.9419476946923274e-19,2.526367532245469e-16,3.2645682722008096e-46,0.0,-2.2208114832450554e-33,1.7824988583370064e-45,1.664227788391639e-30,2.833711284541814e-33,-1.6648406881929358e-30,0.0,0.0,79.99983892700783,-2.024506978317792e-60,80.0,1.0438906142554982e-61,2.024506978317792e-60,24.0,0.0,600.0199120344416,0.0,0.00015672623692353227,False,False,APPLY,APPLIED,RUNAWAY DIAGNOSTIC
5.500000000003679,FAULT,0.0,0.0,0,0,3.0195023185673996e-15,3.4156301897130737e-19,2.169025947478125e-19,2.638532931772122e-19,2.265813203807853e-16,1.0923562642499703e-45,0.0,-1.78635116801514e-33,5.938797657354136e-45,1.3386526844139468e-30,2.2793485629584758e-33,-1.33914568180889e-30,0.0,0.0,79.99983892700783,-1.2279255531519066e-60,80.0,6.331516629322063e-62,1.2279255531519066e-60,24.0,0.0,600.0199120344416,0.0,0.00015672623692353227,False,False,APPLY,APPLIED,RUNAWAY DIAGNOSTIC
5.510000000003744,FAULT,0.0,0.0,0,0,2.708089038912591e-15,3.063362667689914e-19,1.9453256774656137e-19,2.3664105396970363e-19,2.0321308792260007e-16,2.089527358879427e-46,0.0,-1.436884904241794e-33,1.1387260592053598e-45,1.076770272668317e-30,1.833436560669631e-33,-1.077166824324745e-30,0.0,0.0,79.99983892700783,-7.447744958312173e-61,80.0,3.8402589581641744e-62,7.447744958312173e-61,24.0,0.0,600.0199120344416,0.0,0.00015672623692353227,False,False,APPLY,APPLIED,RUNAWAY DIAGNOSTIC
5.52000000000381,FAULT,0.0,0.0,0,0,2.4287930489675692e-15,2.747425895831801e-19,1.744696505730173e-19,2.1223532118806473e-19,1.822549141899183e-16,-7.554034900133573e-47,-0.0,-1.1557851921877447e-33,-4.0290324345813794e-46,8.661202667440107e-31,1.4747589186782958e-33,-8.66439240470501e-31,0.0,0.0,79.99983892700783,-4.5172856629364674e-61,80.0,2.3292347993626387e-62,4.5172856629364674e-61,24.0,0.0,600.0199120344416,0.0,0.00015672623692353227,False,False,APPLY,APPLIED,RUNAWAY DIAGNOSTIC
5.530000000003875,FAULT,0.0,0.0,0,0,2.1783019649465767e-15,2.464072939438295e-19,1.5647590181880963e-19,1.9034664866687575e-19,1.6345824024398523e-16,-1.9845678887141067e-46,-0.0,-9.296773920767357e-34,-1.0668821437980816e-45,6.96680002695256e-31,1.1862498626225295e-33,-6.969365751658019e-31,0.0,0.0,79.99983892700783,-2.739872253251241e-61,80.0,1.4127523194830266e-62,2.739872253251241e-61,24.0,0.0,600.0199120344416,0.0,0.00015672623692353227,False,False,APPLY,APPLIED,RUNAWAY DIAGNOSTIC
5.540000000003941,FAULT,0.0,0.0,0,0,1.9536450223731533e-15,2.2099433000311427e-19,1.4033791991570133e-19,1.7071544197072383e-19,1.466001420176707e-16,-3.226401192140693e-46,-0.0,-7.478033627476694e-34,-1.7565837317079525e-45,5.603875637041481e-31,9.5418221836085e-34,-5.605939425597614e-31,0.0,0.0,79.99983892700783,-1.6618165252927953e-61,80.0,8.568775963465833e-63,1.6618165252927953e-61,24.0,0.0,600.0199120344416,0.0,0.00015672623692353227,False,False,APPLY,APPLIED,RUNAWAY DIAGNOSTIC
5.550000000004006,FAULT,0.0,0.0,0,0,1.7521578435232909e-15,1.9820230607673213e-19,1.2586431225196753e-19,1.5310887967545783e-19,1.314806864892334e-16,-6.575782970504503e-46,-0.0,-6.0150959258094435e-34,-3.5815474757589036e-45,4.507581965024922e-31,7.675142771550474e-34,-4.509242011870663e-31,0.0,0.0,79.99983892700783,-1.0079426734071826e-61,80.0,5.197225338050621e-63,1.0079426734071826e-61,24.0,0.0,600.0199120344416,0.0,0.00015672623692353227,False,False,APPLY,APPLIED,RUNAWAY DIAGNOSTIC
5.560000000004072,FAULT,0.0,0.0,0,0,1.5714508385412828e-15,1.7776091419950556e-19,1.1288342529309828e-19,1.3731815215455485e-19,1.1792056052439797e-16,-3.0614849276162294e-46,-0.0,-4.83835467974694e-34,-1.6649827395636727e-45,3.6257576876108345e-31,6.173644344880254e-34,-3.6270929772759682e-31,0.0,0.0,79.99983892700783,-6.113481346541664e-62,80.0,3.152276512963019e-63,6.113481346541664e-62,24.0,0.0,600.0199120344416,0.0,0.00015672623692353227,False,False,APPLY,APPLIED,RUNAWAY DIAGNOSTIC
5.570000000004137,FAULT,0.0,0.0,0,0,1.4093808654740996e-15,1.5942772434088743e-19,1.012413088174797e-19,1.2315598514663302e-19,1.0575894426537598e-16,1.870467563240271e-46,0.0,-3.891820894575996e-34,1.0219155503154905e-45,2.916445870817659e-31,4.965886059911306e-34,-2.9175199359829932e-31,0.0,0.0,79.99983892700783,-3.7080138742587545e-62,80.0,1.9119523530040793e-63,3.7080138742587545e-62,24.0,0.0,600.0199120344416,0.0,0.00015672623692353227,False,False,APPLY,APPLIED,RUNAWAY DIAGNOSTIC
5.580000000004203,FAULT,0.0,0.0,0,0,1.2640258131195385e-15,1.4298530924521183e-19,9.079989010377952e-20,1.1045441873049002e-19,9.485160384573243e-17,1.825234361477848e-46,0.0,-3.13045877741621e-34,9.937553013299591e-46,2.345897671670953e-31,3.994403140581277e-34,-2.3467616160341187e-31,0.0,0.0,79.99983892700783,-2.2490241013777345e-62,80.0,1.1596577220066728e-63,2.2490241013777345e-62,24.0,0.0,600.0199120344416,0.0,0.00015672623692353227,False,False,APPLY,APPLIED,RUNAWAY DIAGNOSTIC
5.590000000004268,FAULT,0.0,0.0,0,0,1.1336618052459939e-15,1.2823866579304806e-19,8.143533641662736e-20,9.906281536021377e-20,8.506918081115147e-17,2.9254946591667384e-46,0.0,-2.5180429476432095e-34,1.5927699826264018e-45,1.8869665784019145e-31,3.212972721684015e-34,-1.8876615081759558e-31,0.0,0.0,79.99983892700783,-1.3641020719182347e-62,80.0,7.033679631695491e-64,1.3641020719182347e-62,24.0,0.0,600.0199120344416,0.0,0.00015672623692353227,False,False,APPLY,APPLIED,RUNAWAY DIAGNOSTIC
5.600000000004334,FAULT,0.0,0.0,0,0,1.0167427558316427e-15,1.1501290231208573e-19,7.303658638542428e-20,8.884607333705767e-20,7.629565795904021e-17,-1.1606380524898731e-46,-0.0,-2.0254348442085526e-34,-6.327235898201255e-46,1.5178167875794775e-31,2.584414578840309e-34,-1.5183757673141096e-31,0.0,0.0,79.99983892700783,-8.27369729595927e-63,80.0,4.266142347219527e-64,8.27369729595927e-63,24.0,0.0,600.0199120344416,0.0,0.00015672623692353227,False,False,APPLY,APPLIED,RUNAWAY DIAGNOSTIC
5.6100000000043995,FAULT,0.0,0.0,0,0,9.118820328536203e-16,1.0315116440629983e-19,6.550403283819999e-20,7.968302454291953e-20,6.842698340219343e-17,6.932516876360509e-47,0.0,-1.6291963217071078e-34,3.780144584777594e-46,1.2208842631485582e-31,2.0788221046031275e-34,-1.2213338889314541e-31,0.0,0.0,79.99983892700783,-5.018251079180748e-63,80.0,2.587546132287032e-64,5.018251079180748e-63,24.0,0.0,600.0199120344416,0.0,0.00015672623692353227,False,False,APPLY,APPLIED,RUNAWAY DIAGNOSTIC
5.620000000004465,FAULT,0.0,0.0,0,0,8.178360131625832e-16,9.251277469175257e-20,5.874834148752648e-20,7.146499740174872e-20,6.136983653824379e-17,3.822721726609363e-48,0.0,-1.3104744703195296e-34,2.2090400328911997e-47,9.820410448752448e-32,1.672139361064173e-34,-9.824027097659893e-32,0.0,0.0,79.99983892700783,-3.043723137659098e-63,80.0,1.569426062652908e-64,3.043723137659098e-63,24.0,0.0,600.0199120344416,0.0,0.00015672623692353227,False,False,APPLY,APPLIED,RUNAWAY DIAGNOSTIC
5.6300000000045305,FAULT,0.0,0.0,0,0,7.334893334091645e-16,8.297156440666646e-20,5.2689391446248025e-20,6.409452807466207e-20,5.504052128958874e-17,1.9793660203970897e-47,0.0,-1.0541046002106013e-34,1.0767767187548429e-46,7.899230442470879e-32,1.3450165055625515e-34,-7.9021395615244e-32,0.0,0.0,79.99983892700783,-1.846111402666959e-63,80.0,9.519050251510586e-65,1.846111402666959e-63,24.0,0.0,600.0199120344416,0.0,0.00015672623692353227,False,False,APPLY,APPLIED,RUNAWAY DIAGNOSTIC
5.640000000004596,FAULT,0.0,0.0,0,0,6.578416621011407e-16,7.441437707463504e-20,4.7255325013529545e-20,5.74842045545701e-20,4.9363973487884443e-17,3.026154319104698e-48,0.0,-8.478887100496144e-35,1.6742198144017514e-47,6.353893445582635e-32,1.0818891309899787e-34,-6.356233449792038e-32,0.0,0.0,79.99983892700783,-1.119723166962591e-63,80.0,5.773595828886349e-65,1.119723166962591e-63,24.0,0.0,600.0199120344416,0.0,0.00015672623692353227,False,False,APPLY,APPLIED,RUNAWAY DIAGNOSTIC
5.6500000000046615,FAULT,0.0,0.0,0,0,5.89995835910258e-16,6.673972649550043e-20,4.238169545783742e-20,5.155562998173261e-20,4.427287063092359e-17,-6.548190015828689e-48,-0.0,-6.820151097773547e-35,-3.6070296145049226e-47,5.110872788411624e-32,8.702377159786105e-35,-5.112755014473636e-32,0.0,0.0,79.99983892700783,-6.79146431153331e-64,80.0,3.5018628870085024e-65,6.79146431153331e-64,24.0,0.0,600.0199120344416,0.0,0.00015672623692353227,False,False,APPLY,APPLIED,RUNAWAY DIAGNOSTIC
5.660000000004727,FAULT,0.0,0.0,0,0,5.291472195294101e-16,5.985659314429662e-20,3.8010702695261813e-20,4.623849287611214e-20,3.9706833453825765e-17,3.2223519536049034e-49,0.0,-5.485915833600313e-35,1.367119149212158e-48,4.1110259218285533e-32,6.999919498392646e-35,-4.1125399254933447e-32,0.0,0.0,79.99983892700783,-4.119231329289056e-64,80.0,2.1239872070804288e-65,4.119231329289056e-64,24.0,0.0,600.0199120344416,0.0,0.00015672623692353227,False,False,APPLY,APPLIED,RUNAWAY DIAGNOSTIC
5.6700000000047925,FAULT,0.0,0.0,0,0,4.745741628900604e-16,5.3683344703998825e-20,3.409050779585954e-20,4.1469733262088844e-20,3.5611709845365545e-17,3.808226154251972e-47,0.0,-4.4126987954466837e-35,2.0743727829732044e-46,3.3067804325450766e-32,5.630515902070042e-35,-3.307998249651699e-32,0.0,0.0,79.99983892700783,-2.4984400956626073e-64,80.0,1.2882633619316698e-65,2.4984400956626073e-64,24.0,0.0,600.0199120344416,0.0,0.00015672623692353227,False,False,APPLY,APPLIED,RUNAWAY DIAGNOSTIC
5.680000000004858,FAULT,0.0,0.0,0,0,4.256294425643557e-16,4.8146767919679367e-20,3.057461818334288e-20,3.719279478681677e-20,3.1938932616857056e-17,-2.8730550155547296e-47,-0.0,-3.549436639163996e-35,-1.5653313801125953e-46,2.6598705619931325e-32,4.5290105594411054e-35,-2.660850135913409e-32,0.0,0.0,79.99983892700783,-1.515380519474718e-64,80.0,7.813712267960213e-66,1.515380519474718e-64,24.0,0.0,600.0199120344416,0.0,0.00015672623692353227,False,False,APPLY,APPLIED,RUNAWAY DIAGNOSTIC
5.690000000004924,FAULT,0.0,0.0,0,0,3.817325858500528e-16,4.3181200312441917e-20,2.742133624524979e-20,3.3356953981863884e-20,2.864494350688659e-17,-1.0593168832861656e-47,-0.0,-2.8550556109576606e-35,-5.783194641461988e-47,2.1395165330383677e-32,3.6429941774941996e-35,-2.140304471604904e-32,0.0,0.0,79.99983892700783,-9.191247461926636e-65,80.0,4.7392560566905524e-66,9.191247461926636e-65,24.0,0.0,600.0199120344416,0.0,0.00015672623692353227,False,False,APPLY,APPLIED,RUNAWAY DIAGNOSTIC
5.700000000004989,FAULT,0.0,0.0,0,0,3.423629865025931e-16,3.8727751436041806e-20,2.4593264811180902e-20,2.9916718690708193e-20,2.569067659072788e-17,-3.443356185570652e-48,-0.0,-2.2965172703190643e-35,-1.8616474396969666e-47,1.7209600574376898e-32,2.93031036317437e-35,-1.7215938505305455e-32,0.0,0.0,79.99983892700783,-5.574773386664362e-65,80.0,2.8745041026115796e-66,5.574773386664362e-65,24.0,0.0,600.0199120344416,0.0,0.00015672623692353227,False,False,APPLY,APPLIED,RUNAWAY DIAGNOSTIC
5.710000000005055,FAULT,0.0,0.0,0,0,3.070537304693827e-16,3.4733604448652126e-20,2.2056863628251743e-20,2.683128854304489e-20,2.3041094967797706e-17,-6.27118301079679e-48,-0.0,-1.8472465308756488e-35,-3.4103809509598893e-47,1.384286343929253e-32,2.3570498348791083e-35,-1.3847961472332564e-32,0.0,0.0,79.99983892700783,-3.3812709799619295e-65,80.0,1.743474869703653e-66,3.3812709799619295e-65,24.0,0.0,600.0199120344416,0.0,0.00015672623692353227,False,False,APPLY,APPLIED,RUNAWAY DIAGNOSTIC
5.72000000000512,FAULT,0.0,0.0,0,0,2.753860584004556e-16,3.1151389721034237e-20,1.9782051584154408e-20,2.4064071074396615e-20,2.0664775232376667e-17,-3.5578048056957715e-48,-0.0,-1.4858672259758661e-35,-1.907351716239543e-47,1.1134765584519819e-32,1.8959370290334782e-35,-1.1138866282550395e-32,0.0,0.0,79.99983892700783,-2.0508445181434686e-65,80.0,1.0574709629137424e-66,2.0508445181434686e-65,24.0,0.0,600.0199120344416,0.0,0.00015672623692353227,False,False,APPLY,APPLIED,RUNAWAY DIAGNOSTIC
5.730000000005186,FAULT,0.0,0.0,0,0,2.4698439926266623e-16,2.793862304097216e-20,1.7741849950849803e-20,2.1582247745475243e-20,1.853353479951671e-17,-1.6631006955882819e-47,-0.0,-1.1951850369249963e-35,-9.050348813519812e-47,8.956456528371538e-33,1.525032336978503e-35,-8.959755001372072e-33,0.0,0.0,79.99983892700783,-1.2439000785575816e-65,80.0,6.413885607630186e-67,1.2439000785575816e-65,24.0,0.0,600.0199120344416,0.0,0.00015672623692353227,False,False,APPLY,APPLIED,RUNAWAY DIAGNOSTIC
5.740000000005251,FAULT,0.0,0.0,0,0,2.2151191615675255e-16,2.5057201763149354e-20,1.5912062423854193e-20,1.9356384724905183e-20,1.6622097666309416e-17,4.596612396026839e-48,0.0,-9.613693925997927e-36,2.493088102456248e-47,7.204292980907719e-33,1.2266882249859044e-35,-7.20694616923158e-33,0.0,0.0,79.99983892700783,-7.544635352641178e-66,80.0,3.890218268917257e-67,7.544635352641178e-66,24.0,0.0,600.0199120344416,0.0,0.00015672623692353227,False,False,APPLY,APPLIED,RUNAWAY DIAGNOSTIC
5.750000000005317,FAULT,0.0,0.0,0,0,1.986665115121474e-16,2.2472952917811734e-20,1.427098815961107e-20,1.7360083807240782e-20,1.49077946445237e-17,9.096253547415646e-48,0.0,-7.732954149003826e-36,4.947938964778739e-47,5.794907527362529e-33,9.867095699101552e-36,-5.797041668912628e-33,0.0,0.0,79.99983892700783,-4.5760526577286547e-66,80.0,2.3595366530724936e-67,4.5760526577286547e-66,24.0,0.0,600.0199120344416,0.0,0.00015672623692353227,False,False,APPLY,APPLIED,RUNAWAY DIAGNOSTIC
5.760000000005382,FAULT,0.0,0.0,0,0,1.7817724428184792e-16,2.0155227930842613e-20,1.2799164409304753e-20,1.5569669340349034e-20,1.3370294509443453e-17,-2.021173907135735e-49,-0.0,-6.220146005354281e-36,-1.1791903805338006e-48,4.6612420316160066e-33,7.936782594968329e-36,-4.662958668205622e-33,0.0,0.0,79.99983892700783,-2.775516237371878e-66,80.0,1.4311313228041821e-67,2.775516237371878e-66,24.0,0.0,600.0199120344416,0.0,0.00015672623692353227,False,False,APPLY,APPLIED,RUNAWAY DIAGNOSTIC
5.770000000005448,FAULT,0.0,0.0,0,0,1.5980111664635476e-16,1.807653913730397e-20,1.1479135694409841e-20,1.3963907436380697e-20,1.1991362876394464e-17,-1.1892132481966463e-48,-0.0,-5.003290538510092e-36,-6.54192572353941e-48,3.749357030239401e-33,6.384099220355472e-36,-3.750737838921248e-33,0.0,0.0,79.99983892700783,-1.6834356944962696e-66,80.0,8.680250253558232e-68,1.6834356944962696e-66,24.0,0.0,600.0199120344416,0.0,0.00015672623692353227,False,False,APPLY,APPLIED,RUNAWAY DIAGNOSTIC
5.780000000005513,FAULT,0.0,0.0,0,0,1.4332019211739918e-16,1.6212233783719862e-20,1.0295246789221197e-20,1.2523754141910417e-20,1.0754645945293902e-17,-3.429668706918578e-48,-0.0,-4.02449013108847e-36,-1.867009673896589e-47,3.015865309043355e-33,5.1351693671420526e-36,-3.0169759882794095e-33,0.0,0.0,79.99983892700783,-1.0210553623666054e-66,80.0,5.264837912761364e-68,1.0210553623666054e-66,24.0,0.0,600.0199120344416,0.0,0.00015672623692353227,False,False,APPLY,APPLIED,RUNAWAY DIAGNOSTIC
5.790000000005579,FAULT,0.0,0.0,0,0,1.285390108632475e-16,1.4540201653723525e-20,9.23345705382703e-21,1.1232129582856322e-20,9.645476548484183e-18,2.2867642394704237e-48,0.0,-3.23717375406285e-36,1.2434369622526417e-47,2.425867552472149e-33,4.130569328425516e-36,-2.4267609480465113e-33,0.0,0.0,79.99983892700783,-6.193013825393319e-67,80.0,3.1932856125071966e-68,6.193013825393319e-67,24.0,0.0,600.0199120344416,0.0,0.00015672623692353227,False,False,APPLY,APPLIED,RUNAWAY DIAGNOSTIC
5.800000000005644,FAULT,0.0,0.0,0,0,1.1528227160182388e-16,1.3040612845345614e-20,8.281173915664737e-21,1.0073715400025308e-20,8.6507002016249e-18,1.0660102795972598e-48,0.0,-2.6038811309493028e-36,5.794219795891119e-48,1.9512918446626176e-33,3.322500536419173e-36,-1.9520104640680868e-33,0.0,0.0,79.99983892700783,-3.7562527611252265e-67,80.0,1.9368256292048285e-68,3.7562527611252265e-67,24.0,0.0,600.0199120344416,0.0,0.00015672623692353227,False,False,APPLY,APPLIED,RUNAWAY DIAGNOSTIC
5.81000000000571,FAULT,0.0,0.0,0,0,1.0339275256922463e-16,1.1695682593082946e-20,7.427103523810507e-21,9.034773077656406e-21,7.758519094647899e-18,-1.0783900872339466e-48,-0.0,-2.0944803891269084e-36,-5.832431978855718e-48,1.5695580161277802e-33,2.6725153209602267e-36,-1.5701360510596136e-33,0.0,0.0,79.99983892700783,-2.278282465252658e-67,80.0,1.1747441266299275e-68,2.278282465252658e-67,24.0,0.0,600.0199120344416,0.0,0.00015672623692353227,False,False,APPLY,APPLIED,RUNAWAY DIAGNOSTIC
5.820000000005775,FAULT,0.0,0.0,0,0,9.27294469071847e-17,1.0489460345261508e-20,6.661116807264654e-21,8.102981007924799e-21,6.95835217254545e-18,-1.0345165501129117e-48,-0.0,-1.6847343944884822e-36,-5.616313894875607e-48,1.2625032860816662e-33,2.1496875809280974e-36,-1.2629682392681058e-33,0.0,0.0,79.99983892700783,-1.3818481666614025e-67,80.0,7.125183301183825e-69,1.3818481666614025e-67,24.0,0.0,600.0199120344416,0.0,0.00015672623692353227,False,False,APPLY,APPLIED,RUNAWAY DIAGNOSTIC
5.830000000005841,FAULT,0.0,0.0,0,0,8.316589035537234e-17,9.407640593798577e-21,5.9741293463224735e-21,7.267288359181535e-21,6.24070964658306e-18,2.9377964763644237e-49,0.0,-1.355147555789277e-36,1.6069162580457423e-48,1.0155180827908168e-33,1.7291413296504535e-36,-1.0158920765646779e-33,0.0,0.0,79.99983892700783,-8.381332801478222e-68,80.0,4.321642128240406e-69,8.381332801478222e-68,24.0,0.0,600.0199120344416,0.0,0.00015672623692353227,False,False,APPLY,APPLIED,RUNAWAY DIAGNOSTIC
5.840000000005906,FAULT,0.0,0.0,0,0,7.45886614154485e-17,8.437393214533469e-21,5.357993633656132e-21,6.517784015933314e-21,5.597080447669811e-18,5.9854138269252626e-49,0.0,-1.090038230329707e-36,3.2553647739694015e-48,8.168509245435809e-34,1.3908671029371044e-36,-8.171517534161882e-34,0.0,0.0,79.99983892700783,-5.083535313351664e-68,80.0,2.621208451083534e-69,5.083535313351664e-68,24.0,0.0,600.0199120344416,0.0,0.00015672623692353227,False,False,APPLY,APPLIED,RUNAWAY DIAGNOSTIC
5.850000000005972,FAULT,0.0,0.0,0,0,6.689603619915871e-17,7.567211305260053e-21,4.8054024468811984e-21,5.8455790356442675e-21,5.019831287110138e-18,-5.102226917790598e-49,-0.0,-8.767925961373326e-37,-2.7782762732179446e-48,6.570492876837766e-34,1.1187699147897885e-36,-6.572912650024292e-34,0.0,0.0,79.99983892700783,-3.083320027279617e-68,80.0,1.589843291080007e-69,3.083320027279617e-68,24.0,0.0,600.0199120344416,0.0,0.00015672623692353227,False,False,APPLY,APPLIED,RUNAWAY DIAGNOSTIC
5.860000000006037,FAULT,0.0,0.0,0,0,5.999678200730238e-17,6.786774716100105e-21,4.309802186236544e-21,5.242701227669414e-21,4.5021161276216045e-18,-2.2368613210209582e-49,-0.0,-7.0526449004008915e-37,-1.22617257270339e-48,5.285098583771359e-34,8.999034628079406e-37,-5.287044973499038e-34,0.0,0.0,79.99983892700783,-1.8701281302510596e-68,80.0,9.642887001784499e-70,1.8701281302510596e-68,24.0,0.0,600.0199120344416,0.0,0.00015672623692353227,False,False,APPLY,APPLIED,RUNAWAY DIAGNOSTIC
5.870000000006103,FAULT,0.0,0.0,0,0,5.3809075331688875e-17,6.086827655440141e-21,3.865315150998423e-21,4.702000605114057e-21,4.037794990966564e-18,1.5979622352547547e-49,0.0,-5.672926563320134e-37,8.705486994410448e-49,4.251167692251643e-34,7.23854147012842e-37,-4.252733307158452e-34,0.0,0.0,79.99983892700783,-1.1342900485883159e-68,80.0,5.848706614726664e-70,1.1342900485883159e-68,24.0,0.0,600.0199120344416,0.0,0.00015672623692353227,False,False,APPLY,APPLIED,RUNAWAY DIAGNOSTIC
5.880000000006168,FAULT,0.0,0.0,0,0,4.8259531447851515e-17,5.459068918097001e-21,3.46666983099275e-21,4.2170645875321224e-21,3.621361139275566e-18,-1.994217874378433e-49,-0.0,-4.563124366403689e-37,-1.0893604291055457e-48,3.4195060813317424e-34,5.822455938915424e-37,-3.420765412904254e-34,0.0,0.0,79.99983892700783,-6.879816914757385e-69,80.0,3.547419881495766e-70,6.879816914757385e-69,24.0,0.0,600.0199120344416,0.0,0.00015672623692353227,False,False,APPLY,APPLIED,RUNAWAY DIAGNOSTIC
5.890000000006234,FAULT,0.0,0.0,0,0,4.3282334089740824e-17,4.896053435286428e-21,3.1091383878219744e-21,3.782141949550785e-21,3.247875766450427e-18,-1.1535498491572472e-49,-0.0,-3.6704342548368957e-37,-6.275568015399285e-49,2.750543541619633e-34,4.683401110639853e-37,-2.751556508475437e-34,0.0,0.0,79.99983892700783,-4.172819892009882e-69,80.0,2.1516189210013137e-70,4.172819892009882e-69,24.0,0.0,600.0199120344416,0.0,0.00015672623692353227,False,False,APPLY,APPLIED,RUNAWAY DIAGNOSTIC
5.900000000006299,FAULT,0.0,0.0,0,0,3.881845488450907e-17,4.391103977849558e-21,2.7884805839752527e-21,3.392074612546023e-21,2.9129094251025625e-18,6.556756435534277e-50,0.0,-2.952382301589551e-37,3.561250166454875e-49,2.2124510366126435e-34,3.767181099051666e-37,-2.2132658354101057e-34,0.0,0.0,79.99983892700783,-2.530943201962726e-69,80.0,1.3050228436050972e-70,2.530943201962726e-69,24.0,0.0,600.0199120344416,0.0,0.00015672623692353227,False,False,APPLY,APPLIED,RUNAWAY DIAGNOSTIC
5.910000000006365,FAULT,0.0,0.0,0,0,3.481495329009588e-17,3.938231965531753e-21,2.500893494328127e-21,3.042236470816058e-21,2.612489494364057e-18,-9.68283404701833e-50,-0.0,-2.374803810484032e-37,-5.294110020976563e-49,1.7796262867105077e-34,3.0302024314788963e-37,-1.7802816853315024e-34,0.0,0.0,79.99983892700783,-1.5350946499816385e-69,80.0,7.915363662718468e-71,1.5350946499816385e-69,24.0,0.0,600.0199120344416,0.0,0.00015672623692353227,False,False,APPLY,APPLIED,RUNAWAY DIAGNOSTIC
5.92000000000643,FAULT,0.0,0.0,0,0,3.122434873303589e-17,3.532066444525335e-21,2.242966404713899e-21,2.728478527653581e-21,2.3430530655522374e-18,-1.1238336126099819e-49,-0.0,-1.9102177706942517e-37,-6.1145757035648254e-49,1.4314756204503767e-34,2.4373998845056007e-37,-1.4320028025641878e-34,0.0,0.0,79.99983892700783,-9.31081970774686e-70,80.0,4.800910744213981e-71,9.31081970774686e-70,24.0,0.0,600.0199120344416,0.0,0.00015672623692353227,False,False,APPLY,APPLIED,RUNAWAY DIAGNOSTIC
5.930000000006496,FAULT,0.0,0.0,0,0,2.800405750018897e-17,3.167790388621161e-21,2.0116403613626277e-21,2.447079688685565e-21,2.1014046869230004e-18,1.137066930071083e-50,0.0,-1.5365193180910531e-37,6.165629685722446e-50,1.1514341338098818e-34,1.960568091184726e-37,-1.1518581825829753e-34,0.0,0.0,79.99983892700783,-5.6472976198050234e-70,80.0,2.9118995609095406e-71,5.6472976198050234e-70,24.0,0.0,600.0199120344416,0.0,0.00015672623692353227,False,False,APPLY,APPLIED,RUNAWAY DIAGNOSTIC
5.940000000006561,FAULT,0.0,0.0,0,0,2.5115887706064356e-17,2.8410835707083836e-21,1.8041718926201775e-21,2.194702630797263e-21,1.884678466375738e-18,-6.163965733083106e-50,-0.0,-1.235927992648424e-37,-3.3454452970892275e-49,9.261775370546355e-35,1.5770195381590866e-37,-9.265186286001461e-35,0.0,0.0,79.99983892700783,-3.425259150933881e-70,80.0,1.7661563616953681e-71,3.425259150933881e-70,24.0,0.0,600.0199120344416,0.0,0.00015672623692353227,False,False,APPLY,APPLIED,RUNAWAY DIAGNOSTIC
5.950000000006627,FAULT,0.0,0.0,0,0,2.2525586346170488e-17,2.5480713259053936e-21,1.6181004719249172e-21,1.968354222353698e-21,1.6903040826569525e-18,1.091949343653224e-49,0.0,-9.941417494867675e-38,5.946770973865775e-49,7.449881890388836e-35,1.268505100596956e-37,-7.452625523899939e-35,0.0,0.0,79.99983892700783,-2.0775246925026376e-70,80.0,1.0712279832147438e-71,2.0775246925026376e-70,24.0,0.0,600.0199120344416,0.0,0.00015672623692353227,False,False,APPLY,APPLIED,RUNAWAY DIAGNOSTIC
5.960000000006692,FAULT,0.0,0.0,0,0,2.0202433064559767e-17,2.2852785989276524e-21,1.4512193366869373e-21,1.7653500252195484e-21,1.5159763019636192e-18,6.515671487277642e-50,0.0,-7.996564718590835e-38,3.559605789728939e-49,5.992451550622101e-35,1.0203457543200444e-37,-5.994658443446709e-35,0.0,0.0,79.99983892700783,-1.2600824223128956e-70,80.0,6.497326153618646e-72,1.2600824223128956e-70,24.0,0.0,600.0199120344416,0.0,0.00015672623692353227,False,False,APPLY,APPLIED,RUNAWAY DIAGNOSTIC
5.970000000006758,FAULT,0.0,0.0,0,0,1.8118875817738713e-17,2.049588730757088e-21,1.3015493164636551e-21,1.5832824580786092e-21,1.3596276384204361e-18,-5.333457606918594e-50,-0.0,-6.432186087338137e-38,-2.913600647397085e-49,4.820140253885199e-35,8.207341522465919e-38,-4.821915409320327e-35,0.0,0.0,79.99983892700783,-7.642786228977245e-71,80.0,3.9408275183224166e-72,7.642786228977245e-71,24.0,0.0,600.0199120344416,0.0,0.00015672623692353227,False,False,APPLY,APPLIED,RUNAWAY DIAGNOSTIC
5.980000000006823,FAULT,0.0,0.0,0,0,1.6250204114007094e-17,1.8382064957934128e-21,1.1673153604928535e-21,1.419992243054355e-21,1.2194038341907365e-18,-1.1733313096519847e-51,-0.0,-5.173848936151745e-38,-5.825791829029083e-51,3.87716978115786e-35,6.601728343672328e-38,-3.8785976605653816e-35,0.0,0.0,79.99983892700783,-4.635584173504144e-71,80.0,2.3902327145017673e-72,4.635584173504144e-71,24.0,0.0,600.0199120344416,0.0,0.00015672623692353227,False,False,APPLY,APPLIED,RUNAWAY DIAGNOSTIC
5.990000000006889,FAULT,0.0,0.0,0,0,1.4574255952918832e-17,1.6486249511760348e-21,1.0469254861201987e-21,1.2735427971419602e-21,1.093641868421082e-18,4.744712011293427e-51,0.0,-4.1616819617202297e-38,2.6259130240119662e-50,3.1186738808703295e-35,5.310223414529751e-38,-3.119822422323139e-35,0.0,0.0,79.99983892700783,-2.8116239269088744e-71,80.0,1.4497494251934567e-72,2.8116239269088744e-71,24.0,0.0,600.0199120344416,0.0,0.00015672623692353227,False,False,APPLY,APPLIED,RUNAWAY DIAGNOSTIC
6.000000000006954,FAULT,0.0,0.0,0,0,1.3071154989253655e-17,1.478595705030369e-21,9.389518981614083e-22,1.1421972648686138e-21,9.80850234210821e-19,8.095496638763594e-51,0.0,-3.3475265637312733e-38,4.382851252020569e-50,2.5085635461437454e-35,4.2713773188272694e-38,-2.509487396898842e-35,0.0,0.0,79.99983892700783,-1.705336115251843e-71,80.0,8.793174752805873e-73,1.705336115251843e-71,24.0,0.0,600.0199120344416,0.0,0.00015672623692353227,False,False,APPLY,APPLIED,RUNAWAY DIAGNOSTIC
6.01000000000702,FAULT,0.0,0.0,0,0,1.1723074804299934e-17,1.326102251073026e-21,8.421140556301126e-22,1.024397919566001e-21,8.796912496961933e-19,8.678369460367563e-51,0.0,-2.6926454731371527e-38,4.736000729828649e-50,2.0178099106935937e-35,3.435762071680299e-38,-2.018553027292137e-35,0.0,0.0,79.99983892700783,-1.0343386390154675e-71,80.0,5.333330083787755e-73,1.0343386390154675e-71,24.0,0.0,600.0199120344416,0.0,0.00015672623692353227,False,False,APPLY,APPLIED,RUNAWAY DIAGNOSTIC
6.0200000000070855,FAULT,0.0,0.0,0,0,1.0514027488788486e-17,1.1893360533350276e-21,7.55263484826105e-22,9.18747689113212e-22,7.88965193462675e-19,6.779444685450605e-51,0.0,-2.165879644556747e-38,3.6912342314574054e-50,1.6230630640998673e-35,2.7636193508749986e-38,-1.6236608038061852e-35,0.0,0.0,79.99983892700783,-6.273580970883112e-72,80.0,3.234828214184982e-73,6.273580970883112e-72,24.0,0.0,600.0199120344416,0.0,0.00015672623692353227,False,False,APPLY,APPLIED,RUNAWAY DIAGNOSTIC
6.030000000007151,FAULT,0.0,0.0,0,0,9.429674030096654e-18,1.066675097359792e-21,6.773701587130483e-22,8.239935869972419e-22,7.075960761353118e-19,4.346464522980892e-52,0.0,-1.7421657182636312e-38,2.4616711105524434e-51,1.3055410700900458e-35,2.2229688078469822e-38,-1.3060218731796294e-35,0.0,0.0,79.99983892700783,-3.805119205030312e-72,80.0,1.9620224908066337e-73,3.805119205030312e-72,24.0,0.0,600.0199120344416,0.0,0.00015672623692353227,False,False,APPLY,APPLIED,RUNAWAY DIAGNOSTIC
6.0400000000072165,FAULT,0.0,0.0,0,0,8.457154254989831e-18,9.566646534643964e-22,6.075102810170253e-22,7.39011852169347e-22,6.346188794015254e-19,5.0424494192223223e-51,0.0,-1.401343513011767e-38,2.7494370375911783e-50,1.0501363276584196e-35,1.7880864523173158e-38,-1.050523070597725e-35,0.0,0.0,79.99983892700783,-2.307921461712219e-72,80.0,1.1900267957199576e-73,2.307921461712219e-72,24.0,0.0,600.0199120344416,0.0,0.00015672623692353227,False,False,APPLY,APPLIED,RUNAWAY DIAGNOSTIC
6.050000000007282,FAULT,0.0,0.0,0,0,7.584934311027957e-18,8.580000240547534e-22,5.448553302766842e-22,6.62794621543539e-22,5.69168111124224e-19,-5.848304129443678e-53,-0.0,-1.1271968107766236e-38,-2.5546566992214224e-52,8.446967559525914e-36,1.4382807125652294e-38,-8.4500783985438e-36,0.0,0.0,79.99983892700783,-1.399825126737241e-72,80.0,7.217877374837286e-74,1.399825126737241e-72,24.0,0.0,600.0199120344416,0.0,0.00015672623692353227,False,False,APPLY,APPLIED,RUNAWAY DIAGNOSTIC
6.0600000000073475,FAULT,0.0,0.0,0,0,6.802669877832935e-18,7.695110701647017e-22,4.88662233718876e-22,5.944379769520981e-22,5.104675408116109e-19,2.3504860398906873e-51,0.0,-9.066817938815409e-39,1.273804685197992e-50,6.794476019202193e-36,1.1569079366693893e-38,-6.796978280630069e-36,0.0,0.0,79.99983892700783,-8.490368576022492e-73,80.0,4.377863925884897e-74,8.490368576022492e-73,24.0,0.0,600.0199120344416,0.0,0.00015672623692353227,False,False,APPLY,APPLIED,RUNAWAY DIAGNOSTIC
6.070000000007413,FAULT,0.0,0.0,0,0,6.101083485917541e-18,6.901483339269853e-22,4.382645546403717e-22,5.331312249044042e-22,4.578209937088008e-19,-6.103066289977864e-51,-0.0,-7.293064241340957e-39,-3.324871012101628e-50,5.46526360497879e-36,9.305804925533933e-39,-5.467276345662983e-36,0.0,0.0,79.99983892700783,-5.149668853618271e-73,80.0,2.6553086950990734e-74,5.149668853618271e-73,24.0,0.0,600.0199120344416,0.0,0.00015672623692353227,False,False,APPLY,APPLIED,RUNAWAY DIAGNOSTIC
6.0800000000074785,FAULT,0.0,0.0,0,0,5.471854488107084e-18,6.18970592215819e-22,3.9306458857676763e-22,4.781472819487507e-22,4.106040943313718e-19,-1.6820909466030134e-51,-0.0,-5.866312347574268e-39,-9.135099989974534e-51,4.396086789840947e-36,7.48529788475441e-39,-4.397705775378127e-36,0.0,0.0,79.99983892700783,-3.123432047086653e-73,80.0,1.6105261345791135e-74,3.123432047086653e-73,24.0,0.0,600.0199120344416,0.0,0.00015672623692353227,False,False,APPLY,APPLIED,RUNAWAY DIAGNOSTIC
6.090000000007544,FAULT,0.0,0.0,0,0,4.907520378655454e-18,5.551336940143371e-22,3.5252627473201515e-22,4.288340516488534e-22,3.6825686152112555e-19,-2.3143929495520704e-52,-0.0,-4.71867783153117e-39,-1.278307145280911e-51,3.5360744623935436e-36,6.020939066729644e-39,-3.5373767236287424e-36,0.0,0.0,79.99983892700783,-1.8944573000870262e-73,80.0,9.768334788906954e-75,1.8944573000870262e-73,24.0,0.0,600.0199120344416,0.0,0.00015672623692353227,False,False,APPLY,APPLIED,RUNAWAY DIAGNOSTIC
6.10000000000761,FAULT,0.0,0.0,0,0,4.4013882897043064e-18,4.978805489365958e-22,3.161688383734912e-22,3.8460669085568855e-22,3.30277067203195e-19,-1.3844758881328932e-51,-0.0,-3.795556587921759e-39,-7.480445909501809e-51,2.844307494676108e-36,4.843054719186551e-39,-2.8453549928073727e-36,0.0,0.0,79.99983892700783,-1.1490464360191846e-73,80.0,5.924794543809532e-75,1.1490464360191846e-73,24.0,0.0,600.0199120344416,0.0,0.00015672623692353227,False,False,APPLY,APPLIED,RUNAWAY DIAGNOSTIC
6.110000000007675,FAULT,0.0,0.0,0,0,3.947455615467343e-18,4.465321483547374e-22,2.835610889862749e-22,3.449406736341992e-22,2.962142800809318e-19,-4.3892868335521325e-52,-0.0,-3.053026785600532e-39,-2.4046562627633063e-51,2.2878718223583615e-36,3.8956014590211656e-39,-2.2887143970317814e-36,0.0,0.0,79.99983892700783,-6.969318928791592e-74,80.0,3.5935695433185697e-75,6.969318928791592e-74,24.0,0.0,600.0199120344416,0.0,0.00015672623692353227,False,False,APPLY,APPLIED,RUNAWAY DIAGNOSTIC
6.120000000007741,FAULT,0.0,0.0,0,0,3.5403388227607954e-18,4.0047951248077763e-22,2.5431630643927335e-22,3.093655704759774e-22,2.6566452362822757e-19,-1.1124012791820485e-51,-0.0,-2.4557590797456413e-39,-6.051159532092582e-51,1.8402924034544938e-36,3.133499744986824e-39,-1.8409701441197355e-36,0.0,0.0,79.99983892700783,-4.2271056076276595e-74,80.0,2.179610105832214e-75,4.2271056076276595e-74,24.0,0.0,600.0199120344416,0.0,0.00015672623692353227,False,False,APPLY,APPLIED,RUNAWAY DIAGNOSTIC
6.130000000007806,FAULT,0.0,0.0,0,0,3.175209603582789e-18,3.5917646805283144e-22,2.2808765459563565e-22,2.7745946915535004e-22,2.3826548502432014e-19,-1.6864419992306984e-51,-0.0,-1.9753356525546586e-39,-9.182326881061674e-51,1.4802735437868313e-36,2.5204890066710932e-39,-1.4808186971409477e-36,0.0,0.0,79.99983892700783,-2.5638691528693444e-74,80.0,1.322000355406719e-75,2.5638691528693444e-74,24.0,0.0,600.0199120344416,0.0,0.00015672623692353227,False,False,APPLY,APPLIED,RUNAWAY DIAGNOSTIC
6.140000000007872,FAULT,0.0,0.0,0,0,2.8477376125320617e-18,3.22133170817948e-22,2.0456406790060608e-22,2.4884397092391346e-22,2.1369221821020947e-19,-5.21698092216482e-52,-0.0,-1.588898101788518e-39,-2.8200326753043373e-51,1.19068565425904e-36,2.0274023774574524e-39,-1.1911241585347096e-36,0.0,0.0,79.99983892700783,-1.555065248706696e-74,80.0,8.018337477051638e-76,1.555065248706696e-74,24.0,0.0,600.0199120344416,0.0,0.00015672623692353227,False,False,APPLY,APPLIED,RUNAWAY DIAGNOSTIC
6.150000000007937,FAULT,0.0,0.0,0,0,2.554039109947306e-18,2.889102961097834e-22,1.8346656223068329e-22,2.2317970279910654e-22,1.916532901059453e-19,7.624665334032807e-53,0.0,-1.2780598449647398e-39,4.1329647174185655e-52,9.577502301577643e-37,1.630778943785107e-39,-9.581029492565845e-37,0.0,0.0,79.99983892700783,-9.431947511942519e-75,80.0,4.8633675197546075e-76,9.431947511942519e-75,24.0,0.0,600.0199120344416,0.0,0.00015672623692353227,False,False,APPLY,APPLIED,RUNAWAY DIAGNOSTIC
6.160000000008003,FAULT,0.0,0.0,0,0,2.2906309016788776e-18,2.5911382856299833e-22,1.6454492620486533e-22,2.00162292684737e-22,1.718873242838504e-19,-1.0070583951767973e-51,-0.0,-1.0280312912849547e-39,-5.477034696791024e-51,7.703842740408803e-37,1.3117474819315474e-39,-7.706679902315269e-37,0.0,0.0,79.99983892700783,-5.72076534679336e-75,80.0,2.949781510181721e-76,5.72076534679336e-75,24.0,0.0,600.0199120344416,0.0,0.00015672623692353227,False,False,APPLY,APPLIED,RUNAWAY DIAGNOSTIC
6.170000000008068,FAULT,0.0,0.0,0,0,2.0543890292404083e-18,2.3239038918768877e-22,1.4757475373397458e-22,1.795187595967681e-22,1.5415990110646701e-19,3.554328245824681e-52,0.0,-8.26916157358354e-40,1.9340390695853752e-51,6.196729700516542e-37,1.0551285708658372e-39,-6.199011824651616e-37,0.0,0.0,79.99983892700783,-3.469819579851708e-75,80.0,1.789132925378626e-76,3.469819579851708e-75,24.0,0.0,600.0199120344416,0.0,0.00015672623692353227,False,False,APPLY,APPLIED,RUNAWAY DIAGNOSTIC
6.180000000008134,FAULT,0.0,0.0,0,0,1.8425117204042427e-18,2.084230443666007e-22,1.323547826247563e-22,1.6100427615251562e-22,1.3826077756560042e-19,-1.4825122153969265e-52,-0.0,-6.6514544556602e-40,-8.057323607625803e-52,4.984455196605521e-37,8.487123599567506e-40,-4.986290865749429e-37,0.0,0.0,79.99983892700783,-2.104551958851243e-75,80.0,1.0851639735434784e-76,2.104551958851243e-75,24.0,0.0,600.0199120344416,0.0,0.00015672623692353227,False,False,APPLY,APPLIED,RUNAWAY DIAGNOSTIC
6.190000000008199,FAULT,0.0,0.0,0,0,1.6524861608523845e-18,1.8692754711084958e-22,1.1870450765021557e-22,1.443992649995103e-22,1.2400139385041773e-19,-3.203739695125584e-52,-0.0,-5.350221540839139e-40,-1.7400234153329628e-51,4.009339572274246e-37,6.8267762795216335e-40,-4.010816127012928e-37,0.0,0.0,79.99983892700783,-1.2764752880015438e-75,80.0,6.581852207697006e-77,1.2764752880015438e-75,24.0,0.0,600.0199120344416,0.0,0.00015672623692353227,False,False,APPLY,APPLIED,RUNAWAY DIAGNOSTIC
6.200000000008265,FAULT,0.0,0.0,0,0,1.4820586927988916e-18,1.6764896595461458e-22,1.0646203980765648e-22,1.295067946697952e-22,1.1121263707309053e-19,-1.007605144320698e-52,-0.0,-4.303550558321046e-40,-5.480949879471823e-52,3.2249871193047245e-37,5.491244922251899e-40,-3.2261748136686557e-37,0.0,0.0,79.99983892700783,-7.742213985384412e-76,80.0,3.992095161665472e-77,7.742213985384412e-76,24.0,0.0,600.0199120344416,0.0,0.00015672623692353227,False,False,APPLY,APPLIED,RUNAWAY DIAGNOSTIC
6.21000000000833,FAULT,0.0,0.0,0,0,1.3292080871452604e-18,1.5035866152276528e-22,9.548218634850553e-23,1.1615024401621704e-22,9.974283563030505e-20,7.996875328149793e-53,0.0,-3.461641217365656e-40,4.373381403911386e-52,2.5940785838156966e-37,4.416985347330907e-40,-2.595033927945662e-37,0.0,0.0,79.99983892700783,-4.6958901561915333e-76,80.0,2.4213281120405445e-77,4.6958901561915333e-76,24.0,0.0,600.0199120344416,0.0,0.00015672623692353227,False,False,APPLY,APPLIED,RUNAWAY DIAGNOSTIC
6.220000000008396,FAULT,0.0,0.0,0,0,1.1921215721866545e-18,1.3485157493397115e-22,8.563472883324263e-23,1.0417120753754102e-22,8.94559604142439e-20,8.11807776074875e-53,0.0,-2.7844357247425497e-40,4.373993151205261e-52,2.086595527383657e-37,3.552884607181953e-40,-2.0873639762660962e-37,0.0,0.0,79.99983892700783,-2.8482013543728774e-76,80.0,1.4686097371766788e-77,2.8482013543728774e-76,24.0,0.0,600.0199120344416,0.0,0.00015672623692353227,False,False,APPLY,APPLIED,RUNAWAY DIAGNOSTIC
6.230000000008461,FAULT,0.0,0.0,0,0,1.0691733345717466e-18,1.2094379584150353e-22,7.680287876455334e-23,9.342761672026428e-23,8.023001153983033e-20,3.494166722892675e-52,0.0,-2.2397128467113292e-40,1.89906241805808e-51,1.6783920587684432e-37,2.8578290483981703e-40,-1.67901017497013e-37,0.0,0.0,79.99983892700783,-1.7275214464621764e-76,80.0,8.907568327501575e-78,1.7275214464621764e-76,24.0,0.0,600.0199120344416,0.0,0.00015672623692353227,False,False,APPLY,APPLIED,RUNAWAY DIAGNOSTIC
6.240000000008527,FAULT,0.0,0.0,0,0,9.589052375443209e-19,1.0847038130387848e-22,6.888189250949588e-23,8.379205513960762e-23,7.195557145520707e-20,2.2016211593468264e-52,0.0,-1.8015548325059595e-40,1.1978470824540198e-51,1.350045979667733e-37,2.2987481364748264e-40,-1.3505431729717016e-37,0.0,0.0,79.99983892700783,-1.047794722590414e-76,80.0,5.402713294114824e-78,1.047794722590414e-76,24.0,0.0,600.0199120344416,0.0,0.00015672623692353227,False,False,APPLY,APPLIED,RUNAWAY DIAGNOSTIC
6.250000000008592,FAULT,0.0,0.0,0,0,8.60009527789243e-19,9.728339960148714e-23,6.177782906051619e-23,7.515024733553623e-23,6.453450727568426e-20,1.3726127699074543e-52,0.0,-1.4491142555530402e-40,7.473869626092654e-52,1.085934682361626e-37,1.8490409697206923e-40,-1.086334609075794e-37,0.0,0.0,79.99983892700783,-6.355196243361716e-77,80.0,3.276911258517638e-78,6.355196243361716e-77,24.0,0.0,600.0199120344416,0.0,0.00015672623692353227,False,False,APPLY,APPLIED,RUNAWAY DIAGNOSTIC
6.260000000008658,FAULT,0.0,0.0,0,0,7.713133257904738e-19,8.725017580156673e-23,5.540643592085429e-23,6.739970353015338e-23,5.787880695114635e-20,6.659872941731883e-53,0.0,-1.1656220991767959e-40,3.625443868737633e-52,8.734918307345821e-38,1.4873106163549042e-40,-8.738135192517604e-38,0.0,0.0,79.99983892700783,-3.854621370089382e-77,80.0,1.9875471474484334e-78,3.854621370089382e-77,24.0,0.0,600.0199120344416,0.0,0.00015672623692353227,False,False,APPLY,APPLIED,RUNAWAY DIAGNOSTIC
6.270000000008723,FAULT,0.0,0.0,0,0,6.917647157599687e-19,7.825171826442283e-23,4.9692149888548694e-23,6.044850412366393e-23,5.190953546414201e-20,-8.056903031361264e-54,-0.0,-9.375898918155437e-41,-4.49557792586289e-53,7.02609457781361e-38,1.1963460549261762e-40,-7.028682139444716e-38,0.0,0.0,79.99983892700783,-2.337946042542699e-77,80.0,1.2055082825518462e-78,2.337946042542699e-77,24.0,0.0,600.0199120344416,0.0,0.00015672623692353227,False,False,APPLY,APPLIED,RUNAWAY DIAGNOSTIC
6.280000000008789,FAULT,0.0,0.0,0,0,6.204202701671808e-19,7.01813074310188e-23,4.456720089466031e-23,5.421420955010009e-23,4.655589867941544e-20,-2.858484816144959e-53,-0.0,-7.541679296028473e-41,-1.5497853006202277e-52,5.651570315759572e-38,9.623032790857942e-41,-5.653651669254403e-38,0.0,0.0,79.99983892700783,-1.4180359555559476e-77,80.0,7.311777339052067e-79,1.4180359555559476e-77,24.0,0.0,600.0199120344416,0.0,0.00015672623692353227,False,False,APPLY,APPLIED,RUNAWAY DIAGNOSTIC
6.290000000008854,FAULT,0.0,0.0,0,0,5.5643386091389e-19,6.294323015464436e-23,3.9970808267131965e-23,4.862288256338476e-23,4.175440374235724e-20,-2.5572948594262577e-53,-0.0,-6.066290507234026e-41,-1.3958543877989656e-52,4.5459460700733847e-38,7.740466039288461e-41,-4.5476202456054406e-38,0.0,0.0,79.99983892700783,-8.600822836195727e-78,80.0,4.434817133127078e-79,8.600822836195727e-78,24.0,0.0,600.0199120344416,0.0,0.00015672623692353227,False,False,APPLY,APPLIED,RUNAWAY DIAGNOSTIC
6.30000000000892,FAULT,0.0,0.0,0,0,4.990466244568434e-19,5.645164456665345e-23,3.58484598867933e-23,4.3608211360072367e-23,3.744810606890143e-20,-4.05067514784093e-53,-0.0,-4.879533996852274e-41,-2.202672600008174e-52,3.656616571572707e-38,6.226188334544244e-41,-3.6579632259104e-38,0.0,0.0,79.99983892700783,-5.21666274890921e-78,80.0,2.689852561460422e-79,5.21666274890921e-78,24.0,0.0,600.0199120344416,0.0,0.00015672623692353227,False,False,APPLY,APPLIED,RUNAWAY DIAGNOSTIC
6.310000000008985,FAULT,0.0,0.0,0,0,4.475779618672732e-19,5.0629562010911323e-23,3.21512656850355e-23,3.911072313658971e-23,3.358593399634842e-20,1.4594952234648848e-53,0.0,-3.9249442469097915e-41,7.934744743615628e-53,2.9412677901136303e-38,5.008150798731558e-41,-2.9423509966654513e-38,0.0,0.0,79.99983892700783,-3.164065898594185e-78,80.0,1.631478048632287e-79,3.164065898594185e-78,24.0,0.0,600.0199120344416,0.0,0.00015672623692353227,False,False,APPLY,APPLIED,RUNAWAY DIAGNOSTIC
6.320000000009051,FAULT,0.0,0.0,0,0,4.014174670899705e-19,4.540793397754998e-23,2.883537782155471e-23,3.507707875518896e-23,3.012208308563367e-20,-4.5032725597936595e-55,-0.0,-3.157102164105867e-41,-2.3781676049385248e-54,2.3658636457579513e-38,4.028399572123189e-41,-2.3667349431659685e-38,0.0,0.0,79.99983892700783,-1.9191029768485561e-78,80.0,9.895414571436098e-80,1.9191029768485561e-78,24.0,0.0,600.0199120344416,0.0,0.00015672623692353227,False,False,APPLY,APPLIED,RUNAWAY DIAGNOSTIC
6.330000000009116,FAULT,0.0,0.0,0,0,3.6001768767315756e-19,4.072483320446063e-23,2.5861470657576596e-23,3.145944015646884e-23,2.701547289161192e-20,-3.6932570121188085e-53,-0.0,-2.539474053025764e-41,-2.0076972671884952e-52,1.903026582323798e-38,3.2403183859381813e-41,-1.9037274266567103e-38,0.0,0.0,79.99983892700783,-1.1639947946044217e-78,80.0,6.001872328143083e-80,1.1639947946044217e-78,24.0,0.0,600.0199120344416,0.0,0.00015672623692353227,False,False,APPLY,APPLIED,RUNAWAY DIAGNOSTIC
6.340000000009182,FAULT,0.0,0.0,0,0,3.2288763211309287e-19,3.6524719234040577e-23,2.3194274363212047e-23,2.821490301045776e-23,2.4229259758781567e-20,-6.119265167148641e-54,-0.0,-2.0426733538425823e-41,-3.3789479435119313e-53,1.5307349514941111e-38,2.6064105742900007e-41,-1.5312986887145584e-38,0.0,0.0,79.99983892700783,-7.05998530673483e-79,80.0,3.640319582699581e-80,7.05998530673483e-79,24.0,0.0,600.0199120344416,0.0,0.00015672623692353227,False,False,APPLY,APPLIED,RUNAWAY DIAGNOSTIC
6.350000000009247,FAULT,0.0,0.0,0,0,2.8958694681208612e-19,3.2757779717311336e-23,2.0802156627645968e-23,2.530498788078704e-23,2.1730399864323216e-20,1.313524194377596e-53,0.0,-1.6430624386811197e-41,7.164229909877306e-53,1.2312752294108772e-38,2.096514994098651e-41,-1.231728681966295e-38,0.0,0.0,79.99983892700783,-4.282097545655328e-79,80.0,2.2079654380595706e-80,4.282097545655328e-79,24.0,0.0,600.0199120344416,0.0,0.00015672623692353227,False,False,APPLY,APPLIED,RUNAWAY DIAGNOSTIC
6.360000000009313,FAULT,0.0,0.0,0,0,2.597206935896658e-19,2.937933965000408e-23,1.8656747505349156e-23,2.2695183867771368e-23,1.9489257326247156e-20,-7.369463958058722e-54,-0.0,-1.3216279403169867e-41,-4.0111505375257336e-53,9.903992125357968e-39,1.686370966967427e-41,-9.907639555624473e-39,0.0,0.0,79.99983892700783,-2.597223449320143e-79,80.0,1.3391987337689487e-80,2.597223449320143e-79,24.0,0.0,600.0199120344416,0.0,0.00015672623692353227,False,False,APPLY,APPLIED,RUNAWAY DIAGNOSTIC
6.370000000009378,FAULT,0.0,0.0,0,0,2.329346658102851e-19,2.6349331539728674e-23,1.673260295601774e-23,2.0354539319444364e-23,1.7479252728905452e-20,-1.2614898298302323e-53,-0.0,-1.063076101990218e-41,-6.8682971564653415e-53,7.966460924100904e-39,1.3564639634037304e-41,-7.96939480271504e-39,0.0,0.0,79.99983892700783,-1.57529565213725e-79,80.0,8.122650914791946e-81,1.57529565213725e-79,24.0,0.0,600.0199120344416,0.0,0.00015672623692353227,False,False,APPLY,APPLIED,RUNAWAY DIAGNOSTIC
6.380000000009444,FAULT,0.0,0.0,0,0,2.0891118757706696e-19,2.3631820213046326e-23,1.5006903084159482e-23,1.825529474986338e-23,1.5676547897465744e-20,2.2903185428640146e-54,0.0,-8.55105104955575e-42,1.2409867369339577e-53,6.407971538339205e-39,1.0910971073715118e-41,-6.410331458363367e-39,0.0,0.0,79.99983892700783,-9.554651111332374e-80,80.0,4.926636817964124e-81,9.554651111332374e-80,24.0,0.0,600.0199120344416,0.0,0.00015672623692353227,False,False,APPLY,APPLIED,RUNAWAY DIAGNOSTIC
6.390000000009509,FAULT,0.0,0.0,0,0,1.8736534617138246e-19,2.1194576634298497e-23,1.3459181501688566e-23,1.637255361914433e-23,1.4059763182846702e-20,-4.5795916191613485e-54,-0.0,-6.878197517107156e-42,-2.49153202533471e-53,5.1543715116883545e-39,8.776443236480498e-42,-5.156269757407729e-39,0.0,0.0,79.99983892700783,-5.7951888418804056e-80,80.0,2.9881562793642953e-81,5.7951888418804056e-80,24.0,0.0,600.0199120344416,0.0,0.00015672623692353227,False,False,APPLY,APPLIED,RUNAWAY DIAGNOSTIC
6.400000000009575,FAULT,0.0,0.0,0,0,1.68041613056121e-19,1.9008695676458415e-23,1.2071082599780422e-23,1.4683987067192863e-23,1.260972390418225e-20,-4.2362902691367496e-54,-0.0,-5.532606554507142e-42,-2.3076732878709137e-53,4.146014931800035e-39,7.059495929625776e-42,-4.147541821175156e-39,0.0,0.0,79.99983892700783,-3.514959711424975e-80,80.0,1.812408399447254e-81,3.514959711424975e-80,24.0,0.0,600.0199120344416,0.0,0.00015672623692353227,False,False,APPLY,APPLIED,RUNAWAY DIAGNOSTIC
6.41000000000964,FAULT,0.0,0.0,0,0,1.5071081336820126e-19,1.704825331280993e-23,1.08261438566655e-23,1.3169569097450324e-23,1.130923294168254e-20,-3.466035308516431e-54,-0.0,-4.450255348260405e-42,-1.8832736027452285e-53,3.334924495785669e-39,5.6784373165262e-42,-3.336152677753935e-39,0.0,0.0,79.99983892700783,-2.1319308326338924e-80,80.0,1.099281262185448e-81,2.1319308326338924e-80,24.0,0.0,600.0199120344416,0.0,0.00015672623692353227,False,False,APPLY,APPLIED,RUNAWAY DIAGNOSTIC
6.420000000009706,FAULT,0.0,0.0,0,0,1.3516740795935723e-19,1.5289999164830242e-23,9.709600596005089e-24,1.1811339074235704e-23,1.0142866782897386e-20,-3.2841091906773275e-54,-0.0,-3.579645953420432e-42,-1.7868756112026038e-53,2.6825087645699312e-39,4.5675570436128274e-42,-2.6834966756601234e-39,0.0,0.0,79.99983892700783,-1.2930814143791236e-80,80.0,6.667477891630683e-82,1.2930814143791236e-80,24.0,0.0,600.0199120344416,0.0,0.00015672623692353227,False,False,APPLY,APPLIED,RUNAWAY DIAGNOSTIC
6.4300000000097715,FAULT,0.0,0.0,0,0,1.2122705575090195e-19,1.371308075780728e-23,8.708210881058321e-24,1.0593188713563152e-23,9.096792603539527e-21,-9.194579749223171e-55,-0.0,-2.879355036720913e-42,-5.0148940270538465e-54,2.1577259938231136e-39,3.673999761508073e-42,-2.1585206385479005e-39,0.0,0.0,79.99983892700783,-7.842935233255053e-81,80.0,4.044029764230107e-82,7.842935233255053e-81,24.0,0.0,600.0199120344416,0.0,0.00015672623692353227,False,False,APPLY,APPLIED,RUNAWAY DIAGNOSTIC
6.440000000009837,FAULT,0.0,0.0,0,0,1.0872442749254379e-19,1.2298796216150907e-23,7.810098469114262e-24,9.500671043097267e-24,8.1586042134897e-21,-7.125974794678793e-55,-0.0,-2.3160629669842346e-42,-3.867389923465141e-54,1.7356071770996156e-39,2.955250283395354e-42,-1.736246364416027e-39,0.0,0.0,79.99983892700783,-4.7569806811095895e-81,80.0,2.452828040795984e-82,4.7569806811095895e-81,24.0,0.0,600.0199120344416,0.0,0.00015672623692353227,False,False,APPLY,APPLIED,RUNAWAY DIAGNOSTIC
6.4500000000099025,FAULT,0.0,0.0,0,0,9.751124499692364e-20,1.1030372462321445e-23,7.004611960989981e-24,8.520829063741118e-24,7.3171749223427e-21,4.5881047040614626e-55,0.0,-1.8629684768146868e-42,2.4732751920331322e-54,1.3960680280178788e-39,2.3771107252125174e-42,-1.3965821702662766e-39,0.0,0.0,79.99983892700783,-2.8852546307536216e-81,80.0,1.487715409745619e-82,2.8852546307536216e-81,24.0,0.0,600.0199120344416,0.0,0.00015672623692353227,False,False,APPLY,APPLIED,RUNAWAY DIAGNOSTIC
6.460000000009968,FAULT,0.0,0.0,0,0,8.745452259568267e-20,9.892766293545417e-24,6.2821984791475494e-24,7.642042083586333e-24,6.562525579514486e-21,-2.2896464572140056e-55,-0.0,-1.4985134666465688e-42,-1.2528871335101171e-54,1.1229533759538786e-39,1.912073380609693e-42,-1.123366935867842e-39,0.0,0.0,79.99983892700783,-1.7499953946299057e-81,80.0,9.023450089376512e-83,1.7499953946299057e-81,24.0,0.0,600.0199120344416,0.0,0.00015672623692353227,False,False,APPLY,APPLIED,RUNAWAY DIAGNOSTIC
6.4700000000100335,FAULT,0.0,0.0,0,0,7.843498996121316e-20,8.872485972013785e-24,5.634290371936065e-24,6.853887898725071e-24,5.885706223897892e-21,1.5345208913372232e-55,0.0,-1.2053572766540776e-42,8.410330471845999e-55,9.032685078796414e-40,1.5380119125539023e-42,-9.036011625155414e-40,0.0,0.0,79.99983892700783,-1.0614258611989348e-81,80.0,5.4729991355934946e-83,1.0614258611989348e-81,24.0,0.0,600.0199120344416,0.0,0.00015672623692353227,False,False,APPLY,APPLIED,RUNAWAY DIAGNOSTIC
6.480000000010099,FAULT,0.0,0.0,0,0,7.034567758900169e-20,7.957431216776108e-24,5.053203603990534e-24,6.147019188707644e-24,5.2786899394597414e-21,-2.36088753611496e-55,-0.0,-9.695516234844566e-43,-1.2807861556038242e-54,7.265608838248383e-40,1.237128588863944e-42,-7.268284607902179e-40,0.0,0.0,79.99983892700783,-6.437873278290334e-82,80.0,3.31954177631816e-83,6.437873278290334e-82,24.0,0.0,600.0199120344416,0.0,0.00015672623692353227,False,False,APPLY,APPLIED,RUNAWAY DIAGNOSTIC
6.4900000000101645,FAULT,0.0,0.0,0,0,6.30906481648375e-20,7.136749696662644e-24,4.532046624737215e-24,5.513052659282547e-24,4.7342776579324116e-21,1.07544532048024e-54,0.0,-7.798769450383142e-43,5.846547745611654e-54,5.844228081675437e-40,9.951074714648284e-43,-5.8463803869397e-40,0.0,0.0,79.99983892700783,-3.9047675266277255e-82,80.0,2.0134038635338777e-83,3.9047675266277255e-82,24.0,0.0,600.0199120344416,0.0,0.00015672623692353227,False,False,APPLY,APPLIED,RUNAWAY DIAGNOSTIC
6.50000000001023,FAULT,0.0,0.0,0,0,5.658385877118367e-20,6.400708324710246e-24,4.064638636921264e-24,4.9444696186003516e-24,4.246012779582192e-21,3.379489345841105e-55,0.0,-6.273085771472818e-43,1.8376315194912837e-54,4.700913940045892e-40,8.00433268359315e-43,-4.702645186958013e-40,0.0,0.0,79.99983892700783,-2.3683612239499527e-82,80.0,1.2211911736171526e-83,2.3683612239499527e-82,24.0,0.0,600.0199120344416,0.0,0.00015672623692353227,False,False,APPLY,APPLIED,RUNAWAY DIAGNOSTIC
6.5100000000102956,FAULT,0.0,0.0,0,0,5.074814043869434e-20,5.740577825945175e-24,3.645436293287936e-24,4.434526807598816e-24,3.808104599477349e-21,7.781071612979236e-56,0.0,-5.045873627446732e-43,4.2499709459235996e-55,3.781267870261353e-40,6.438434394963612e-43,-3.78266043102887e-40,0.0,0.0,79.99983892700783,-1.4364836956001685e-82,80.0,7.406898881692482e-84,1.4364836956001685e-82,24.0,0.0,600.0199120344416,0.0,0.00015672623692353227,False,False,APPLY,APPLIED,RUNAWAY DIAGNOSTIC
6.520000000010361,FAULT,0.0,0.0,0,0,4.5514282940649577e-20,5.148529210211177e-24,3.269467954090135e-24,3.977176426257125e-24,3.4153596311096164e-21,2.897678610967984e-55,0.0,-4.058742633491116e-43,1.5748609655744303e-54,3.0415333888310142e-40,5.1788748790037635e-43,-3.042653521076527e-40,0.0,0.0,79.99983892700783,-8.712714035588026e-83,80.0,4.49251126513766e-84,8.712714035588026e-83,24.0,0.0,600.0199120344416,0.0,0.00015672623692353227,False,False,APPLY,APPLIED,RUNAWAY DIAGNOSTIC
6.530000000010427,FAULT,0.0,0.0,0,0,4.082021397619449e-20,4.617540922208279e-24,2.932274724583937e-24,3.5669944081585384e-24,3.0631200128836137e-21,1.4800446155948268e-55,0.0,-3.2647253937014936e-43,8.09639179710846e-55,2.4465141515442384e-40,4.16572467265576e-43,-2.4474151508231933e-40,0.0,0.0,79.99983892700783,-5.284528191892659e-83,80.0,2.724845821410348e-84,5.284528191892659e-83,24.0,0.0,600.0199120344416,0.0,0.00015672623692353227,False,False,APPLY,APPLIED,RUNAWAY DIAGNOSTIC
6.540000000010492,FAULT,0.0,0.0,0,0,3.661026300766005e-20,4.141315567548038e-24,2.6298575735294538e-24,3.1991160924488975e-24,2.74720826698996e-21,-2.1744771134666294e-55,-0.0,-2.626042806535076e-43,-1.1854396047225469e-54,1.967899321995147e-40,3.3507783937251056e-43,-1.968624057582337e-40,0.0,0.0,79.99983892700783,-3.2052283704986293e-83,80.0,1.6527025336752126e-84,3.2052283704986293e-83,24.0,0.0,600.0199120344416,0.0,0.00015672623692353227,False,False,APPLY,APPLIED,RUNAWAY DIAGNOSTIC
6.550000000010558,FAULT,0.0,0.0,0,0,3.28345010212784e-20,3.7142052272158155e-24,2.358629905647564e-24,2.869178530182855e-24,2.463877755515396e-21,1.2967519236007047e-55,0.0,-2.1123065465515618e-43,7.049730411494439e-55,1.5829165504988378e-40,2.695261143290832e-43,-1.5834995050955775e-40,0.0,0.0,79.99983892700783,-1.9440692780881602e-83,80.0,1.002414758058756e-84,1.9440692780881602e-83,24.0,0.0,600.0199120344416,0.0,0.00015672623692353227,False,False,APPLY,APPLIED,RUNAWAY DIAGNOSTIC
6.560000000010623,FAULT,0.0,0.0,0,0,2.9448148380979425e-20,3.331144474414942e-24,2.1153750255543716e-24,2.573268740471162e-24,2.209768246211302e-21,-5.3225449671546345e-56,-0.0,-1.6990731969128458e-43,-2.8962410944387982e-55,1.2732484725401307e-40,2.1679836076704534e-43,-1.2737173829508888e-40,0.0,0.0,79.99983892700783,-1.1791376217658615e-83,80.0,6.079952845110503e-85,1.1791376217658615e-83,24.0,0.0,600.0199120344416,0.0,0.00015672623692353227,False,False,APPLY,APPLIED,RUNAWAY DIAGNOSTIC
6.570000000010689,FAULT,0.0,0.0,0,0,2.641104375261252e-20,2.9875903001650493e-24,1.8972079884492926e-24,2.3078773039753385e-24,1.98186606094113e-21,2.0051488677560278e-56,0.0,-1.3666812391599338e-43,1.077054592231095e-55,1.0241611740776762e-40,1.7438580802560323e-43,-1.0245383509187722e-40,0.0,0.0,79.99983892700783,-7.151831196216254e-84,80.0,3.6876778101665326e-85,7.151831196216254e-84,24.0,0.0,600.0199120344416,0.0,0.00015672623692353227,False,False,APPLY,APPLIED,RUNAWAY DIAGNOSTIC
6.580000000010754,FAULT,0.0,0.0,0,0,2.3687167800098617e-20,2.679468233852464e-24,1.7015413853032428e-24,2.069856741498011e-24,1.7774683341769452e-21,1.316727802642639e-56,0.0,-1.0993155638323838e-43,7.263005591097296e-56,8.238031563435095e-41,1.402704795975072e-43,-8.24106545575652e-41,0.0,0.0,79.99983892700783,-4.337804893594384e-84,80.0,2.2366896550079192e-85,4.337804893594384e-84,24.0,0.0,600.0199120344416,0.0,0.00015672623692353227,False,False,APPLY,APPLIED,RUNAWAY DIAGNOSTIC
6.59000000001082,FAULT,0.0,0.0,0,0,2.1244216004696336e-20,2.4031240213334553e-24,1.5260546569173346e-24,1.8563841859945893e-24,1.594150957659299e-21,-4.487245183945528e-56,-0.0,-8.842549925011755e-44,-2.4494534895494797e-55,6.626414450955067e-41,1.1282917841354902e-43,-6.628854818871411e-41,0.0,0.0,79.99983892700783,-2.631011663816462e-84,80.0,1.3566208520243606e-85,2.631011663816462e-84,24.0,0.0,600.0199120344416,0.0,0.00015672623692353227,False,False,APPLY,APPLIED,RUNAWAY DIAGNOSTIC
6.600000000010885,FAULT,0.0,0.0,0,0,1.9053215541130393e-20,2.155280286193339e-24,1.3686665725547158e-24,1.6649279039120484e-24,1.429739831051793e-21,-1.990260303703745e-56,-0.0,-7.112670078430921e-44,-1.083551420181182e-55,5.330080145689137e-41,9.07562556141932e-44,-5.332043101172123e-41,0.0,0.0,79.99983892700783,-1.5957892401662133e-84,80.0,8.228321403582407e-86,1.5957892401662133e-84,24.0,0.0,600.0199120344416,0.0,0.00015672623692353227,False,False,APPLY,APPLIED,RUNAWAY DIAGNOSTIC
6.610000000010951,FAULT,0.0,0.0,0,0,1.708818166679013e-20,1.932997660877604e-24,1.2275105471002214e-24,1.4932172694273275e-24,1.2822850776299482e-21,1.6952893795331269e-56,0.0,-5.721208935594695e-44,9.231469783790332e-56,4.287349451161226e-41,7.300148816930559e-44,-4.2889283910425615e-41,0.0,0.0,79.99983892700783,-9.678951006003251e-85,80.0,4.990729209242366e-86,9.678951006003251e-85,24.0,0.0,600.0199120344416,0.0,0.00015672623692353227,False,False,APPLY,APPLIED,RUNAWAY DIAGNOSTIC
6.620000000011016,FAULT,0.0,0.0,0,0,1.5325809548884974e-20,1.7336399265248142e-24,1.1009125038006187e-24,1.339215835411311e-24,1.1500379192085873e-21,3.2310984350328673e-56,0.0,-4.601961193775029e-44,1.760229655465247e-55,3.44860955444344e-41,5.872010958217348e-44,-3.449879604207882e-41,0.0,0.0,79.99983892700783,-5.870580538997342e-85,80.0,3.0270302797288466e-86,5.870580538997342e-85,24.0,0.0,600.0199120344416,0.0,0.00015672623692353227,False,False,APPLY,APPLIED,RUNAWAY DIAGNOSTIC
6.630000000011082,FAULT,0.0,0.0,0,0,1.374519787469025e-20,1.5548427479409057e-24,9.873710200551795e-25,1.2010971815717582e-24,1.031429936049914e-21,-4.255025590083042e-57,-0.0,-3.70167338182284e-44,-2.3261631108644948e-56,2.773953463433533e-41,4.723261615359737e-44,-2.774975051667071e-41,0.0,0.0,79.99983892700783,-3.5606870872141643e-85,80.0,1.835986672534034e-86,3.5606870872141643e-85,24.0,0.0,600.0199120344416,0.0,0.00015672623692353227,False,False,APPLY,APPLIED,RUNAWAY DIAGNOSTIC
6.640000000011147,FAULT,0.0,0.0,0,0,1.232760096696779e-20,1.394485633291562e-24,8.855395209682731e-25,1.0772232536757875e-24,9.250544657797294e-22,5.548907147886834e-57,0.0,-2.977510076424963e-44,3.0312929719989407e-56,2.2312812441699758e-41,3.7992436400196303e-44,-2.2321029777335702e-41,0.0,0.0,79.99983892700783,-2.1596658880382377e-85,80.0,1.1135822077156576e-86,2.1596658880382377e-85,24.0,0.0,600.0199120344416,0.0,0.00015672623692353227,False,False,APPLY,APPLIED,RUNAWAY DIAGNOSTIC
6.650000000011213,FAULT,0.0,0.0,0,0,1.1056206464703207e-20,1.2506667854621483e-24,7.942103092772799e-25,9.661249364838438e-25,8.296499207073723e-22,-2.884460926517807e-56,-0.0,-2.395015805227696e-44,-1.5659969026126449e-55,1.794772715625201e-41,3.0559925347536257e-44,-1.7954336923547265e-41,0.0,0.0,79.99983892700783,-1.309903575830688e-85,80.0,6.754217510900211e-87,1.309903575830688e-85,24.0,0.0,600.0199120344416,0.0,0.00015672623692353227,False,False,APPLY,APPLIED,RUNAWAY DIAGNOSTIC
6.660000000011278,FAULT,0.0,0.0,0,0,9.91593593252261e-21,1.1216805472257843e-24,7.123002422949097e-25,8.664846304761256e-25,7.440848256967915e-22,2.080256772775263e-57,0.0,-1.9264756659175798e-44,1.110621536639878e-56,1.4436589332560795e-41,2.458144635447327e-44,-1.4441906022256095e-41,0.0,0.0,79.99983892700783,-7.944966800085155e-86,80.0,4.096640002728878e-87,7.944966800085155e-86,24.0,0.0,600.0199120344416,0.0,0.00015672623692353227,False,False,APPLY,APPLIED,RUNAWAY DIAGNOSTIC
6.670000000011344,FAULT,0.0,0.0,0,0,8.893266034041537e-21,1.0059971725860508e-24,6.388378861960058e-25,7.771206253933476e-25,6.673443991414637e-22,1.5289831856168365e-56,0.0,-1.5495966595562314e-44,8.2909232546944e-56,1.1612340088667332e-41,1.9772545188059232e-44,-1.161661666725983e-41,0.0,0.0,79.99983892700783,-4.8188659546505646e-86,80.0,2.484737763460283e-87,4.8188659546505646e-86,24.0,0.0,600.0199120344416,0.0,0.00015672623692353227,False,False,APPLY,APPLIED,RUNAWAY DIAGNOSTIC
6.680000000011409,FAULT,0.0,0.0,0,0,7.976068148325482e-21,9.02244684333498e-25,5.729519949755573e-25,6.969730854642683e-25,5.985185178967184e-22,6.176128747127007e-57,0.0,-1.246446996345785e-44,3.3841379382536675e-56,9.340602494713168e-42,1.5904415776683079e-44,-9.344042440526393e-42,0.0,0.0,79.99983892700783,-2.9227899465409208e-86,80.0,1.5070696348844404e-87,2.9227899465409208e-86,24.0,0.0,600.0199120344416,0.0,0.00015672623692353227,False,False,APPLY,APPLIED,RUNAWAY DIAGNOSTIC
6.690000000011475,FAULT,0.0,0.0,0,0,7.153464527341966e-21,8.091926027087548e-25,5.138611776762231e-25,6.250914799897483e-25,5.367909234364422e-22,-2.2727521375499772e-57,-0.0,-1.0026029064452392e-44,-1.2413982027041299e-56,7.51328795902138e-42,1.279301368598496e-44,-7.516054943642914e-42,0.0,0.0,79.99983892700783,-1.7727617144768964e-86,80.0,9.140839398793264e-88,1.7727617144768964e-86,24.0,0.0,600.0199120344416,0.0,0.00015672623692353227,False,False,APPLY,APPLIED,RUNAWAY DIAGNOSTIC
6.70000000001154,FAULT,0.0,0.0,0,0,6.415699288462839e-21,7.257373522442032e-25,4.608646313134256e-25,5.606233102955735e-25,4.814295412217656e-22,-5.396025164740254e-57,-0.0,-8.064623613910152e-45,-2.9393479212685424e-56,6.043453405401316e-42,1.0290299339995645e-44,-6.0456790811274e-42,0.0,0.0,79.99983892700783,-1.075234332194958e-86,80.0,5.544199350877243e-88,1.075234332194958e-86,24.0,0.0,600.0199120344416,0.0,0.00015672623692353227,False,False,APPLY,APPLIED,RUNAWAY DIAGNOSTIC
6.710000000011606,FAULT,0.0,0.0,0,0,5.754022712023584e-21,6.508891735786634e-25,4.1333382948801484e-25,5.028039992707776e-25,4.317777984717407e-22,9.610766454360517e-58,0.0,-6.48693053012469e-45,5.275405626424836e-57,4.861164547726666e-42,8.277194342620813e-45,-4.862954811539162e-42,0.0,0.0,79.99983892700783,-6.521625888518731e-87,80.0,3.362726889865889e-88,6.521625888518731e-87,24.0,0.0,600.0199120344416,0.0,0.00015672623692353227,False,False,APPLY,APPLIED,RUNAWAY DIAGNOSTIC
6.720000000011671,FAULT,0.0,0.0,0,0,5.160587471738578e-21,5.837603851670696e-25,3.7070506823372844e-25,4.509478236739061e-25,3.872468373668524e-22,2.2456820210912812e-57,0.0,-5.2178836504552175e-45,1.217548496651727e-56,3.9101684376278864e-42,6.657915763366294e-45,-3.911608469740798e-42,0.0,0.0,79.99983892700783,-3.955566052562209e-87,80.0,2.039596958943746e-88,3.955566052562209e-87,24.0,0.0,600.0199120344416,0.0,0.00015672623692353227,False,False,APPLY,APPLIED,RUNAWAY DIAGNOSTIC
6.730000000011737,FAULT,0.0,0.0,0,0,4.628355567282799e-21,5.235548556165883e-25,3.32472780625682e-25,4.0443978165202037e-25,3.47308531335809e-22,1.191610191096692e-57,0.0,-4.1971021060961883e-45,6.528798691077044e-57,3.145216966122139e-42,5.35541881429942e-45,-3.1463752828303416e-42,0.0,0.0,79.99983892700783,-2.399172087397427e-87,80.0,1.2370780890560171e-88,2.399172087397427e-87,24.0,0.0,600.0199120344416,0.0,0.00015672623692353227,False,False,APPLY,APPLIED,RUNAWAY DIAGNOSTIC
6.740000000011802,FAULT,0.0,0.0,0,0,4.151014855287774e-21,4.695585616994283e-25,2.9818354084737704e-25,3.6272829891387906e-25,3.1148922160044972e-22,-1.6249800027008048e-57,-0.0,-3.376017417949289e-45,-8.788920052305237e-57,2.5299139721928695e-42,4.307731082204945e-45,-2.530845685857126e-42,0.0,0.0,79.99983892700783,-1.4551714289332808e-87,80.0,7.503257894711816e-89,1.4551714289332808e-87,24.0,0.0,600.0199120344416,0.0,0.00015672623692353227,False,False,APPLY,APPLIED,RUNAWAY DIAGNOSTIC
6.750000000011868,FAULT,0.0,0.0,0,0,3.722904188827067e-21,4.211311202653419e-25,2.6743068670098916e-25,3.2531868723849735e-25,2.7936409969567086e-22,-8.181563484647361e-58,-0.0,-2.715562623503924e-45,-4.4644689480285563e-57,2.0349835243920126e-42,3.465003899796531e-45,-2.0357329656683063e-42,0.0,0.0,79.99983892700783,-8.82606086785868e-88,80.0,4.550955960873529e-89,8.82606086785868e-88,24.0,0.0,600.0199120344416,0.0,0.00015672623692353227,False,False,APPLY,APPLIED,RUNAWAY DIAGNOSTIC
6.760000000011933,FAULT,0.0,0.0,0,0,3.3389462775663332e-21,3.776981934182479e-25,2.3984949667703486e-25,2.917672775606977e-25,2.5055216934241457e-22,2.2391989032217282e-57,0.0,-2.1843134822254423e-45,1.2172451246569313e-56,1.6368769808238e-42,2.787140561118519e-45,-1.6374798079026938e-42,0.0,0.0,79.99983892700783,-5.353276520846115e-88,80.0,2.7602943212717285e-89,5.353276520846115e-88,24.0,0.0,600.0199120344416,0.0,0.00015672623692353227,False,False,APPLY,APPLIED,RUNAWAY DIAGNOSTIC
6.770000000011999,FAULT,0.0,0.0,0,0,2.9945874723108896e-21,3.3874467700240043e-25,2.1511286444449575e-25,2.6167615815726237e-25,2.247117279227229e-22,-3.6740828052412756e-58,-0.0,-1.7569933196484163e-45,-1.9932706873444103e-57,1.3166525518437883e-42,2.2418885323303312e-45,-1.3171374470564704e-42,0.0,0.0,79.99983892700783,-3.246926339812905e-88,80.0,1.6742031356819564e-89,3.246926339812905e-88,24.0,0.0,600.0199120344416,0.0,0.00015672623692353227,False,False,APPLY,APPLIED,RUNAWAY DIAGNOSTIC
6.780000000012064,FAULT,0.0,0.0,0,0,2.6857437598119302e-21,3.0380859161660994e-25,1.929274194476798e-25,2.346884555433587e-25,2.0153631396823726e-22,-9.913117485712224e-58,-0.0,-1.413270370960144e-45,-5.392553889030572e-57,1.0590740554029194e-42,1.8033048858421813e-45,-1.0594640899178016e-42,0.0,0.0,79.99983892700783,-1.9693603749250238e-88,80.0,1.0154555323781244e-89,1.9693603749250238e-88,24.0,0.0,600.0199120344416,0.0,0.00015672623692353227,False,False,APPLY,APPLIED,RUNAWAY DIAGNOSTIC
6.79000000001213,FAULT,0.0,0.0,0,0,2.408752327345499e-21,2.7247560361695405e-25,1.7303004759686632e-25,2.104841020007203e-25,1.8075107260032215e-22,8.607888648487708e-58,0.0,-1.13679040156755e-45,4.6893142687867767e-57,8.518859840865855e-43,1.4505219436230896e-45,-8.52199715628641e-43,0.0,0.0,79.99983892700783,-1.1944774474151782e-88,80.0,6.1590491396213914e-90,1.1944774474151782e-88,24.0,0.0,600.0199120344416,0.0,0.00015672623692353227,False,False,APPLY,APPLIED,RUNAWAY DIAGNOSTIC
6.800000000012195,FAULT,0.0,0.0,0,0,2.1603281226271248e-21,2.443741112541744e-25,1.5518477082204974e-25,1.8877603967711446e-25,1.6210949581679825e-22,2.2526464502987313e-58,0.0,-9.14398577704671e-46,1.2227058205632544e-57,6.852303917567939e-43,1.1667543993534093e-45,-6.854827475784425e-43,0.0,0.0,79.99983892700783,-7.24487194192582e-89,80.0,3.735652137857046e-90,7.24487194192582e-89,24.0,0.0,600.0199120344416,0.0,0.00015672623692353227,False,False,APPLY,APPLIED,RUNAWAY DIAGNOSTIC
6.810000000012261,FAULT,0.0,0.0,0,0,1.937524893876256e-21,2.1917083753026566e-25,1.3917994839359432e-25,1.693068161323534e-25,1.4539049896586729e-22,-7.491683900328224e-59,-0.0,-7.355135632354332e-46,-3.98759150851696e-58,5.5117785543874264e-43,9.385006785975494e-46,-5.513808425541048e-43,0.0,0.0,79.99983892700783,-4.3942369584697586e-89,80.0,2.2657875556313145e-90,4.3942369584697586e-89,24.0,0.0,600.0199120344416,0.0,0.00015672623692353227,False,False,APPLY,APPLIED,RUNAWAY DIAGNOSTIC
6.820000000012326,FAULT,0.0,0.0,0,0,1.7377002479718688e-21,1.9656687763067606e-25,1.248257669350792e-25,1.5184553101933052e-25,1.3039579873490309e-22,-2.585954551792454e-59,-0.0,-5.916240629476431e-46,-1.4159304449408429e-58,4.4335019575995155e-43,7.549005379503736e-46,-4.435134722349543e-43,0.0,0.0,79.99983892700783,-2.665239441354265e-89,80.0,1.374269620885719e-90,2.665239441354265e-89,24.0,0.0,600.0199120344416,0.0,0.00015672623692353227,False,False,APPLY,APPLIED,RUNAWAY DIAGNOSTIC
6.830000000012392,FAULT,0.0,0.0,0,0,1.558484312302498e-21,1.7629415399174977e-25,1.1195198928390604e-25,1.3618509766873529e-25,1.1694756155768546e-22,3.404183826217478e-58,0.0,-4.758838577011956e-46,1.8523193913008555e-57,3.566170050934407e-43,6.072183379232476e-46,-3.567483395736628e-43,0.0,0.0,79.99983892700783,-1.6165494366567146e-89,80.0,8.335366597788363e-91,1.6165494366567146e-89,24.0,0.0,600.0199120344416,0.0,0.00015672623692353227,False,False,APPLY,APPLIED,RUNAWAY DIAGNOSTIC
6.8400000000124574,FAULT,0.0,0.0,0,0,1.3977516286412077e-21,1.5811223694432762e-25,1.0040593550759173e-25,1.2213978707360074e-25,1.0488629455074445e-22,2.2216164541964276e-58,0.0,-3.827860633151491e-46,1.210804303844345e-57,2.8685154430533963e-43,4.884274038422872e-46,-2.869571856458668e-43,0.0,0.0,79.99983892700783,-9.804867962734706e-90,80.0,5.055655401503161e-91,9.804867962734706e-90,24.0,0.0,600.0199120344416,0.0,0.00015672623692353227,False,False,APPLY,APPLIED,RUNAWAY DIAGNOSTIC
6.850000000012523,FAULT,0.0,0.0,0,0,1.2535959457190067e-21,1.4180549329497435e-25,9.00506721656729e-26,1.095430252053572e-25,9.406895396582599e-23,-7.168621896254886e-60,-0.0,-3.079011147336586e-46,-3.932167778698509e-59,2.3073439374771018e-43,3.928756987807827e-46,-2.3081936833175735e-43,0.0,0.0,79.99983892700783,-5.946953033832678e-90,80.0,3.066410005953416e-91,5.946953033832678e-90,24.0,0.0,600.0199120344416,0.0,0.00015672623692353227,False,False,APPLY,APPLIED,RUNAWAY DIAGNOSTIC
6.8600000000125885,FAULT,0.0,0.0,0,0,1.124307611539639e-21,1.271805289524569e-25,8.076338830365178e-26,9.824541747247193e-26,8.43672487251757e-23,-6.727146364164824e-59,-0.0,-2.476660086113529e-46,-3.64411023556314e-58,1.855955162697413e-43,3.16016901341492e-46,-1.8566386716247146e-43,0.0,0.0,79.99983892700783,-3.6070093468905377e-90,80.0,1.8598716838603234e-91,3.6070093468905377e-90,24.0,0.0,600.0199120344416,0.0,0.00015672623692353227,False,False,APPLY,APPLIED,RUNAWAY DIAGNOSTIC
6.870000000012654,FAULT,0.0,0.0,0,0,1.0083532973145536e-21,1.1406389533199845e-25,7.24339389526798e-26,8.81129769449912e-26,7.566611891997298e-23,-8.136714019070589e-60,-0.0,-1.9921477671431817e-46,-4.521409537820986e-59,1.4928721765293426e-43,2.5419409305128324e-46,-1.493421969692712e-43,0.0,0.0,79.99983892700783,-2.1877617587591246e-90,80.0,1.1280691993926337e-91,2.1877617587591246e-90,24.0,0.0,600.0199120344416,0.0,0.00015672623692353227,False,False,APPLY,APPLIED,RUNAWAY DIAGNOSTIC
6.8800000000127195,FAULT,0.0,0.0,0,0,9.043578125498684e-22,1.0230003228796583e-25,6.496353883082705e-26,7.902553529520999e-26,6.786237122727244e-23,1.984087485795215e-59,0.0,-1.6024212399447185e-46,1.0692404297343757e-58,1.200819599659036e-43,2.0446576327999573e-46,-1.201261836051891e-43,0.0,0.0,79.99983892700783,-1.3269445828342275e-90,80.0,6.842085557091083e-92,1.3269445828342275e-90,24.0,0.0,600.0199120344416,0.0,0.00015672623692353227,False,False,APPLY,APPLIED,RUNAWAY DIAGNOSTIC
6.890000000012785,FAULT,0.0,0.0,0,0,8.110877956150048e-22,9.174942321326578e-26,5.826359077591008e-26,7.08753176350148e-26,6.086345506182038e-23,1.2227951548646066e-58,0.0,-1.2889374335522192e-46,6.644940575430813e-58,9.659016582903948e-44,1.64465853048902e-46,-9.662573793873317e-44,0.0,0.0,79.99983892700783,-8.048325732285394e-91,80.0,4.1499346667526856e-92,8.048325732285394e-91,24.0,0.0,600.0199120344416,0.0,0.00015672623692353227,False,False,APPLY,APPLIED,RUNAWAY DIAGNOSTIC
6.9000000000128505,FAULT,0.0,0.0,0,0,7.274370863682309e-22,8.228694040162047e-26,5.225463500335086e-26,6.356566432694949e-26,5.458636494820158e-23,4.7263770649538585e-59,0.0,-1.036780882702785e-46,2.5724632491392786e-58,7.769410274058237e-44,1.3229117865597524e-46,-7.772271583096808e-44,0.0,0.0,79.99983892700783,-4.88155631598517e-91,80.0,2.517062611189806e-92,4.88155631598517e-91,24.0,0.0,600.0199120344416,0.0,0.00015672623692353227,False,False,APPLY,APPLIED,RUNAWAY DIAGNOSTIC
6.910000000012916,FAULT,0.0,0.0,0,0,6.524136073612438e-22,7.380036106529507e-26,4.686540673125779e-26,5.700988462785816e-26,4.895665609571013e-23,5.040095430365369e-60,0.0,-8.339540545248718e-47,2.705553126663848e-59,6.249470170025745e-44,1.0641087876752781e-46,-6.251771717357248e-44,0.0,0.0,79.99983892700783,-2.960813572758824e-91,80.0,1.5266756461029395e-92,2.960813572758824e-91,24.0,0.0,600.0199120344416,0.0,0.00015672623692353227,False,False,APPLY,APPLIED,RUNAWAY DIAGNOSTIC
6.9200000000129815,FAULT,0.0,0.0,0,0,5.851275980376644e-22,6.618903639786083e-26,4.2031990997858134e-26,5.113022855447958e-26,4.3907561500898156e-23,5.349347080709274e-60,0.0,-6.70806509508834e-47,2.9637110260813687e-59,5.026877977656408e-44,8.559357649633165e-47,-5.028729270210953e-44,0.0,0.0,79.99983892700783,-1.795824209571508e-91,80.0,9.25975586798016e-93,1.795824209571508e-91,24.0,0.0,600.0199120344416,0.0,0.00015672623692353227,False,False,APPLY,APPLIED,RUNAWAY DIAGNOSTIC
6.930000000013047,FAULT,0.0,0.0,0,0,5.247810623847297e-22,5.936269790663765e-26,3.769706464732689e-26,4.585696478976753e-26,3.9379200106848904e-23,-4.10249547469485e-59,-0.0,-5.395757365315669e-47,-2.235253608770178e-58,4.043463128033982e-44,6.884879085941141e-47,-4.044952249754608e-44,0.0,0.0,79.99983892700783,-1.089222442559313e-91,80.0,5.616325835383872e-93,1.089222442559313e-91,24.0,0.0,600.0199120344416,0.0,0.00015672623692353227,False,False,APPLY,APPLIED,RUNAWAY DIAGNOSTIC
6.940000000013113,FAULT,0.0,0.0,0,0,4.706583048915216e-22,5.324038684586521e-26,3.380921648651475e-26,4.1127553684426174e-26,3.5317866628132526e-23,5.81987905010136e-59,0.0,-4.340178148667962e-47,3.1742118104510506e-58,3.252435038296482e-44,5.537980999084015e-47,-3.2536328411468986e-44,0.0,0.0,79.99983892700783,-6.60646806659299e-92,80.0,3.4064738140964507e-93,6.60646806659299e-92,24.0,0.0,600.0199120344416,0.0,0.00015672623692353227,False,False,APPLY,APPLIED,RUNAWAY DIAGNOSTIC
6.950000000013178,FAULT,0.0,0.0,0,0,4.2211744257063844e-22,4.7749494066428634e-26,3.0322337565119e-26,3.6885905549232167e-26,3.167539461893787e-23,-3.2624567802713652e-59,-0.0,-3.4911033033125164e-47,-1.772319612865539e-58,2.61615682977225e-44,4.454578383059406e-47,-2.617120304851996e-44,0.0,0.0,79.99983892700783,-4.007025434801041e-92,80.0,2.0661308097577046e-93,4.007025434801041e-92,24.0,0.0,600.0199120344416,0.0,0.00015672623692353227,False,False,APPLY,APPLIED,RUNAWAY DIAGNOSTIC
6.960000000013244,FAULT,0.0,0.0,0,0,3.7858279237940816e-22,4.2824898891507583e-26,2.719507433047357e-26,3.308171545170935e-26,2.840858523051993e-23,-2.1273414190348457e-59,-0.0,-2.80813410349131e-47,-1.1618746307894903e-58,2.104354576609398e-44,3.5831232671447523e-47,-2.105129565773051e-44,0.0,0.0,79.99983892700783,-2.430383780455149e-92,80.0,1.2531716830949236e-93,2.430383780455149e-92,24.0,0.0,600.0199120344416,0.0,0.00015672623692353227,False,False,APPLY,APPLIED,RUNAWAY DIAGNOSTIC
6.970000000013309,FAULT,0.0,0.0,0,0,3.3953804375618045e-22,3.840819679686463e-26,2.4390338186895094e-26,2.966986660427663e-26,2.5478694883163434e-23,4.3846733622820447e-60,0.0,-2.2587750799725693e-47,2.408562153393268e-59,1.6926768814859202e-44,2.8821520789443483e-47,-1.6933002584848923e-44,0.0,0.0,79.99983892700783,-1.4741022777143269e-92,80.0,7.600870476807455e-94,1.4741022777143269e-92,24.0,0.0,600.0199120344416,0.0,0.00015672623692353227,False,False,APPLY,APPLIED,RUNAWAY DIAGNOSTIC
6.980000000013375,FAULT,0.0,0.0,0,0,3.0452013530035666e-22,3.444700675042534e-26,2.1874865633878463e-26,2.660989529411215e-26,2.2850975776573616e-23,-2.1841894840151604e-60,-0.0,-1.816887895636633e-47,-1.2060130682534605e-59,1.3615362434468393e-44,2.318312820083689e-47,-1.3620376683712863e-44,0.0,0.0,79.99983892700783,-8.940882269859557e-93,80.0,4.6101609846882507e-94,8.940882269859557e-93,24.0,0.0,600.0199120344416,0.0,0.00015672623692353227,False,False,APPLY,APPLIED,RUNAWAY DIAGNOSTIC
6.99000000001344,FAULT,0.0,0.0,0,0,2.7311376297481107e-22,3.089434998281993e-26,1.9618823766491014e-26,2.3865510991393692e-26,2.0494263789257414e-23,-3.1916502307047836e-61,-0.0,-1.461447691071823e-47,-1.7237873862942508e-60,1.0951770904981793e-44,1.8647781881565322e-47,-1.0955804209952642e-44,0.0,0.0,79.99983892700783,-5.422919221550845e-93,80.0,2.796203983424377e-94,5.422919221550845e-93,24.0,0.0,600.0199120344416,0.0,0.00015672623692353227,False,False,APPLY,APPLIED,RUNAWAY DIAGNOSTIC
7.000000000013506,FAULT,0.0,0.0,0,0,2.449464546988974e-22,2.770809283329612e-26,1.7595456467108923e-26,2.1404165953678982e-26,1.838060887947985e-23,-1.41009181024533e-60,-0.0,-1.175542728248851e-47,-7.557864209289071e-60,8.809261342288396e-45,1.499969141738975e-47,-8.812505606423296e-45,0.0,0.0,79.99983892700783,-3.2891667730155162e-93,80.0,1.6959834467574614e-94,3.2891667730155162e-93,24.0,0.0,600.0199120344416,0.0,0.00015672623692353227,False,False,APPLY,APPLIED,RUNAWAY DIAGNOSTIC
7.010000000013571,FAULT,0.0,0.0,0,0,2.1968415291872533e-22,2.4850447051994455e-26,1.5780767082073006e-26,1.9196669215917147e-26,1.6484943604439418e-23,1.7024793322727658e-60,0.0,-9.455697349776406e-48,9.325407171755783e-60,7.085893785582733e-45,1.2065281760904475e-47,-7.08850336999386e-45,0.0,0.0,79.99983892700783,-1.994980492741948e-93,80.0,1.0286659588234953e-94,1.994980492741948e-93,24.0,0.0,600.0199120344416,0.0,0.00015672623692353227,False,False,APPLY,APPLIED,RUNAWAY DIAGNOSTIC
7.020000000013637,FAULT,0.0,0.0,0,0,1.9702725276402116e-22,2.2287521642073564e-26,1.4153233828512653e-26,1.7216840393676842e-26,1.478478582637891e-23,2.3131772762735615e-60,0.0,-7.605866653911878e-48,1.2577905000575395e-59,5.699670924681248e-45,9.704934582934372e-48,-5.701769992610271e-45,0.0,0.0,79.99983892700783,-1.2100168343765941e-93,80.0,6.23917442629136e-95,1.2100168343765941e-93,24.0,0.0,600.0199120344416,0.0,0.00015672623692353227,False,False,APPLY,APPLIED,RUNAWAY DIAGNOSTIC
7.030000000013702,FAULT,0.0,0.0,0,0,1.7670704880614136e-22,1.9988920919980053e-26,1.2693554550488773e-26,1.5441199189796823e-26,1.3259972079796993e-23,6.032657631261895e-60,0.0,-6.117920806630647e-48,3.2774293914928793e-59,4.5846366926575793e-45,7.806345274444008e-48,-4.586325117125392e-45,0.0,0.0,79.99983892700783,-7.339123088178203e-94,80.0,3.78425058084065e-95,7.339123088178203e-94,24.0,0.0,600.0199120344416,0.0,0.00015672623692353227,False,False,APPLY,APPLIED,RUNAWAY DIAGNOSTIC
7.040000000013768,FAULT,0.0,0.0,0,0,1.5848254827554692e-22,1.7927384029439923e-26,1.1384417800109926e-26,1.384868692301035e-26,1.1892418437559412e-23,9.902832646375437e-61,0.0,-4.921063791808542e-48,5.458963914766325e-60,3.6877380960090286e-45,6.279179526977767e-48,-3.689096211744197e-45,0.0,0.0,79.99983892700783,-4.4514031683848984e-94,80.0,2.2952640013151715e-95,4.4514031683848984e-94,24.0,0.0,600.0199120344416,0.0,0.00015672623692353227,False,False,APPLY,APPLIED,RUNAWAY DIAGNOSTIC
7.050000000013833,FAULT,0.0,0.0,0,0,1.421376129452791e-22,1.6078461635253746e-26,1.0210297528075205e-26,1.2420416778212712e-26,1.0665906039838989e-23,-5.283585526286015e-60,-0.0,-3.958349512636342e-48,-2.875493403496162e-59,2.966300969177428e-45,5.050775253445492e-48,-2.967393394918238e-45,0.0,0.0,79.99983892700783,-2.6999125003673706e-94,80.0,1.392147988932335e-95,2.6999125003673706e-94,24.0,0.0,600.0199120344416,0.0,0.00015672623692353227,False,False,APPLY,APPLIED,RUNAWAY DIAGNOSTIC
7.060000000013899,FAULT,0.0,0.0,0,0,1.2747839578310188e-22,1.44202259589258e-26,9.157268947845506e-27,1.1139449812414525e-26,9.565888742308676e-24,-7.375777202196381e-61,-0.0,-3.1839723131226946e-48,-4.033033497521068e-60,2.385999550582364e-45,4.062685347858293e-48,-2.3868782636170998e-45,0.0,0.0,79.99983892700783,-1.6375797100141884e-94,80.0,8.443804381447356e-96,1.6375797100141884e-94,24.0,0.0,600.0199120344416,0.0,0.00015672623692353227,False,False,APPLY,APPLIED,RUNAWAY DIAGNOSTIC
7.070000000013964,FAULT,0.0,0.0,0,0,1.1433104197189627e-22,1.293301072092935e-26,8.212843391915935e-27,9.990594062794076e-27,8.579320602341375e-24,1.3577474930468292e-61,0.0,-2.5610875589146212e-48,7.139907299391708e-61,1.91922327320606e-45,3.267896789594878e-48,-1.919930082436741e-45,0.0,0.0,79.99983892700783,-9.932423018469164e-95,80.0,5.1214262419636254e-96,9.932423018469164e-95,24.0,0.0,600.0199120344416,0.0,0.00015672623692353227,False,False,APPLY,APPLIED,RUNAWAY DIAGNOSTIC
7.08000000001403,FAULT,0.0,0.0,0,0,1.0253962703311532e-22,1.1599177903689955e-26,7.365820198697242e-27,8.960224374529522e-27,7.69450115724376e-24,-5.9280829436778424e-61,-0.0,-2.060058580737372e-48,-3.234608179186601e-60,1.5437630621166234e-45,2.6285937780225988e-48,-1.5443315973139084e-45,0.0,0.0,79.99983892700783,-6.024319085936983e-95,80.0,3.106302037207758e-96,6.024319085936983e-95,24.0,0.0,600.0199120344416,0.0,0.00015672623692353227,False,False,APPLY,APPLIED,RUNAWAY DIAGNOSTIC
7.090000000014095,FAULT,0.0,0.0,0,0,9.19643075996475e-23,1.0402908568108469e-26,6.606153875040417e-27,8.036120808929709e-27,6.900936659561122e-24,9.220718537358781e-61,0.0,-1.657046570414462e-48,5.013773716574123e-60,1.2417546333598495e-45,2.1143584680706462e-48,-1.2422119452575056e-45,0.0,0.0,79.99983892700783,-3.6539342295127276e-95,80.0,1.884067423894298e-96,3.6539342295127276e-95,24.0,0.0,600.0199120344416,0.0,0.00015672623692353227,False,False,APPLY,APPLIED,RUNAWAY DIAGNOSTIC
7.100000000014161,FAULT,0.0,0.0,0,0,8.247966290681004e-23,9.330015245472413e-27,5.924834959814394e-27,7.20732371825415e-27,6.189215623736888e-24,6.778411035310632e-61,0.0,-1.3328763376902762e-48,3.691307005486664e-60,9.988285167002664e-46,1.7007236983052544e-48,-9.991963640608809e-46,0.0,0.0,79.99983892700783,-2.2162231387729008e-95,80.0,1.1427446575576766e-96,2.2162231387729008e-95,24.0,0.0,600.0199120344416,0.0,0.00015672623692353227,False,False,APPLY,APPLIED,RUNAWAY DIAGNOSTIC
7.110000000014226,FAULT,0.0,0.0,0,0,7.397320733209445e-23,8.367773677071965e-27,5.313783173305464e-27,6.464003766845608e-27,5.550897208139994e-24,-5.661981527062606e-61,-0.0,-1.0721239603662239e-48,-3.0927443970649495e-60,8.034263605478202e-46,1.3680088507492585e-48,-8.037222454382033e-46,0.0,0.0,79.99983892700783,-1.3442072824303167e-95,80.0,6.931096710315377e-97,1.3442072824303167e-95,24.0,0.0,600.0199120344416,0.0,0.00015672623692353227,False,False,APPLY,APPLIED,RUNAWAY DIAGNOSTIC
7.120000000014292,FAULT,0.0,0.0,0,0,6.634405634246871e-23,7.504771907485972e-27,4.7657515869886176e-27,5.797345357532713e-27,4.978411108697584e-24,9.329039226418536e-61,0.0,-8.623829187201708e-49,5.074393421063053e-60,6.462509890642215e-46,1.1003834529931658e-48,-6.4648898959849476e-46,0.0,0.0,79.99983892700783,-8.153029298029766e-96,80.0,4.2039226602395996e-97,8.153029298029766e-96,24.0,0.0,600.0199120344416,0.0,0.00015672623692353227,False,False,APPLY,APPLIED,RUNAWAY DIAGNOSTIC
7.130000000014357,FAULT,0.0,0.0,0,0,5.95017300279061e-23,6.730774941704065e-27,4.274240677236571e-27,5.199442080543605e-27,4.4649677768953665e-24,-1.3044061412350236e-61,-0.0,-6.936737970556524e-49,-7.100025914859517e-61,5.198240453321968e-46,8.851139690784558e-49,-5.200154855042197e-46,0.0,0.0,79.99983892700783,-4.945062238790364e-96,80.0,2.549807984495983e-97,4.945062238790364e-96,24.0,0.0,600.0199120344416,0.0,0.00015672623692353227,False,False,APPLY,APPLIED,RUNAWAY DIAGNOSTIC
7.140000000014423,FAULT,0.0,0.0,0,0,5.336508003125606e-23,6.0366033604169876e-27,3.833421241837769e-27,4.663202945790012e-27,4.004477897352562e-24,-5.029185023025491e-61,-0.0,-5.579694660881788e-49,-2.7313051063903485e-60,4.1813017338171586e-46,7.11957941685591e-49,-4.182841618573133e-46,0.0,0.0,79.99983892700783,-2.9993318620135164e-96,80.0,1.546536718976871e-97,2.9993318620135164e-96,24.0,0.0,600.0199120344416,0.0,0.00015672623692353227,False,False,APPLY,APPLIED,RUNAWAY DIAGNOSTIC
7.150000000014488,FAULT,0.0,0.0,0,0,4.786132714807695e-23,5.414024454304296e-27,3.438065267462718e-27,4.182268285090214e-27,3.5914801699947405e-24,-2.0222710628144643e-61,-0.0,-4.48813154549756e-49,-1.1004128593528658e-60,3.363308093616458e-46,5.72676659093812e-49,-3.3645467286618986e-46,0.0,0.0,79.99983892700783,-1.8191867329641604e-96,80.0,9.380219364308432e-98,1.8191867329641604e-96,24.0,0.0,600.0199120344416,0.0,0.00015672623692353227,False,False,APPLY,APPLIED,RUNAWAY DIAGNOSTIC
7.160000000014554,FAULT,0.0,0.0,0,0,4.2925198182661995e-23,4.855654586206486e-27,3.0834839266847653e-27,3.7509343281940824e-27,3.2210765403382645e-24,1.868460669522679e-61,0.0,-3.610112379648135e-49,1.016519518319078e-60,2.705339641265133e-46,4.606431597552022e-49,-2.7063359604830366e-46,0.0,0.0,79.99983892700783,-1.1033925292852089e-96,80.0,5.689390639283143e-98,1.1033925292852089e-96,24.0,0.0,600.0199120344416,0.0,0.00015672623692353227,False,False,APPLY,APPLIED,RUNAWAY DIAGNOSTIC
7.170000000014619,FAULT,0.0,0.0,0,0,3.8498151823498216e-23,4.35487162261898e-27,2.76547196939136e-27,3.364085557176384e-27,2.8888741097330723e-24,-1.0777766127929427e-61,-0.0,-2.9038612753182046e-49,-5.8807950163039586e-61,2.176090435631389e-46,3.705269234562798e-49,-2.1768918435906333e-46,0.0,0.0,79.99983892700783,-6.692413987093408e-97,80.0,3.450789857807244e-98,6.692413987093408e-97,24.0,0.0,600.0199120344416,0.0,0.00015672623692353227,False,False,APPLY,APPLIED,RUNAWAY DIAGNOSTIC
7.180000000014685,FAULT,0.0,0.0,0,0,3.4527684357292953e-23,3.90573639721973e-27,2.4802578497027625e-27,3.017134038049153e-27,2.5909330366330333e-24,-4.3221895591500246e-61,-0.0,-2.335775017395915e-49,-2.3529874440476595e-60,1.7503789586404666e-46,2.9804024676921324e-49,-1.7510235860907628e-46,0.0,0.0,79.99983892700783,-4.059154270661773e-97,80.0,2.0930098489854675e-98,4.059154270661773e-97,24.0,0.0,600.0199120344416,0.0,0.00015672623692353227,False,False,APPLY,APPLIED,RUNAWAY DIAGNOSTIC
7.19000000001475,FAULT,0.0,0.0,0,0,3.096670698745536e-23,3.502922273360401e-27,2.2244589961345346e-27,2.7059650085913044e-27,2.3237198110154867e-24,-1.0301860141971628e-61,-0.0,-1.878824232493e-49,-5.601482891062434e-61,1.4079499862156658e-46,2.3973423541172924e-49,-1.4084685043372904e-46,0.0,0.0,79.99983892700783,-2.4620015176598106e-97,80.0,1.2694746444901805e-98,2.4620015176598106e-97,24.0,0.0,600.0199120344416,0.0,0.00015672623692353227,False,False,APPLY,APPLIED,RUNAWAY DIAGNOSTIC
7.200000000014816,FAULT,0.0,0.0,0,0,2.7772987372212975e-23,3.1416519717055155e-27,1.9950416954125223e-27,2.4268880783601627e-27,2.084065347795644e-24,5.060217725364602e-62,0.0,-1.5112673396781211e-49,2.758082607433391e-61,1.1325108508071007e-46,1.9283470689427538e-49,-1.1329279305363654e-46,0.0,0.0,79.99983892700783,-1.4932794047196927e-97,80.0,7.699752936110813e-99,1.4932794047196927e-97,24.0,0.0,600.0199120344416,0.0,0.00015672623692353227,False,False,APPLY,APPLIED,RUNAWAY DIAGNOSTIC
7.210000000014881,FAULT,0.0,0.0,0,0,2.4908648759121168e-23,2.8176409126495863e-27,1.7892851130811832e-27,2.1765934615225807e-27,1.8691274022337953e-24,-2.013030688451872e-62,-0.0,-1.215616092481061e-49,-1.0946015718924608e-61,9.10956241168146e-47,1.5511019575131717e-49,-9.112917270331783e-47,0.0,0.0,79.99983892700783,-9.057197424799134e-98,80.0,4.670136227963524e-99,9.057197424799134e-98,24.0,0.0,600.0199120344416,0.0,0.00015672623692353227,False,False,APPLY,APPLIED,RUNAWAY DIAGNOSTIC
7.220000000014947,FAULT,0.0,0.0,0,0,2.233972077580606e-23,2.527046402387408e-27,1.6047490251713628e-27,1.9521127236998127e-27,1.6763568615909966e-24,-1.6844988812731855e-62,-0.0,-9.778034934681613e-50,-9.169869772080238e-62,7.327446555870184e-47,1.2476578108524526e-49,-7.330145099044026e-47,0.0,0.0,79.99983892700783,-5.493467929210918e-98,80.0,2.832580807294552e-99,5.493467929210918e-98,24.0,0.0,600.0199120344416,0.0,0.00015672623692353227,False,False,APPLY,APPLIED,RUNAWAY DIAGNOSTIC
7.230000000015012,FAULT,0.0,0.0,0,0,2.0035736549469644e-23,2.266422059375299e-27,1.4392448777182175e-27,1.750783576912019e-27,1.5034675132603463e-24,4.256269547440008e-62,0.0,-7.865144906797575e-50,2.310983800124291e-61,5.89396840404587e-47,1.0035768476993844e-49,-5.896139027616069e-47,0.0,0.0,79.99983892700783,-3.331956727214455e-98,80.0,1.7180471057376892e-99,3.331956727214455e-98,24.0,0.0,600.0199120344416,0.0,0.00015672623692353227,False,False,APPLY,APPLIED,RUNAWAY DIAGNOSTIC
7.240000000015078,FAULT,0.0,0.0,0,0,1.7969371377036252e-23,2.032676941088026e-27,1.2908098310283842e-27,1.5702183055076923e-27,1.3484089308310748e-24,8.48407464687964e-62,0.0,-6.326476108726323e-50,4.618086286932503e-61,4.740923496748041e-47,8.072457692146244e-50,-4.74266947833146e-47,0.0,0.0,79.99983892700783,-2.0209339118913045e-98,80.0,1.0420482444604478e-99,2.0209339118913045e-98,24.0,0.0,600.0199120344416,0.0,0.00015672623692353227,False,False,APPLY,APPLIED,RUNAWAY DIAGNOSTIC
7.250000000015143,FAULT,0.0,0.0,0,0,1.6116118660702325e-23,1.8230388862295652e-27,1.1576834809090658e-27,1.4082754484600672e-27,1.2093421565206463e-24,-3.058003082048135e-62,-0.0,-5.0888191417644555e-50,-1.6608104071124354e-61,3.8134503039733036e-47,6.493232017145942e-50,-3.8148547168486856e-47,0.0,0.0,79.99983892700783,-1.225758378815052e-98,80.0,6.320342091649797e-100,1.225758378815052e-98,24.0,0.0,600.0199120344416,0.0,0.00015672623692353227,False,False,APPLY,APPLIED,RUNAWAY DIAGNOSTIC
7.260000000015209,FAULT,0.0,0.0,0,0,1.4453999265536907e-23,1.635021637494548e-27,1.0382869805705556e-27,1.26303440216529e-27,1.0846178915743379e-24,9.714633461019398e-63,0.0,-4.093286659527169e-50,5.240485144288011e-62,3.067419930072589e-47,5.222952369203537e-50,-3.068549595782265e-47,0.0,0.0,79.99983892700783,-7.434600381509725e-99,80.0,3.8334812584578304e-100,7.434600381509725e-99,24.0,0.0,600.0199120344416,0.0,0.00015672623692353227,False,False,APPLY,APPLIED,RUNAWAY DIAGNOSTIC
7.2700000000152745,FAULT,0.0,0.0,0,0,1.296330085218264e-23,1.4663953551664693e-27,9.312043160348551e-28,1.1327726424361832e-27,9.727569359756126e-25,-1.493548948635797e-62,-0.0,-3.292511525793142e-50,-8.10695965753925e-62,2.4673364741643055e-47,4.20117922460498e-50,-2.4682451418631164e-47,0.0,0.0,79.99983892700783,-4.509313074096838e-99,80.0,2.3251239166884173e-100,4.509313074096838e-99,24.0,0.0,600.0199120344416,0.0,0.00015672623692353227,False,False,APPLY,APPLIED,RUNAWAY DIAGNOSTIC
7.28000000001534,FAULT,0.0,0.0,0,0,1.1626344093213531e-23,1.3151601718106373e-27,8.351655124546373e-28,1.0159452959305282e-27,8.724326454869345e-25,1.6235306597743364e-62,0.0,-2.6483931005388104e-50,8.793133121767218e-62,1.984648145843372e-47,3.3792969243450297e-50,-1.9853790496671782e-47,0.0,0.0,79.99983892700783,-2.735036633682722e-99,80.0,1.4102589431026293e-100,2.735036633682722e-99,24.0,0.0,600.0199120344416,0.0,0.00015672623692353227,False,False,APPLY,APPLIED,RUNAWAY DIAGNOSTIC
7.2900000000154055,FAULT,0.0,0.0,0,0,1.0427273000537072e-23,1.1795224742172741e-27,7.490315725421449e-28,9.11166818161571e-28,7.824551979657263e-25,-2.5178462271481285e-63,-0.0,-2.1302844226946918e-50,-1.37145671897977e-62,1.5963887795780746e-47,2.7182005556932356e-50,-1.5969766957110735e-47,0.0,0.0,79.99983892700783,-1.6588835737657808e-99,80.0,8.553652871256682e-101,1.6588835737657808e-99,24.0,0.0,600.0199120344416,0.0,0.00015672623692353227,False,False,APPLY,APPLIED,RUNAWAY DIAGNOSTIC
7.300000000015471,FAULT,0.0,0.0,0,0,9.351866877154948e-24,1.0578736316698643e-27,6.7178096831356e-28,8.171945614075534e-28,7.0175748235770635e-25,8.265149881453767e-63,0.0,-1.7135340371651781e-50,4.538465951384307e-62,1.284085111459267e-47,2.1864353522006964e-50,-1.2845580127743025e-47,0.0,0.0,79.99983892700783,-1.006163748382599e-99,80.0,5.1880527189561196e-101,1.006163748382599e-99,24.0,0.0,600.0199120344416,0.0,0.00015672623692353227,False,False,APPLY,APPLIED,RUNAWAY DIAGNOSTIC
7.3100000000155365,FAULT,0.0,0.0,0,0,8.387371663091823e-24,9.487709179274073e-28,6.02497526052089e-28,7.329140371189021e-28,6.293824430144525e-25,-5.354498722947841e-63,-0.0,-1.3783130859122055e-50,-2.9336853287016953e-62,1.0328778268581635e-47,1.7587000853708927e-50,-1.0332582138576219e-47,0.0,0.0,79.99983892700783,-6.102691620854264e-100,80.0,3.1467130382523375e-101,6.102691620854264e-100,24.0,0.0,600.0199120344416,0.0,0.00015672623692353227,False,False,APPLY,APPLIED,RUNAWAY DIAGNOSTIC
7.320000000015602,FAULT,0.0,0.0,0,0,7.522348675288036e-24,8.509204008533802e-28,5.403595606603772e-28,6.573256984109182e-28,5.644717292418205e-25,4.7455398031587335e-63,0.0,-1.1086718568815048e-50,2.5832098579355423e-62,8.308145587038748e-48,1.414643239815192e-50,-8.311205300868083e-48,0.0,0.0,79.99983892700783,-3.7014695748194584e-100,80.0,1.908577935017516e-101,3.7014695748194584e-100,24.0,0.0,600.0199120344416,0.0,0.00015672623692353227,False,False,APPLY,APPLIED,RUNAWAY DIAGNOSTIC
7.3300000000156675,FAULT,0.0,0.0,0,0,6.746538947547756e-24,7.631615966486335e-28,4.846301307011826e-28,5.895330855989733e-28,5.06255515465554e-25,-9.046503430111449e-63,-0.0,-8.917809014429837e-51,-4.925261968777991e-62,6.682811974519258e-48,1.1378946942694697e-50,-6.685273112447525e-48,0.0,0.0,79.99983892700783,-2.245054783121463e-100,80.0,1.1576110340391371e-101,2.245054783121463e-100,24.0,0.0,600.0199120344416,0.0,0.00015672623692353227,False,False,APPLY,APPLIED,RUNAWAY DIAGNOSTIC
7.340000000015733,FAULT,0.0,0.0,0,0,6.0507415616488906e-24,6.844537068558661e-28,4.346482984291879e-28,5.287321945005311e-28,4.540433712836957e-25,1.318233319923556e-63,0.0,-7.173206131713453e-51,7.167966702080428e-63,5.3754445464280356e-48,9.152868361466317e-51,-5.37742420865779e-48,0.0,0.0,79.99983892700783,-1.3616945586976462e-100,80.0,7.0212658416637244e-102,1.3616945586976462e-100,24.0,0.0,600.0199120344416,0.0,0.00015672623692353227,False,False,APPLY,APPLIED,RUNAWAY DIAGNOSTIC
7.350000000015799,FAULT,0.0,0.0,0,0,5.426704526647748e-24,6.138632746815436e-28,3.8982129125475387e-28,4.7420194104118195e-28,4.07216073126794e-25,-5.988995527084431e-63,-0.0,-5.769902239991891e-51,-3.2575880466043237e-62,4.3238391536225e-48,7.362280504884791e-51,-4.325431531887393e-48,0.0,0.0,79.99983892700783,-8.259094990139763e-101,80.0,4.258613002962024e-102,8.259094990139763e-101,24.0,0.0,600.0199120344416,0.0,0.00015672623692353227,False,False,APPLY,APPLIED,RUNAWAY DIAGNOSTIC
7.360000000015864,FAULT,0.0,0.0,0,0,4.867026912237713e-24,5.505531144433583e-28,3.496174715569539e-28,4.252956094358419e-28,3.6521826041414787e-25,-2.163348122311555e-63,-0.0,-4.6411285619961096e-51,-1.179883639709066e-62,3.47796072769867e-48,5.921987741111541e-51,-3.4792415868777856e-48,0.0,0.0,79.99983892700783,-5.009394332998717e-101,80.0,2.5829793541473245e-102,5.009394332998717e-101,24.0,0.0,600.0199120344416,0.0,0.00015672623692353227,False,False,APPLY,APPLIED,RUNAWAY DIAGNOSTIC
7.37000000001593,FAULT,0.0,0.0,0,0,4.365071075479968e-24,4.9377238274991975e-28,3.1356003163365827e-28,3.8143318225926868e-28,3.275518491098576e-25,8.604570063287797e-64,0.0,-3.733178385519367e-51,4.7156621476149463e-63,2.797562627481167e-48,4.763461373497962e-51,-2.798592910469146e-48,0.0,0.0,79.99983892700783,-3.038351249554403e-101,80.0,1.5666561716950699e-102,3.038351249554403e-101,24.0,0.0,600.0199120344416,0.0,0.00015672623692353227,False,False,APPLY,APPLIED,RUNAWAY DIAGNOSTIC
7.380000000015995,FAULT,0.0,0.0,0,0,3.9148839399436116e-24,4.428476736774438e-28,2.8122133885700677e-28,3.4209446159357274e-28,2.9377012456502786e-25,-4.260904200525292e-64,-0.0,-3.002851714184957e-51,-2.3423636841591066e-63,2.250271715936843e-48,3.8315790658071036e-51,-2.2511004432884654e-48,0.0,0.0,79.99983892700783,-1.842853187830914e-101,80.0,9.502250013610681e-103,1.842853187830914e-101,24.0,0.0,600.0199120344416,0.0,0.00015672623692353227,False,False,APPLY,APPLIED,RUNAWAY DIAGNOSTIC
7.390000000016061,FAULT,0.0,0.0,0,0,3.5111263936387315e-24,3.971750323282802e-28,2.522178640432015e-28,3.0681289960243776e-28,2.634724435886406e-25,1.332414078688403e-63,0.0,-2.4153998245458844e-51,7.213144832995801e-63,1.8100480560481824e-48,3.0820021380266325e-51,-1.8107146583616632e-48,0.0,0.0,79.99983892700783,-1.1177469597685999e-101,80.0,5.763405969509595e-103,1.1177469597685999e-101,24.0,0.0,600.0199120344416,0.0,0.00015672623692353227,False,False,APPLY,APPLIED,RUNAWAY DIAGNOSTIC
7.400000000016126,FAULT,0.0,0.0,0,0,3.14900996842454e-24,3.56212792078311e-28,2.262056329078932e-28,2.7517006537951304e-28,2.3629948291492576e-25,4.66984417863858e-64,0.0,-1.942871932335622e-51,2.5508952539507534e-63,1.4559459384395952e-48,2.4790659453092807e-51,-1.4564821324525692e-48,0.0,0.0,79.99983892700783,-6.7794780090023116e-102,80.0,3.4956824248783425e-103,6.7794780090023116e-102,24.0,0.0,600.0199120344416,0.0,0.00015672623692353227,False,False,APPLY,APPLIED,RUNAWAY DIAGNOSTIC
7.410000000016192,FAULT,0.0,0.0,0,0,2.8242400499175348e-24,3.1947515052758243e-28,2.0287614659307777e-28,2.4679068245816223e-28,2.1192897771518118e-25,-1.4874913513409557e-63,-0.0,-1.562785302481754e-51,-8.09411838584557e-63,1.1711172908231311e-48,1.99408296488955e-51,-1.1715485884855385e-48,0.0,0.0,79.99983892700783,-4.111961269307415e-102,80.0,2.1202385673072945e-103,4.111961269307415e-102,24.0,0.0,600.0199120344416,0.0,0.00015672623692353227,False,False,APPLY,APPLIED,RUNAWAY DIAGNOSTIC
7.420000000016257,FAULT,0.0,0.0,0,0,2.5329649443913934e-24,2.8652640802081037e-28,1.8195272295848421e-28,2.2133817813766556e-28,1.9007189961381341e-25,-3.1449431650140974e-65,-0.0,-1.2570555274491915e-51,-1.8716654236368728e-64,9.420100517844597e-49,1.603977852378924e-51,-9.423569741093892e-49,0.0,0.0,79.99983892700783,-2.4940305813857927e-102,80.0,1.285989696977046e-103,2.4940305813857927e-102,24.0,0.0,600.0199120344416,0.0,0.00015672623692353227,False,False,APPLY,APPLIED,RUNAWAY DIAGNOSTIC
7.430000000016323,FAULT,0.0,0.0,0,0,2.2717301986076382e-24,2.5697580033290503e-28,1.631872151957004e-28,1.9851069178613339e-28,1.7046902888078057e-25,1.7159483129233265e-64,0.0,-1.0111360764532524e-51,9.380582355088489e-64,7.577233677758095e-49,1.290189523816475e-51,-7.580024212231728e-49,0.0,0.0,79.99983892700783,-1.5127060138713904e-102,80.0,7.799921792911284e-104,1.5127060138713904e-102,24.0,0.0,600.0199120344416,0.0,0.00015672623692353227,False,False,APPLY,APPLIED,RUNAWAY DIAGNOSTIC
7.440000000016388,FAULT,0.0,0.0,0,0,2.037437630826297e-24,2.304728643095873e-28,1.463570688615902e-28,1.7803749486360786e-28,1.5288788014745802e-25,-6.117860303520845e-64,-0.0,-8.133261759586164e-52,-3.315863384437774e-63,6.094889337814367e-49,1.0377880248767683e-51,-6.097133956303548e-49,0.0,0.0,79.99983892700783,-9.175025765446727e-103,80.0,4.730891710761377e-104,9.175025765446727e-103,24.0,0.0,600.0199120344416,0.0,0.00015672623692353227,False,False,APPLY,APPLIED,RUNAWAY DIAGNOSTIC
7.450000000016454,FAULT,0.0,0.0,0,0,1.8273085871071644e-24,2.067032814524652e-28,1.3126268243327027e-28,1.5967578014100784e-28,1.3711994518564935e-25,-1.523718704163951e-64,-0.0,-6.542140903674939e-52,-8.35851060026657e-64,4.902538000015191e-49,8.347641681288955e-52,-4.904343500792807e-49,0.0,0.0,79.99983892700783,-5.564934430396744e-103,80.0,2.869430870357092e-104,5.564934430396744e-103,24.0,0.0,600.0199120344416,0.0,0.00015672623692353227,False,False,APPLY,APPLIED,RUNAWAY DIAGNOSTIC
7.460000000016519,FAULT,0.0,0.0,0,0,1.6388509871400147e-24,1.8538515018461077e-28,1.1772504009319733e-28,1.432077820651719e-28,1.229782200497604e-25,3.272876003405151e-64,0.0,-5.262293144984446e-52,1.7832008569429778e-63,3.943447946211881e-49,6.714581395124504e-52,-3.9449002344620196e-49,0.0,0.0,79.99983892700783,-3.375303351326047e-103,80.0,1.7403977987974633e-104,3.375303351326047e-103,24.0,0.0,600.0199120344416,0.0,0.00015672623692353227,False,False,APPLY,APPLIED,RUNAWAY DIAGNOSTIC
7.470000000016585,FAULT,0.0,0.0,0,0,1.469829768764812e-24,1.662656425547067e-28,1.0558358863443954e-28,1.2843819410597046e-28,1.1029498725463385e-25,-2.3006525018677045e-64,-0.0,-4.232823711899097e-52,-1.252246542502827e-63,3.1719859600138577e-49,5.400998872868051e-52,-3.173154135174827e-49,0.0,0.0,79.99983892700783,-2.047224968410024e-103,80.0,1.0556046250670271e-104,2.047224968410024e-103,24.0,0.0,600.0199120344416,0.0,0.00015672623692353227,False,False,APPLY,APPLIED,RUNAWAY DIAGNOSTIC
7.48000000001665,FAULT,0.0,0.0,0,0,1.3182403806691157e-24,1.4911800576584645e-28,9.469433333748032e-29,1.1519185247817305e-28,9.891982668620148e-26,2.1661648007322332e-64,0.0,-3.404750758344689e-52,1.1797501082876412e-63,2.5514461120731414e-49,4.344394253066639e-52,-2.5523857555678643e-49,0.0,0.0,79.99983892700783,-1.2417047106698941e-103,80.0,6.402565696376044e-105,1.2417047106698941e-103,24.0,0.0,600.0199120344416,0.0,0.00015672623692353227,False,False,APPLY,APPLIED,RUNAWAY DIAGNOSTIC
7.490000000016716,FAULT,0.0,0.0,0,0,1.1822850088870518e-24,1.337388729372555e-28,8.492813023633156e-29,1.0331165872779353e-28,8.871783165482919e-26,-3.6555617567331046e-64,-0.0,-2.7386748221509034e-52,-1.9849445794788667e-63,2.052303303002202e-49,3.494494605597642e-52,-2.0530591227856487e-49,0.0,0.0,79.99983892700783,-7.53131977330886e-104,80.0,3.883352395676389e-105,7.53131977330886e-104,24.0,0.0,600.0199120344416,0.0,0.00015672623692353227,False,False,APPLY,APPLIED,RUNAWAY DIAGNOSTIC
7.500000000016781,FAULT,0.0,0.0,0,0,1.0603512551553496e-24,1.1994585122630936e-28,7.616915449023088e-29,9.265671659759633e-29,7.956800893417393e-26,1.939378720608055e-64,0.0,-2.202904210593193e-52,1.054953867347763e-63,1.6508084680226582e-49,2.8108619607738137e-52,-1.651416425772839e-49,0.0,0.0,79.99983892700783,-4.5679763506117694e-104,80.0,2.355372290446208e-105,4.5679763506117694e-104,24.0,0.0,600.0199120344416,0.0,0.00015672623692353227,False,False,APPLY,APPLIED,RUNAWAY DIAGNOSTIC
7.510000000016847,FAULT,0.0,0.0,0,0,9.509930142546693e-25,1.075753586845776e-28,6.831352673949135e-29,8.31006610113802e-29,7.136184381039431e-26,-1.3952990324656198e-65,-0.0,-1.7719471190091885e-52,-7.577908165854402e-65,1.3278586036034942e-49,2.260969282902954e-52,-1.3283476257673877e-49,0.0,0.0,79.99983892700783,-2.7706177094882332e-104,80.0,1.4286055091931788e-105,2.7706177094882332e-104,24.0,0.0,600.0199120344416,0.0,0.00015672623692353227,False,False,APPLY,APPLIED,RUNAWAY DIAGNOSTIC
7.520000000016912,FAULT,0.0,0.0,0,0,8.529133235464215e-25,9.648068422335453e-29,6.126808111181234e-29,7.453015943282985e-29,6.400201312354212e-26,4.683423350530862e-65,0.0,-1.4252987385712429e-52,2.540435292605815e-64,1.0680878522968282e-49,1.8186528437075075e-52,-1.0684812064019643e-49,0.0,0.0,79.99983892700783,-1.6804645871473802e-104,80.0,8.664930419600295e-106,1.6804645871473802e-104,24.0,0.0,600.0199120344416,0.0,0.00015672623692353227,False,False,APPLY,APPLIED,RUNAWAY DIAGNOSTIC
7.530000000016978,FAULT,0.0,0.0,0,0,7.649489813058061e-25,8.65302476521587e-29,5.494926030517064e-29,6.684356775830052e-29,5.740123103811126e-26,-6.8743036350593555e-65,-0.0,-1.146465643578283e-52,-3.7399230141228016e-64,8.591363998608155e-50,1.4628673600019763e-52,-8.594528015772398e-50,0.0,0.0,79.99983892700783,-1.0192532946662074e-104,80.0,5.255545963764174e-106,1.0192532946662074e-104,24.0,0.0,600.0199120344416,0.0,0.00015672623692353227,False,False,APPLY,APPLIED,RUNAWAY DIAGNOSTIC
7.540000000017043,FAULT,0.0,0.0,0,0,6.860567514266183e-25,7.760603916770426e-29,4.928212461142102e-29,5.994972484577073e-29,5.1481213853860067e-26,3.85398110325644e-65,0.0,-9.22181039201961e-53,2.0939396022168166e-64,6.910623990138208e-50,1.176684665445112e-52,-6.913169026400639e-50,0.0,0.0,79.99983892700783,-6.1820837322816215e-105,80.0,3.1876497605519122e-106,6.1820837322816215e-105,24.0,0.0,600.0199120344416,0.0,0.00015672623692353227,False,False,APPLY,APPLIED,RUNAWAY DIAGNOSTIC
7.550000000017109,FAULT,0.0,0.0,0,0,6.153009908903382e-25,6.960221978697122e-29,4.4199463154690265e-29,5.376687136249445e-29,4.6171751579808627e-26,2.607774771144623e-65,0.0,-7.417735313989188e-53,1.422040090558232e-64,5.558689393303821e-50,9.464882734765805e-53,-5.560736540724598e-50,0.0,0.0,79.99983892700783,-3.7496233245394664e-105,80.0,1.933407312200346e-106,3.7496233245394664e-105,24.0,0.0,600.0199120344416,0.0,0.00015672623692353227,False,False,APPLY,APPLIED,RUNAWAY DIAGNOSTIC
7.560000000017174,FAULT,0.0,0.0,0,0,5.518425532631544e-25,6.242386612160795e-29,3.9640996782462473e-29,4.822168014141806e-29,4.140987526050172e-26,-1.924404249683307e-65,-0.0,-5.966593851849622e-53,-1.0418580513819922e-64,4.471235566473039e-50,7.613255089799934e-53,-4.472882227710988e-50,0.0,0.0,79.99983892700783,-2.274261508706774e-105,80.0,1.1726708125620918e-106,2.274261508706774e-105,24.0,0.0,600.0199120344416,0.0,0.00015672623692353227,False,False,APPLY,APPLIED,RUNAWAY DIAGNOSTIC
7.57000000001724,FAULT,0.0,0.0,0,0,4.949288366191621e-25,5.598584461134421e-29,3.555266317177717e-29,4.324838653915009e-29,3.713911017922492e-26,-1.4974688261045743e-65,-0.0,-4.799341131255799e-53,-8.126638850771722e-65,3.5965217835297934e-50,6.123863832929934e-53,-3.597846306231468e-50,0.0,0.0,79.99983892700783,-1.3794093332349515e-105,80.0,7.112608015690266e-107,1.3794093332349515e-105,24.0,0.0,600.0199120344416,0.0,0.00015672623692353227,False,False,APPLY,APPLIED,RUNAWAY DIAGNOSTIC
7.580000000017305,FAULT,0.0,0.0,0,0,4.438848578616126e-25,5.0211801856527464e-29,3.188597566127681e-29,3.8788008479524154e-29,3.330880608134187e-26,-1.2220059353415603e-65,-0.0,-3.86043961862946e-53,-6.692567022762198e-65,2.892929425681751e-50,4.925844175970601e-53,-2.8939948302390925e-50,0.0,0.0,79.99983892700783,-8.366540529007487e-106,80.0,4.314014832033929e-107,8.366540529007487e-106,24.0,0.0,600.0199120344416,0.0,0.00015672623692353227,False,False,APPLY,APPLIED,RUNAWAY DIAGNOSTIC
7.590000000017371,FAULT,0.0,0.0,0,0,3.9810524758418178e-25,4.5033259089496394e-29,2.859744821285588e-29,3.4787646944493616e-29,2.987353647436228e-26,2.093046350032481e-65,0.0,-3.1052166624102286e-53,1.135816879686593e-64,2.326981780091379e-50,3.962194703851567e-53,-2.32783875813282e-50,0.0,0.0,79.99983892700783,-5.07456334657134e-106,80.0,2.6165822620835952e-107,5.07456334657134e-106,24.0,0.0,600.0199120344416,0.0,0.00015672623692353227,False,False,APPLY,APPLIED,RUNAWAY DIAGNOSTIC
7.600000000017436,FAULT,0.0,0.0,0,0,3.5704707053439135e-25,4.038880002721395e-29,2.5648079675074286e-29,3.119985859934816e-29,2.679255988058227e-26,2.2818137915664397e-65,0.0,-2.4977389812872387e-53,1.2446936714784896e-64,1.8717512279446308e-50,3.187065264429766e-53,-1.872440554227773e-50,0.0,0.0,79.99983892700783,-3.077878254349432e-106,80.0,1.5870373656139214e-107,3.077878254349432e-106,24.0,0.0,600.0199120344416,0.0,0.00015672623692353227,False,False,APPLY,APPLIED,RUNAWAY DIAGNOSTIC
7.610000000017502,FAULT,0.0,0.0,0,0,3.2022338653104827e-25,3.62233424946383e-29,2.300289124154383e-29,2.7982093131386277e-29,2.4029336652881535e-26,1.0705334025258417e-65,0.0,-2.009102969916055e-53,5.797663082562753e-65,1.5055780364445951e-50,2.5635754320353293e-53,-1.5061325089067148e-50,0.0,0.0,79.99983892700783,-1.866827528125708e-106,80.0,9.625868203544005e-108,1.866827528125708e-106,24.0,0.0,600.0199120344416,0.0,0.00015672623692353227,False,False,APPLY,APPLIED,RUNAWAY DIAGNOSTIC
7.620000000017567,FAULT,0.0,0.0,0,0,2.871974754699239e-25,3.248748515899174e-29,2.0630511608389184e-29,2.509618860966397e-29,2.1551095623228932e-26,-1.3426004136342957e-65,-0.0,-1.6160594737619465e-53,-7.323016155686851e-65,1.2110397952368142e-50,2.0620597479074393e-53,-1.2114857955109595e-50,0.0,0.0,79.99983892700783,-1.1322881322037764e-106,80.0,5.8383841918023355e-108,1.1322881322037764e-106,24.0,0.0,600.0199120344416,0.0,0.00015672623692353227,False,False,APPLY,APPLIED,RUNAWAY DIAGNOSTIC
7.630000000017633,FAULT,0.0,0.0,0,0,2.5757765792757866e-25,2.913692164436915e-29,1.8502804919256046e-29,2.2507918896025498e-29,1.9328445444450572e-26,-1.745156137997011e-66,-0.0,-1.2999076014825623e-53,-9.401098901609478e-66,9.741224633634107e-51,1.6586562465864186e-53,-9.744812120085142e-51,0.0,0.0,79.99983892700783,-6.867674678103338e-107,80.0,3.5411590155096384e-108,6.867674678103338e-107,24.0,0.0,600.0199120344416,0.0,0.00015672623692353227,False,False,APPLY,APPLIED,RUNAWAY DIAGNOSTIC
7.640000000017698,FAULT,0.0,0.0,0,0,2.310126499367502e-25,2.6131915066836354e-29,1.6594537080596305e-29,2.018658772901114e-29,1.7335026015866584e-26,1.9410630769167166e-65,0.0,-1.0456049420372263e-53,1.0551590328129729e-64,7.83553585407676e-51,1.3341711107699876e-53,-7.838421515764087e-51,0.0,0.0,79.99983892700783,-4.165455253201713e-107,80.0,2.1478215138243734e-108,4.165455253201713e-107,24.0,0.0,600.0199120344416,0.0,0.00015672623692353227,False,False,APPLY,APPLIED,RUNAWAY DIAGNOSTIC
7.650000000017764,FAULT,0.0,0.0,0,0,2.0718739684248902e-25,2.3436826765389172e-29,1.488307649175858e-29,1.8104664674368466e-29,1.5547195858787968e-26,-4.3009766671305894e-66,-0.0,-8.410518513458083e-54,-2.3494053802108023e-65,6.302659514547876e-51,1.0731654352591758e-53,-6.30498065038701e-51,0.0,0.0,79.99983892700783,-2.5264763227278614e-107,80.0,1.3027195997248697e-108,2.5264763227278614e-107,24.0,0.0,600.0199120344416,0.0,0.00015672623692353227,False,False,APPLY,APPLIED,RUNAWAY DIAGNOSTIC
7.660000000017829,FAULT,0.0,0.0,0,0,1.8581933682906057e-25,2.1019693636225233e-29,1.3348125637968252e-29,1.623745862238861e-29,1.3943751734221476e-26,1.5505858173093403e-66,0.0,-6.76515754866748e-54,8.46046740433359e-66,5.0696618197022033e-51,8.632206484897967e-54,-5.071528868638435e-51,0.0,0.0,79.99983892700783,-1.5323853507724602e-107,80.0,7.901393782416939e-109,1.5323853507724602e-107,24.0,0.0,600.0199120344416,0.0,0.00015672623692353227,False,False,APPLY,APPLIED,RUNAWAY DIAGNOSTIC
7.670000000017895,FAULT,0.0,0.0,0,0,1.6665504980420656e-25,1.88518490572906e-29,1.197148036885436e-29,1.4562824954554768e-29,1.2505677177515228e-26,-9.548670247878039e-67,-0.0,-5.441680745994883e-54,-5.179993323954141e-66,4.07787710994424e-51,6.943476406310643e-54,-4.0793789056045567e-51,0.0,0.0,79.99983892700783,-9.29438697737985e-108,80.0,4.792437583498592e-109,9.29438697737985e-108,24.0,0.0,600.0199120344416,0.0,0.00015672623692353227,False,False,APPLY,APPLIED,RUNAWAY DIAGNOSTIC
7.6800000000179605,FAULT,0.0,0.0,0,0,1.4946725189742747e-25,1.6907582909028797e-29,1.0736813999818951e-29,1.3060902915150026e-29,1.1215916967626461e-26,-2.647251192952952e-66,-0.0,-4.3771174770344366e-54,-1.4392009646397717e-65,3.280116566983056e-51,5.585114847442261e-54,-3.2813245643534625e-51,0.0,0.0,79.99983892700783,-5.6373306650146434e-108,80.0,2.906760329150986e-109,5.6373306650146434e-108,24.0,0.0,600.0199120344416,0.0,0.00015672623692353227,False,False,APPLY,APPLIED,RUNAWAY DIAGNOSTIC
7.690000000018026,FAULT,0.0,0.0,0,0,1.3405209992746394e-25,1.5163836659122276e-29,9.629483682409283e-30,1.1713880067456471e-29,1.0059174856270031e-26,1.6964184731947657e-66,0.0,-3.520816141586943e-54,9.184414612611313e-66,2.6384229840472518e-51,4.492491373740695e-54,-2.639394659279406e-51,0.0,0.0,79.99983892700783,-3.419213887269547e-108,80.0,1.7630392600664365e-109,3.419213887269547e-108,24.0,0.0,600.0199120344416,0.0,0.00015672623692353227,False,False,APPLY,APPLIED,RUNAWAY DIAGNOSTIC
7.7000000000180915,FAULT,0.0,0.0,0,0,1.202267738708076e-25,1.3599929892942812e-29,8.636356743424457e-30,1.0505781041563088e-29,9.021732158064345e-27,-2.575421546499699e-66,-0.0,-2.832034179515808e-54,-1.4004716363554457e-65,2.1222647733983406e-51,3.613619288845578e-54,-2.1230463585076706e-51,0.0,0.0,79.99983892700783,-2.0738580547441704e-108,80.0,1.0693373655073557e-109,2.0738580547441704e-108,24.0,0.0,600.0199120344416,0.0,0.00015672623692353227,False,False,APPLY,APPLIED,RUNAWAY DIAGNOSTIC
7.710000000018157,FAULT,0.0,0.0,0,0,1.0782730865986774e-25,1.2197315049832104e-29,7.7456549343047e-30,9.42227807186468e-30,8.091285050196702e-27,5.946389027913864e-67,0.0,-2.277999552240495e-54,3.255263069823996e-66,1.7070832825670482e-51,2.906682123207598e-54,-1.7077119651380156e-51,0.0,0.0,79.99983892700783,-1.2578584940943262e-108,80.0,6.485858977565384e-110,1.2578584940943262e-108,24.0,0.0,600.0199120344416,0.0,0.00015672623692353227,False,False,APPLY,APPLIED,RUNAWAY DIAGNOSTIC
7.7200000000182225,FAULT,0.0,0.0,0,0,9.670664959639628e-26,1.0939357452209907e-29,6.946814744197691e-30,8.450521071331519e-30,7.256798652021091e-27,6.042899927696459e-67,0.0,-1.8323514587175658e-54,3.288298187103556e-66,1.3731243010519847e-51,2.3380440190400438e-54,-1.3736299936123073e-51,0.0,0.0,79.99983892700783,-7.6292974224816255e-109,80.0,3.9338723244657937e-110,7.6292974224816255e-109,24.0,0.0,600.0199120344416,0.0,0.00015672623692353227,False,False,APPLY,APPLIED,RUNAWAY DIAGNOSTIC
7.730000000018288,FAULT,0.0,0.0,0,0,8.673290831789056e-26,9.811138023252197e-30,6.2303621190735366e-30,7.578985233955698e-30,6.508376154007203e-27,5.849538540165812e-67,0.0,-1.4738860966658978e-54,3.1953869197547937e-66,1.104498160924044e-51,1.8806493463199027e-54,-1.104904924173698e-51,0.0,0.0,79.99983892700783,-4.627402798801623e-109,80.0,2.3860141761834827e-110,4.627402798801623e-109,24.0,0.0,600.0199120344416,0.0,0.00015672623692353227,False,False,APPLY,APPLIED,RUNAWAY DIAGNOSTIC
7.7400000000183535,FAULT,0.0,0.0,0,0,7.778779863302766e-26,8.799276349834994e-30,5.5878001018335536e-30,6.797334352723456e-30,5.837141443941282e-27,-3.0817607865132156e-68,-0.0,-1.1855477919462385e-54,-1.8267115837809244e-67,8.884237112037088e-52,1.512735404043115e-54,-8.88750898815806e-52,0.0,0.0,79.99983892700783,-2.806661672313202e-109,80.0,1.4471907523642465e-110,2.806661672313202e-109,24.0,0.0,600.0199120344416,0.0,0.00015672623692353227,False,False,APPLY,APPLIED,RUNAWAY DIAGNOSTIC
7.750000000018419,FAULT,0.0,0.0,0,0,6.97652336757236e-26,7.891771994011071e-30,5.011508060274719e-30,6.096298234769935e-30,5.235133838353621e-27,-3.345620635672529e-68,-0.0,-9.536174947151247e-55,-1.8593120284647006e-67,7.146201945403413e-52,1.2167969574570799e-54,-7.148833740030832e-52,0.0,0.0,79.99983892700783,-1.7023263556982694e-109,80.0,8.777655617614983e-111,1.7023263556982694e-109,24.0,0.0,600.0199120344416,0.0,0.00015672623692353227,False,False,APPLY,APPLIED,RUNAWAY DIAGNOSTIC
7.760000000018485,FAULT,0.0,0.0,0,0,6.257006774018083e-26,7.077862170583809e-30,4.4946513082398584e-30,5.467562758955682e-30,4.695213670712423e-27,5.641540911324011e-67,0.0,-7.670600311500641e-55,3.069277532903053e-66,5.748180918685126e-52,9.787533442527047e-55,-5.750297851816153e-52,0.0,0.0,79.99983892700783,-1.0325131275678618e-109,80.0,5.323917252482254e-111,1.0325131275678618e-109,24.0,0.0,600.0199120344416,0.0,0.00015672623692353227,False,False,APPLY,APPLIED,RUNAWAY DIAGNOSTIC
7.77000000001855,FAULT,0.0,0.0,0,0,5.611696787555105e-26,6.347894103316421e-30,4.031100048087503e-30,4.90367127254961e-30,4.210977616682609e-27,-6.321429976963472e-68,-0.0,-6.1699905323194485e-55,-3.425763395520145e-67,4.623656611773933e-52,7.872785208864073e-55,-4.625359406450476e-52,0.0,0.0,79.99983892700783,-6.262508684256824e-110,80.0,3.229119043403495e-111,6.262508684256824e-110,24.0,0.0,600.0199120344416,0.0,0.00015672623692353227,False,False,APPLY,APPLIED,RUNAWAY DIAGNOSTIC
7.780000000018616,FAULT,0.0,0.0,0,0,5.0329401857483857e-26,5.6932105452476036e-30,3.615356672486468e-30,4.397936157247634e-30,3.776682752227408e-27,1.398677932721907e-67,0.0,-4.9629470476079604e-55,7.582320092701606e-67,3.719124496257289e-52,6.33262172833025e-55,-3.720494170938011e-52,0.0,0.0,79.99983892700783,-3.798403523718337e-110,80.0,1.9585597036861233e-111,3.798403523718337e-110,24.0,0.0,600.0199120344416,0.0,0.00015672623692353227,False,False,APPLY,APPLIED,RUNAWAY DIAGNOSTIC
7.790000000018681,FAULT,0.0,0.0,0,0,4.5138730534223833e-26,5.106047105492039e-30,3.242490564166138e-30,3.944359515155432e-30,3.387178443899823e-27,4.1576263992726474e-67,0.0,-3.9920390911632104e-55,2.265703738485207e-66,2.991547206044435e-52,5.093762485603179e-55,-2.9926489294388754e-52,0.0,0.0,79.99983892700783,-2.3038481950956464e-110,80.0,1.1879265091633097e-111,2.3038481950956464e-110,24.0,0.0,600.0199120344416,0.0,0.00015672623692353227,False,False,APPLY,APPLIED,RUNAWAY DIAGNOSTIC
7.800000000018747,FAULT,0.0,0.0,0,0,4.048339378263756e-26,4.5794401658673104e-30,2.9080796201765586e-30,3.5375620355652536e-30,3.0378452635591662e-27,-1.686359877657959e-67,-0.0,-3.2110711544146393e-55,-9.174580145131707e-67,2.4063068324274736e-52,4.097262930400244e-55,-2.4071930242034596e-52,0.0,0.0,79.99983892700783,-1.3973545656491055e-110,80.0,7.205138492929394e-112,1.3973545656491055e-110,24.0,0.0,600.0199120344416,0.0,0.00015672623692353227,False,False,APPLY,APPLIED,RUNAWAY DIAGNOSTIC
7.810000000018812,FAULT,0.0,0.0,0,0,3.6308180419867374e-26,4.107144293719907e-30,2.608157806432609e-30,3.1727191974993045e-30,2.7245402030557436e-27,-1.531168177444566e-67,-0.0,-2.582885017722803e-55,-8.377227602241015e-67,1.935557814393798e-52,3.295709913504102e-55,-1.936270639289579e-52,0.0,0.0,79.99983892700783,-8.475383865556017e-111,80.0,4.3701374034373e-112,8.475383865556017e-111,24.0,0.0,600.0199120344416,0.0,0.00015672623692353227,False,False,APPLY,APPLIED,RUNAWAY DIAGNOSTIC
7.820000000018878,FAULT,0.0,0.0,0,0,3.25635734118438e-26,3.683558172676566e-30,2.3391681218014996e-30,2.8455040519106576e-30,2.4435475391429393e-27,-1.0847543277552427e-67,-0.0,-2.077591773553917e-55,-5.862510800446231e-67,1.5569020552052214e-52,2.6509657833713518e-55,-1.5574754292150385e-52,0.0,0.0,79.99983892700783,-5.140580167293438e-111,80.0,2.6506223223416482e-112,5.140580167293438e-111,24.0,0.0,600.0199120344416,0.0,0.00015672623692353227,False,False,APPLY,APPLIED,RUNAWAY DIAGNOSTIC
7.830000000018943,FAULT,0.0,0.0,0,0,2.920516261311348e-26,3.303658172493838e-30,2.0979204128707965e-30,2.552035905300972e-30,2.1915347658862757e-27,-1.7977447303275275e-67,-0.0,-1.6711497213164808e-55,-9.761795654998225e-67,1.2523232276900138e-52,2.132353808146003e-55,-1.2527844317768433e-52,0.0,0.0,79.99983892700783,-3.117919480174129e-111,80.0,1.607683705818892e-112,3.117919480174129e-111,24.0,0.0,600.0199120344416,0.0,0.00015672623692353227,False,False,APPLY,APPLIED,RUNAWAY DIAGNOSTIC
7.840000000019009,FAULT,0.0,0.0,0,0,2.619311807309757e-26,2.962938769843717e-30,1.8815535393639205e-30,2.2888342955203422e-30,1.9655130719383393e-27,-2.0869378417098585e-68,-0.0,-1.3442204703707356e-55,-1.1494373454754746e-67,1.0073295628126643e-52,1.715198585978076e-55,-1.0077005409282719e-52,0.0,0.0,79.99983892700783,-1.891113759240865e-111,80.0,9.751094586995733e-113,1.891113759240865e-111,24.0,0.0,600.0199120344416,0.0,0.00015672623692353227,False,False,APPLY,APPLIED,RUNAWAY DIAGNOSTIC
7.850000000019074,FAULT,0.0,0.0,0,0,2.3491717662383613e-26,2.657359113851072e-30,1.687501441791935e-30,2.052777714200321e-30,1.7628018939494953e-27,-9.815068517079136e-68,-0.0,-1.081248825219618e-55,-5.3568643198822446e-67,8.102643356603877e-53,1.3796519968228659e-55,-8.105627388319909e-53,0.0,0.0,79.99983892700783,-1.1470184759839882e-111,80.0,5.91433783277075e-113,1.1470184759839882e-111,24.0,0.0,600.0199120344416,0.0,0.00015672623692353227,False,False,APPLY,APPLIED,RUNAWAY DIAGNOSTIC
7.86000000001914,FAULT,0.0,0.0,0,0,2.1068923416793983e-26,2.3832951027842564e-30,1.5134627085874354e-30,1.841066586702014e-30,1.5809971257262706e-27,3.2316039762706763e-69,0.0,-8.697226740824378e-56,1.771970003749417e-68,6.517512419768602e-53,1.1097488348568248e-55,-6.519912681376347e-53,0.0,0.0,79.99983892700783,-6.957018729411409e-112,80.0,3.587227227473794e-113,6.957018729411409e-112,24.0,0.0,600.0199120344416,0.0,0.00015672623692353227,False,False,APPLY,APPLIED,RUNAWAY DIAGNOSTIC
7.870000000019205,FAULT,0.0,0.0,0,0,1.8896001574783372e-26,2.1374964028617345e-30,1.3573732819281385e-30,1.6511900695421132e-30,1.4179426061056523e-27,7.539277318080058e-69,0.0,-6.995776662797978e-56,4.106297678293973e-68,5.242482764247302e-53,8.926471887855395e-56,-5.24441345947236e-53,0.0,0.0,79.99983892700783,-4.219645159583002e-112,80.0,2.175763296818777e-113,4.219645159583002e-112,24.0,0.0,600.0199120344416,0.0,0.00015672623692353227,False,False,APPLY,APPLIED,RUNAWAY DIAGNOSTIC
7.880000000019271,FAULT,0.0,0.0,0,0,1.6947181801874738e-26,1.917047900135465e-30,1.21738197843738e-30,1.4808962725287976e-30,1.2717045473982683e-27,1.177988203671188e-68,0.0,-5.62718353489281e-56,6.401572736811088e-68,4.2168888623928335e-53,7.180174275644858e-56,-4.218441853133586e-53,0.0,0.0,79.99983892700783,-2.559344162395068e-112,80.0,1.3196671477980115e-113,2.559344162395068e-112,24.0,0.0,600.0199120344416,0.0,0.00015672623692353227,False,False,APPLY,APPLIED,RUNAWAY DIAGNOSTIC
7.890000000019336,FAULT,0.0,0.0,0,0,1.5199351560652013e-26,1.7193351280238e-30,1.0918285346976764e-30,1.3281655519085491e-30,1.140548601127888e-27,1.0698082124256104e-68,0.0,-4.526330107733835e-56,5.800841625919421e-68,3.3919332647203003e-53,5.77550719660737e-56,-3.393182441809172e-53,0.0,0.0,79.99983892700783,-1.5523207032491405e-112,80.0,8.004185857550083e-114,1.5523207032491405e-112,24.0,0.0,600.0199120344416,0.0,0.00015672623692353227,False,False,APPLY,APPLIED,RUNAWAY DIAGNOSTIC
7.900000000019402,FAULT,0.0,0.0,0,0,1.3631782001581645e-26,1.5420132601843228e-30,9.792239168041238e-31,1.191186557741093e-30,1.0229192890724069e-27,-2.698143118911059e-68,-0.0,-3.640838106109365e-56,-1.4717063246932202e-67,2.7283648319314385e-53,4.645637013466134e-56,-2.7293696308387952e-53,0.0,0.0,79.99983892700783,-9.415301002272708e-113,80.0,4.854784128642333e-114,9.415301002272708e-113,24.0,0.0,600.0199120344416,0.0,0.00015672623692353227,False,False,APPLY,APPLIED,RUNAWAY DIAGNOSTIC
7.910000000019467,FAULT,0.0,0.0,0,0,1.2225882123794357e-26,1.3829793016235567e-30,8.78232660867653e-31,1.0683347518940414e-30,9.174215556633445e-28,1.088305144419042e-68,0.0,-2.9285760869271745e-56,5.888964702955254e-68,2.1946111775091667e-53,3.736804842622861e-56,-2.195419406264863e-53,0.0,0.0,79.99983892700783,-5.710668728301418e-113,80.0,2.944575420307823e-114,5.710668728301418e-113,24.0,0.0,600.0199120344416,0.0,0.00015672623692353227,False,False,APPLY,APPLIED,RUNAWAY DIAGNOSTIC
7.920000000019533,FAULT,0.0,0.0,0,0,1.0964978290260955e-26,1.2403471475172863e-30,7.876570346985928e-31,9.581531412274807e-31,8.228042229597394e-28,5.306061960250027e-72,0.0,-2.355654837401179e-56,-5.603201430024028e-71,1.7652764630596048e-53,3.0057687226473523e-56,-1.765926576944851e-53,0.0,0.0,79.99983892700783,-3.46369567117692e-113,80.0,1.7859752722528855e-114,3.46369567117692e-113,24.0,0.0,600.0199120344416,0.0,0.00015672623692353227,False,False,APPLY,APPLIED,RUNAWAY DIAGNOSTIC
7.930000000019598,FAULT,0.0,0.0,0,0,9.834116482433288e-27,1.1124252145709667e-30,7.064228329801399e-31,8.593349981570485e-31,7.379451519763654e-28,1.6072167798836536e-68,0.0,-1.8948149367699828e-56,8.737258763217468e-68,1.4199330719572152e-53,2.4177461747516526e-56,-1.4204560031951965e-53,0.0,0.0,79.99983892700783,-2.1008376204827062e-113,80.0,1.0832487601099805e-114,2.1008376204827062e-113,24.0,0.0,600.0199120344416,0.0,0.00015672623692353227,False,False,APPLY,APPLIED,RUNAWAY DIAGNOSTIC
7.940000000019664,FAULT,0.0,0.0,0,0,8.819884949153035e-27,9.976963791971512e-31,6.335666374830235e-31,7.707083630865572e-31,6.618379343831677e-28,1.1077730857511993e-68,0.0,-1.524129761133841e-56,6.016395086992618e-68,1.142149669487674e-53,1.9447592629074064e-56,-1.1425702989894476e-53,0.0,0.0,79.99983892700783,-1.2742224279004793e-113,80.0,6.570235851023907e-115,1.2742224279004793e-113,24.0,0.0,600.0199120344416,0.0,0.00015672623692353227,False,False,APPLY,APPLIED,RUNAWAY DIAGNOSTIC
7.950000000019729,FAULT,0.0,0.0,0,0,7.910255146485488e-27,8.94799984769111e-31,5.682243910986339e-31,6.912221452640158e-31,5.935799567426486e-28,6.796269461786247e-69,0.0,-1.2259622212577956e-56,3.712290741373647e-68,9.187094048824807e-54,1.5643034120625039e-56,-9.190477460732854e-54,0.0,0.0,79.99983892700783,-7.728549698151018e-114,80.0,3.9850494851890774e-115,7.728549698151018e-114,24.0,0.0,600.0199120344416,0.0,0.00015672623692353227,False,False,APPLY,APPLIED,RUNAWAY DIAGNOSTIC
7.960000000019795,FAULT,0.0,0.0,0,0,7.094439082054557e-27,8.025157046171018e-31,5.096211503865402e-31,6.1993365712452065e-31,5.323616957299102e-28,3.081813847132818e-69,0.0,-9.861255952628942e-57,1.6809604290072085e-68,7.389810575334907e-54,1.258276647224578e-56,-7.392532085854522e-54,0.0,0.0,79.99983892700783,-4.687602347041353e-114,80.0,2.4170546932391914e-115,4.687602347041353e-114,24.0,0.0,600.0199120344416,0.0,0.00015672623692353227,False,False,APPLY,APPLIED,RUNAWAY DIAGNOSTIC
7.97000000001986,FAULT,0.0,0.0,0,0,6.3627613720327185e-27,7.197490691974938e-31,4.5706189489424964e-31,5.559974342084111e-31,4.774571173792176e-28,4.9428620190709124e-70,0.0,-7.932085285894601e-57,2.6844428669296935e-69,5.944132067127044e-54,1.0121183069357921e-56,-5.946321164910507e-54,0.0,0.0,79.99983892700783,-2.8431745440214493e-114,80.0,1.4660177776518674e-115,2.8431745440214493e-114,24.0,0.0,600.0199120344416,0.0,0.00015672623692353227,False,False,APPLY,APPLIED,RUNAWAY DIAGNOSTIC
7.980000000019926,FAULT,0.0,0.0,0,0,5.706544493396353e-27,6.45518485969783e-31,4.099232843979739e-31,4.986552081720382e-31,4.282150664944322e-28,-3.533014825922679e-69,-0.0,-6.380320852135159e-57,-1.9234262363427937e-68,4.781273575452512e-54,8.141162513778061e-57,-4.783034417114156e-54,0.0,0.0,79.99983892700783,-1.7244725318634777e-114,80.0,8.891847298296269e-116,1.7244725318634777e-114,24.0,0.0,600.0199120344416,0.0,0.00015672623692353227,False,False,APPLY,APPLIED,RUNAWAY DIAGNOSTIC
7.990000000019991,FAULT,0.0,0.0,0,0,5.118005870571625e-27,5.789435979248762e-31,3.6764626621791127e-31,4.472269138974414e-31,3.840515441037855e-28,8.132070560279191e-70,0.0,-5.132130166091931e-57,4.401484517266602e-69,3.845906642913654e-54,6.548496022801405e-57,-3.847323008770363e-54,0.0,0.0,79.99983892700783,-1.045945462407458e-114,80.0,5.393178007899569e-116,1.045945462407458e-114,24.0,0.0,600.0199120344416,0.0,0.00015672623692353227,False,False,APPLY,APPLIED,RUNAWAY DIAGNOSTIC
7.999999999999993,FAULT,0.0,0.0,0,0,4.5901655769502344e-27,5.192348429068082e-31,3.297294450955414e-31,4.011026241816976e-31,3.4444278144659656e-28,-8.441811927208786e-70,-0.0,-4.1281246921549365e-57,-4.593351717749243e-69,3.0935267934468535e-54,5.26740500595472e-57,-3.0946660737606535e-54,0.0,0.0,79.99983892700783,-6.343979919732111e-115,80.0,3.2711278183572465e-116,6.343979919732111e-115,24.0,0.0,600.0199120344416,0.0,0.00015672623692353227,False,False,APPLY,APPLIED,RUNAWAY DIAGNOSTIC
