time,sequence_state,velocity,rpm,bus_frequency,slip,line_voltage,machine_line_current,machine_active_current,machine_reactive_current,flux_magnitude,motor_torque,motor_shaft_power,electrical_export,machine_reactive_demand,machine_copper_loss,machine_core_loss,magnetic_storage_power,rectifier_power,dc_input_power,dc_voltage,dc_capacitor_power,chopper_target_voltage,chopper_duty,dc_brake_power,battery_voltage,battery_power,aux_voltage,aux_power,energy_residual,k_precharge,k_main,brake_command,brake_physical_state,fault
0.0,AUXILIARY_START,0.0,0.0,0,0,0.0,0.0,0.0,-0.0,0.0,0.0,0.0,-0.0,0.0,0.0,0.0,0.0,0.0,0.0,0.0,0.0,80.0,0.0,0.0,24.0,0.0,0.0,0.0,0.0,True,False,APPLY,APPLIED,
0.009999999999999995,AUXILIARY_START,0.0,0.0,0,0,0.0,0.0,0.0,-0.0,0.0,0.0,0.0,-0.0,0.0,0.0,0.0,0.0,0.0,0.0,0.0,0.0,80.0,0.0,0.0,23.99916008225351,0.40314640907913923,1.9926268781812204,0.3628317681712253,-1.5190770216481967e-09,True,False,APPLY,APPLIED,
0.019999999999999934,AUXILIARY_START,0.0,0.0,0,0,0.0,0.0,0.0,-0.0,0.0,0.0,0.0,-0.0,0.0,0.0,0.0,0.0,0.0,0.0,0.0,0.0,80.0,0.0,0.0,23.994278047970862,2.7458821592857805,7.480844270460465,2.4712939433572023,-2.428481338490087e-10,True,False,APPLY,APPLIED,
0.029999999999999874,AUXILIARY_START,0.0,0.0,0,0,0.0,0.0,0.0,-0.0,0.0,0.0,0.0,-0.0,0.0,0.0,0.0,0.0,0.0,0.0,0.0,0.0,80.0,0.0,0.0,23.983434291039835,7.946051846612134,15.831009116799436,7.151446661950921,2.8855906937318805e-10,True,False,APPLY,APPLIED,
0.04000000000000012,AUXILIARY_START,0.0,0.0,0,0,0.0,0.0,0.0,-0.0,0.0,0.0,0.0,-0.0,0.0,0.0,0.0,0.0,0.0,0.0,0.0,0.0,80.0,0.0,0.0,23.966113981845478,16.24232346964389,26.52433835747033,14.618091122679497,1.0700825642251388e-11,True,False,APPLY,APPLIED,
0.050000000000000405,AUXILIARY_START,0.0,0.0,0,0,0.0,0.0,0.0,-0.0,0.0,0.0,0.0,-0.0,0.0,0.0,0.0,0.0,0.0,0.0,0.0,0.0,80.0,0.0,0.0,23.942563681101586,27.503454456666386,39.13608834729808,24.75310901099975,-3.4477624910860677e-10,True,False,APPLY,APPLIED,
0.06000000000000069,AUXILIARY_START,0.0,0.0,0,0,0.0,0.0,0.0,-0.0,0.0,0.0,0.0,-0.0,0.0,0.0,0.0,0.0,0.0,0.0,0.0,0.0,80.0,0.0,0.0,23.913402057577887,41.41702828997908,53.3185084018035,37.27532546098118,-6.135307572315701e-10,True,False,APPLY,APPLIED,
0.07000000000000098,AUXILIARY_START,0.0,0.0,0,0,0.0,0.0,0.0,-0.0,0.0,0.0,0.0,-0.0,0.0,0.0,0.0,0.0,0.0,0.0,0.0,0.0,80.0,0.0,0.0,23.879391133880276,57.60132576573409,68.78688434119952,51.841193189160684,-7.823009557858529e-10,True,False,APPLY,APPLIED,
0.08000000000000126,AUXILIARY_START,0.0,0.0,0,0,0.0,0.0,0.0,-0.0,0.0,0.0,0.0,-0.0,0.0,0.0,0.0,0.0,0.0,0.0,0.0,0.0,80.0,0.0,0.0,23.841307389909804,75.66878595334892,85.3081119106569,68.10190735801403,-1.441222148568233e-09,True,False,APPLY,APPLIED,
0.09000000000000155,AUXILIARY_START,0.0,0.0,0,0,0.0,0.0,0.0,-0.0,0.0,0.0,0.0,-0.0,0.0,0.0,0.0,0.0,0.0,0.0,0.0,0.0,80.0,0.0,0.0,23.799873975995496,95.25948301248476,102.69134148807412,85.73353471123629,-2.2219403105622204e-09,True,False,APPLY,APPLIED,
0.10000000000000184,AUXILIARY_START,0.0,0.0,0,0,0.0,0.0,0.0,-0.0,0.0,0.0,0.0,-0.0,0.0,0.0,0.0,0.0,0.0,0.0,0.0,0.0,80.0,0.0,0.0,23.755729549900703,116.05645499182887,120.78031861862291,104.45080949264597,-2.5739381841194398e-09,True,False,APPLY,APPLIED,
0.11000000000000212,AUXILIARY_START,0.0,0.0,0,0,0.0,0.0,0.0,-0.0,0.0,0.0,0.0,-0.0,0.0,0.0,0.0,0.0,0.0,0.0,0.0,0.0,80.0,0.0,0.0,23.709418411944277,137.79040908040756,139.44711297483,124.0113681723668,-2.6134832770141614e-09,True,False,APPLY,APPLIED,
0.12000000000000241,AUXILIARY_START,0.0,0.0,0,0,0.0,0.0,0.0,-0.0,0.0,0.0,0.0,-0.0,0.0,0.0,0.0,0.0,0.0,0.0,0.0,0.0,80.0,0.0,0.0,23.66139245125582,160.23852195587463,158.586984063342,144.21466976028717,-3.530529653350545e-09,True,False,APPLY,APPLIED,
0.130000000000002,AUXILIARY_START,0.0,0.0,0,0,0.0,0.0,0.0,-0.0,0.0,0.0,0.0,-0.0,0.0,0.0,0.0,0.0,0.0,0.0,0.0,0.0,80.0,0.0,0.0,23.612019117478926,183.22024030607884,178.1141776211574,164.89821627547096,-4.0390321642824745e-09,True,False,APPLY,APPLIED,
0.1400000000000009,AUXILIARY_START,0.0,0.0,0,0,0.0,0.0,0.0,-0.0,0.0,0.0,0.0,-0.0,0.0,0.0,0.0,0.0,0.0,0.0,0.0,0.0,80.0,0.0,0.0,23.575836902790225,200.0,197.85317993141894,180.0,-4.048460067185289e-09,True,False,APPLY,APPLIED,
0.1499999999999998,AUXILIARY_START,0.0,0.0,0,0,0.0,0.0,0.0,-0.0,0.0,0.0,0.0,-0.0,0.0,0.0,0.0,0.0,0.0,0.0,0.0,0.0,80.0,0.0,0.0,23.575836902790225,200.0,216.35359995860497,180.0,-4.41284042640433e-09,True,False,APPLY,APPLIED,
0.1599999999999987,AUXILIARY_START,0.0,0.0,0,0,0.0,0.0,0.0,-0.0,0.0,0.0,0.0,-0.0,0.0,0.0,0.0,0.0,0.0,0.0,0.0,0.0,80.0,0.0,0.0,23.575836902790225,200.0,233.390999836741,180.0,-4.506246625846089e-09,True,False,APPLY,APPLIED,
0.1699999999999976,AUXILIARY_START,0.0,0.0,0,0,0.0,0.0,0.0,-0.0,0.0,0.0,0.0,-0.0,0.0,0.0,0.0,0.0,0.0,0.0,0.0,0.0,80.0,0.0,0.0,23.575836902790225,200.0,249.26583056211203,180.0,-4.871028941311195e-09,True,False,APPLY,APPLIED,
0.1799999999999965,AUXILIARY_START,0.0,0.0,0,0,0.0,0.0,0.0,-0.0,0.0,0.0,0.0,-0.0,0.0,0.0,0.0,0.0,0.0,0.0,0.0,0.0,80.0,0.0,0.0,23.575836902790225,200.0,264.1879180976086,180.0,-5.238193434564664e-09,True,False,APPLY,APPLIED,
0.1899999999999954,AUXILIARY_START,0.0,0.0,0,0,0.0,0.0,0.0,-0.0,0.0,0.0,0.0,-0.0,0.0,0.0,0.0,0.0,0.0,0.0,0.0,0.0,80.0,0.0,0.0,23.575836902790225,200.0,278.3106636610072,180.0,-4.912007744994895e-09,True,False,APPLY,APPLIED,
0.1999999999999943,AUXILIARY_START,0.0,0.0,0,0,0.0,0.0,0.0,-0.0,0.0,0.0,0.0,-0.0,0.0,0.0,0.0,0.0,0.0,0.0,0.0,0.0,80.0,0.0,0.0,23.575836902790225,200.0,291.750246845676,180.0,-5.067232022870627e-09,True,False,APPLY,APPLIED,
0.2099999999999932,AUXILIARY_START,0.0,0.0,0,0,0.0,0.0,0.0,-0.0,0.0,0.0,0.0,-0.0,0.0,0.0,0.0,0.0,0.0,0.0,0.0,0.0,80.0,0.0,0.0,23.575836902790225,200.0,304.5971629722082,180.0,-4.768683892208969e-09,True,False,APPLY,APPLIED,
0.2199999999999921,AUXILIARY_START,0.0,0.0,0,0,0.0,0.0,0.0,-0.0,0.0,0.0,0.0,-0.0,0.0,0.0,0.0,0.0,0.0,0.0,0.0,0.0,80.0,0.0,0.0,23.575836902790225,200.0,316.92353297313053,180.0,-3.778283630406776e-09,True,False,APPLY,APPLIED,
0.229999999999991,AUXILIARY_START,0.0,0.0,0,0,0.0,0.0,0.0,-0.0,0.0,0.0,0.0,-0.0,0.0,0.0,0.0,0.0,0.0,0.0,0.0,0.0,80.0,0.0,0.0,23.575836902790225,200.00000000000003,328.7879377650743,180.00000000000003,-3.2810685834938624e-09,True,False,APPLY,APPLIED,
0.2399999999999899,AUXILIARY_START,0.0,0.0,0,0,0.0,0.0,0.0,-0.0,0.0,0.0,0.0,-0.0,0.0,0.0,0.0,0.0,0.0,0.0,0.0,0.0,80.0,0.0,0.0,23.575836902790225,200.0,340.2387306327759,180.0,-3.700288686570019e-09,True,False,APPLY,APPLIED,
0.2499999999999888,AUXILIARY_START,0.0,0.0,0,0,0.0,0.0,0.0,-0.0,0.0,0.0,0.0,-0.0,0.0,0.0,0.0,0.0,0.0,0.0,0.0,0.0,80.0,0.0,0.0,23.575836902790225,199.99999999999994,351.3163752770816,179.99999999999997,-4.6115993246331755e-09,True,False,APPLY,APPLIED,
0.2599999999999877,AUXILIARY_START,0.0,0.0,0,0,0.0,0.0,0.0,-0.0,0.0,0.0,0.0,-0.0,0.0,0.0,0.0,0.0,0.0,0.0,0.0,0.0,80.0,0.0,0.0,23.575836902790225,200.0,362.0551384850512,180.0,-5.634009592192513e-09,True,False,APPLY,APPLIED,
0.2699999999999866,AUXILIARY_START,0.0,0.0,0,0,0.0,0.0,0.0,-0.0,0.0,0.0,0.0,-0.0,0.0,0.0,0.0,0.0,0.0,0.0,0.0,0.0,80.0,0.0,0.0,23.575836902790225,200.0,372.4843426610635,180.0,-4.775992601402379e-09,True,False,APPLY,APPLIED,
0.2799999999999855,AUXILIARY_START,0.0,0.0,0,0,0.0,0.0,0.0,-0.0,0.0,0.0,0.0,-0.0,0.0,0.0,0.0,0.0,0.0,0.0,0.0,0.0,80.0,0.0,0.0,23.575836902790225,200.0,382.6293105100731,180.0,-4.937274367122768e-09,True,False,APPLY,APPLIED,
0.2899999999999844,AUXILIARY_START,0.0,0.0,0,0,0.0,0.0,0.0,-0.0,0.0,0.0,0.0,-0.0,0.0,0.0,0.0,0.0,0.0,0.0,0.0,0.0,80.0,0.0,0.0,23.575836902790225,200.0,392.5120895917365,180.0,-5.178785844606182e-09,True,False,APPLY,APPLIED,
0.2999999999999833,AUXILIARY_START,0.0,0.0,0,0,0.0,0.0,0.0,-0.0,0.0,0.0,0.0,-0.0,0.0,0.0,0.0,0.0,0.0,0.0,0.0,0.0,80.0,0.0,0.0,23.575836902790225,200.0,402.1520163709798,180.0,-5.340116349117352e-09,True,False,APPLY,APPLIED,
0.3099999999999822,AUXILIARY_START,0.0,0.0,0,0,0.0,0.0,0.0,-0.0,0.0,0.0,0.0,-0.0,0.0,0.0,0.0,0.0,0.0,0.0,0.0,0.0,80.0,0.0,0.0,23.575836902790225,200.0,411.56616119418374,180.0,-5.4076330080476964e-09,True,False,APPLY,APPLIED,
0.3199999999999811,AUXILIARY_START,0.0,0.0,0,0,0.0,0.0,0.0,-0.0,0.0,0.0,0.0,-0.0,0.0,0.0,0.0,0.0,0.0,0.0,0.0,0.0,80.0,0.0,0.0,23.575836902790225,200.0,420.76968354549365,180.0,-5.691252802364488e-09,True,False,APPLY,APPLIED,
0.32999999999998,AUXILIARY_START,0.0,0.0,0,0,0.0,0.0,0.0,-0.0,0.0,0.0,0.0,-0.0,0.0,0.0,0.0,0.0,0.0,0.0,0.0,0.0,80.0,0.0,0.0,23.575836902790225,200.0,429.7761187503797,180.0,-5.157200666516815e-09,True,False,APPLY,APPLIED,
0.3399999999999789,AUXILIARY_START,0.0,0.0,0,0,0.0,0.0,0.0,-0.0,0.0,0.0,0.0,-0.0,0.0,0.0,0.0,0.0,0.0,0.0,0.0,0.0,80.0,0.0,0.0,23.575836902790225,200.0,438.5976116332273,180.0,-4.4368585472298605e-09,True,False,APPLY,APPLIED,
0.3499999999999778,AUXILIARY_START,0.0,0.0,0,0,0.0,0.0,0.0,-0.0,0.0,0.0,0.0,-0.0,0.0,0.0,0.0,0.0,0.0,0.0,0.0,0.0,80.0,0.0,0.0,23.575836902790225,200.0,447.2451086532587,180.0,-4.263004393934011e-09,True,False,APPLY,APPLIED,
0.35999999999997667,AUXILIARY_START,0.0,0.0,0,0,0.0,0.0,0.0,-0.0,0.0,0.0,0.0,-0.0,0.0,0.0,0.0,0.0,0.0,0.0,0.0,0.0,80.0,0.0,0.0,23.575836902790225,200.0,455.72851719607894,180.0,-4.331520697675728e-09,True,False,APPLY,APPLIED,
0.36999999999997557,AUXILIARY_START,0.0,0.0,0,0,0.0,0.0,0.0,-0.0,0.0,0.0,0.0,-0.0,0.0,0.0,0.0,0.0,0.0,0.0,0.0,0.0,80.0,0.0,0.0,23.575836902790225,200.0,464.0568386331173,180.0,-2.4960776778826244e-09,True,False,APPLY,APPLIED,
0.37999999999997447,AUXILIARY_START,0.0,0.0,0,0,0.0,0.0,0.0,-0.0,0.0,0.0,0.0,-0.0,0.0,0.0,0.0,0.0,0.0,0.0,0.0,0.0,80.0,0.0,0.0,23.575836902790225,200.0,472.23828024330845,180.0,-2.8405707785950085e-09,True,False,APPLY,APPLIED,
0.38999999999997337,AUXILIARY_START,0.0,0.0,0,0,0.0,0.0,0.0,-0.0,0.0,0.0,0.0,-0.0,0.0,0.0,0.0,0.0,0.0,0.0,0.0,0.0,80.0,0.0,0.0,23.575836902790225,200.0,480.28034996184056,180.0,-2.0751884655112462e-09,True,False,APPLY,APPLIED,
0.39999999999997227,AUXILIARY_START,0.0,0.0,0,0,0.0,0.0,0.0,-0.0,0.0,0.0,0.0,-0.0,0.0,0.0,0.0,0.0,0.0,0.0,0.0,0.0,80.0,0.0,0.0,23.575836902790225,200.0,488.18993707075657,180.0,-2.8765489989979187e-09,True,False,APPLY,APPLIED,
0.40999999999997117,AUXILIARY_START,0.0,0.0,0,0,0.0,0.0,0.0,-0.0,0.0,0.0,0.0,-0.0,0.0,0.0,0.0,0.0,0.0,0.0,0.0,0.0,80.0,0.0,0.0,23.575836902790225,200.0,495.97338129975225,180.0,-2.9171858262344585e-09,True,False,APPLY,APPLIED,
0.4199999999999701,EXCITATION_BUILD,0.0,0.0,0.0,0,0.0064037316469227395,3.837748482243692e-05,-3.8377484822435354e-05,-1.0997042991480843e-11,3.246963189689137e-06,-1.0168813095160747e-16,-0.0,4.2566727202132636e-07,-1.2197467635368633e-13,6.064934876070958e-08,1.0251944751449958e-08,-4.96568565533486e-07,4.256672720216128e-07,3.8708277224077825e-08,0.0007879412293706859,3.8708277224077825e-08,80.0,0.0,0.0,23.575836902790225,200.0,503.58579692083146,177.0,2.824869893558457e-09,True,False,APPLY,APPLIED,
0.42999999999996946,EXCITATION_BUILD,0.0,0.0,0,0,0.0001344468285264462,7.028546344707938e-09,7.028065367176816e-09,-8.222477970258621e-11,5.933609583525964e-06,-2.0698136127801657e-15,-0.0,-1.6366167121039857e-12,-1.91475806754453e-14,9.152172134345285e-10,4.518987425204906e-12,-9.180995841476295e-10,0.0,0.0,0.00352130172608706,0.0,80.0,0.0,0.0,23.575836902790225,200.0,511.0097787209241,177.0,2.047635394575309e-08,True,False,APPLY,APPLIED,
0.43999999999996925,EXCITATION_BUILD,0.0,0.0,0.37807010864656604,1.0,15.909454093765998,0.2541352001451217,0.254134730982185,0.000488325110499521,0.011014699447594246,2.3850491186514527e-06,0.0,-7.002932278645404,0.01345627835114715,2.600435646923066,0.06327768239041193,4.3392189493319275,32.214883238230215,9.765179278779176,6.529241365924111,9.765179278779176,80.0,0.0,0.0,23.575836902790225,200.0,518.0496916285175,136.26304971788272,3.627842426467964e-08,False,True,APPLY,APPLIED,
0.44999999999996815,EXCITATION_BUILD,0.0,0.0,0.7272662413954135,1.0,28.030726442374974,1.0328369858144402,1.0327726492001736,0.011527980322395357,0.10116675589967858,0.0035460958093734085,0.0,-50.14177554213418,0.5596908498955152,40.82461298404789,0.1964304062218149,9.120732151864459,29.176383823147912,23.085854349339762,30.214000008266794,23.085854349339762,80.0,0.0,0.0,23.575836902790225,200.0,522.6620197794743,95.67995998782415,3.6335302100454214e-08,False,True,APPLY,APPLIED,
0.45999999999996705,EXCITATION_BUILD,0.0,0.0,1.2049505255282238,1.0,32.564027973056305,1.3836528579294551,1.3832572179085267,0.03308625636591659,0.21830237369502306,0.03732923099010185,0.0,-78.01923570786605,1.8661492603713496,68.49273821774396,0.2651039794574984,9.261393510664579,13.493140563145479,12.293444727426438,41.038430248763845,12.293444727426438,80.0,0.0,0.0,23.575836902790225,200.0,526.2319908637099,83.51245592384971,3.7216255410754684e-08,False,True,APPLY,APPLIED,
0.46999999999996595,EXCITATION_BUILD,0.0,0.0,1.7109853345297696,1.0,31.84425088158496,1.494759695883837,1.4933650444400683,0.06455534434307936,0.3360835720866674,0.14040343893290338,0.0,-82.36783400081822,3.5606055642678527,73.94346890167657,0.2535140785523312,8.170851020589339,0.9490071438284219,0.9345787533491766,44.18172160958608,0.9345787533491766,80.0,0.0,0.0,23.575836902790225,200.0,529.6952187514585,91.96866502064398,3.709698082055013e-08,False,True,APPLY,APPLIED,
0.47999999999996484,EXCITATION_BUILD,0.0,0.0,2.121401264546485,1.0,28.442162069762173,1.4316208140109972,1.4281443185481906,0.0997093802409524,0.43447585807300576,0.3089464441323265,0.0,-70.35505885217933,4.912010098599719,61.97432863175374,0.20223914580065452,8.17849107462493,0.0,0.0,44.18172160958608,0.0,80.0,0.0,0.0,23.575836902790225,200.0,533.7032152530326,105.10778753149657,3.592213704273206e-08,False,True,APPLY,APPLIED,
0.48999999999996374,EXCITATION_BUILD,0.0,0.0,2.442256152812267,1.0,26.030140607845652,1.3749431379379926,1.3676149292112205,0.14176754904195452,0.5139547957167607,0.5312259025340148,0.0,-61.659638532297436,6.391664526928115,53.021433778913284,0.16939205501605387,8.4688126983681,0.0,0.0,44.18172160958608,0.0,80.0,0.0,0.0,23.575836902790225,200.0,538.0932986253306,113.92250999328651,3.532946246664892e-08,False,True,APPLY,APPLIED,
0.49999999999996264,EXCITATION_BUILD,0.0,0.0,2.65164450463596,1.0,24.41387979727061,1.3397868216372117,1.3261472167767476,0.19068897940895196,0.5780712994344596,0.7896999577642204,0.0,-56.07756759049633,8.063489480118907,47.8088141695571,0.14900938168889452,8.119744039250337,0.0,0.0,44.18172160958608,0.0,80.0,0.0,0.0,23.575836902790225,200.0,542.7179224948305,119.57616086393404,3.506520762641685e-08,False,True,APPLY,APPLIED,
0.5099999999999616,EXCITATION_BUILD,0.0,0.0,2.7515801338705,1.0,23.446477576162785,1.3209016934296567,1.2983833770573605,0.2428618740898986,0.6295008631037453,1.06657808144056,0.0,-52.72798569604433,9.86273981121753,45.20302554171367,0.1374343276823761,7.387525826648277,0.0,0.0,44.18172160958608,0.0,80.0,0.0,0.0,23.575836902790225,200.0,547.4694368879473,122.96342834117684,3.555089556073199e-08,False,True,APPLY,APPLIED,
0.5199999999999605,EXCITATION_BUILD,0.0,0.0,2.764203368592823,1.0,23.002867473250102,1.31418599282538,1.2808551040191045,0.29410036764111436,0.6704451185390199,1.3475648454926705,0.0,-51.03200220473173,11.717586605057477,44.42450655368828,0.1322829779979769,6.475212673045471,0.0,0.0,44.18172160958608,0.0,80.0,0.0,0.0,23.575836902790225,200.0,552.2712079541543,124.6726841774687,3.624907796151433e-08,False,True,APPLY,APPLIED,
0.5299999999999594,EXCITATION_BUILD,0.0,0.0,2.7235951774693987,1.0,22.97456203226412,1.3168829050430697,1.2719119277980089,0.3412046798035263,0.7027821184518506,1.62308899137197,0.0,-50.613329627069795,13.577594919714624,44.956095074242874,0.13195762514358803,5.52527692768334,0.0,0.0,44.18172160958608,0.0,80.0,0.0,0.0,23.575836902790225,200.0,557.0669134664433,125.08603493374505,3.568422624056211e-08,False,True,APPLY,APPLIED,
0.5399999999999583,EXCITATION_BUILD,0.0,0.0,2.6626812669367226,1.0,23.2707895183823,1.3271916330802298,1.2708662715613488,0.3825396067414758,0.7281367064218452,1.8883729308978974,0.0,-51.22377712411197,15.4187139869538,46.458287140389196,0.13538241120221292,4.630107572520551,0.0,0.0,44.18172160958608,0.0,80.0,0.0,0.0,23.575836902790225,200.0,561.8135915356331,124.45514465269738,3.582530583301491e-08,False,True,APPLY,APPLIED,
0.5499999999999572,EXCITATION_BUILD,0.0,0.0,2.605022134989299,1.0,23.818470270573595,1.343879521209868,1.2772788121576455,0.4178169498002907,0.7479032024432656,2.142303027290133,0.0,-52.69388279200457,17.23695497938946,48.711742727238864,0.14182988150754958,3.8403101832581594,0.0,0.0,44.18172160958608,0.0,80.0,0.0,0.0,23.575836902790225,200.00000000000003,566.4772873325768,122.95160808235435,3.589825414707093e-08,False,True,APPLY,APPLIED,
0.5599999999999561,EXCITATION_BUILD,0.0,0.0,2.563546160550983,1.0,24.560230868133942,1.3660061889981727,1.290604870258531,0.4475622607484592,0.7632526044869677,2.38585342523918,0.0,-54.901773264224104,19.039105095204896,51.5760361129693,0.15080123507400986,3.1749359161807824,0.0,0.0,44.18172160958608,0.0,80.0,0.0,0.0,23.575836902790225,200.0,571.0303798139524,120.69874705449757,3.6118326551815017e-08,False,True,APPLY,APPLIED,
0.569999999999955,EXCITATION_BUILD,0.0,0.0,2.5431579128716524,1.0,25.451512523275365,1.3927768270339973,1.3101296646881637,0.4726389230977166,0.7751438921661548,2.6207812556846806,0.0,-57.75485584293293,20.835489497724595,54.960377465201006,0.16194487243061073,2.6325335053013177,0.0,0.0,44.18172160958608,0.0,80.0,0.0,0.0,23.575836902790225,200.0,575.4499265177162,117.79027368962323,3.5706902323795475e-08,False,True,APPLY,APPLIED,
0.5799999999999539,EXCITATION_BUILD,0.0,0.0,2.5440240271745416,1.0,26.457798074407965,1.4234862467002682,1.3350367713852682,0.4939533516375974,0.7843446361926623,2.8488538463811244,0.0,-61.17972954061223,22.636030037966798,58.80409580407469,0.17500376973653647,2.200629966801003,0.0,0.0,44.18172160958608,0.0,80.0,0.0,0.0,23.575836902790225,200.0,579.7165870680653,114.3005356384781,3.61671799176122e-08,False,True,APPLY,APPLIED,
0.5899999999999528,EXCITATION_BUILD,0.0,0.0,2.564066705055277,1.0,27.5523618577306,1.4575071812172853,1.364499588011497,0.512316364775137,0.791458118227479,3.0715248196288734,0.0,-65.11677297108747,24.448807978793134,63.064566992594365,0.189783160984832,1.8624228175082749,0.0,0.0,44.18172160958608,0.0,80.0,0.0,0.0,23.575836902790225,200.0,583.8138650426262,110.28998164142517,3.7284577647511696e-08,False,True,APPLY,APPLIED,
0.5999999999999517,EXCITATION_BUILD,0.0,0.0,2.6004572294842796,1.0,28.714539905379443,1.494291810650578,1.3977489712404991,0.5283993080744042,0.796952290368308,3.2898738057088552,0.0,-69.51710383494452,26.279961796803132,67.71019860486535,0.20613120049440714,1.6007740295847661,0.0,0.0,44.18172160958608,0.0,80.0,0.0,0.0,23.575836902790225,200.0,587.7275301679186,105.8082151535135,3.706290985228122e-08,False,True,APPLY,APPLIED,
0.6099999999999506,EXCITATION_BUILD,0.0,0.0,2.6503705805970137,1.0,29.928398967894008,1.5333724421797716,1.434108965838198,0.5427361426502305,0.8011869988965781,3.504659795202947,0.0,-74.34063441813791,28.134088920285908,72.71650295603683,0.22392726619535983,1.400204195905708,0.0,0.0,44.18172160958608,0.0,80.0,0.0,0.0,23.589089186071668,193.8602367455338,591.4028354236227,95.37015536801427,3.7053350165905385e-08,False,True,APPLY,APPLIED,
0.6199999999999495,EXCITATION_BUILD,0.0,0.0,2.711305026080359,1.0,31.181700308960306,1.574357167941733,1.4730072291605023,0.5557429217636627,0.8044375810899511,3.7164013601819335,0.0,-79.55460042840858,30.014724440301492,78.06384567472276,0.24307460853945387,1.2476801451463686,0.0,0.0,44.181752012699,0.0,80.0,0.0,0.0,23.627118536285845,176.20229086316218,594.4471543345312,74.16851097923994,3.7178500500445466e-08,False,True,APPLY,APPLIED,
0.6299999999999484,EXCITATION_BUILD,0.0,0.0,2.7586744652713806,1.0,32.26992218858158,1.6106487786219241,1.5076647669100396,0.5666890140936149,0.806735917765554,3.9046323307579724,0.0,-84.26812510703715,31.67403111388997,83.01072194263737,0.2603369695142775,0.9970661948854769,1.3349218131318397,1.3098572939974027,44.57012524562398,1.3098572939974027,80.0,0.0,0.0,23.67210898367308,155.23743746516348,596.6390237095202,49.11056484800636,3.6663780011991776e-08,False,True,APPLY,APPLIED,
0.6399999999999473,EXCITATION_BUILD,0.0,0.0,2.824912352440823,1.0,33.403543533163486,1.6466723042313973,1.5424822351997511,0.5764358000817774,0.8081754691884269,4.08342766991668,0.0,-89.24283098533286,33.35063542818136,88.02516740120299,0.27894918014298703,0.9387144039868858,2.5167115339080355,2.4476283479854564,45.62912795012415,2.4476283479854564,80.0,0.0,0.0,23.718151863890633,133.6983378959303,597.9105364454595,23.433250316606674,3.73786430696299e-08,False,True,APPLY,APPLIED,
0.6499999999999462,EXCITATION_BUILD,0.0,0.0,2.9054908897300296,1.0,34.6395100709816,1.687103595775005,1.5820682710790075,0.5859850924059685,0.8090776810137528,4.269446936579028,0.0,-94.91996926916208,35.15757693909527,93.67617473360318,0.29997391448940897,0.9438206210694773,3.255902879665223,3.1546765366227185,47.09754941391374,3.1546765366227185,80.0,0.0,0.0,23.76024915324547,113.93079707178426,598.2827840654489,-0.9038845200305019,3.7109211259434005e-08,False,True,APPLY,APPLIED,
0.6599999999999451,EXCITATION_BUILD,0.0,0.0,2.9943070174842576,1.0,35.939113362545214,1.730914555516476,1.6252447537477122,0.5955205193058746,0.8096475687905504,4.461133062660024,0.0,-101.16883729664755,37.070181820641295,99.88846810777106,0.32290496732146906,0.957464221555,3.7245944170540715,3.6039482848744364,48.783065934483126,3.6039482848744364,80.0,0.0,0.0,23.794595184812728,97.75048852784776,597.834759178972,-22.313594392552304,3.612131416197428e-08,False,True,APPLY,APPLIED,
0.669999999999944,EXCITATION_BUILD,0.0,0.0,3.103189714454164,1.0,37.4324233934378,1.7813469665932231,1.6753534968758,0.6052996579355616,0.8101330439369351,4.669206847563014,0.0,-108.62130802633109,39.24451807660844,107.10736948308094,0.3502965802763975,1.163641962973756,4.4363000603900975,4.283249357933866,50.672723369655486,4.283249357933866,80.0,0.0,0.0,23.818643638758513,86.39325080065832,596.670090976811,-40.85904469189974,3.7003803576851624e-08,False,True,APPLY,APPLIED,
0.6799999999999429,EXCITATION_BUILD,0.0,0.0,3.220438061823023,1.0,39.016869102170205,1.8374988495521276,1.7310621886451594,0.6163000252705032,0.8107900249756342,4.893209749978005,0.0,-116.98379723089953,41.649062444180956,115.307238188199,0.38057901863397103,1.2959800240666013,4.963636995107778,4.788960337342365,52.77066815299989,4.788960337342365,80.0,0.0,0.0,23.830918595528015,80.58730371978857,594.9059410594438,-55.14592613661445,3.748488230925773e-08,False,True,APPLY,APPLIED,
0.6899999999999418,EXCITATION_BUILD,0.0,0.0,3.338851650985535,1.0,40.6191855527524,1.8952473138893229,1.7882427382335366,0.6278138975522247,0.8115792147034809,5.1219074670317255,0.0,-125.81091145869561,44.16952854817986,124.01673233560956,0.41247955874223236,1.3816995643437977,5.315044545588936,5.129521848912428,54.958024939629,5.129521848912428,82.19999999999979,0.0,0.0,23.831014542190392,80.54189804959005,592.709262036656,-64.53914357140353,3.751163668574975e-08,False,True,APPLY,APPLIED,
0.6999999999999407,EXCITATION_BUILD,0.0,0.0,3.4569847371568256,1.0,42.22517016250356,1.9536247632179786,1.8459678482585078,0.6395720590006719,0.8124334842345867,5.352216286836798,0.0,-135.0069631328521,46.77583169813373,133.12061105579107,0.4457412488130954,1.4406108282479195,5.583686989196923,5.392467687272367,57.17935000069172,5.392467687272367,85.19999999999982,0.0,0.0,23.819490985856994,85.99265670490539,590.2488990707965,-69.27551768935244,3.729565301036075e-08,False,True,APPLY,APPLIED,
0.7099999999999396,EXCITATION_BUILD,0.0,0.0,3.5747734107265563,1.0,43.830047740508256,2.01230341009956,1.9039288025344399,0.6514753480969883,0.813292827810105,5.582704265803316,0.0,-144.53841067181526,49.45731756379738,142.57543258181505,0.4802682712338084,1.4827098187664092,5.816709139298985,5.621991361694978,59.41136628780994,5.621991361694978,88.19999999999985,0.0,0.0,23.797627991944974,96.31947527352769,587.6807454724171,-69.92783870918207,3.7916269901572264e-08,False,True,APPLY,APPLIED,
0.7199999999999385,EXCITATION_BUILD,6.710903985140841e-05,0.3845064750660951,3.6870757920755564,0.9965238353576159,45.43599814649091,2.070197608266129,1.9609509775815848,0.6636184150493609,0.8141205992933672,5.808401516527872,0.23387774930739,-154.32185579096534,52.225081870113044,152.18803421302434,0.5161074818919815,1.3838363467416173,6.050604492612741,5.8524557603127345,61.645725017175266,5.8524557603127345,91.19999999999986,0.0,0.0,23.76717537177377,110.67167539841664,585.13872719776,-67.21282415616174,2.3883604078939365e-07,False,True,APPLY,APPLIED,
0.7299999999999374,EXCITATION_BUILD,0.0004785318720055307,2.7417856628411417,3.806101783496219,0.9759878057322771,47.01083239240363,2.116731803767,2.005293869081525,0.6777536629947084,0.8150659958394109,5.984494415242136,1.7182627893194777,-163.2813545046496,55.18619381455096,159.9878539419986,0.5525045905566666,1.022733182774843,6.194712576193561,5.9978569012808185,63.86185565402114,5.9978569012808185,94.1999999999999,0.0,0.0,23.73392287748586,126.30107810427972,582.7359476448336,-62.398692867899086,5.351915656724715e-07,False,True,APPLY,APPLIED,
0.7399999999999363,EXCITATION_BUILD,0.001160721505235673,6.650444344007615,3.9531803029661607,0.9439232564304607,48.49111999528289,2.1480606365506536,2.0327266465135025,0.694396773359704,0.8163936231577411,6.098636498316058,4.247291121726376,-170.72684814375842,58.32174861299556,165.1440355196254,0.587847179599231,0.7476743228073843,6.142868912371213,5.9567097541719045,65.99722051044739,5.9567097541719045,97.19999999999992,0.0,0.0,23.706417807572734,139.19564229087968,580.4926608911013,-58.281281418305,7.311798661396862e-07,False,True,APPLY,APPLIED,
0.7499999999999352,EXCITATION_BUILD,0.0020112415590983037,11.523565291764433,3.987778421975475,0.9036759813579289,49.82583066941607,2.1666803327892765,2.0463965177290397,0.7118742562575989,0.8182174025489056,6.164764611631642,7.439298473383243,-176.6058003540323,61.43536782271404,168.0393139080757,0.620653350474331,0.506534622099025,5.800892937335826,5.637827863379647,68.00448024974615,5.637827863379647,100.0,0.0,0.0,23.683874298863444,149.74162736716502,578.3881695608591,-54.369824224921985,8.458698843583079e-07,False,True,APPLY,APPLIED,
0.7599999999999341,READY_TO_RELEASE,0.0028757293411761213,16.476715427132852,4.040408271016079,0.8640672400581498,50.17711472306001,2.1544894662110963,2.0298005431974593,0.7223119927357379,0.820799987068065,6.108802090804155,10.540356847178126,-176.40856886393323,62.7756383940289,165.28338488577631,0.6294357104827816,-0.044608579504000545,3.161398397299942,3.1028590487704513,69.32571883207598,3.1028590487704513,100.0,0.0,0.0,23.665299883288668,158.4155726589079,576.5784827738153,-43.589065600478904,7.49179453363169e-07,False,True,APPLY,APPLIED,
0.769999999999933,READY_TO_RELEASE,0.003579077651015811,20.506604395280252,4.106037143260771,0.8335247695056559,50.237303479259,2.129701661185698,1.999653749683519,0.7328124228162092,0.8240169982285265,6.012471878007561,12.911462235562755,-173.99699564926482,63.76461923203426,160.42520606529706,0.6309466652167922,0.029380683188193757,1.6305873273941114,1.611245508383613,69.99574397155533,1.611245508383613,100.0,0.0,0.0,23.649899834581888,165.596676884178,575.1730823964978,-33.048767480354684,5.83095464246064e-07,False,True,APPLY,APPLIED,
0.7799999999999319,READY_TO_RELEASE,0.004109878730706746,23.547870558008036,4.153179389047183,0.8110052696807915,50.210822347354075,2.106292137819852,1.9715034088126138,0.7413776897654573,0.8274256735709715,5.930091490839278,14.623174133607241,-171.45710792867138,64.4759090964914,156.0280204602421,0.630281670199388,0.17563166462264235,0.8442823753326427,0.8378299735610032,70.33167457241885,0.8378299735610032,100.0,0.0,0.0,23.637106141786735,171.5552128957898,574.1234914732179,-24.25782829248726,4.427553260688555e-07,False,True,APPLY,APPLIED,
0.7899999999999308,READY_TO_RELEASE,0.004505959756895527,25.817247672590813,4.1836043876879465,0.7942982073179995,50.17600947949655,2.087492647361371,1.9488166882757183,0.7481571147064285,0.8307304792673789,5.87005185159073,15.87013044849474,-169.36658704944196,65.02038793946247,152.58582566655082,0.629407981821632,0.281222952574808,0.462271836038113,0.45990729219432414,70.50642902797694,0.45990729219432414,100.0,0.0,0.0,23.62647113391614,176.50337944429447,573.3627681424911,-17.25960677399695,3.4283694616554783e-07,False,True,APPLY,APPLIED,
0.7999999999999297,READY_TO_RELEASE,0.004807412537814269,27.54444487950339,4.203239342584864,0.7815617699073306,50.15971392762393,2.0733043900723005,1.931485561563882,0.7536276397288847,0.8337918766943287,5.829212007388453,16.81405613393804,-167.80586828056036,65.47454610146833,150.02491803695025,0.6289992253252676,0.33789488434678105,0.28673563141720937,0.2856689709452732,70.60697625066572,0.2856689709452732,100.0,0.0,0.0,23.617630575295617,180.6131963191285,572.8303988907427,-11.774240709481404,2.755315671176817e-07,False,True,APPLY,APPLIED,
0.8099999999999286,BRAKE_RELEASE,0.004583853239146183,26.263544451044787,0.9364448194559177,0.06513286900328255,15.663116338883952,1.456733025829818,1.2901174315785393,0.6765117303347302,0.8287172915704607,3.6383418086031893,10.006574930692025,-34.99999999999986,18.353298685952993,68.161523359341,0.06133330336135336,-43.229431593394494,0.0,0.0,70.66348293544375,0.0,100.0,0.0,0.0,23.60961425469161,184.33713714522793,573.4654076573142,126.31187009929764,-2.6759946551990765e-06,False,True,RELEASE,APPLIED,
0.8199999999999275,BRAKE_RELEASE,0.0,0.0,1.6421877519835417,1.0,20.745309188378553,1.1237231679887303,0.9740640275569598,0.5603151153539784,0.8011035868068904,2.6041685755999557,0.0,-34.99999999880406,20.133203241172314,40.4631618133235,0.10759196333035591,-5.570753777849813,0.0,0.0,70.66348293544375,0.0,100.0,0.0,0.0,23.600485605069178,188.57467453165637,578.2253233233723,130.77014175973147,-3.4350801902949257e-06,False,True,RELEASE,APPLIED,
0.8299999999999264,BRAKE_RELEASE,0.0,0.0,1.3754792410418417,1.0,20.55342993039336,1.1101107911780435,0.9831575308739295,0.5155067780115213,0.7755358659981262,2.5641282783346124,0.0,-34.99999999951322,18.3518273151141,40.151873376073084,0.10561087047589743,-5.257484247035759,0.0,0.0,70.66348293544375,0.0,100.0,0.0,0.0,23.59291126737739,192.0881669342879,583.0769381333103,133.9550907643222,-3.4348054642752146e-06,False,True,RELEASE,APPLIED,
0.8399999999999253,BRAKE_RELEASE,0.0,0.0,1.403983763630118,1.0,20.521789100505238,1.10119672489104,0.9846733792253327,0.4930036137349469,0.7531132229916961,2.4730412279685408,0.0,-34.99999999949286,17.523705671872797,39.29161547168215,0.10528595697140392,-4.396901429160696,0.0,0.0,70.66348293544375,0.0,100.0,0.0,0.0,23.592741750230168,192.16677424940806,587.972711459405,134.04062115426385,-3.4347442674498296e-06,False,True,RELEASE,APPLIED,
0.8499999999999241,BRAKE_RELEASE,0.0,0.0,1.4591626530507147,1.0,20.49617172950308,1.0946495924929378,0.9859040843329581,0.4756583509626912,0.7337164262058398,2.3900227632651805,0.0,-34.99999999942824,16.886066857797775,38.564311962772386,0.10502326389132031,-3.669335227235468,0.0,0.0,70.66348293544375,0.0,100.0,0.0,0.0,23.615845368072122,181.44272770074843,592.6596488638846,124.39976163289182,-3.434816365777138e-06,False,True,RELEASE,APPLIED,
0.859999999999923,BRAKE_RELEASE,0.0,0.0,1.5134250809540575,1.0,20.475100289547328,1.0893325615404816,0.9869187029858779,0.4611256914649406,0.716986449994656,2.3176611491892927,0.0,-34.99999999935728,16.353321861413228,37.963903265461404,0.1048074329667553,-3.0687106990708806,0.0,0.0,70.66348293544375,0.0,100.0,0.0,0.0,23.657735475943284,161.94407145866816,596.8192763592003,106.85968024055111,-3.434491627318792e-06,False,True,RELEASE,APPLIED,
0.869999999999922,BRAKE_RELEASE,0.0,0.0,1.5634358298094897,1.0,20.457811851668687,1.084931838785377,0.9877527258408353,0.44880023106524725,0.7025799547378305,2.255037942882784,0.0,-34.99999999928603,15.902773716561107,37.46782168617988,0.104630516439569,-2.572452203333407,0.0,0.0,70.66348293544375,0.0,100.0,0.0,0.0,24.0,0.0,600.0087938883228,-38.8828078211366,-3.434650365230496e-06,False,True,RELEASE,APPLIED,
0.8799999999999208,BRAKE_RELEASE,0.0,0.0,1.6087782996039652,1.0,20.44363808799263,1.0812669610446441,0.9884375439542243,0.43832574958409665,0.6901907033304231,2.2009775039213832,0.0,-34.99999999921638,15.520860502452123,37.05658330931029,0.10448558456820575,-2.16106889466211,0.0,0.0,70.66348293544375,0.0,100.0,0.0,0.0,24.0,0.0,600.0088814731224,-38.87685368081687,-3.434700900362131e-06,False,True,RELEASE,APPLIED,
0.8899999999999197,BRAKE_RELEASE,0.0,0.0,1.6494994571884234,1.0,20.43201543691357,1.0782029015029655,0.9889998117678777,0.4294192230589077,0.6795487028140602,2.1543899400695423,0.0,-34.99999999914955,15.196840917320714,36.71455417912695,0.10436681370356862,-1.8189209936809725,0.0,0.0,70.66348293544375,0.0,100.0,0.0,0.0,23.807701820295016,91.5635544600357,599.9869622775176,43.53530789139046,-3.4344839574540487e-06,False,True,RELEASE,MOVING,
0.8999999999999186,BRAKE_RELEASE,0.0,0.0,1.6857924867913439,1.0,20.422475680832925,1.0756330954334639,0.9894617938056588,0.4218434716700772,0.6704170093563531,2.114301811372588,0.0,-34.99999999908633,14.921770199211133,36.42923530990529,0.10426937823355308,-1.533504689052517,0.0,0.0,70.66348293544375,0.0,100.0,0.0,0.0,24.0,0.0,600.0096584899562,-38.86773991703108,-3.43408856751104e-06,False,True,RELEASE,MOVING,
0.9099999999999175,BRAKE_RELEASE,0.0,0.0,1.7179294967831567,1.0,20.4146335398808,1.0734721484163865,0.9898418887412184,0.41539798834239666,0.6625884246568046,2.07985134371914,0.0,-34.99999999902753,14.688133283659138,36.19058588754956,0.10418931564190656,-1.294775204163944,0.0,0.0,70.66348293544375,0.0,100.0,0.0,0.0,23.87140577836904,61.39449690612332,599.9936615616597,16.390790375402005,-3.4334504512845143e-06,False,True,RELEASE,MOVING,
0.9199999999999164,BRAKE_RELEASE,0.0,0.0,1.7462283127644378,1.0,20.408174209606806,1.0716510062943891,0.9901551806399204,0.4099129145851632,0.6558823447339397,2.050279513338094,0.0,-34.99999999897341,14.489599499734691,35.9904950761337,0.10412339364241512,-1.0946184708027058,0.0,0.0,70.66348293544375,0.0,100.0,0.0,0.0,23.89479085446249,50.27901057191052,599.9975637044618,6.389782605208673,-3.433091776861019e-06,False,True,RELEASE,MOVING,
0.9299999999999153,BRAKE_RELEASE,0.0,0.0,1.7710286646814728,1.0,20.40284174853981,1.070113406279549,0.990413966351619,0.40524421964399854,0.6501418056351036,2.0249206876494688,0.0,-34.99999999892408,14.320827622566522,35.822376515040176,0.10406898785398977,-0.9264455039700739,0.0,0.0,70.66348293544375,0.0,100.0,0.0,0.0,23.913891822762096,41.18363271044927,599.9840037598548,-1.7935875873640938,-3.43291461279982e-06,False,True,RELEASE,MOVING,
0.9399999999999142,BRAKE_RELEASE,0.0,0.0,1.7926744685624003,1.0,20.39842873451797,1.068813203610639,0.990628233379348,0.4012696941511403,0.6452307451857032,2.003193391090628,0.0,-34.999999998879645,14.177305695124698,35.68085556146602,0.10402397370930211,-0.7848795362956782,0.0,0.0,70.66348293544375,0.0,100.0,0.0,0.0,23.929105401830263,33.92888624048144,599.8006601631233,-8.320773631771907,-3.433525466833842e-06,False,True,RELEASE,MOVING,
0.9499999999999131,BRAKE_RELEASE,0.0,0.0,1.8115011613508378,1.0,20.394767342929413,1.0677123325163071,0.9908060769309364,0.3978855902444081,0.6410314919875545,1.984591408244262,0.0,-34.99999999883981,14.055218253433626,35.56152640906672,0.10398663374305503,-0.6655130439699537,0.0,0.0,70.66348293544375,0.0,100.0,0.0,0.0,23.94008586723282,28.686989662141087,599.4170669600575,-13.03671652287612,-3.4342219652483408e-06,False,True,RELEASE,MOVING,
0.959999999999912,BRAKE_RELEASE,0.0,0.0,1.8278272013786305,1.0,20.39172183304058,1.0667792340891642,0.9909540541203813,0.39500379353399145,0.6374424856534557,1.9686753700331416,0.0,-34.99999999880446,13.951335801829199,35.46076222560863,0.103955579829026,-0.5647178066331886,0.0,0.0,70.66348293544375,0.0,100.0,0.0,0.0,23.946759157505262,25.498912651283536,598.8983372179733,-15.904492064606732,-3.4352579170171538e-06,False,True,RELEASE,MOVING,
0.9699999999999109,BRAKE_RELEASE,0.0,0.0,1.841948807314445,1.0,20.38918233247809,1.0659876313153351,0.9910774788030773,0.39254943781212387,0.6343762254940641,1.9550649249480827,0.0,-34.99999999877325,13.862922543185647,35.37556581976213,0.10392968904675917,-0.47949551003564217,0.0,0.0,70.66348293544375,0.0,100.0,0.0,0.0,23.949397686836924,24.23789843632668,598.3082330917921,-17.03813862994427,-3.4352630968736975e-06,False,True,RELEASE,MOVING,
0.9799999999999098,BRAKE_RELEASE,0.0,0.0,1.8541372061991515,1.0,20.387059763805645,1.0653155647902712,0.991180663372945,0.39045889046093385,0.6317574392944745,1.943431555936024,0.0,-34.99999999874574,13.787659173190416,35.303451497125636,0.10390805145324579,-0.4073595498331297,0.0,0.0,70.66348293544375,0.0,100.0,0.0,0.0,23.948533328849837,24.651025787292426,597.7045443484342,-16.6652497309266,-3.4361206620037166e-06,False,True,RELEASE,MOVING,
0.9899999999999087,BRAKE_RELEASE,0.00019031384674468802,1.0904180201370184,1.8560667748698636,0.9804170475814649,20.42964031909411,1.0631542112689105,0.9891147913174964,0.3898061140307643,0.6295574644010888,1.9258488936774092,0.21990942672284963,-34.99999999874491,13.793357566127195,35.07896996851771,0.10434255089188892,-0.4032219473875305,0.0,0.0,70.66348293544375,0.0,100.0,0.0,0.0,23.944867441672454,26.40283601746754,597.1357723227944,-15.085170242033957,-3.4437985021451567e-06,False,True,RELEASE,MOVING,
0.9999999999999076,BRAKE_RELEASE,0.0008779674307387564,5.030382833127517,1.8952923590857622,0.9115284631592135,20.644013397887758,1.0557903557283512,0.9788435529162584,0.3956748338766003,0.6281009691579206,1.878193126446458,0.9893954361944334,-34.99999999861849,14.147939314587436,34.245432207587626,0.10654382229304234,-0.34137146745660907,0.0,0.0,70.66348293544375,0.0,100.0,0.0,0.0,23.939186202746296,29.11665632304926,596.6392716110182,-12.63102926574593,-3.4697969433228337e-06,False,True,RELEASE,MOVING,
1.0099999999999065,BRAKE_RELEASE,0.0019858881932644503,11.378301205891335,1.9932211406346922,0.8097166946853307,21.020681672808912,1.044906473198257,0.9613037167473498,0.40954206365079393,0.6278804201535535,1.802457202211337,2.1476870860415804,-34.9999999982631,14.910971399930325,32.91664104390352,0.11046726449739114,-0.17479539617939643,0.0,0.0,70.66348293544375,0.0,100.0,0.0,0.0,23.93228634785357,32.41085025654593,596.2402754052113,-9.649106922471095,-3.5095516366379087e-06,False,True,RELEASE,MOVING,
1.0199999999999054,BRAKE_RELEASE,0.0034402102577994077,19.710952840951894,2.1400165827470827,0.6929781915420259,21.539717589544903,1.0325115288583053,0.9381394782102961,0.43124746567212263,0.6292702340505515,1.704583843165301,3.5184760935218433,-34.99999999760266,16.088930961827625,31.288728437269032,0.11598985845933753,0.07680560835244954,0.0,0.0,70.66348293544375,0.0,100.0,0.0,0.0,23.9249132521011,35.928878597271904,595.9519913142294,-6.463569305456481,-3.5589242075584337e-06,False,True,RELEASE,MOVING,
1.0299999999999043,BRAKE_RELEASE,0.005177998588562014,29.66774654493006,2.324927612448702,0.5746427202568132,22.18841949531653,1.0205506767984995,0.9107119785562856,0.46057287808551056,0.6325329964906505,1.5886756504806887,4.935696165523107,-34.99999999650071,17.700492703451253,29.543254480787144,0.12308148992503572,0.3979678602654264,0.0,0.0,70.66348293544375,0.0,100.0,0.0,0.0,23.917714136397766,39.36179526209688,595.7767304947419,-3.355527027159006,-3.6147320030543995e-06,False,True,RELEASE,MOVING,
1.0399999999999032,BRAKE_RELEASE,0.007143602181663736,40.92982555297792,2.5390529476674892,0.462662832736142,22.95944381805303,1.0109455414087887,0.8801284377242738,0.4973779456342405,0.6378493959909584,1.4570603788184249,6.245195820565853,-34.99999999474211,19.779190568589375,27.844022981467283,0.1317840151085834,0.7789971776003597,0.0,0.0,70.66348293544375,0.0,100.0,0.0,0.0,23.911207033903416,42.46293990979539,595.7076680808813,-0.5498622471066668,-3.672201905224881e-06,False,True,RELEASE,MOVING,
1.0499999999999021,BRAKE_RELEASE,0.009285673562679134,53.20299050777212,2.7750639373458097,0.3609397632034651,23.848903675890277,1.0055912630398907,0.8473034941833667,0.541563086857681,0.6453407155060142,1.3107568831027683,7.302756321916248,-34.99999999201086,22.370624181080256,26.340520930926644,0.14219255163547323,1.2145301875325192,0.0,0.0,70.66348293544375,0.0,100.0,0.0,0.0,23.90576474408194,45.05531717151095,595.7309852789086,1.7913751129256923,-3.729839681110292e-06,False,True,RELEASE,MOVING,
1.059999999999901,BRAKE_RELEASE,0.011555060715972456,66.2056211042637,3.0267543655396016,0.27088433011465807,24.8547097717291,1.006312322335927,0.8130153037479461,0.5930182172216649,0.655083309755839,1.1499122205559953,7.972383315937941,-34.99999998786262,25.529208982756515,25.171352923618116,0.15443914945922155,1.701824598847315,0.0,0.0,70.66348293544375,0.0,100.0,0.0,0.0,23.90161222023782,47.03253118171639,595.8281613689339,3.569779695701193,-3.786009870943019e-06,False,True,RELEASE,MOVING,
1.0699999999999,BRAKE_RELEASE,0.013903476557870173,79.6610527325038,3.288714718620737,0.19258170695619467,25.97510699115921,1.0147629143192294,0.777947109821132,0.6515689269744248,0.6671164979879229,0.9741869614500758,8.12675134890234,-34.999999981692376,29.31421962274474,24.4655307882415,0.16867654580054203,2.239041298747944,0.0,0.0,70.66348293544375,0.0,100.0,0.0,0.0,23.89883526818284,48.35438521296404,595.9782145602427,4.746638862091004,-3.839860927445926e-06,False,True,RELEASE,MOVING,
1.0799999999998988,BRAKE_RELEASE,0.016282871141804066,93.29397947807368,3.5561311550956813,0.1255105111970718,27.207397132132726,1.0322750478839198,0.7427119657106455,0.7169175060451364,0.6814449839065113,0.7831160361680258,7.650826503602602,-34.99999997270215,33.78444652901304,24.340611355390987,0.1850606146763961,2.823501499032229,0.0,0.0,70.66348293544375,0.0,100.0,0.0,0.0,23.89739805364681,49.03839106162182,596.1597315308518,5.335358124125868,-3.887341646802156e-06,False,True,RELEASE,MOVING,
1.0899999999998977,BRAKE_RELEASE,0.018645487686754867,106.83077514141982,3.8246846462750574,0.06893609084464342,28.546911113799432,1.0596809947969925,0.7078615027003182,0.7885784068364988,0.6980367109595014,0.5764738702672747,6.4491818698826355,-34.99999995986766,38.991023105991495,24.897172984693693,0.20373153353479143,3.4499135717565226,0.0,0.0,70.66348293544375,0.0,100.0,0.0,0.0,23.897166717387368,49.148481973806526,596.3525711453616,5.391440917794405,-3.927983755147579e-06,False,True,RELEASE,MOVING,
1.0999999999998966,BRAKE_RELEASE,0.02094462785575089,120.00387796066651,4.090523616895459,0.02209847931608186,29.986358550987877,1.0971546200549709,0.6738817370486098,0.8658127192299246,0.7168172038387389,0.3546600057326976,4.456933101233897,-34.999999941916094,44.9684914380929,26.209598090256623,0.22479542478710096,4.108673325638446,0.0,0.0,70.66348293544375,0.0,100.0,0.0,0.0,23.897936382358616,48.782196826942894,596.5391738807795,5.001165948330403,-3.957336660143085e-06,False,True,RELEASE,MOVING,
1.1099999999998955,BRAKE_RELEASE,0.02313615967596496,132.56043035735547,4.350274401684672,-0.015724665598263358,31.515704551444433,1.144118316741931,0.6411806323705714,0.9475727514957698,0.7376619007080536,0.11909482474463562,1.6532381291237717,-34.99999991731594,51.72496571112115,28.313931213936826,0.24830990834348385,4.784520665911867,0.0,0.0,70.66348293544375,0.0,100.0,0.0,0.0,23.899459004400644,48.05750805176819,596.7054511080986,4.270002203790369,-3.9748032998332405e-06,False,True,RELEASE,MOVING,
1.1199999999998944,BRAKE_RELEASE,0.025180743647522087,144.27503360038736,4.601042532504338,-0.045234368668606674,33.12266204111315,1.1992474296655575,0.6100735300124138,1.0324750290140865,0.7603886136527738,-0.1274282504368195,-1.9252428646210773,-34.999999884287206,59.23323028830172,31.194927291701916,0.27427768517244955,5.456037772034086,0.0,0.0,70.66348293544375,0.0,100.0,0.0,0.0,23.90146984760829,47.100309329414436,596.8412645195667,3.311632597488277,-3.974640578441324e-06,False,True,RELEASE,MOVING,
1.1299999999998933,BRAKE_RELEASE,0.027046601043315507,154.96560899561075,4.8403594283289655,-0.06717700954637204,34.793718665873165,1.2605821801280608,0.5807732000078334,1.118825242390015,0.784752814694947,-0.3805416413107007,-6.175414771739395,-34.999999840849725,67.4254309686828,34.77618492151208,0.3026507146499828,6.096578976427216,0.0,0.0,70.66348293544375,0.0,100.0,0.0,0.0,23.90371081822124,46.03337512325343,596.9405335376833,2.2382370354980594,-3.957667177090229e-06,False,True,RELEASE,MOVING,
1.1399999999998922,BRAKE_RELEASE,0.028712286917544568,164.50928605439918,5.044100595622357,-0.08713987053293148,36.3721170804411,1.3254300241651287,0.5527293196153868,1.204680475560173,0.8104346012514966,-0.6363420063695457,-10.962500558741022,-34.82103776458175,75.89288797439676,38.90284231144285,0.3307327252283288,6.549963286651513,0.0,0.0,70.66348293544375,0.0,100.0,0.0,0.0,23.90594941341474,44.96737130418519,597.001300517195,1.3320228474939668,-3.921466783296523e-06,False,True,RELEASE,MOVING,
1.149999999999891,BRAKE_RELEASE,0.030043496173606833,172.13655325651092,5.042153375580536,-0.1379830562749837,35.99696400064688,1.3682328082835247,0.47612487063756787,1.2827182563695658,0.8347650131830437,-1.0399761362577238,-18.746711442180803,-29.685705095815948,79.97564972528377,42.288854560373714,0.32394535431596694,5.819616623307091,0.0,0.0,70.66348293544375,0.0,100.0,0.0,0.0,23.908128447436393,43.92953758712308,597.1113759019651,5.446832969360393,-3.825208226615473e-06,False,True,RELEASE,MOVING,
1.15999999999989,BRAKE_RELEASE,0.030823269854371362,176.60432734482984,5.087447231893793,-0.15712471170005107,35.422274306957135,1.3981422376093837,0.3891457914196037,1.3428951074480036,0.8553104062031256,-1.4485523712040658,-26.789472381487457,-23.87533132774162,82.3908836628089,45.345277173130995,0.31368437926932896,5.005842156828745,0.0,0.0,70.66348293544375,0.0,100.0,0.0,0.0,23.910880670367067,42.61843312552279,597.3920606928921,10.015157197790813,-3.680263839456188e-06,False,True,RELEASE,MOVING,
1.169999999999889,BRAKE_RELEASE,0.031184079545549852,178.67161459602448,5.135287944468154,-0.1597636882172854,35.09006300691863,1.4193761427206197,0.32395004269933314,1.3819135299864336,0.8722661215096705,-1.7346549249322347,-32.456170297899966,-19.688961824455394,83.98962540608206,47.696969054442114,0.30782813045737994,4.1403349374560605,0.0,0.0,70.66348293544375,0.0,100.0,0.0,0.0,23.914889983991333,40.70793338765975,597.798830658595,12.437206748546785,-3.5524606047943053e-06,False,True,RELEASE,MOVING,
1.1799999999998878,BRAKE_RELEASE,0.03134495732855356,179.59337639437786,5.149471486790386,-0.16253597969602251,34.977789198496616,1.432129790560818,0.27877081543082216,1.4047357650020187,0.8861907134640415,-1.9117846318757261,-35.95488462451746,-16.88885818052636,85.10353954938864,49.14598397579806,0.3058614343036166,3.391897394942063,0.0,0.0,70.66348293544375,0.0,100.0,0.0,0.0,23.920371915665296,38.094667844362185,598.2541965895028,12.858096076637082,-3.4605482692739997e-06,False,True,RELEASE,MOVING,
1.1899999999998867,BRAKE_RELEASE,0.03145401349931099,180.21822222580374,5.132238326153655,-0.17049787878724562,34.96326435430865,1.4400461145257943,0.2456217090187588,1.4189442512021186,0.8976070782185331,-2.029640827176969,-38.30420998606626,-14.874396361906571,85.92863917503766,50.06501318033937,0.30560746357731744,2.8079857040561897,0.0,0.0,70.66348293544375,0.0,100.0,0.0,0.0,23.927148958449493,34.86235445914337,598.6986267049449,11.946423042336633,-3.3949109230491104e-06,False,True,RELEASE,MOVING,
1.1999999999998856,BRAKE_RELEASE,0.031573120314439124,180.90065400761245,5.10099790845771,-0.18212591113900853,34.9569014163699,1.4466419905167107,0.21851920928788038,1.4300427979254156,0.9069539810172969,-2.1263881473664807,-40.282025287199524,-13.230710825477514,86.58498623103577,50.85221277362482,0.3054962391584511,2.355027099893775,0.0,0.0,70.66348293544375,0.0,100.0,0.0,0.0,23.934832473087873,31.19547678654407,599.0955354280471,10.2756384958546,-3.3376077173130625e-06,False,True,RELEASE,MOVING,
1.2099999999998845,BRAKE_RELEASE,0.03171251857684381,181.699347218337,5.069479157227918,-0.19472725292548246,34.921958872841586,1.4536623926910885,0.1945466227279414,1.4405852850524097,0.9145984118854675,-2.2195358535798584,-42.23224319317328,-11.76746512527213,87.13611608432066,51.70457139697753,0.30488580287910977,1.9902511185889438,0.0,0.0,70.66348293544375,0.0,100.0,0.0,0.0,23.942963297666253,27.31255341193602,599.4253538007728,8.228982181522017,-3.27939719291237e-06,False,True,RELEASE,MOVING,
1.2199999999998834,BRAKE_RELEASE,0.03186428428014943,182.56890064576172,5.0435371812272445,-0.20661944243753405,34.85512796891503,1.4614716877639045,0.17275654664491172,1.4512252305299822,0.9208473519168658,-2.312927872185483,-44.21987474327962,-10.429460003938338,87.61170440405098,52.65936158088053,0.30371998643236076,1.686253179904952,0.0,0.0,70.66348293544375,0.0,100.0,0.0,0.0,23.951095150649977,23.426494002211626,599.6794832412196,6.052459977442183,-3.219036656787466e-06,False,True,RELEASE,MOVING,
1.2299999999998823,BRAKE_RELEASE,0.032019722589950006,183.45949655838368,5.023801927181704,-0.21726864247148894,34.76499033435836,1.469849274177766,0.1529664532640092,1.4618680354179496,0.9259554946855414,-2.405190797754361,-46.20812527199711,-9.210833618677587,88.02598843981914,53.687429041628135,0.3021511382370076,1.4293787108096723,0.0,0.0,70.66348293544375,0.0,100.0,0.0,0.0,23.958838260402413,19.723749230707323,599.856615507742,3.92019802235869,-3.157317486568445e-06,False,True,RELEASE,MOVING,
1.2399999999998812,BRAKE_RELEASE,0.03217405754581907,184.3437707186472,5.008943716699842,-0.2267641053345186,34.66033809014489,1.478497112053354,0.13510127093510424,1.4723115692481086,0.9301321144990549,-2.4944885286642675,-48.15469048117781,-8.110597633550253,88.38796738728216,54.75220585268886,0.30033475913078717,1.2127475029085133,0.0,0.0,70.66348293544375,0.0,100.0,0.0,0.0,23.965881406752867,16.353643190520838,599.9608697043168,1.9682159551407423,-3.094913408219213e-06,False,True,RELEASE,MOVING,
1.24999999999988,BRAKE_RELEASE,0.03232556938910534,185.21186963530224,4.997522214855224,-0.2353579879028628,34.54694581148902,1.4872169879618835,0.11900808497675877,1.4824477882855036,0.9335480743125318,-2.579924189793134,-50.03851104947359,-7.1210945629105105,88.70532524761018,55.82980453368401,0.29837286622548975,1.0314282124746512,0.0,0.0,70.66348293544375,0.0,100.0,0.0,0.0,23.972001789792802,13.423462903958098,599.9962895524733,0.3011612736796181,-3.032320924134524e-06,False,True,RELEASE,MOVING,
1.259999999999879,BRAKE_RELEASE,0.0324738337279992,186.06136172239383,4.988554069202213,-0.24325512056408646,34.42814478990053,1.4959097302947946,0.10447989824616374,1.492256637463247,0.9363425699083427,-2.661375740841794,-51.855043977496265,-6.230271736950693,88.98519723630871,56.908377434993085,0.29632428841858877,0.8806139910350765,0.0,0.0,70.66348293544375,0.0,100.0,0.0,0.0,23.977048782519574,11.006049222926906,599.983123038925,-1.0031368772117482,-2.9723631289613195e-06,False,True,RELEASE,MOVING,
1.269999999999878,BRAKE_RELEASE,0.03261868107800689,186.8912759053033,4.981467429019963,-0.25057712122169884,34.30603677925376,1.504527915274715,0.09131125190169083,1.5017544749781924,0.9386290610282662,-2.7390381171959994,-53.60628648319245,-5.425696207773411,89.23394861203353,57.98223433168357,0.294226039874878,0.7555223194072411,0.0,0.0,70.66348293544375,0.0,100.0,0.0,0.0,23.98100524970955,9.110264128643754,599.9303741479672,-1.9241616778696553,-2.9126687284275476e-06,False,True,RELEASE,MOVING,
1.2799999999998768,BRAKE_RELEASE,0.03275988055160462,187.70028929596523,4.975911376048516,-0.25739303557172183,34.182231016171826,1.5130411843068987,0.07932642460408246,1.510960272068182,0.9405001627593409,-2.813143282600908,-55.29494274753281,-4.6965495925197125,89.45694811675773,59.04762763439521,0.2921062293107349,0.6517584763469273,0.0,0.0,70.66348293544375,0.0,100.0,0.0,0.0,23.98390482147564,7.720504596257592,599.8516687771557,-2.465065674962222,-2.8536037230963984e-06,False,True,RELEASE,MOVING,
1.2899999999998757,BRAKE_RELEASE,0.03289715509101001,188.4868144702183,4.971626470738436,-0.2637501736410105,34.058096115737705,1.521422672299626,0.06838233562647858,1.519885128541497,0.9420315624964734,-2.8838753077547974,-56.922775957406266,-4.033898109468639,89.65856007204025,60.10113408799739,0.28998847775720704,0.565551501120197,0.0,0.0,70.66348293544375,0.0,100.0,0.0,0.0,23.985842779729786,6.7914571919874325,599.7599988943089,-2.6576318475152174,-2.7962270401360456e-06,False,True,RELEASE,MOVING,
1.2999999999998746,BRAKE_RELEASE,0.03303025532858416,189.24942265673707,4.968396117761501,-0.269688233191861,33.934790088509516,1.5296472939981447,0.058361545564433334,1.5285335370986062,0.9432851482237689,-2.951377187230137,-58.490845239101986,-3.4303037578034896,89.84228031536915,61.139476649400905,0.2878924945878009,0.4937798529167523,0.0,0.0,70.66348293544375,0.0,100.0,0.0,0.0,23.98695906330055,6.256248295135763,599.666843786349,-2.554545925208137,-2.740298551628939e-06,False,True,RELEASE,MOVING,
1.3099999999998735,BRAKE_RELEASE,0.03315899804272072,189.98706407304547,4.966030664244739,-0.2752442672907506,33.81324984366396,1.5376932231233278,0.04916502549991667,1.5369070397089741,0.9443115308376605,-3.01577436594427,-60.00003377858002,-2.8794119956542032,90.0109075780081,62.15972617260122,0.2858339662475103,0.4338856353853515,0.0,0.0,70.66348293544375,0.0,100.0,0.0,0.0,23.987420711947227,6.034893495573682,599.5815701826324,-2.2213831859601854,-2.685628277987462e-06,False,True,RELEASE,MOVING,
1.3199999999998724,BRAKE_RELEASE,0.03328326887974744,190.69908352086438,4.96436861548461,-0.28045207955244184,33.69420090940555,1.5455428276572267,0.04070743394639345,1.5450066462459624,0.9451520975832373,-3.077188450630095,-61.451334357584926,-2.3756886089640776,90.16669277395002,63.15942968152763,0.28382479373084657,0.38376849129019774,0.0,0.0,70.66348293544375,0.0,100.0,0.0,0.0,23.98740527648599,6.042294745517324,599.5111063798843,-1.7291503120858582,-2.6335353116024862e-06,False,True,RELEASE,MOVING,
1.3299999999998713,BRAKE_RELEASE,0.0334030104073585,191.38515193732067,4.96327770936678,-0.28534114714916065,33.57818628134313,1.553182578169103,0.032914403841952856,1.55283378477793,0.9458406919042426,-3.135740718888761,-62.84590792069147,-1.9142729163281125,90.31145367338702,64.13660960806297,0.281873648486145,0.34169758047067944,0.0,0.0,70.66348293544375,0.0,100.0,0.0,0.0,23.987086326712053,6.195227919059344,599.4598631520781,-1.1478498799998746,-2.5824653651085328e-06,False,True,RELEASE,MOVING,
1.3399999999998702,BRAKE_RELEASE,0.03351820929086464,192.04519292027277,4.962649236426364,-0.2899373148696533,33.46560018219671,1.560602466854902,0.02572082581663804,1.5603904955724757,0.9464049887643244,-3.191551211780011,-64.18504888737303,-1.490885029539701,90.44666165346021,65.08970185417486,0.2799865988886612,0.30624546384927953,0.0,0.0,70.66348293544375,0.0,100.0,0.0,0.0,23.986621792468565,6.417960086353835,599.42986130218,-0.5413309965081803,-2.5313290983319803e-06,False,True,RELEASE,MOVING,
1.349999999999869,BRAKE_RELEASE,0.03362888676102195,192.6793281129927,4.962394248726077,-0.29426320209884205,33.356718033793555,1.5677953903553483,0.01906952637833452,1.5676794121194502,0.9468676196898898,-3.2447372750112327,-65.47014143437181,-1.1017520011429536,90.57350954534097,66.0174888193048,0.27816765949650213,0.2762369567134897,0.0,0.0,70.66348293544375,0.0,100.0,0.0,0.0,23.98614551238043,6.646315120850764,599.4210183055317,0.03644481810059652,-2.482946594994928e-06,False,True,RELEASE,MOVING,
1.359999999999868,BRAKE_RELEASE,0.03373509191975676,193.28783884879482,4.962438481291882,-0.29833911007984804,33.25172051981432,1.574756658318584,0.012910134497382774,1.5747037376427266,0.9472470923549166,-3.2954127543268754,-66.70263130845356,-0.7435420178858374,90.69296643629906,66.9190470871185,0.27641922938196023,0.2507070098391466,0.0,0.0,70.66348293544375,0.0,100.0,0.0,0.0,23.9857620535448,6.830159916111367,599.4315434155784,0.5437080069183411,-2.4360887813656973e-06,False,True,RELEASE,MOVING,
1.3699999999998669,BRAKE_RELEASE,0.033836896600804835,193.8711367046678,4.96272284287275,-0.30218257760856204,33.150712632426874,1.5814836215330543,0.007198102701502249,1.5814672404115122,0.9475585420801002,-3.343687755679772,-67.88401011258817,-0.4133058333741282,90.80582243092375,67.79370866872645,0.2747424370094368,0.22886484022637887,0.0,0.0,70.66348293544375,0.0,100.0,0.0,0.0,23.98554461073735,6.934407680497082,599.4583915195838,0.9518432451980523,-2.3908598869581965e-06,False,True,RELEASE,MOVING,
1.3799999999998658,BRAKE_RELEASE,0.0339343910072731,194.4297385063443,4.963196018051213,-0.30581005867456273,33.053739047684864,1.5879753732552675,0.0018938804380880946,1.5879742438975804,0.9478143461082071,-3.389668640444039,-69.0158046179519,-0.10842608573811496,90.91272503589309,68.6410299138109,0.2731374162581118,0.21006337362098293,0.0,0.0,70.66348293544375,0.0,100.0,0.0,0.0,23.98553559951159,6.938727856806625,599.4977304543361,1.2451796458071964,-2.346347351078748e-06,False,True,RELEASE,MOVING,
1.3899999999998647,BRAKE_RELEASE,0.034034423497624776,195.0028824574777,4.962084962398688,-0.30995259677572234,33.005503575484425,1.5943279470368026,3.209787112686158e-05,1.5943279467136964,0.9481487334946771,-3.4222599281214268,-69.88478622758133,-0.0018349457110833356,91.14327913904646,69.35994857610683,0.27234081656782894,0.254331780617882,0.0,0.0,70.66348293544375,0.0,100.0,0.0,0.0,23.98574723125571,6.8372661689214365,599.5434075680059,1.2452934042928367,-2.2340748238036667e-06,False,True,RELEASE,MOVING,
1.3999999999998676,BRAKE_RELEASE,0.03415832255046592,195.7127717388243,4.954340628784158,-0.31677644852647163,32.98904481637596,1.6015096055965412,1.1189597128150365e-05,1.6015096055574514,0.9487781789167223,-3.4507249225183223,-70.72258496178742,-0.000639359052607702,91.50817964586248,70.09145264717203,0.2720692694742154,0.35970240419379707,0.0,0.0,70.66348293544375,0.0,100.0,0.0,0.0,23.98614108559822,6.648437522685869,599.5844657964989,1.0593296487619002,-1.8018469454261776e-06,False,True,RELEASE,MOVING,
1.4099999999998887,BRAKE_RELEASE,0.03429678924360539,196.50612745082677,4.946924860411002,-0.32409616745557074,32.97894080694753,1.6099371012442332,1.7829694106336252e-05,1.6099371011455033,0.9497176575967665,-3.483444015505513,-71.68256714501462,-0.0010184535418398255,91.9615408443639,70.94137883810282,0.2719026341870373,0.4703041262665195,0.0,0.0,70.66348293544375,0.0,100.0,0.0,0.0,23.986651794086256,6.403575346575299,599.6179278620162,0.8182762559060617,-1.373969759299598e-06,False,True,RELEASE,MOVING,
1.4199999999999098,BRAKE_RELEASE,0.03443974466649846,197.32520168985485,4.941487204305763,-0.3310783679180338,32.97803531501563,1.6192184987065485,2.5078993231399944e-05,1.6192184985123326,0.9509845763496949,-3.5188212414257967,-72.71238304905334,-0.0014325028818484853,92.48916589511101,71.86868612412778,0.2718877033096046,0.5732417244975778,0.0,0.0,70.66348293544375,0.0,100.0,0.0,0.0,23.98721521771446,6.133426483897336,599.6423119726225,0.5522499227095894,-4.424269590685981e-07,False,True,RELEASE,MOVING,
1.4299999999999309,BRAKE_RELEASE,0.03458070188646201,198.13282706943576,4.9374923849804855,-0.33760764655990333,32.98899635255821,1.6288848255644393,3.271381656513194e-05,1.6288848252359343,0.9525723004642853,-3.5548828130765444,-73.75820568018447,-0.00186922226062336,93.07222742594195,72.82317079145443,0.27206847008727475,0.6648356409035756,0.0,0.0,70.66348293544375,0.0,100.0,0.0,0.0,23.987774606177666,5.8651998296376,599.6571948929789,0.2868612931921284,1.2507686264484619e-06,False,True,RELEASE,MOVING,
1.4399999999999487,BRAKE_RELEASE,0.034716471966876154,198.91073232862394,5.041885961807997,-0.3150550794905025,33.64924975481084,1.6386029572681342,-3.232892514415559e-15,1.6386029572681344,0.9544567181886705,-3.590752557261842,-74.79495629650175,1.9184653865522705e-13,95.5014020093538,73.77389546800657,0.28306800226540935,0.7379928262295365,0.0,0.0,70.66348293544375,0.0,100.0,0.0,0.0,23.988283600011002,5.621126514144432,599.663004811453,0.045249124054072,3.3282718945315537e-06,False,True,RELEASE,MOVING,
1.4499999999999567,BRAKE_RELEASE,0.03484587101836913,199.6521342809783,5.0182684121516,-0.32616882879046555,33.569099708459945,1.6481806854657413,-2.3514526674228477e-14,1.6481806854657413,0.9566145536799135,-3.62465432209547,-75.78254219634776,1.3749001936957939e-12,95.83080622031432,74.69073048312806,0.2817211138091314,0.8100905994091931,0.0,0.0,70.66348293544375,0.0,100.0,0.0,0.0,23.988708366340855,5.417434136575373,599.6608468035254,-0.161683956039,3.81384282022168e-06,False,True,RELEASE,MOVING,
1.4599999999999647,BRAKE_RELEASE,0.03496922980419242,200.35892806033158,4.981954353393067,-0.34056445755986525,33.42986614475533,1.6575479245205087,-1.0375201218212484e-13,1.6575479245205091,0.9590169068909505,-3.656834422322712,-76.72600996205048,6.008527009271347e-12,95.97571561370168,75.5711865490615,0.2793889876140647,0.8754344253691215,0.0,0.0,70.66348293544375,0.0,100.0,0.0,0.0,23.98902754190728,5.264371987773825,599.6521339366716,-0.32266405256571673,4.288898665549823e-06,False,True,RELEASE,MOVING,
1.4699999999999727,BRAKE_RELEASE,0.03508697328611417,201.03354851826066,5.003905555525089,-0.33917761028541943,33.65146250437917,1.6666896216875553,-1.0869380607661576e-13,1.666689621687555,0.9616358631856246,-3.687520707671422,-77.63036433723599,6.333600310881593e-12,97.14474263496973,76.41661289959411,0.2831052321709093,0.930646205464754,0.0,0.0,70.66348293544375,0.0,100.0,0.0,0.0,23.98923167430461,5.166477197021321,599.6385838059948,-0.4335612439620613,4.779782123875975e-06,False,True,RELEASE,MOVING,
1.4799999999999807,BRAKE_RELEASE,0.035199575305654,201.67871056668884,5.080987744326151,-0.3230938596660323,34.21651351488621,1.6756093628166067,-3.1886997878267644e-14,1.6756093628166067,0.9644468831508454,-3.7167824301093826,-78.49749782602012,1.8918200339612667e-12,99.30455300377388,77.22822157737893,0.2926924492785977,0.9765837993609807,0.0,0.0,70.66348293544375,0.0,100.0,0.0,0.0,23.98932190922785,5.1232031381816,599.6219769597535,-0.49486722820569984,5.284132363669869e-06,False,True,RELEASE,MOVING,
1.4899999999999887,BRAKE_RELEASE,0.03530746924532627,202.29689730451486,5.144454942824522,-0.31077635728075387,34.71632392112494,1.684316390200371,-8.050394809698473e-15,1.6843163902003715,0.9674286158193822,-3.744495703429374,-79.32520013285338,4.902744876744691e-13,101.27868039263166,78.0058187968063,0.301305786649118,1.0180755493976363,0.0,0.0,70.66348293544375,0.0,100.0,0.0,0.0,23.98930798293609,5.129881806098633,599.6040083542489,-0.5107976512344647,5.761087610522964e-06,False,True,RELEASE,MOVING,
1.4999999999999967,BRAKE_RELEASE,0.03541103131436757,202.8902642518858,5.189836971413248,-0.30312548267861167,35.122322994139175,1.6928197377700818,-2.6497553316249682e-15,1.6928197377700822,0.9705603146321296,-3.7707380106679156,-80.11543306442258,1.5987211554602254e-13,102.98039989531392,78.75119460307312,0.30839439312615946,1.0558440682231165,0.0,0.0,70.66348293544375,0.0,100.0,0.0,0.0,23.989205917948247,5.178829140694781,599.5861728112143,-0.4882827718126821,6.210862224520497e-06,False,True,RELEASE,MOVING,
1.5100000000000047,BRAKE_RELEASE,0.03551058734055664,203.46067826445852,5.223604230298577,-0.298341587495734,35.471195343277316,1.7011268672303677,-1.1528470232564525e-15,1.7011268672303674,0.973822530128355,-3.7956129515579637,-80.87066713634822,7.194245199571014e-14,104.51368368792994,79.4663197528551,0.3145514247702346,1.089795958723002,0.0,0.0,70.66348293544375,0.0,100.0,0.0,0.0,23.989035655124333,5.260481203148715,599.5696867522017,-0.4359413809759136,6.631953269220503e-06,False,True,RELEASE,MOVING,
1.5200000000000127,BRAKE_RELEASE,0.035606424297203725,204.00978357818417,5.255507244144754,-0.29394286856880636,35.81292098868966,1.7092437901744642,1.2355589059658835e-09,1.7092437901744642,0.9771970562917466,-3.8192233290896276,-81.59333180480652,-7.664146650654402e-08,106.02404826769322,80.15307962102068,0.3206413274355322,1.1196109329916197,0.0,0.0,70.66348293544375,0.0,100.0,0.0,0.0,23.988818815838393,5.364468019985624,599.555445471715,-0.36311452547317913,7.092461334679001e-06,False,True,RELEASE,MOVING,
1.530000000000021,BRAKE_RELEASE,0.03569879857891133,204.53904922592403,5.236210806100604,-0.3020805616892512,35.86846002543203,1.7171756427926093,-8.609051906236813e-15,1.7171756427926093,0.9806678017049121,-3.841483737381222,-82.28181251096146,5.329070518200751e-13,106.68124566150112,80.81149678496448,0.3216366061490039,1.1486791198475856,0.0,0.0,70.66348293544375,0.0,100.0,0.0,0.0,23.988576742173276,5.480553940440803,599.5440127244607,-0.2790205947534652,7.558262346663014e-06,False,True,RELEASE,MOVING,
1.540000000000029,BRAKE_RELEASE,0.035787942821009444,205.04980810993544,5.288948263404139,-0.2923162154861563,36.36138055624235,1.7249261655576649,-1.3522623019143877e-15,1.7249261655576646,0.9842166785664066,-3.8628591673325863,-82.94626980366645,8.526512829121202e-14,108.63543343505759,81.4468048489108,0.33053749898896995,1.1689274557665996,0.0,0.0,70.66348293544375,0.0,100.0,0.0,0.0,23.988328912198913,5.5993978587128295,599.5356375568565,-0.19206963462755677,8.014238208176039e-06,False,True,RELEASE,MOVING,
1.550000000000037,BRAKE_RELEASE,0.03587406476772347,205.54325051695187,5.3224635329603,-0.2872688824394243,36.739001785600635,1.732499555803574,1.2238474109001139e-09,1.7324995558035743,0.9878303755780292,-3.8831057569629563,-83.58167245512537,-7.78780773202925e-08,110.24556092016721,82.05743348026232,0.3374385630505917,1.186800489690249,0.0,0.0,70.66348293544375,0.0,100.0,0.0,0.0,23.98809178846923,5.713105424732537,599.5302921719519,-0.10937114365608647,8.489631937891318e-06,False,True,RELEASE,MOVING,
1.5600000000000451,BRAKE_RELEASE,0.03595735105535807,206.0204457942294,5.304629664044364,-0.2945952173982993,36.82255216451669,1.7398992866034142,-7.792791526335093e-15,1.7398992866034142,0.9914953306634183,-3.9021805577809134,-84.18724571851277,4.97019092549067e-13,110.96822095863124,82.64370053051724,0.3389750869771383,1.2045701010177225,0.0,0.0,70.66348293544375,0.0,100.0,0.0,0.0,23.987878102074422,5.815572196091438,599.5277241356454,-0.03642216916003438,8.954464906452131e-06,False,True,RELEASE,MOVING,
1.5700000000000531,BRAKE_RELEASE,0.03603796906177181,206.48235294625596,5.354021159424064,-0.28552818400682506,37.3167435420072,1.74712778970439,-1.4831135459374047e-15,1.7471277897043898,0.9951961930732821,-3.9205344138923777,-84.77285874807912,9.592326932761353e-14,112.92472376435175,83.21055707084264,0.34813483714498406,1.2141668400913375,0.0,0.0,70.66348293544375,0.0,100.0,0.0,0.0,23.987696553129354,5.902627001812942,599.527516337643,0.023022666463632824,9.410998856651531e-06,False,True,RELEASE,MOVING,
1.5800000000000611,BRAKE_RELEASE,0.03611606500896942,206.92980976340593,5.385801097448163,-0.28071204276649436,37.69903945573575,1.7541880401884042,1.6170538187564472e-09,1.754188040188404,0.9989220773379318,-3.937927115424678,-85.33345902075665,-1.0558821017525588e-07,114.54260553591637,83.75635528831614,0.3553043939712802,1.2217994440573676,0.0,0.0,70.66348293544375,0.0,100.0,0.0,0.0,23.98755187409124,5.972001319433091,599.5291487187646,0.06691943690600954,9.873143380190186e-06,False,True,RELEASE,MOVING,
1.5900000000000694,BRAKE_RELEASE,0.036191767248703266,207.3635516470496,5.316789601388088,-0.30005490276132,37.47741051272716,1.761082610312543,-4.3389320419491744e-14,1.7610826103125432,1.002662767207193,-3.954126932927825,-85.86410497701164,2.8244073746463982e-12,114.31676653783785,84.27950810624927,0.3511390746848681,1.2334577960746742,0.0,0.0,70.66348293544375,0.0,100.0,0.0,0.0,23.987445184243338,6.023159095224102,599.5320567173972,0.09478421544257554,1.0289411619623934e-05,False,True,RELEASE,MOVING,
1.6000000000000774,BRAKE_RELEASE,0.03626519052095672,207.7842360088659,5.381032370483416,-0.28713985039144196,38.07683282310765,1.7678123335821376,-1.0729002239060186e-14,1.7678123335821376,1.0064031630092964,-3.969992357211756,-86.38351752061583,7.087663789206999e-13,116.58900719474089,84.7886130936468,0.3624612994597221,1.2324431275083185,0.0,0.0,70.66348293544375,0.0,100.0,0.0,0.0,23.987374557661333,6.057024286676008,599.535682552647,0.10745152293452431,1.0717239295132686e-05,False,True,RELEASE,MOVING,
1.6100000000000854,BRAKE_RELEASE,0.03633643114658229,208.1924147266876,5.422820140174645,-0.2797302839058856,38.54017238068921,1.7743795107144398,-3.778637652661029e-15,1.7743795107144402,1.010135934377785,-3.9850234485730387,-86.88091809395408,2.531308496145357e-13,118.44610778078129,85.2794480909016,0.37133622178330994,1.2301337812690463,0.0,0.0,70.66348293544375,0.0,100.0,0.0,0.0,23.987335720557734,6.075646452812588,599.5395167183124,0.10676482149890454,1.1163306592010258e-05,False,True,RELEASE,MOVING,
1.6200000000000934,BRAKE_RELEASE,0.03640557399400905,208.58857406079466,5.453875775722693,-0.274864473379359,38.93871542846255,1.780785420165348,-1.8233223864981953e-15,1.7807854201653475,1.0138514418610516,-3.9993018391112485,-87.35812741688463,1.2789769243681803e-13,120.1029953832047,85.75321247272836,0.379055889804697,1.225859054351261,0.0,0.0,70.66348293544375,0.0,100.0,0.0,0.0,23.98732280330236,6.081840188546475,599.5431282766473,0.09525863518671684,1.1628510375061296e-05,False,True,RELEASE,MOVING,
1.6300000000001014,BRAKE_RELEASE,0.03647269239296486,208.973134159579,5.4825555293107575,-0.2705336227626569,39.30707263106968,1.7870311944792734,2.93805123449029e-09,1.7870311944792732,1.0175408696605213,-4.012886218777322,-87.8164587992599,-2.0002796219387164e-07,121.66438417700525,86.21084301591206,0.38626148970604673,1.2193544936699823,0.0,0.0,70.66348293544375,0.0,100.0,0.0,0.0,23.98732907840141,6.0788313222410855,599.546183656784,0.07583784048015385,1.213585420245522e-05,False,True,RELEASE,MOVING,
1.6400000000001094,BRAKE_RELEASE,0.036537849640526046,209.34645768857345,5.503432517842053,-0.2679750744035658,39.65171827931641,1.7931178179074323,1.482940661086615e-09,1.7931178179074325,1.021196183642727,-4.025816711990226,-88.25681142180947,-1.0184656318301677e-07,123.1491632576616,86.65305720597064,0.39306469062556887,1.210689627059807,0.0,0.0,70.66348293544375,0.0,100.0,0.0,0.0,23.987347630909944,6.06993551435467,599.5484545981849,0.05148834031126803,1.2671099973715627e-05,False,True,RELEASE,MOVING,
1.6500000000001174,BRAKE_RELEASE,0.036601100616912866,209.70885908827807,5.521884871039249,-0.2659255790726024,39.97385382643219,1.7990461651772736,1.226223934288448e-09,1.7990461651772736,1.024810047979632,-4.038128073388461,-88.67995915084293,-8.489975522607551e-08,124.56010202392393,87.08048147563301,0.39947724743424196,1.2000005126759845,0.0,0.0,70.66348293544375,0.0,100.0,0.0,0.0,23.987371922061712,6.058288043329854,599.5498165956215,0.025033918183305026,1.3160819580804173e-05,False,True,RELEASE,MOVING,
1.6600000000001254,BRAKE_RELEASE,0.036662492977567775,210.06061140426525,5.539232820511584,-0.26407764523165356,40.285815856005435,1.804817108366793,1.3710224864506092e-09,1.804817108366793,1.0283757633588873,-4.049859767393993,-89.08677316932993,-9.566593917043065e-08,125.93486755187143,87.49375367984914,0.4057367397959947,1.1872828453502393,0.0,0.0,70.66348293544375,0.0,100.0,0.0,0.0,23.987396222216823,6.046636231637143,599.5502396770544,-0.0010509790787294193,1.3641574533096446e-05,False,True,RELEASE,MOVING,
1.6700000000001334,BRAKE_RELEASE,0.03672206828970484,210.40195279912805,5.555408675151684,-0.262445093914915,40.58633646534197,1.8104314735339953,1.9613362972321637e-09,1.8104314735339948,1.0318873185029929,-4.061041100794991,-89.47789717841506,-1.3787722963343185e-07,127.26898185295923,87.89338237428215,0.411812676919487,1.1727022650902654,0.0,0.0,70.66348293544375,0.0,100.0,0.0,0.0,23.98741590354603,6.0371991082344465,599.5497736102802,-0.024767380719324272,1.4116776611672321e-05,False,True,RELEASE,MOVING,
1.6800000000001414,BRAKE_RELEASE,0.036779863341997183,210.73309405643695,5.569637904950638,-0.261201641547316,40.867064672204876,1.8158901067791693,3.4735976322960843e-09,1.8158901067791695,1.0353393506155713,-4.071695204529092,-89.85383591570717,-2.4587455271785075e-07,128.53566091780527,88.27979105384426,0.4175292437305441,1.1565158640069058,0.0,0.0,70.66348293544375,0.0,100.0,0.0,0.0,23.987427595398977,6.031592901342656,599.5485296797243,-0.044659027011146435,1.4593033743182104e-05,False,True,RELEASE,MOVING,
1.6900000000001494,BRAKE_RELEASE,0.03683591124159087,211.0542248661661,5.570658673469283,-0.2628920997040505,41.08829428010131,1.821193929190933,-2.819914258496194e-15,1.8211939291909334,1.038727191334714,-4.081824558894446,-90.21463629310898,2.0250467969162855e-13,129.6089325614463,88.65319201884466,0.4220619817120516,1.1393822925520993,0.0,0.0,70.66348293544375,0.0,100.0,0.0,0.0,23.98742921526957,6.030816178030365,599.5466610456918,-0.05982593556411331,1.5043011561743924e-05,False,True,RELEASE,MOVING,
1.7000000000001574,BRAKE_RELEASE,0.03689024214860423,211.3655180330644,5.5543707269219995,-0.2684636323641914,41.17317568786076,1.82634401604033,-1.3889854525593081e-14,1.8263440160403295,1.0420468594650758,-4.091407445017115,-90.5598068251701,9.912071163853398e-13,130.24395596878836,89.01356478540285,0.42380759905586224,1.122434440709938,0.0,0.0,70.66348293544375,0.0,100.0,0.0,0.0,23.987419895470687,6.0352849934712065,599.5443434430767,-0.06989285457070604,1.5511475119467377e-05,False,True,RELEASE,MOVING,
1.7100000000001652,BRAKE_RELEASE,0.03694288523516145,211.66714070109145,5.620122208566482,-0.25541244386974027,41.783757055858,1.831340919481874,1.3382228818671871e-09,1.831340919481874,1.0452928580355407,-4.100865505733246,-90.89868224588136,-9.68493125697023e-08,132.53705445307375,89.36485999139649,0.4364705884257408,1.0973517629081897,0.0,0.0,70.66348293544375,0.0,100.0,0.0,0.0,23.98739982989214,6.0449063660383215,599.5417576386081,-0.07494143471265957,1.600370531207318e-05,False,True,RELEASE,MOVING,
1.7200000000001732,BRAKE_RELEASE,0.03699386590866633,211.95923844394787,5.62233481712203,-0.25665016011056374,41.99085027775441,1.8361865737740604,-2.173493246494094e-15,1.8361865737740608,1.048464693249985,-4.109661396859333,-91.21935758726191,1.4921397450962104e-13,133.54637490615875,89.70237234445133,0.44080787676219707,1.0761773660484266,0.0,0.0,70.66348293544375,0.0,100.0,0.0,0.0,23.987370067578023,6.05917725868839,599.539074675526,-0.07542631746154616,1.646880575378873e-05,False,True,RELEASE,MOVING,
1.7300000000001807,BRAKE_RELEASE,0.03711878573076904,212.67497630234885,5.933079674959861,-0.19485431936204753,43.253857493521814,1.8318328875305767,-2.383533709864899e-13,1.8318328875305767,1.0517323230756568,-4.033407734957457,-89.82911848722738,1.7852386235972517e-11,137.23703425375987,88.56072803242016,0.4677240470174734,0.8006664077718852,0.0,0.0,70.66348293544375,0.0,100.0,0.0,0.0,23.98733280671995,6.07704361871206,599.5367942569972,-0.04736953903858865,1.6710317623847004e-05,False,True,RELEASE,MOVING,
1.7400000000001876,BRAKE_RELEASE,0.037415959032092674,214.37765389733028,5.893459827632659,-0.21251726584655736,44.10068198347293,1.8265339398968283,-2.987596469740212e-15,1.8265339398968283,1.0549090518502744,-3.9540233788747647,-88.7661460535489,2.2815083156046967e-13,139.51910428390823,87.34320054813382,0.4862175378518535,0.9367279675629447,0.0,0.0,70.66348293544375,0.0,100.0,0.0,0.0,23.98729390547839,6.095696473612995,599.5357130066384,-0.016042848944586297,1.6922635829530464e-05,False,True,RELEASE,MOVING,
1.7500000000001958,BRAKE_RELEASE,0.03786181713814235,216.93223267116454,5.9386676150587405,-0.21762571861005356,45.27229886564653,1.8264729849079946,-5.473092587070198e-09,1.8264729849079948,1.0583338752473996,-3.889849324024751,-88.36605828069105,4.291666542144412e-07,143.22090982800924,86.68120006417911,0.5123952611451053,1.17246252620032,0.0,0.0,70.66348676651154,0.0,100.0,0.0,0.0,23.987259007935375,6.112429533444552,599.5354635305926,-0.0008161270598829873,1.7342011695120618e-05,False,True,RELEASE,MOVING,
1.7600000000002052,BRAKE_RELEASE,0.03843682780062449,220.22680108468938,5.8052222454911,-0.2645327016017859,46.25732772096373,1.8301180930340464,-1.0404873895196438e-11,1.8301180930340464,1.0622787247766132,-3.8294621154051196,-88.31542553930507,8.336371593031799e-10,146.62913817701263,86.34367632660766,0.53493509197116,1.4368141198925741,0.0,0.0,70.66354389906881,0.0,100.0,0.0,0.0,23.987230150020856,6.126266608619203,599.5355153852189,0.0016407718773026048,1.7831454815819825e-05,False,True,RELEASE,MOVING,
1.7700000000002127,BRAKE_RELEASE,0.03913975538352281,224.25427946502995,6.147047366501736,-0.2160541806738038,48.40760562372458,1.835920558758549,-4.06601417837124e-12,1.8359205587585488,1.0668866794216318,-3.765975106342803,-88.43960666561617,3.4091129919033847e-10,153.93171720455626,86.14988410141513,0.585824070555513,1.7038984933045924,0.0,0.0,70.66388589949283,0.0,100.0,0.0,0.0,23.987206721663274,6.137500242217329,599.5354957881258,-0.004203005572681384,1.8166580247225284e-05,False,True,RELEASE,MOVING,
1.7800000000002154,BRAKE_RELEASE,0.039966122555612875,228.98901459392215,6.337387149909074,-0.20443441004551102,50.32500660969479,1.8442624314610108,-0.005679668231078974,1.8442536857675695,1.0720482504862399,-3.7358171138101124,-89.58367476953455,0.4950709413734504,160.75523625628307,86.41832346927598,0.6331515725664563,2.037128786318604,0.49507138909599446,0.49243091686585705,70.69640870911327,0.49243091686585705,100.0,0.0,0.0,23.98718672497389,6.14708841219529,599.5351549512465,-0.01857417212468615,1.8337323481887324e-05,False,True,RELEASE,MOVING,
1.7900000000002143,BRAKE_RELEASE,0.040721142050746666,233.31495764604858,6.479702968161425,-0.20023483994282656,51.45484566212015,1.8563507131435433,-0.03254933791699807,1.856065330420701,1.076738539232748,-3.817614185799638,-93.27456573293559,2.900875340846607,165.41700976368978,87.87721283300026,0.6619002855281513,1.8345772735605834,2.9008753408502472,2.85185388923753,71.2370325223762,2.85185388923753,100.0,0.0,0.0,23.987166841417494,6.156622320418354,599.5340526287797,-0.04277379471576204,1.8426679687877368e-05,False,True,RELEASE,MOVING,
1.8000000000002132,BRAKE_RELEASE,0.04137253218434629,237.04714819322075,6.669201614208197,-0.1847852357030306,52.72517630484384,1.8624701719361239,-0.05335910055806699,1.8617056555050284,1.0809418512275002,-3.848924753036405,-95.54385793207547,4.87289628935455,170.01595764734657,88.48171091919227,0.6949860540942168,1.49426466943423,4.872896289365706,4.7600038419483734,72.41689193716252,4.7600038419483734,100.0,0.0,0.0,23.98714329131837,6.167914268019849,599.5323936947829,-0.04833811958669365,1.8461425515425844e-05,False,True,RELEASE,MOVING,
1.810000000000212,BRAKE_RELEASE,0.04201954401513426,240.75425291313906,6.835493104644146,-0.17403991795689014,54.138463168483845,1.8640957507301,-0.06714559796086006,1.8628860503435236,1.084751052362893,-3.8364542237280173,-96.7236342695923,6.29628091666466,174.68388464625562,88.39479171350933,0.7327432985613206,1.2998183408570299,6.296280916683292,6.129030042269109,74.03672826270854,6.129030042269109,100.0,0.0,0.0,23.987115673267212,6.181156714231205,599.5308214207859,-0.039717284615285564,1.8449459911806798e-05,False,True,RELEASE,RELEASED,
1.820000000000211,LOWERING,0.04277597792224216,245.08829994892636,7.4240380432725965,-0.10042674224986767,55.9963685240271,1.847675222795615,-0.08726354014865188,1.8456133949160507,1.0875081239544342,-3.73909350377563,-95.96602870002324,8.463564691385354,179.00337685762176,86.25084404525134,0.7838983219696634,0.46772164141712835,8.4635646914184,8.201367074692053,76.14614908524804,8.201367074692053,103.00000000000003,0.0,0.0,23.987087379669624,6.194723043304089,599.5304227677219,0.020534136353517418,1.834620783824903e-05,False,True,RELEASE,RELEASED,
1.83000000000021,LOWERING,0.04373758499481632,250.59790262976938,7.57921775191723,-0.10212738232507981,58.022305603145035,1.831742514453971,-0.10068698519741476,1.8289731464048373,1.089176210724233,-3.639621524812587,-95.51295347427211,10.118798478406799,183.80737743415276,84.20464789609841,0.8416469868761892,0.34786011289102703,10.118798478451858,9.781742597958383,78.66562287457428,9.781742597958383,106.00000000000004,0.0,0.0,23.98706799034167,6.204019898521923,599.5322180232013,0.07476083096722164,1.8243166259424015e-05,False,True,RELEASE,RELEASED,
1.8400000000002088,LOWERING,0.044872308448290994,257.0993891096302,7.7741045313854995,-0.10237514846746384,60.24961709598627,1.822541773779838,-0.11234195160350183,1.8190760850174668,1.0903856888229453,-3.562724605109147,-95.92060643806403,11.723489065705696,189.83040874753868,82.89658921422411,0.9075040900532405,0.3930240680808339,11.723489065762424,11.313575612134944,81.51184637768061,11.313575612134944,109.00000000000007,0.0,0.0,23.987065318074922,6.205301204106929,599.5354767658333,0.10299273138438014,1.8164311352819595e-05,False,True,RELEASE,RELEASED,
1.8500000000002077,LOWERING,0.04614290108788587,264.3793486825475,8.00736564412799,-0.10056732110734319,62.673505692061205,1.8181609716816682,-0.1231691810404749,1.81398419832926,1.091539589140716,-3.5013565527233617,-96.93764945144108,13.370469853355754,196.91468948108837,82.09301026888333,0.9819920789332073,0.49217725026892367,13.370469853424751,12.88607704647849,84.6534487012431,12.88607704647849,112.00000000000009,0.0,0.0,23.987081416442663,6.197582311499822,599.5393431347583,0.1099200765086561,1.8105244596000603e-05,False,True,RELEASE,RELEASED,
1.8600000000002066,LOWERING,0.04752627732811619,272.30551068693484,8.270181098247503,-0.09753949138484966,65.28718200635653,1.8166551040749364,-0.1334707585908488,1.8117453804998926,1.0928437820493204,-3.4488376128944678,-98.34624771003642,15.092968988960852,204.87346541276645,81.58111009121374,1.0656040335827814,0.6065645962790285,15.092968989042559,14.531399012969343,88.07269530472809,14.531399012969343,115.00000000000011,0.0,0.0,23.987114189019348,6.181868388220211,599.5431747185505,0.10186555657616658,1.805492150452892e-05,False,True,RELEASE,RELEASED,
1.8700000000002055,LOWERING,0.04900929899628613,280.8025989381936,8.55639568721293,-0.0939286790185807,68.08436761556287,1.8167810060042804,-0.14337093983045215,1.8111151253827178,1.094381552271476,-3.4012634336695555,-100.01612195150763,16.907101795425366,213.5768086914385,81.23207309330112,1.158870278402777,0.7180767843782121,16.907101795520152,16.265323545095328,91.75720282042367,16.265323545095328,118.00000000000016,0.0,0.0,23.98715923734445,6.160268370953166,599.5465367331972,0.08413803581530566,1.8009195120072263e-05,False,True,RELEASE,RELEASED,
1.8800000000002044,LOWERING,0.05058429597305169,289.82666688964673,8.86236167298543,-0.09010320869325691,71.05894024873766,1.8178133463173518,-0.1529166569847867,1.811370160421686,1.0961676711406534,-3.3566098628212218,-101.87504806020786,18.82062964475695,222.9392638517606,80.97430064274667,1.2623432473184175,0.8177745253857864,18.82062964486514,18.095662588371333,95.69683467723179,18.095662588371333,121.00000000000018,0.0,0.0,23.987211224531507,6.135341169317216,599.5491638395732,0.0610106588359276,1.7967840506116772e-05,False,True,RELEASE,RELEASED,
1.8900000000002033,LOWERING,0.052246354454735584,299.3495605200876,9.18593211840922,-0.08626087754401177,74.20459092710831,1.8193366150350905,-0.1621173888035057,1.8120992442619892,1.0981812915815043,-3.313898073467579,-103.88345602395151,20.836319233418475,232.9020878928851,80.76895719926196,1.376580328664872,0.9015992626068652,20.836319233540202,20.025467459310672,99.88220439931237,20.025467459310672,124.0000000000002,0.0,0.0,23.987264809504143,6.109647736472313,599.5509268382915,0.03590520953392495,1.7930193028092845e-05,False,True,RELEASE,RELEASED,
1.9000000000002022,LOWERING,0.05399185898826737,309.3505648093199,9.52576489162465,-0.08250472386845838,77.51469300097949,1.8211108668631777,-0.17096637750462987,1.8130679212787646,1.100384840330403,-3.2726936150604944,-106.0192873056895,22.953840974842127,243.4213869946054,80.59508539779561,1.5021319077590252,0.9682290252928851,22.953840974977787,22.054826793823537,104.30396923942884,22.054826793823537,127.00000000000023,0.0,0.0,23.98731525908777,6.085457584831402,599.5518046341766,0.011500360970686074,1.7893339588681556e-05,False,True,RELEASE,RELEASED,
1.910000000000201,LOWERING,0.05581774725770754,319.81213397945663,9.88092915513668,-0.07888684339366912,80.98230683387902,1.8229947977709673,-0.17945209873616608,1.814140837134536,1.102734616403358,-3.2328337162124123,-108.2696971786439,25.17093296281587,254.46131707690733,80.44133830636486,1.6395335050341326,1.0178924044284514,25.170932962965402,24.181960593723744,108.95255702427761,24.181960593723744,130.00000000000026,0.0,0.0,23.987358815880444,6.0645723866677255,599.5518589215994,-0.010215084718442569,1.785825287115017e-05,False,True,RELEASE,RELEASED,
1.9200000000002,LOWERING,0.0577211463290816,330.71780733134204,10.250696947379355,-0.07543194064117356,84.60025063642418,1.8249032785738428,-0.1875640259054332,1.8152387480261947,1.1051866421605423,-3.1942835195114134,-110.62662386777524,27.484119171276788,265.9904415798,80.30151804469311,1.789300601936448,1.0516860498701135,27.484119171440465,26.403892049532907,113.81812020635539,26.403892049532907,133.00000000000028,0.0,0.0,23.987392876177815,6.048240643226985,599.5512104158915,-0.027902205347494657,1.7824560952561797e-05,False,True,RELEASE,RELEASED,
1.930000000000199,LOWERING,0.05969920841594566,342.05126825055714,10.634436661712403,-0.07214978135468848,88.36119645576072,1.826784053775338,-0.1952951845225643,1.8163148873557562,1.1076998058640621,-3.1570615403873767,-113.08444492893148,29.889162761946494,277.97987660494664,80.17218796838893,1.9519252597733854,1.0711689388227796,29.88916276212381,28.716871231079978,118.89059833250035,28.716871231079978,136.00000000000028,0.0,0.0,23.9874160198397,6.037143345810035,599.5500166479903,-0.04082081629358392,1.7793143165079073e-05,False,True,RELEASE,RELEASED,
1.9400000000001978,LOWERING,0.06174904924468986,353.79599106662124,11.031560496053817,-0.06904183741179151,92.25776962254612,1.8286047853481093,-0.2026429965371845,1.8173418162119188,1.1102374390639402,-3.121201785974732,-115.63874567086059,32.38136688910009,290.40239790800376,80.05139254046463,2.1278740139316987,1.0781122273634054,32.38136688929075,31.1166575338031,124.15982399719748,31.1166575338031,139.0000000000003,0.0,0.0,23.987427928202973,6.031433322787528,599.5484519104543,-0.048758467205549216,1.7763084390054473e-05,False,True,RELEASE,RELEASED,
1.9500000000001967,LOWERING,0.06386773778136734,365.93518219205805,11.441500003560494,-0.06610491654119433,96.28264074650916,1.8303456301554015,-0.20960925384120477,1.8183039037886672,1.1127679717913352,-3.0867352411383333,-118.28567818891723,34.95578604832703,303.2320427981975,79.93796546440882,2.3175867272803368,1.0743399489009704,34.955786048530776,33.59872020619346,129.61563854277986,33.59872020619346,142.00000000000034,0.0,0.0,23.987429223024577,6.030812459527042,599.5466900637145,-0.051940601325493496,1.7737757342928262e-05,False,True,RELEASE,RELEASED,
1.9600000000001956,LOWERING,0.0660523102476995,378.4518604281899,11.863696084378114,-0.06333320784272829,100.42860512787756,1.8319948019508085,-0.21619967019204733,1.8191928586556272,1.1152650361149978,-3.053681594489225,-121.02163444613518,37.60738058885907,316.44395266294555,79.83115152093943,2.5214761819827896,1.0616261543537036,37.60738058907535,36.15838724088843,135.24800075518723,36.15838724088843,145.00000000000037,0.0,0.0,23.987421256749382,6.034632264661159,599.5448907745836,-0.050927954542681064,1.77136564403213e-05,False,True,RELEASE,RELEASED,
1.9700000000001945,LOWERING,0.0682997941170547,391.3289944519683,12.29759616625656,-0.06071948035323637,104.68864760948976,1.8335457901601087,-0.22242325029233598,1.8200049621754468,1.1177072407188784,-3.0220463753443743,-123.8430871489273,40.33113087951795,330.0143228479711,79.73039824811013,2.7399282345759817,1.041629786723405,40.33113087974582,38.79095761960029,141.04708080027996,38.79095761960029,148.0000000000004,0.0,0.0,23.987405881145452,6.042004813588964,599.5431895018902,-0.046509214527371334,1.76891885885766e-05,False,True,RELEASE,RELEASED,
1.9800000000001934,LOWERING,0.07060723455471166,404.5496543075246,12.742654888146205,-0.0582558026790659,109.05599269813737,1.8349955457454221,-0.22829160424171135,1.8207392993886535,1.1200777570210514,-2.991820909885853,-126.74652043800074,43.122119887767944,343.920393452046,79.63524190185389,2.9733023858440486,1.0158562625345269,43.12211988800825,41.49178463681719,147.00333646493527,41.49178463681719,151.00000000000043,0.0,0.0,23.98738521727953,6.051913050963693,599.5416912551655,-0.039596951386388746,1.7664428153096878e-05,False,True,RELEASE,RELEASED,
1.9900000000001923,LOWERING,0.07297171946386263,418.0971549091971,13.198336266075565,-0.055933986628946095,113.52414093734897,1.8363432694307213,-0.23381828068598356,1.8213966110654105,1.1223638092656343,-2.9629837014661415,-129.72840926363074,45.97559032505805,358.1404506273588,79.54524750921324,3.2219326438907694,0.9856387854686233,45.97559032530891,44.25633563648716,153.10757146419456,44.25633563648716,154.00000000000045,0.0,0.0,23.987361445060586,6.0633117094993025,599.5404678859081,-0.031133672551050928,1.7643225593388934e-05,False,True,RELEASE,RELEASED,
2.0000000000001914,LOWERING,0.07539025278761984,431.95433011550057,13.662105875936115,-0.053898849947985376,118.07756753525607,1.837618248640838,-0.23911378282417264,1.8219949030118976,1.124555463575468,-2.9360715466810645,-132.81070566409403,48.90267719050563,372.62774036850726,79.46547829315804,3.4855779887607405,0.9569721916690099,48.90267719075579,47.09476336047949,159.33593870221807,46.543260560806615,157.00000000000048,0.007168597142091095,0.5515027996728733,23.98733662538058,6.0752125961866215,599.5395582729744,-0.022057733383039846,1.7623388334442325e-05,False,True,RELEASE,RELEASED,
2.0100000000002125,LOWERING,0.07785115011721261,446.0542331955686,14.120878088846226,-0.05294262483553132,122.6113528620594,1.8394017551348412,-0.24613017075668595,1.8228600483406339,1.1266295411949845,-2.9218596192563817,-136.48207910409013,52.27044105999221,387.11913466145177,79.50240316868269,3.7583859626661114,0.9508489127492794,52.27044106020109,50.34941984048646,165.5003682467746,46.9351085554356,160.0000000000005,0.04113572201937238,3.4143112850508617,23.987312542331072,6.086760249444349,599.5389587844844,-0.014029842377399682,1.7615069726417687e-05,False,True,RELEASE,RELEASED,
2.0200000000002336,LOWERING,0.08031809885034866,460.18880826395275,14.57294785366415,-0.05260974623434461,127.0269473741497,1.8421434332463271,-0.25690216227556917,1.8241419099595022,1.1285379985289279,-2.930706262760266,-141.23325318822893,56.52287560805801,401.3424618726589,79.7493864027922,4.03396133979875,0.9270298375811592,56.522875608216175,54.43508260805549,171.41956155437018,46.2734016018958,163.00000000000043,0.09165851074774506,8.16168100615969,23.987290484235885,6.097336930955808,599.538609663172,-0.008017042892801918,1.7624573693808543e-05,False,True,RELEASE,RELEASED,
2.0300000000002547,LOWERING,0.08274895182514283,474.11656987120546,15.015805281496496,-0.05248339107381386,131.2712749805276,1.8453952095528583,-0.27099858070938126,1.8253885199305213,1.1302209288384697,-2.9595971231990674,-146.94213586165856,61.61654563280338,415.0358822598838,80.15542946437068,4.308036908753323,0.8621238557312836,61.616545632916846,59.308785302158874,177.0293774834451,45.11973151069429,166.00000000000037,0.14940897648480142,14.189053791464586,23.98727118028764,6.1065930049082295,599.5384528002562,-0.0030987321031972215,1.7651836646592756e-05,False,True,RELEASE,RELEASED,
2.040000000000276,LOWERING,0.0851122676982203,487.65737238956694,15.445429453078525,-0.05243080457558686,135.31552539082273,1.848600776042481,-0.2871570732167457,1.826161450826968,1.1316224616882655,-3.001548185397751,-153.28114359880848,67.30196954191202,428.0036043179842,80.63996403930282,4.577572852948598,0.7616371646456628,67.30196954199236,64.73386237363313,182.31779429590642,43.74140910374927,169.00000000000028,0.20841022327806835,20.99245326988386,23.987255032503104,6.114335714580998,599.5384684467625,0.0017529097580535336,1.7688307028862482e-05,False,True,RELEASE,RELEASED,
2.050000000000297,LOWERING,0.08738945782839375,500.7047107503454,15.859042858266958,-0.05240632578978832,139.14831604518355,1.8514439197537957,-0.30419048054578235,1.8262838606138496,1.132707387764151,-3.0503236746192015,-159.93967927565146,73.31354185446588,440.15624030383697,81.14482500600214,4.840563464552572,0.6407489506304387,73.31354185452237,70.45932861989893,187.29499583772318,42.284131145653085,172.00000000000026,0.26505045888098894,28.17519747424584,23.987242345087388,6.120419202875589,599.5386617880946,0.006892727934061149,1.7732127290059907e-05,False,True,RELEASE,RELEASED,
2.060000000000318,LOWERING,0.08957213012707643,513.210501827809,16.255501696853834,-0.052383189803646854,142.77096342845192,1.8538153899669678,-0.32121974202685244,1.8257736380533547,1.133466827205423,-3.101395765300378,-166.67917503902953,79.43332581412534,451.48928686397335,81.63631747054333,5.095886999572089,0.5136447547887144,79.43332581416492,76.28011487422695,191.9815992645749,40.84159560131521,175.00000000000017,0.3173001643412247,35.43851927291174,23.987233407242343,6.124704805862673,599.5390404082195,0.012147292218469552,1.777849179518398e-05,False,True,RELEASE,RELEASED,
2.070000000000339,LOWERING,0.09165898143524047,525.1672790707244,16.634886837156635,-0.05234115148428228,146.19350264559188,1.8557057309133,-0.33766476125155637,1.8247263544853498,1.1339140009405209,-3.1517316533725426,-173.33070786320016,85.50163878271137,462.0473070989755,82.09578335076964,5.3431350539466695,0.3901506757738957,85.50163878273976,82.04677025465301,196.4035349460159,39.4791392087027,178.0000000000001,0.3641621641608633,42.567631045950314,23.98722847012264,6.127072101624341,599.539601542186,0.01714518989686642,1.7825590894915422e-05,False,True,RELEASE,RELEASED,
2.0800000000003602,LOWERING,0.0936533435996377,536.5941325547781,16.9980416299149,-0.05226657720856616,149.43139436264354,1.8571361390690246,-0.35317557281782186,1.8232448145548108,1.134076277298113,-3.19939908416647,-179.78065304508513,91.40987909310009,471.8972683355605,82.51241034975685,5.582435405290976,0.2759281969374001,91.40987909312024,87.65834415264004,200.5891992463616,38.24098925588815,181.00000000000006,0.4053016262013634,49.41735489675189,23.987227691321074,6.127445528505184,599.5403293230293,0.0215347353039137,1.787071258263495e-05,False,True,RELEASE,RELEASED,
2.0900000000003813,LOWERING,0.09556141677368965,547.5265865423089,17.34623718292794,-0.05215246543725181,152.50296451425106,1.8581323393910973,-0.36756569705086745,1.8214146285353436,1.133987857614008,-3.2432489678862484,-185.95767979260992,97.08986285341743,481.11371083475103,82.87983391889564,5.81428854640873,0.17369447388813342,97.08986285343397,93.05204841448614,204.56749249054351,37.15360195698952,183.99999999999997,0.44079883126361596,55.89844645749662,23.987231091080737,6.125815380545617,599.541197285205,0.025070405709146648,1.7914497362880866e-05,False,True,RELEASE,RELEASED,
2.1000000000004024,LOWERING,0.09739101149608129,558.0093921235539,17.68095550952865,-0.05199705189920399,155.42754012555892,1.858720475021304,-0.38076125053679366,1.8193027989735742,1.133684646143689,-3.2826914888955514,-191.8227867198689,102.50412566557247,489.7715890648239,83.19488119761616,6.039430057370558,0.08434979931075759,102.50412566558559,98.19392891014738,208.36640199404502,36.22890911939507,186.99999999999994,0.4709829087760886,61.96501979075231,23.987238534221625,6.1222464734443625,599.542172449094,0.027624820335116596,1.7953311555629625e-05,False,True,RELEASE,RELEASED,
2.1100000000004235,LOWERING,0.09915065125091187,568.0913852650766,18.00374942021223,-0.05180199228815198,158.2241757827636,1.858929123726454,-0.3927641818671629,1.8169627911656914,1.1332012127570592,-3.3175344498094903,-197.3614207475679,107.6379318921083,497.94285272207685,83.45702173109075,6.258722450533719,0.007744673836413085,107.63793189211793,103.07123372915127,212.0120468544243,35.46783760426557,189.99999999999986,0.49631954243792653,67.6033961248857,23.987249735884816,6.11687539058847,599.5432192401526,0.02917251316915337,1.7988418768766223e-05,False,True,RELEASE,RELEASED,
2.1200000000004446,LOWERING,0.10084894212149362,577.8218751920699,18.316149909061114,-0.051570841508596296,160.9108426844789,1.8587907589272397,-0.4036256486361983,1.8144391478460533,1.1325692405108205,-3.347860230637386,-202.57689757824,112.49279114787863,505.6946326350868,83.66788665204038,6.47307482335728,-0.05685504503583161,112.49279114788638,107.68626697882151,215.52811620454287,34.86364739418599,192.9999999999998,0.5173356073134348,72.82261958463552,23.98726428420292,6.109899613461557,599.5443026932788,0.029767586188165218,1.8019337531427482e-05,False,True,RELEASE,RELEASED,
2.1300000000004657,LOWERING,0.1024941484411641,587.2482130466068,18.619605464729435,-0.051308013586384524,163.50396084541816,1.8583414130784248,-0.4134265805699744,1.8117702034310355,1.1318168823525538,-3.3739301045685526,-207.4848557806569,117.08123655480031,513.0881896330919,83.83072493643151,6.68338630303501,-0.11049201361007022,117.08123655480789,112.05147469452982,218.9356147712389,34.40474428632608,195.99999999999972,0.5345696310045059,77.64673040820374,23.98728167295945,6.101561862608974,599.545390876143,0.02952222381767111,1.8046682534134106e-05,False,True,RELEASE,RELEASED,
2.140000000000487,LOWERING,0.10409392782724182,596.4142737440352,18.915444774095317,-0.051018150981790834,166.01817586286194,1.8576192018634636,-0.4222635904951349,1.8089893751136321,1.1309686297625348,-3.3961108997411387,-212.108713734578,121.42270432419245,520.178360067629,83.949849381257,6.8905086792080406,-0.15434865008040788,121.42270432419862,116.1855928306202,222.2528284594379,34.07686368393202,198.99999999999966,0.54854047327884,82.10872914668818,23.987301338628786,6.092132338171202,599.5464565889415,0.028587184898577256,1.807217952176643e-05,False,True,RELEASE,RELEASED,
2.150000000000508,LOWERING,0.10565518641479768,605.3596265235858,19.204857195064488,-0.05070576742630677,168.4663035970199,1.8566625397107293,-0.43023901220190797,1.806125737246613,1.1300454541811322,-3.4148207339381313,-216.47611273040968,125.54038668869642,527.0133972786701,84.03014253690189,7.095223861910822,-0.189640357099222,125.54038668870278,120.11072265167203,225.495435556895,33.86466846073432,201.9999999999996,0.5597288136999182,86.24605419093771,23.98732269753836,6.081890901633299,599.5474784086632,0.02713417741150348,1.8091682953524924e-05,False,True,RELEASE,RELEASED,
2.160000000000529,LOWERING,0.10718402113717974,614.1192042401406,19.488886369568185,-0.05037505751497619,170.85938502014744,1.8555085568656458,-0.43745413503020264,1.8032043379347245,1.12906508506685,-3.4304906540609297,-220.61626966545853,129.4589237668342,533.6351270393159,84.07666099833787,7.298232362365749,-0.21754746207903963,129.45892376683992,123.85019764938278,228.67670618221553,33.752858442242655,204.99999999999955,0.5685675233426328,90.09733920714012,23.987345180003143,6.071110709108664,599.5484411448689,0.02534022493783894,1.8109782537578667e-05,False,True,RELEASE,RELEASED,
2.17000000000055,LOWERING,0.10868572197908519,622.7233162733829,19.768433026131987,-0.050029805009839015,173.20680867255757,1.8541919226114063,-0.444004870395153,1.8002464722761622,1.1280423478096486,-3.443538978758255,-224.55811204167756,133.20278995307496,540.0793295284166,84.09434574763912,7.5001496426329926,-0.23917330166972306,133.20278995307947,127.42710074943935,231.8077482340094,33.72689585434179,207.99999999999946,0.5754380609966399,93.70020489509756,23.987368259210143,6.060044361623281,599.5493357832764,0.0233744047538762,1.8125919424960557e-05,False,True,RELEASE,RELEASED,
2.1800000000005713,LOWERING,0.11016481303487304,631.1978837746024,20.04426375783347,-0.049673348612309355,175.51647005874307,1.8527440981273124,-0.4499792182280432,1.7972699842562518,1.126989517791263,-3.454355360772253,-228.329047485292,136.7952319378569,546.3762644849189,84.08782838600315,7.701507815470415,-0.2555206540392021,136.79523193786176,130.86329488825945,234.89777068874972,33.773440208516234,210.9999999999994,0.5806708178791538,97.08985467974321,23.98739147345544,6.04891324255696,599.5501590082712,0.021387371069914174,1.8139892240753852e-05,False,True,RELEASE,RELEASED,
2.1900000000005924,LOWERING,0.1116251164868988,639.5648062355484,20.317023272321087,-0.049308581713444204,177.79494651156756,1.8511929606789284,-0.4554560240157473,1.7942896053466353,1.1259166656498047,-3.463292000165849,-231.95422376799456,140.25762825383663,552.551269884467,84.0613158300823,7.902760751262792,-0.267481067185372,140.25762825384172,134.17884390661374,237.95434471212175,33.88057076581504,213.99999999999937,0.5845479179592182,100.2982731407987,23.98741444108257,6.037900354500015,599.5509124079852,0.019503928158775885,1.815224153745021e-05,False,True,RELEASE,RELEASED,
2.2000000000006135,LOWERING,0.11306982803151042,647.8423936475556,20.58724821751879,-0.04893797494229429,180.0476730528545,1.849562715136714,-0.46050462822764754,1.7913173154426911,1.1248319798951776,-3.4706599205968764,-235.45615222664665,143.6091592350602,558.6253814299565,84.01853490237626,8.1042911429369,-0.2758330537263305,143.6091592350626,137.3917195969185,240.98365021224257,34.037859465096076,216.99999999999926,0.5873074158498475,103.35386013182243,23.98743686812888,6.027146652488604,599.5516014711886,0.017818693786137985,1.816364956397365e-05,False,True,RELEASE,RELEASED,
2.2100000000006346,LOWERING,0.11450159579139778,656.0458186360001,20.85538138926357,-0.048563607942033016,182.27911000383062,1.8478740096189261,-0.46518510530315216,1.7883627074028419,1.1237420598063366,-3.4767286802926547,-238.85458921633762,146.86669688526138,564.6159360538295,83.96271998894514,8.306418485947148,-0.2812461438155367,146.86669688526595,140.51771060882578,243.99070068763353,34.23634338864649,219.99999999999923,0.589148157820699,106.28136722017929,23.987458549231878,6.016750608951467,599.5522344827714,0.01639466813440471,1.8174714320196017e-05,False,True,RELEASE,RELEASED,
2.2200000000006557,LOWERING,0.11592259744726091,664.187558392206,21.12178536799883,-0.048187210219616174,184.49289690663136,1.8461441835948367,-0.4695488677038839,1.7854333388449564,1.12265217576247,-3.481728287915387,-242.16659204445378,150.0448435981689,570.5371357660118,83.89662976443111,8.509407252250227,-0.28428857039654076,150.0448435981722,143.57046735760707,246.979542933893,34.468433926375965,222.99999999999915,0.5902348108432323,109.1020334312311,23.987479362762482,6.006770546872494,599.5528214146194,0.015264336590956162,1.818420709298607e-05,False,True,RELEASE,RELEASED,
2.2300000000006768,LOWERING,0.11733461232794147,672.2778077194725,21.386755186126845,-0.047810201327417104,186.69199001665424,1.844387591514287,-0.47363947283700497,1.782535059263227,1.1215664967820729,-3.485852420926349,-245.40668546508562,153.15606565576434,576.4005582874445,83.82258199175584,8.713474784094632,-0.2854369665292893,153.1560656557676,146.56163301824802,249.95343071803495,34.727789925946,225.9999999999991,0.5907027398500577,111.83384309230202,23.987499261425583,5.997229146422496,599.5533728931423,0.014432803653325443,1.819289734328322e-05,False,True,RELEASE,RELEASED,
2.240000000000698,LOWERING,0.11873908664930886,680.3248528243577,21.650529666844875,-0.0474337322505811,188.87878247537105,1.8426159594644058,-0.47749351902673065,1.7796723050495566,1.1204882866404422,-3.4892623037412047,-248.58709141565635,156.21088155070674,582.2156083077782,83.7424981693196,8.918798617344637,-0.2850869217121499,156.21088155071072,149.50102384569092,252.91497319365533,35.00917421790446,228.99999999999903,0.5906625398699121,114.49184962778646,23.987518259704032,5.988119465248561,599.5538993054402,0.013882383703403889,1.8200659127387553e-05,False,True,RELEASE,RELEASED,
2.250000000000719,LOWERING,0.12013719110915072,688.3354013110933,21.913301362297684,-0.047058724638952956,191.0552074880145,1.840838744962808,-0.4811415534893437,1.776848358882127,1.1194200708641249,-3.492090803410562,-251.71798813190543,159.2180765101893,587.9899083747804,83.65795214661334,9.125523077072069,-0.28356360196960395,159.21807651019444,152.39683256655022,255.86625984513307,35.308306782751586,231.99999999999895,0.5902041191870833,117.08852578379863,23.98753641953132,5.979411808204818,599.554410085364,0.013578059537755038,1.8208620517157215e-05,False,True,RELEASE,RELEASED,
2.26000000000074,LOWERING,0.12152987073112208,696.3148677663767,22.17522510278556,-0.04668590666513453,193.22282558074215,1.839063480244714,-0.4846089426669404,1.774065572930446,1.1183637773877504,-3.4944464515739315,-254.80777532196487,162.1849234351836,593.7296318373285,83.57021871559579,9.333765081351478,-0.2811319101653851,162.18492343518645,155.2558367490298,258.8089642988124,35.62172321015389,234.99999999999892,0.5894002913464285,119.63411353887592,23.987553835481524,5.971060828644502,599.5549132002882,0.013473252987286521,1.821693378190048e-05,False,True,RELEASE,RELEASED,
2.270000000000761,LOWERING,0.1229178872900298,704.2676168383451,22.436425231357983,-0.04631584514339129,195.38289743001496,1.8372960872788053,-0.4879166752496012,1.7713255574126918,1.1173208538518562,-3.4964172125256794,-257.8633301088909,165.1173971885276,599.4397823437386,83.4803196346564,9.54361915203694,-0.27800586632949376,165.1173971885299,158.08360024596132,261.7444295656097,35.946643705564625,237.9999999999988,0.5883098748312687,122.1369565403967,23.987570620587434,5.963012328579355,599.5554148408996,0.013515422963886081,1.8225445174380184e-05,False,True,RELEASE,RELEASED,
2.2800000000007823,LOWERING,0.1243018549107395,712.1971672032879,22.69700162447086,-0.04594897450452923,197.53644394405754,1.8355411585161832,-0.4910820824230926,1.7686293373485387,1.1162923645186225,-3.4980738969163436,-260.89024440092425,168.02037415286856,605.1244254988269,83.38906561290675,9.75516167151595,-0.2743570363662684,168.02037415287094,160.88466038863888,264.6737372898634,36.280855465014895,240.99999999999878,0.5869803251246484,124.60380492362398,23.987586893666247,5.955209336023777,599.5559193006997,0.013651102723950537,1.8234628988977875e-05,False,True,RELEASE,RELEASED,
2.2900000000008034,LOWERING,0.12568226956618625,720.1063605767982,22.957034684428223,-0.04558562037812179,199.6842953080167,1.833802201402427,-0.4941194696888034,1.7659774810406965,1.1152790696535575,-3.4994731761479354,-263.89303863855764,170.89781259004315,610.7868786939406,83.29709354377962,9.968454448164808,-0.2703219434300479,170.897812590049,163.66269692030752,267.59776345244575,36.622609541902534,243.99999999999872,0.5854499388863886,127.04008737840499,23.98760276877373,5.9475971617684165,599.5564290201304,0.013830097934441454,1.8243843939558246e-05,False,True,RELEASE,RELEASED,
2.3000000000008245,LOWERING,0.12705953324625352,727.9975001912494,23.216589356998078,-0.045226022072606335,201.82713063646625,1.832081847344655,-0.4970406611197343,1.7633702040591088,1.114281490013448,-3.5006601898783782,-266.87534986781276,173.7529118748884,616.429865070694,83.20489879611438,10.183547665237306,-0.2660084684272306,173.75291187489063,166.42068098443877,270.5172227691555,36.970532188534946,246.99999999999864,0.5837496773798326,129.45014879590383,23.987618347146785,5.940127262995091,599.556944762271,0.014008679272984992,1.825363070651065e-05,False,True,RELEASE,RELEASED,
2.3100000000008456,LOWERING,0.12843397355834377,735.872463098791,23.47571842721512,-0.04487034888170921,203.96550974940965,1.8303820274655889,-0.4998554610125194,1.76080745243908,1.1132999588289547,-3.50167076298933,-269.84009411027824,176.58825040394842,622.055637232826,83.11286270741259,10.400482291834132,-0.26150129291693247,176.5882504039541,169.16100406100577,273.4327037783423,37.32354992582566,249.99999999999858,0.581904658496513,131.8374541351801,23.987633711750846,5.93275985789209,599.5574658830745,0.014151708679128738,1.8263281525321418e-05,False,True,RELEASE,RELEASED,
2.3200000000008667,LOWERING,0.12980585947404563,743.7327903931066,23.73446511530826,-0.0445187154065583,206.09989842933965,1.8287041183767854,-0.5025720402491911,1.758288968550955,1.1123346633992213,-3.5025332626143255,-272.7896042940514,179.4059030996387,627.6660758059828,83.02127562666848,10.619292033146031,-0.2568664654014583,179.40590309964114,171.88558776420317,276.34469635204607,37.68082716484665,252.9999999999985,0.5799353655549346,134.20476059935652,23.987648924338334,5.925465336199333,599.5579906586048,0.01423372988341498,1.827352767946877e-05,False,True,RELEASE,RELEASED,
2.330000000000888,LOWERING,0.13117541386991272,751.5797590627839,23.992865142501838,-0.044171193670693956,208.23068834678736,1.8270490615931372,-0.5051972558097845,1.755814342745447,1.111385678143437,-3.5032701332197567,-275.72574577392345,182.20754010530862,633.2627673530427,82.9303559622702,10.840004892344226,-0.2521551860001523,182.20754010531098,174.5959760271521,279.2536131107332,38.04171498772317,255.99999999999847,0.5778586178017248,136.55426103942892,23.98766402475773,5.918224590586059,599.558516634156,0.014239126884479703,1.8284009144053925e-05,False,True,RELEASE,RELEASED,
2.340000000000909,LOWERING,0.13254282343483004,759.4144387563422,24.250948370762167,-0.043827822244290944,210.35821267310055,1.8254174602563122,-0.5077369121685258,1.7533830534798083,1.1104529906927725,-3.503899150424591,-278.65001185690653,184.99450862272042,638.8470655413762,82.84026573325272,11.062644409755354,-0.24740690882163108,184.99450862272093,177.29341151864267,282.1598059841762,38.4057096267984,258.9999999999984,0.5756883431539452,138.88770189184427,23.987679032134483,5.9110284504643005,599.559040964803,0.014161506245236488,1.8296341437462615e-05,False,True,RELEASE,RELEASED,
2.35000000000093,LOWERING,0.13390824643905605,767.2377362955646,24.508740060232483,-0.04348861455139027,212.48275824012305,1.82380965666619,-0.5101959730507084,1.750994498229988,1.1095365223631752,-3.5044344338321927,-281.563601877069,187.76789997687237,644.420138868922,82.7511231221388,11.287230637332646,-0.24265185927481525,187.76789997687365,179.97889825307354,285.063578946417,38.7724192115721,261.9999999999983,0.5734361888400351,141.20647904150144,23.98769394747575,5.903876433065161,599.5595607230647,0.014002490134872758,1.8308448375137232e-05,False,True,RELEASE,RELEASED,
2.360000000000951,LOWERING,0.13527181878549763,775.0504303467499,24.76626186292621,-0.04315356463081398,214.60457496166444,1.8222257938257922,-0.5125787314354393,1.7486480171161016,1.1086361441298025,-3.50488725679036,-284.46748431848727,190.5286039763887,649.9830077112251,82.66301250078769,11.513780898619165,-0.2379130573079351,190.52860397638986,182.65325233313393,287.9651977638882,39.14153744517344,264.9999999999983,0.5711120006597451,143.5117148879605,23.98770875722738,5.896775037879727,599.5600731562542,0.013770118268698894,1.8321267226895088e-05,False,True,RELEASE,RELEASED,
2.370000000000972,LOWERING,0.1366336586949238,782.8531982650096,25.023532566024667,-0.04282265263633891,216.72388310343183,1.8206658638481348,-0.5148889449126693,1.7463429108249597,1.1077516890293606,-3.5052666875280947,-287.36244733103985,193.27735252488884,655.5365729635241,82.5759923584419,11.742310376857498,-0.23320792914876165,193.2773525248893,185.31714265578495,290.8648974330868,39.51282300018596,267.9999999999982,0.5687241968698008,145.804319655599,23.987723437327507,5.889735802976379,599.5605758830574,0.0134770510372908,1.8334764945393545e-05,False,True,RELEASE,RELEASED,
2.3800000000009933,LOWERING,0.13799387031517632,790.6466367735218,25.280568696857376,-0.042495847639966174,218.8408788770058,1.8191297456990354,-0.5171299426472659,1.7440784541139984,1.106882961747625,-3.505580092129207,-290.249138767645,196.01475426934252,661.0816381266793,82.49010151183728,11.97283256691508,-0.22854958044905516,196.01475426934525,187.97112325139372,293.7628878466329,39.88608356800887,270.9999999999981,0.5662800583766388,148.08503968338485,23.987737957348035,5.882773319143863,599.5610670253956,0.013138746650971811,1.8349899612246645e-05,False,True,RELEASE,RELEASED,
2.3900000000010144,LOWERING,0.13935254649053694,798.4312778308357,25.53738494993927,-0.04217311129806246,220.95573873899536,1.8176172343819978,-0.5193047093400057,1.741853905923156,1.1060297460049167,-3.505833525687613,-293.1280976258796,198.7413218736611,666.6189263215662,82.40536392586158,12.205359620423797,-0.22394779406681664,198.74132187366416,190.6156587399159,296.65935811211705,40.261163643841826,273.99999999999807,0.5637859530650212,150.35449509607406,23.987752284384666,5.875903364604237,599.5615452772817,0.012771755958997488,1.8365135474596173e-05,False,True,RELEASE,RELEASED,
2.4000000000010355,LOWERING,0.14070977088124564,806.2076007748183,25.79399453980075,-0.04185439952029734,223.0686226974763,1.8161280633289834,-0.5214159507510489,1.739668516905868,1.1051918102305853,-3.506032034007144,-295.9997785244717,201.45749329915031,672.1490934109127,82.32179242348127,12.43990260803726,-0.21940980619712036,201.45749329915134,193.2511441941832,299.5544798543399,40.637935271448356,276.999999999998,0.5612475087400196,152.61320892273486,23.987766386438295,5.869141283602485,599.5620099168627,0.012392243707137318,1.8381501114106413e-05,False,True,RELEASE,RELEASED,
2.4100000000010566,LOWERING,0.14206561958431396,813.9760416092282,26.050409452462816,-0.041539664465522944,225.17967686267997,1.8146619214519788,-0.5234661445948238,1.7375215350121045,1.1043689119163076,-3.5061798845227727,-298.8645706012716,204.16364827172293,677.6727381545033,82.2393915175003,12.676471717995245,-0.2149409059477989,204.16364827172796,195.87792051157084,302.4484097557253,41.01629110341591,279.99999999999795,0.5586697463016304,154.86162940815493,23.98778023511723,5.862500690653372,599.5624607710595,0.012014808114920505,1.8398993816504117e-05,False,True,RELEASE,RELEASED,
2.4200000000010777,LOWERING,0.14342016237455502,821.737000114297,26.306640644421165,-0.041228855762397515,227.28903542592954,1.8132184660404935,-0.5254575799396329,1.7354122096131006,1.103560800954928,-3.506280741812873,-301.7228119929465,206.8601209268623,683.1904101179041,82.1581595554345,12.915076406212364,-0.2105448955624638,206.86012092686417,198.49628621881058,305.3412915291958,41.39613925024432,282.99999999999784,0.5560571823748534,157.10014696856626,23.987793807573507,5.8559925420459695,599.5628981441337,0.011651634885703643,1.8418185284474475e-05,False,True,RELEASE,RELEASED,
2.430000000001099,LOWERING,0.14477346365843857,829.4908453119134,26.56269819805871,-0.04092192131863982,229.3968222082802,1.8117973324564438,-0.5273923876561563,1.7333397945407658,1.1027672222040716,-3.506337800176249,-304.5748008528154,209.5472094521951,688.7026158884656,82.07809033251742,13.155725509814333,-0.2062244417115835,209.54720945219924,201.10650647494825,308.23325747013706,41.77739949407842,285.99999999999784,0.5534139086392148,159.32910698086982,23.987807087661494,5.84962458025723,599.563322722194,0.011311989727539107,1.8439077273058047e-05,False,True,RELEASE,RELEASED,
2.44000000000112,LOWERING,0.1461255832121473,837.2379196943756,26.818591446655343,-0.04061880773979634,231.50315188657632,1.8103981413832657,-0.5292725639562874,1.7313035503247607,1.1019879174596308,-3.5063538832736945,-307.42080368492765,212.22518339681716,694.2098240209912,81.9991742970648,13.398427333354807,-0.20198134230952292,212.2251833968194,203.7088198965958,311.12442969698634,42.16000053038192,288.9999999999977,0.5507436534901597,161.54881936621388,23.98782006636927,5.843401127085667,599.5637354653535,0.011002026851759439,1.846163370089471e-05,False,True,RELEASE,RELEASED,
2.450000000001141,LOWERING,0.1474765767583,844.9785425287718,27.074329052781543,-0.04031946138779881,233.6081309781994,1.8090205042226342,-0.5310999886408438,1.7293027458382204,1.1012226269812062,-3.5063315187480777,-310.26106161881853,214.89428918613874,699.7124690316052,81.92139944635913,13.643189714781894,-0.19781672846181664,214.89428918614246,206.3034437082045,314.0149211614743,42.54387797414944,291.99999999999767,0.5480498303692889,163.75956573405506,23.987832741620142,5.837323178802241,599.5641374980321,0.01072487084931062,1.8485403266765843e-05,False,True,RELEASE,RELEASED,
2.460000000001162,LOWERING,0.1488264964225061,852.7130124728443,27.32991909485449,-0.04002382823663749,235.71185864526032,1.8076640271002833,-0.532876439325154,1.727336659509246,1.1004710906777389,-3.5062729940143957,-313.0957951200079,217.55475427057667,705.2109546783521,81.84475198983651,13.8900200765008,-0.19373121690483686,217.5547542705773,208.89057761689727,316.90483648788353,42.928972927205876,294.9999999999976,0.5453355760716532,165.9616046896914,23.987845117572608,5.831388741812161,599.5645300061641,0.01048091616752167,1.8509932012023e-05,False,True,RELEASE,RELEASED,
2.4700000000011832,LOWERING,0.15017539110056255,860.4416096788736,27.585369123228666,-0.0397318542728582,237.81442736329817,1.8063283138347506,-0.5346036026270745,1.7254045802127822,1.0997330490352772,-3.5061803980078774,-315.9252075239754,220.20679024461845,710.7056567051613,81.76921683884648,14.138925465533356,-0.18972502502293764,220.20679024462018,211.470406725876,319.79427268444374,43.31523095200285,297.99999999999756,0.5426037815309521,168.15517577387314,23.987857203562516,5.825593339886475,599.5649141479547,0.010268281833385906,1.8536853346518e-05,False,True,RELEASE,RELEASED,
2.4800000000012044,LOWERING,0.151523306759152,868.1645975165508,27.840686204311904,-0.0394434858698411,239.91592348762782,1.805012968138573,-0.5362830830726533,1.7235058079271193,1.0990082438484972,-3.5060556525492426,-318.7494876935266,222.8505951971932,716.1969251794277,81.69477796830186,14.389912585730324,-0.18579805769991253,222.8505951971973,214.04310372984608,322.6833197579368,43.70260133577321,300.9999999999975,0.5398571169570384,170.34050239407287,23.987869012832732,5.819930623295528,599.5652909825664,0.010083358497092298,1.8565273933290882e-05,False,True,RELEASE,RELEASED,
2.4900000000012255,LOWERING,0.15287028668685418,875.8822240111682,28.095876962561086,-0.039158669886352915,242.0164277415671,1.8037175952537292,-0.5379164102932877,1.7216396542148649,1.098296418802097,-3.5059005360929136,-321.56881202887166,225.48635549348063,721.6850865180049,81.62141868436979,14.642987824197295,-0.18194997317584694,225.48635549347955,216.60883057923468,325.5720612537636,44.091036559403136,303.9999999999974,0.5370980527193858,172.51779401983154,23.98788056118571,5.814393014914761,599.5656614189757,0.009921389199472053,1.8596065686438124e-05,False,True,RELEASE,RELEASED,
2.5000000000012466,LOWERING,0.15421637170774014,883.5947230674226,28.35094763803178,-0.038877352941472564,244.11601564416222,1.8024418031727198,-0.5395050449456601,1.7198054425727078,1.0975973199364626,-3.5057167019249986,-324.383346003659,228.1142471396387,727.1704452710738,81.54912182380394,14.898157273495217,-0.17818023327879473,228.11424713964064,219.16773975465225,328.46057473735783,44.48049190869892,306.9999999999974,0.5343288770054149,174.68724784595332,23.987891865675977,5.808972337194646,599.566026185279,0.00977703324814616,1.863018641756753e-05,False,True,RELEASE,RELEASED,
2.5100000000012677,LOWERING,0.15556160036644015,891.3023155297781,28.60590407371099,-0.038599483091663105,246.21475789017836,1.8011852035554663,-0.5410503836754907,1.7180025086802841,1.0969106960231827,-3.5055056923362153,-327.1932453560924,230.7344368437384,732.6532857136425,81.47786990370287,15.155426750729788,-0.1744881420801221,230.7344368437409,221.71997525721622,331.3489322282761,44.87092518325619,309.9999999999973,0.5315517110086222,176.84905007396003,23.987902943435312,5.803660375500036,599.5663858171131,0.009644873076218197,1.866336490508047e-05,False,True,RELEASE,RELEASED,
2.5200000000012888,LOWERING,0.15690600909072805,899.0052101140045,28.860751781655818,-0.03832500843518234,248.31272069124734,1.7999474124943373,-0.5425537634676886,1.7162302006118257,1.096236298870342,-3.505268950452252,-329.9986570830647,233.34708290174646,738.1338732976992,81.40764524505593,15.414801814272357,-0.17087287800990225,233.3470829017509,224.26567343525497,334.2372005923599,45.262296519985284,312.9999999999972,0.5287685221886558,179.00337691526968,23.9879138106966,5.798449346194864,599.5667406626078,0.009519835456297088,1.870031558581786e-05,False,True,RELEASE,RELEASED,
2.53000000000131,LOWERING,0.15824963233511666,906.7036042299187,29.11549595594434,-0.03805387756618568,250.40996608484673,1.798728051370599,-0.5440164660438148,1.714487879064962,1.0955738835712903,-3.50500783304926,-332.79972054704956,235.95233618378583,743.6124560089706,81.3384301127694,15.676287778653526,-0.16733352815924718,235.952336183788,226.80496390462025,337.12544188753117,45.654568533615475,315.99999999999716,0.5259811359697212,181.15039537100478,23.987924482055167,5.793332250846562,599.5670909005458,0.00939751016640411,1.873550876752006e-05,False,True,RELEASE,RELEASED,
2.540000000001331,LOWERING,0.1595925026858056,914.3976845826916,29.37014148321505,-0.03778603984057199,252.50655217941548,1.797526747284951,-0.5454397210758987,1.7127749174592266,1.0949232087182088,-3.50472361705764,-335.5965679609666,238.55034065177162,749.0892654714703,81.27020677840991,15.939889723383972,-0.1638691925987814,238.55034065177063,229.3379700292131,340.0137136448691,46.047706447251386,318.9999999999971,0.5231912454980547,183.2902635819617,23.987934969981268,5.788303110004886,599.5674365678929,0.009274360596301712,1.873606552749152e-05,False,True,RELEASE,RELEASED,
2.550000000001352,LOWERING,0.1609346510629867,922.0876283319726,29.624692968856372,-0.03752144570897671,254.60253351745735,1.7963431283225477,-0.5468247003312736,1.7110906994602157,1.0942840364846538,-3.50441746245885,-338.3893208999114,241.1412300710994,754.5645172595291,81.20295687020177,16.205612518377002,-0.1604785597675118,241.14123007110308,231.8648058476759,342.90206950413335,46.441673362047766,321.99999999999716,0.5204004232629855,185.42313248562814,23.987945284575748,5.7833570803616015,599.567777593095,0.009147835991003106,1.8737038118388227e-05,False,True,RELEASE,RELEASED,
2.560000000001373,LOWERING,0.16227610676862653,929.773603365663,29.87915477001729,-0.037260045810330884,256.6979612501869,1.7951768341649055,-0.54817253803602,1.7094346242151177,1.0936561328658907,-3.5040905077030433,-341.1780992129698,243.7251360854052,760.0384140158378,81.13666286970934,16.47346082750062,-0.15716056964504332,243.7251360854079,234.38558361928747,345.79055903645866,46.83643815363209,324.9999999999973,0.5176101286643217,187.54914546565539,23.987955433544318,5.778490467105942,599.5681138312707,0.00901636954623708,1.8738276359897554e-05,False,True,RELEASE,RELEASED,
2.5700000000013943,LOWERING,0.16361689758198356,937.4557688471901,30.133531001695385,-0.037001791342725646,258.79288333998153,1.7940275089765783,-0.5494843210318386,1.7078061025493745,1.0930392677623404,-3.5037438115509882,-343.963015420828,246.30218323018806,765.5111447072146,81.07130712655365,16.743439116855328,-0.1539140527693803,246.30218323019042,236.9004091579579,348.6792282385953,47.231970290831896,327.9999999999974,0.5148217154309701,189.668438867126,23.98796542235166,5.773700650018952,599.5684450983694,0.008879322088394481,1.8740052183829903e-05,False,True,RELEASE,RELEASED,
2.5800000000014154,LOWERING,0.16495704986316173,945.1342758088241,30.387825543882556,-0.036746634430918565,260.8873447837976,1.7928948027235192,-0.5507610933904274,1.7062045573847198,1.092433215033349,-3.50337836949447,-346.74417623173287,248.87249029350875,770.9828857599717,81.00687206837597,17.015551667085024,-0.15073779723689995,248.87249029351406,239.409383102504,351.5681197532478,47.628240632512444,330.99999999999756,0.5120364391792372,191.78114246999155,23.98797525451208,5.768985944120786,599.568771202019,0.008736855978415115,1.8739653739885398e-05,False,True,RELEASE,RELEASED,
2.5900000000014365,LOWERING,0.16629658864178745,952.8092676597604,30.642042072692153,-0.03649452757250939,262.98138780397613,1.7917783715722417,-0.5520038587878051,1.7046294238682633,1.0918377525535214,-3.50299511927305,-349.5216830183637,251.4361707337982,776.4538019694464,80.94334026050831,17.289802582826326,-0.14763055876704811,251.43617073380193,241.9126013044771,354.4572730905971,48.0252214212004,333.9999999999976,0.5092554642045861,193.8873798832767,23.987984931969827,5.764345417287824,599.5690919671808,0.008589771020955261,1.8740521113613795e-05,False,True,RELEASE,RELEASED,
2.6000000000014576,LOWERING,0.16763553769781034,960.480880649074,30.896184046242556,-0.0362454245822234,265.0750520256713,1.7906778780698709,-0.5532135825854074,1.703080149332918,1.091252662258407,-3.5025949451609,-352.295632181808,253.99333300903209,781.9240472892868,80.88069444066753,17.566195801603094,-0.1445910694941972,253.99333300903584,244.41015513305797,357.34672483705714,48.42288623446254,336.9999999999978,0.5064798697139152,195.98726889859543,23.98799445552387,5.759778686577438,599.5694072555841,0.008439321630821617,1.874057614514868e-05,False,True,RELEASE,RELEASED,
2.6100000000014787,LOWERING,0.1689739196360618,968.1492442929086,31.150254754378683,-0.035999279328332835,267.1683746417843,1.7895929912104538,-0.5543911937204851,1.7015561931698744,1.0906777301748607,-3.5021786815746556,-355.0661154549148,256.5440808573924,787.3937655367182,80.81891754084472,17.844735102183204,-0.14161804550394663,256.5440808573968,246.90213173450928,360.2365088503791,48.82120991598808,339.99999999999784,0.5037106555873287,198.0809218185212,23.9880038252566,5.755285712660859,599.5697169786192,0.008287032508714098,1.8741060095806006e-05,False,True,RELEASE,RELEASED,
2.6200000000015,LOWERING,0.17031175595551384,975.8144817713006,31.404257308708505,-0.03575604646943202,269.2613905661469,1.7885233864525536,-0.5555375864573853,1.7000570266672859,1.0901127464364675,-3.5017471162810985,-357.83322017159446,259.0885135486908,792.8630910395148,80.75799270335165,18.125424112403774,-0.13871019285159036,259.08851354868904,249.38861426422082,363.1266564410731,49.220168499694836,342.999999999998,0.5009487477194207,200.16844576452598,23.988013040933048,5.750866608383462,599.5700211038549,0.008134527104503242,1.873967175214375e-05,False,True,RELEASE,RELEASED,
2.630000000001521,LOWERING,0.1716490671137875,983.4767102977837,31.658194650756702,-0.035515681534371665,271.35413257588175,1.7874687457167053,-0.5566536220300472,1.6985821328375266,1.0895575052860091,-3.5013009933504833,-360.5970295159127,261.6267261175816,798.3321492375262,80.69790329420874,18.408266316502306,-0.13586621238016505,261.6267261175842,251.86968210163263,366.0171965408158,49.6197391362073,345.99999999999807,0.4981950029740297,202.24994296542533,23.988022102345518,5.746521473507844,599.5703196558691,0.007983379660896794,1.8739873198114765e-05,False,True,RELEASE,RELEASED,
2.640000000001542,LOWERING,0.17298587258727827,991.1360414638847,31.912069572853238,-0.035278140559727375,273.4466314438529,1.7864287573708517,-0.5577401301899795,1.6971310062388316,1.0890118050670308,-3.5008410159099146,-363.35762275590616,264.15880958291297,803.8010572443394,80.63863291481873,18.69326506199758,-0.13308480382369225,264.158809582916,254.34541105215294,368.90815585882626,50.019900025268015,348.99999999999824,0.4954502137816239,204.32551102688493,23.988031009587264,5.74225026348414,599.5706127123512,0.007834997882801176,1.8740058976618457e-05,False,True,RELEASE,RELEASED,
2.650000000001563,LOWERING,0.17432219092721274,998.7925815603021,32.16588471422879,-0.035043380519319524,275.5389160620236,1.7854031162034572,-0.5587979106661347,1.6957031527906579,1.088475448206113,-3.5003678487095113,-366.1150754629298,266.6848511541959,809.2699243713967,80.5801654119413,18.980423566158727,-0.13036466936807756,266.68485115419674,256.81587353703696,371.7995590272208,50.42063035403848,351.9999999999983,0.49271511240697186,206.39524318299848,23.9880397632472,5.7380526960804135,599.5709003966281,0.007690539684237052,1.873918517958373e-05,False,True,RELEASE,RELEASED,
2.660000000001584,LOWERING,0.17565803981193975,1006.4464318765137,32.41964258779071,-0.03481135873219325,277.63101355644005,1.7843915233847454,-0.5598277345418768,1.6942980895831294,1.0879482411871355,-3.499882120510758,-368.8694597170649,269.2049344257234,814.7388526170564,80.52248488602025,19.269744922094056,-0.1277045167736901,269.20493442572564,259.2811387716569,374.69142873625356,50.82191024042211,354.99999999999847,0.4899903749132923,208.4592285312348,23.988048364525127,5.733928196129162,599.5711828678475,0.007550864242464428,1.8739118658572806e-05,False,True,RELEASE,RELEASED,
2.6700000000016053,LOWERING,0.17699343609573778,1014.0976889804217,32.67334556933902,-0.03458203346854967,279.722949394482,1.783393686415532,-0.5608303455535502,1.6929153446800187,1.0874299945185608,-3.4993844263037004,-371.62084429884237,271.71913955865944,820.2079371223751,80.46557569782689,19.561232104486987,-0.1251030621300515,271.719139558662,261.74127293254236,377.5837858602467,51.22372068044865,357.9999999999985,0.48727662484715994,210.5175522520937,23.98805681527317,5.72987587565086,599.5714603099913,0.0074165148959775,1.873865565471533e-05,False,True,RELEASE,RELEASED,
2.6800000000016264,LOWERING,0.1783283958544124,1021.7464449796076,32.92699591447145,-0.0343553636390184,281.8147474849651,1.7824093190658752,-0.5618064613161443,1.6915544569171597,1.0869205226946657,-3.498875329367818,-374.3692948684451,274.22754345201565,825.677266596384,80.40942247366054,19.85488797500366,-0.12255903223353926,274.22754345202003,264.1963393140091,380.4766495749214,51.6260434993348,360.9999999999987,0.48457443666626265,212.5702958146743,23.988065117973715,5.7258945444379,599.5717329207769,0.007287729456873393,1.873931088880454e-05,False,True,RELEASE,RELEASED,
2.6900000000016475,LOWERING,0.17966293442792364,1029.3927877655678,33.18059577301112,-0.03413130855923254,283.9064302716251,1.7814381413043787,-0.562756774480671,1.6902149756969114,1.086419644151524,-3.4983553631868913,-377.1148741330928,276.7302199031384,831.1469237128647,80.35401010920701,20.15071528739428,-0.12007116664699424,276.73021990314095,266.64639847501076,383.370037466778,52.02886130577818,363.99999999999875,0.48188433893008636,214.61753716923258,23.98807327566716,5.721982744697554,599.5720009013318,0.007164472175215764,1.8738988032396264e-05,False,True,RELEASE,RELEASED,
2.7000000000016686,LOWERING,0.18099706646027416,1037.0368012422575,33.43414718075843,-0.03390982841147405,285.99801882047745,1.7804798792201615,-0.5636819538282032,1.6888964607803112,1.0859271812184947,-3.4978250332317122,-379.85764200375047,279.2272397586313,836.6169854810289,80.29932377227627,20.44871669230955,-0.11763821946789221,279.2272397586343,269.091508377058,386.26396563511764,52.43215744938246,366.9999999999989,0.47920681727175546,216.65935092767555,23.988081291844196,5.718138802703827,599.5722644472784,0.007046481006244498,1.8738071887014485e-05,False,True,RELEASE,RELEASED,
2.7100000000016897,LOWERING,0.18233080593685908,1044.6785655400877,33.687652072059215,-0.03369088403220571,288.08953290149975,1.7795342649378796,-0.5645826453045992,1.687598482077079,1.0854429600658781,-3.497284818619571,-382.59765574178897,281.7186710562943,842.0875235916521,80.24534890448345,20.74889474185108,-0.11525896083912812,281.71867105630014,271.53172451372774,389.15844878725295,52.83591598085562,369.999999999999,0.4765423171676953,218.69580853287212,23.988089170317423,5.714360890362761,599.572523741679,0.006933323794841684,1.8737557937242855e-05,False,True,RELEASE,RELEASED,
2.720000000001711,LOWERING,0.18366416621946785,1052.318157216473,33.94111228772995,-0.033474436837962855,290.18099106505446,1.7786010365278189,-0.5654594730000114,1.6863206194352187,1.0849668106493202,-3.496735173661844,-385.3349700965332,284.20457915881605,847.5586047409108,80.1920712220803,21.05125189387431,-0.11293217823788382,284.2045791588157,273.967100032516,392.0535003274084,53.24012161494218,372.99999999999915,0.4738912465203378,220.7269784175738,23.988096915085997,5.710647090112204,599.5727789500397,0.0068244574516986845,1.8737703726401378e-05,False,True,RELEASE,RELEASED,
2.730000000001732,LOWERING,0.1849971600791089,1059.9556494439018,34.194529575993954,-0.03326044895403068,292.27241071342974,1.7776799379111845,-0.56631304007654,1.6850624624301556,1.0844985666515186,-3.496176529306765,-388.06963743419215,286.68502687968555,853.0302909331689,80.13947671597472,21.355790516059947,-0.11065667752581021,286.6850268796893,276.3976858494393,394.949132439774,53.644759695735985,375.9999999999992,0.47125397806784874,222.75292615370333,23.98810453020508,5.706995457528151,599.5730302173976,0.0067192850569526286,1.8736381306894145e-05,False,True,RELEASE,RELEASED,
2.740000000001753,LOWERING,0.18632979972681482,1067.5911121864367,34.447905603601804,-0.03304888302102519,294.36380816784924,1.7767707187618629,-0.5671439296475905,1.6838236101544115,1.0840380654216848,-3.495609294486827,-390.8017078589537,289.16007460197676,858.5026397644139,80.08755165107503,21.662512889769594,-0.10843128386557055,289.16007460197886,278.82353075699683,397.8453561661336,54.04981616430234,378.9999999999994,0.4686308516336788,224.7737145926945,23.98811201966934,5.703404077189066,599.5732776673274,0.006617206885086269,1.873469948066031e-05,False,True,RELEASE,RELEASED,
2.750000000001774,LOWERING,0.1876620968425737,1075.2246123654804,34.701241951691685,-0.03283970245437985,296.4551987312736,1.7758731344051164,-0.5679527056117996,1.682603671008146,1.0835851479131964,-3.495033857377023,-393.53122932669646,291.62978039040297,863.9757046876138,80.03628256502346,21.971421213699728,-0.10625484243081473,291.6297803904061,281.2446815258855,400.74218147846125,54.45527752835565,381.99999999999943,0.466022176227694,226.78940399752983,23.988119387317013,5.699871108678743,599.5735214026162,0.006517662543301661,1.873300847421433e-05,False,True,RELEASE,RELEASED,
2.7600000000017952,LOWERING,0.18899406260251972,1082.8562140155648,34.95454012977638,-0.03263287114751896,298.54659674728646,1.7749869457141687,-0.568739913444475,1.6814022624913065,1.083139658619809,-3.49445058657136,-396.2582477519276,294.09420009714506,869.4495352614051,79.9856562664206,22.282517607346723,-0.10412621898478847,294.09420009714904,283.6611830009269,403.63961734684,54.86113083385669,384.9999999999996,0.4634282320096947,228.8000521670702,23.98812663675828,5.696394820930919,599.5737615072491,0.006420162604658053,1.8729762317093446e-05,False,True,RELEASE,RELEASED,
2.7700000000018163,LOWERING,0.19032570770450313,1090.4859784308562,35.20780157126568,-0.03242835372112534,300.6380156553418,1.7741119190048322,-0.5695060809492023,1.6802190109973432,1.0827014455107633,-3.49385983218358,-398.9828071084058,296.55338746189193,874.9241773830611,79.93565983257757,22.595804114295387,-0.10204430035912537,296.5533874618935,286.0730781916089,406.53767180303674,55.26736363838765,387.99999999999966,0.4608492721252315,230.80571455322124,23.988133771329224,5.692973614314911,599.5739980493281,0.006324309195750999,1.8728018417846215e-05,False,True,RELEASE,RELEASED,
2.7800000000018374,LOWERING,0.19165704239215423,1098.113964303034,35.461027646850155,-0.03222611523364806,302.7294680426191,1.773247825929218,-0.5702517189719456,1.6790535516094294,1.082270359965083,-3.493261926877602,-401.7049495238873,299.0073942064219,880.3996735071175,79.88628060689969,22.911282705341783,-0.1000079947764334,299.00739420642486,288.4804083576168,409.4363520000324,55.67396398618013,390.99999999999983,0.45828552442283943,232.80644437143667,23.988140794070326,5.689606030938779,599.5742310845276,0.006229805965718427,1.872643282752051e-05,False,True,RELEASE,RELEASED,
2.7900000000018585,LOWERING,0.19298807647754299,1105.7402278511172,35.714219659724286,-0.03202612142196194,304.82096569271977,1.7723944433682852,-0.5709773220799906,1.6779055278987363,1.0818462567053333,-3.492657186832779,-404.4247153693947,301.45627012412797,885.8760628502638,79.83750619590245,23.228955281460568,-0.09801623209648369,301.4562701241269,290.88321308961747,412.335664267791,56.080920384588524,393.9999999999999,0.4557371930610892,234.80229270502895,23.988147707726895,5.686290754446972,599.5744606597295,0.006136458587423732,1.8724930228586345e-05,False,True,RELEASE,RELEASED,
2.8000000000018797,LOWERING,0.19431881936253068,1113.364822943803,35.9673788411594,-0.031828338914816706,306.91251963141934,1.771551553324375,-0.5716833692078859,1.6767745917257713,1.081428993731056,-3.4920459126494454,-407.14214334347463,303.9000631648514,891.3533815838189,79.78932446597197,23.548823676626597,-0.09606796397429207,303.9000631648565,293.28153038575385,415.2356141655225,56.48822178206038,397.00000000000006,0.4532044600131526,236.79330860369348,23.988154514767526,5.68302660117891,599.5746868165445,0.006044167468174599,1.8723543831811185e-05,False,True,RELEASE,RELEASED,
2.8100000000019008,LOWERING,0.19564928005889942,1120.9878012147994,36.19740248313434,-0.032291199842408226,309.0041401696702,1.7707189428134888,-0.5723703242721344,1.6756604030444626,1.0810184322521033,-3.491428390197865,-409.8572705516487,306.338819515223,896.8316630143546,79.7417235398607,23.870889660499305,-0.09416216393469767,306.3388195152262,295.6753967239615,418.13620653068125,56.89585754730322,400.0,0.45068748647603335,238.7795391766583,23.98816121741604,5.679812504840689,599.5749095944576,0.005952914608272408,1.8721108588692914e-05,False,True,RELEASE,RELEASED,
2.820000000001922,LOWERING,0.19696748722796467,1128.5405719459322,36.42975492713332,-0.03261795584702258,311.0181842847611,1.7752378510669307,-0.5759298097512496,1.6792183545032562,1.0808753655055652,-3.5107181109061165,-414.89839480253085,310.25298378352295,904.5937475153628,80.24004059396786,24.183077738947404,0.22229268609362407,310.2529837835288,299.45547767561703,420.86533413233406,49.055154755913236,400.0,0.466511671887314,250.4003229197038,23.988167547855102,5.676776891075851,599.5749558474519,-0.005731509607200813,1.8737831410930994e-05,False,True,RELEASE,RELEASED,
2.830000000001943,LOWERING,0.19820427127887702,1135.6268225745691,36.63417015829782,-0.03330380504273936,312.7710327268756,1.7848428467448025,-0.5887042007593586,1.684960341249721,1.0811003950800224,-3.576032702696593,-425.2709735444468,318.9218584770048,912.8025293488051,81.47210577485122,24.456429728259074,0.42057956433086474,318.9218584770045,307.69971083315465,423.02755168933095,36.48242754981686,400.0,0.5001427684249493,271.2172832833378,23.98817164785878,5.674810829498157,599.5744678415366,-0.021988767139933252,1.8801026314463343e-05,False,True,RELEASE,RELEASED,
2.840000000001964,LOWERING,0.1992843875741924,1141.815433085057,36.80534301962997,-0.034102967492223926,314.17136843787307,1.7958617657119298,-0.6078931416606727,1.689847747540555,1.081461747855314,-3.6714009494381235,-438.99173384885097,330.7916015135775,919.5488555702111,83.05959686921472,24.675912186531452,0.4646232795269043,330.7916015135799,318.93276849534516,424.55982480551995,24.82964936870195,400.0,0.5384380955934984,294.1031191266432,23.98817115348932,5.675047892932217,599.5734636460453,-0.034145953761919756,1.889493150031285e-05,False,True,RELEASE,RELEASED,
2.850000000001985,LOWERING,0.20017397043247054,1146.9123674157092,36.942915404115354,-0.034850981006537704,315.2189539458522,1.806114634713065,-0.62877471586454,1.6931309548922004,1.081761021140058,-3.7734206338133727,-453.2043542293394,343.2954287535339,924.4075857859693,84.66683316651897,24.84074723167933,0.40134507760950555,343.29543338108266,330.7326616915077,425.56740045886283,15.793730840183457,400.0,0.5738568679800296,314.93893085132424,23.988164778724855,5.678104762817209,599.5721427549761,-0.03972503627512758,1.899925854331741e-05,False,True,RELEASE,RELEASED,
2.8600000000020063,LOWERING,0.20087738977844927,1150.9426633909527,37.05051639294255,-0.035471544835819796,315.961558651817,1.81452573205199,-0.6479870340264311,1.694879475364677,1.0818907314697879,-3.8659015219880084,-465.94332412649123,354.61833861190144,927.5422379465645,86.08136192608498,24.957926636421394,0.28569695208358326,354.61834024668957,341.3956867091794,426.18982743199416,9.435217797429402,400.0,0.6031066960360513,331.96046891175,23.988152603165947,5.68394326411074,599.5707393005475,-0.03891338930966448,1.9096583017130797e-05,False,True,RELEASE,RELEASED,
2.8700000000020274,LOWERING,0.2014211588408613,1154.058230621552,37.1337368090538,-0.03594765819543933,316.46409979634234,1.820775020259803,-0.6639127942532776,1.695417788047799,1.0818185454002707,-3.941294357247938,-476.3160460618963,363.91178109528295,929.3125728101654,87.20826554739484,25.03738161497734,0.15861780423995242,363.91178160090595,350.13295171448834,426.55096760374767,5.262276521032277,400.0,0.6255014838081296,344.87067519345607,23.988135811343724,5.6919953755621515,599.5694580776072,-0.03303526901572518,1.9181078727115164e-05,False,True,RELEASE,RELEASED,
2.8800000000020485,LOWERING,0.20183971588340696,1156.4563858238864,37.1985008451132,-0.036293004243306864,316.7905379979412,1.8249941316012077,-0.6762012943272768,1.6950974573542843,1.0815575050486166,-3.9982140548968776,-484.1990333288581,371.0298293019164,930.095410240185,88.03637550273035,25.08906124125626,0.043767282954945586,371.02982943444255,356.8161853456779,426.74583602703734,2.694442481949636,400.0,0.6416939556317738,354.1217428637283,23.9881162678843,5.701366953755718,599.5684491241287,-0.023786284066574126,1.9241787825308165e-05,False,True,RELEASE,RELEASED,
2.8900000000020696,LOWERING,0.20216652535163282,1158.328866147312,37.25010983484624,-0.036532841811680414,316.99529447503323,1.827527090225153,-0.6852003289546086,1.6942124349405863,1.0811412348020673,-4.038621895105839,-489.88449344554436,376.210580721175,930.2106509295876,88.60125830278658,25.121504179828268,-0.048849758246205965,376.2105807488869,361.6754538601441,426.84167130252723,1.227326657373169,400.0,0.6528645536087946,360.44812720277093,23.98809609861222,5.711038608769506,599.5678022629554,-0.012832083137926276,1.9282567606637713e-05,False,True,RELEASE,RELEASED,
2.9000000000020907,LOWERING,0.2024298388730269,1159.837541493773,37.29283797694308,-0.03669373210557808,317.12058887282757,1.8287720467703665,-0.6915392305394463,1.6929798261271711,1.0806080741388104,-4.065782600128851,-493.8214299821037,379.84104229334594,929.9012888048599,88.95676984204721,25.141366971762242,-0.11774912505131852,379.84104229753814,365.0779553148981,426.88326446892063,0.4716770912974084,400.0,0.6602673534324089,364.60627822360067,23.988077349817985,5.720029095619907,599.5675519907231,-0.00160933269727348,1.9308594090716724e-05,False,True,RELEASE,RELEASED,
2.910000000002112,LOWERING,0.20265147692562982,1161.1074339931376,37.329880825253305,-0.03679894704946356,317.1969705076169,1.8290956446537017,-0.6958849915334187,1.6915480944536205,1.0799928100358094,-4.083082168365897,-496.46557909683133,382.3200973751021,929.3386695423783,89.15773112835467,25.1534795248025,-0.1657289314260879,382.320097375543,367.4000230657179,426.8987463073366,0.1475265234199128,400.0,0.6650111665793123,367.252496542298,23.9880617481896,5.727510431865771,599.5676872415737,0.008758171791929392,1.932209401900309e-05,False,True,RELEASE,RELEASED,
2.920000000002133,LOWERING,0.20284721001815836,1162.2289020044304,37.36348533240475,-0.036866958622520894,317.2452618212046,1.82879771866521,-0.6988250592416834,1.6900132047918839,1.079323460664759,-4.093469656537689,-498.20933947359543,383.99382613526006,928.6367570037471,89.251496817724,25.16113903700117,-0.19712251638969747,383.99382613534954,368.96720635811727,426.90460877343884,0.06496488707750814,400.0,0.6679801348807473,368.90224147103976,23.988050558945275,5.732875923436754,599.5681629333197,0.01747985681487574,1.932761489342738e-05,False,True,RELEASE,RELEASED,
2.930000000002154,LOWERING,0.20302780683712382,1163.2636455564511,37.39514601783798,-0.036911443891282085,317.27886629357135,1.8281048319891668,-0.7008263573866927,1.6884340951112777,1.0786208812935716,-4.099271167729777,-499.3596208888992,385.13430062552163,927.8673347814281,89.27515543388114,25.166469749133487,-0.21630491963452414,385.1343006257245,370.0349649984997,426.9096636861952,0.10266709770939997,400.0,0.6698294199676218,369.9322979007903,23.98804452849902,5.735767654494123,599.5689115862755,0.024083618894042758,1.9328161044995795e-05,False,True,RELEASE,RELEASED,
2.940000000002175,LOWERING,0.20320022809820468,1164.251546612277,37.425802569684556,-0.036941955080777716,317.3058999331958,1.8271777703608836,-0.7022343158664268,1.6868448565652325,1.0778996746672325,-4.102196841732061,-500.1404003662138,385.94091568143773,927.0729638896505,89.25574915492994,25.17075853310382,-0.22702300325795477,385.9409156820748,370.7902833426118,426.91796176359566,0.18827915403426232,400.0,0.6710159584209185,370.60200418857755,23.988043893978006,5.736071921132972,599.5698540436614,0.028380551429242118,1.9325764924360556e-05,False,True,RELEASE,RELEASED,
2.950000000002196,LOWERING,0.20336871354688033,1165.2168971241254,37.45600912229619,-0.0369648061183988,317.3309258368476,1.8261242851948385,-0.7032898342117363,1.6852635740657271,1.0771695250222175,-4.103432494774847,-500.7058725532957,386.5515028429877,926.2769566004065,89.2118336852301,25.174729123117725,-0.2321930980392608,386.5515028443985,371.36229327123425,426.9308167976448,0.2822931028084099,400.0,0.6718409625086824,371.08000016842584,23.98804844132988,5.7338913665654045,599.5709087112333,0.03041724435426918,1.9320877356676647e-05,False,True,RELEASE,RELEASED,
2.9600000000022173,LOWERING,0.2035356648096005,1166.17345739795,37.48606630524594,-0.03698393593492916,317.3562527188386,1.8250124718382843,-0.7041518996593713,1.68369849574423,1.0764365127290232,-4.103756201300847,-501.1564479889732,387.0562120537506,925.4905970126733,89.15542133940781,25.17874778493585,-0.2339331891208758,387.0562120561133,371.83538932680875,426.9481240528484,0.36583549264128123,400.0,0.6724917249779865,371.46955383416747,23.988057594795553,5.729502077293561,599.5719989749612,0.030421401135665604,1.9314038411266665e-05,False,True,RELEASE,RELEASED,
2.9700000000022384,LOWERING,0.20370230919782434,1167.1282594104264,37.516117335832455,-0.03700164293181186,317.3828460321885,1.823882578065122,-0.7049195784215608,1.6821522067064696,1.0757042249343538,-4.103649668445547,-501.55374816074647,387.51065681024835,924.7181188175307,89.09381737131194,25.18296773887298,-0.23369375968371742,387.51065681353356,372.26159615333046,426.9691623761816,0.43206769590898375,400.0,0.6730770719862734,371.8295284574215,23.988070522428576,5.723302985581278,599.5730586445925,0.028745652127565968,1.930655650994595e-05,False,True,RELEASE,RELEASED,
2.9800000000022595,LOWERING,0.20386916878193725,1168.0842944045241,37.546214030109596,-0.037019154996379776,317.4109316157465,1.8227564152703541,-0.7056506025195316,1.6806243413008914,1.0749746136907543,-4.1033913941493125,-501.93299562730493,387.946844565119,923.9599708114274,89.0311399811889,25.18742487729403,-0.23241379629712355,387.94684456917156,372.67083068992895,426.99304390185296,0.4805275462971963,400.0,0.6736547771131961,372.19030314363175,23.988086244782398,5.715763753181797,599.5740354336087,0.025813745433826973,1.930056021137716e-05,False,True,RELEASE,RELEASED,
2.9900000000022806,LOWERING,0.20403637362221574,1169.0423075707358,37.576359738252975,-0.03703704112015872,317.44037328369916,1.8216443110309433,-0.7063757470684436,1.6791132480761675,1.0742486172094237,-4.103128169410278,-502.3124353161801,388.3815298859963,923.2148397593248,88.96947340979042,25.192097647623573,-0.23066562722880235,388.38152989063116,373.0787349566423,427.018938816099,0.513652014973843,400.0,0.67425133663358,372.56508294166844,23.988103736632862,5.707375994584942,599.5748926203386,0.02207242022777134,1.929373043196847e-05,False,True,RELEASE,RELEASED,
3.0000000000023017,LOWERING,0.2042038592765903,1170.0019296832008,37.60653561703754,-0.03705549269219277,317.47089408071633,1.8205499246464225,-0.7071092220656511,1.6776169336889173,1.0735265851534548,-4.1029264144344575,-502.70004489322747,388.82219152161053,922.4808167331856,88.90968492363432,25.196942147102355,-0.22877369911964252,388.8221915266305,373.49227603059944,427.0461663737156,0.5347990831580773,400.0,0.6748754079730486,372.95747694744136,23.98812201444169,5.698611337170217,599.5756091353712,0.01795127130334162,1.928686478436248e-05,False,True,RELEASE,RELEASED,
3.010000000002323,LOWERING,0.2043714835370309,1170.9623459499257,37.636715598120006,-0.03707450498896734,317.5021953304683,1.81947338693845,-0.7078557530949889,1.676133538411424,1.0728085543431507,-4.102806934679556,-503.09804394388743,389.2710674586091,921.7560058638587,88.85196970163118,25.20191100991671,-0.22690422626698137,389.2710674638621,373.9135239792204,427.0742129597154,0.5472333692101756,400.0,0.6755264316485883,373.3662906100102,23.988140205003933,5.689888503364404,599.5761783849816,0.013831924087268632,1.928041068310904e-05,False,True,RELEASE,RELEASED,
3.020000000002344,LOWERING,0.20453908992849687,1171.9226598349674,37.66687414679458,-0.03709398632139751,317.53401266393985,1.8184132233248183,-0.708615138226171,1.6746615289780975,1.0720944172643079,-4.102767140358338,-503.50575424646166,389.72772731394724,921.0387931345913,88.79619318358945,25.206962299615785,-0.22512855069066973,389.72772731932616,374.34205879296337,427.10271513864956,0.553691090872519,400.0,0.6761998300778714,373.78836770209085,23.98815759319994,5.681550412052129,599.5766061510166,0.01002694336747112,1.92730882986325e-05,False,True,RELEASE,RELEASED,
3.030000000002365,LOWERING,0.2047065381226093,1172.8820673159403,37.69698965028215,-0.03711381925263955,317.5661357804482,1.8173674486360156,-0.7093850057998294,1.673199736106887,1.0713840180094254,-4.1027943920172545,-503.92130197122464,390.1906123446398,920.3279238617829,88.74209234503243,25.212062648631523,-0.22346536707487985,390.19061235006274,374.7764103097288,427.1314297502399,0.55626673773736,400.0,0.6768899126364297,374.22014357199146,23.988173648877815,5.67385128703129,599.5769079089438,0.006768140647047893,1.9266905837866943e-05,False,True,RELEASE,RELEASED,
3.040000000002386,LOWERING,0.20487371513639213,1173.839921048076,37.72704532742466,-0.037133892375773934,317.5984092046883,1.816334130969645,-0.7101623629307251,1.6717473175100066,1.0706772018064932,-4.102873421744594,-504.34255238830576,390.65788790645234,919.6224839015346,88.68938436486812,25.217187382337162,-0.22190726535177419,390.6578879118794,375.21485452174153,427.16020275717636,0.5564591108415584,400.0,0.6775913304400337,374.65839541089997,23.988188034557727,5.666952961738362,599.5771058828525,0.004203345363098521,1.926084819103835e-05,False,True,RELEASE,RELEASED,
3.0500000000024072,LOWERING,0.2050405363298562,1174.7957360799585,37.75702893911953,-0.037154113277143165,317.6307245216052,1.8153116359252561,-0.7109443767470937,1.6703036935531566,1.069973836656606,-4.102990021982449,-504.7675647979978,391.1278638489255,918.921841153851,88.63781802208699,25.222319290029972,-0.2204363630437456,391.12786385432923,375.6558056840376,427.1889422105913,0.5552809336439282,400.0,0.6782996714273992,375.1005247503937,23.988200596847367,5.660928994967953,599.5772261148519,0.0024002739481749913,1.9253658720685962e-05,False,True,RELEASE,RELEASED,
3.0600000000024283,LOWERING,0.2052069417184808,1175.749168725601,37.78693200847587,-0.0371744112152073,317.66300999889546,1.8142986925192144,-0.711728698798969,1.668868480433032,1.0692738194461284,-4.1031325301021795,-505.19476678072834,391.5991605588401,918.2255782624751,88.58719201921691,25.227446980389594,-0.21903277771821195,391.599160564209,376.0979706558539,427.2175970857157,0.553380062630481,400.0,0.6790115858744622,375.5445905932234,23.988211345196515,5.655774858030957,599.5772957727618,0.0013558684907204466,1.924662353758322e-05,False,True,RELEASE,RELEASED,
3.0700000000024494,LOWERING,0.205372890744146,1176.6999866040933,37.81674890786707,-0.037194735654376324,317.69522059823834,1.8132943699202584,-0.7125135383855279,1.6674414321354265,1.0685770743159069,-4.103292114455968,-505.6229778680888,392.07073736078047,917.5334314132255,88.53735588017095,25.232563297740835,-0.21767867060242452,392.07073736609914,376.54037470918945,427.2461418775018,0.5511475563653789,400.0,0.6797246852679895,375.98922715282407,23.988220421934347,5.651422302324654,599.5773408599134,0.001009374890806214,1.9239652246483274e-05,False,True,RELEASE,RELEASED,
3.0800000000024705,LOWERING,0.20553835712833263,1177.6480391506118,37.84647606267887,-0.037215052026039676,317.7273296410207,1.8122980177957615,-0.7132976134516829,1.6660223947926325,1.067883547874446,-4.103462486095677,-506.0513627579093,392.54185553498064,916.8452408666742,88.48820295369158,25.23766400020346,-0.2163597309665306,392.5418555402479,376.98232639185596,427.2745660393733,0.5488036624844881,400.0,0.6804373558981985,376.4335227293715,23.988228067484474,5.647756039549806,599.5773844298172,0.0012574706318906337,1.9232202433272505e-05,False,True,RELEASE,RELEASED,
3.0900000000024916,LOWERING,0.20570332451615367,1178.593232658556,37.8761112821239,-0.03723533802057064,317.7593224389379,1.8113091991224357,-0.7140800543384315,1.664611273187101,1.0671932037434693,-4.1036393982453445,-506.47936010072135,393.01201773444535,916.1609139536462,88.43966092641115,25.24274674921323,-0.215065309348347,393.0120177396663,377.4233604925023,427.30286713123553,0.5464611284944567,400.0,0.6811485624061893,376.87689936400784,23.98823458431271,5.6446310297738425,599.5774453508938,0.0019699086802678067,1.922614924865229e-05,False,True,RELEASE,RELEASED,
3.1000000000025127,LOWERING,0.20586778310879522,1179.5355109848583,37.90565325444323,-0.03725558038109218,317.7911917326217,1.8103276294210862,-0.71486030078668,1.6632080074977231,1.066506017627102,-4.103820125513398,-506.90661091002056,393.4809058428365,915.4803990025371,88.39168261627859,25.247810385709982,-0.213787934804202,393.48090584801446,377.86317968204287,427.3310466193424,0.54416901604759,400.0,0.6818576760157219,377.3190106659953,23.988240302611878,5.641888936645443,599.5775376161115,0.0030043858274888535,1.9218796580844355e-05,False,True,RELEASE,RELEASED,
3.110000000002534,LOWERING,0.20603172722622243,1180.474841585316,37.93510124384515,-0.03727577088149915,317.8229345995944,1.8093531276918202,-0.7156380111087997,1.6618125579452134,1.0658219733475431,-4.10400301087608,-507.3328973234496,393.94832727948915,914.803667904996,88.34423823696139,25.25285443937452,-0.21252263237551006,393.94832728461665,378.3016041512525,427.3591074646875,0.5419413732970497,400.0,0.6825643390891043,377.75966277795544,23.988245550047576,5.639372635290356,599.5776701516035,0.004219638453018426,1.921094106194232e-05,False,True,RELEASE,RELEASED,
3.120000000002555,LOWERING,0.20619515363741756,1181.411205947561,37.96445481804803,-0.03729590534944849,317.8545504638838,1.80838557968479,-0.7164129901043523,1.66042489514631,1.0651410598956037,-4.104187109329736,-507.75809493897214,394.4141729347919,914.1307050338087,88.29730944560643,25.25787881264942,-0.21126625407566735,394.4141729398786,378.7385321899378,427.38705285272397,0.5397749702431724,400.0,0.6832683657215063,378.19875721969464,23.9882506271544,5.636938010643143,599.577847048433,0.005486085262604412,1.9203785768695525e-05,False,True,RELEASE,RELEASED,
3.130000000002576,LOWERING,0.20635806047329266,1182.3445933625085,37.99371371199763,-0.037315981906017745,317.88603988207683,1.807424911983961,-0.7171851358553865,1.6590449943772834,1.0644632693647496,-4.104371926656627,-508.1821381475358,394.87838642451374,913.4615005705682,88.25088505027576,25.26288358797734,-0.21001691522980082,394.8783864295591,379.1739113922874,427.41488560994344,0.5376595932559667,400.0,0.6839696728800967,378.6362517990314,23.988255789249823,5.634462630362382,599.5780681231313,0.00669364729990285,1.919711459663631e-05,False,True,RELEASE,RELEASED,
3.140000000002597,LOWERING,0.20652044655502655,1183.2749970760103,38.02287775775398,-0.03733599949546668,317.9174038479478,1.806471074646751,-0.7179544026685774,1.6576728323840606,1.063788595578652,-4.104557238532056,-508.6049962873841,395.3409428525466,912.7960467404323,88.20495807828493,25.26786891735479,-0.2087735608021717,395.34094285755043,379.6077187786606,427.44260800590604,0.5355835519068819,400.0,0.6846682351275413,379.07213522675374,23.98826123507544,5.63185119174965,599.5783297044964,0.007756658156540475,1.9190256978163234e-05,False,True,RELEASE,RELEASED,
3.1500000000026183,LOWERING,0.20668231100310008,1184.202412048793,38.05194679849024,-0.03735595826403089,317.9486434258769,1.8055240301493243,-0.7187207765719935,1.6563083857695127,1.0631170332253532,-4.104742971574707,-509.02665806327565,395.8018348788609,912.1343358677059,88.15952387340795,25.27283496408886,-0.20753565308268662,395.80183488382,380.03994776217667,427.47022175168587,0.5335362782630568,400.0,0.6853640563677136,379.5064114839136,23.988267101821243,5.629037907809299,599.5786255454358,0.008616015450565229,1.918351615870506e-05,False,True,RELEASE,RELEASED,
3.1600000000026394,LOWERING,0.20684365302655117,1185.1268337489778,38.080920693244714,-0.03737585836889601,317.9797595814247,1.804583746720132,-0.7194842599293577,1.6549516303023402,1.0624485773407315,-4.104929129083078,-509.44712188478576,396.26106404362844,911.4763595088679,88.11457892417121,25.277781875865166,-0.20630295887997363,396.26106404855375,380.47060003717763,427.4977280832009,0.5315092760010316,400.0,0.6860571532083132,379.9390907611766,23.988273465761395,5.625986202425985,599.5789477673707,0.009238908203110796,1.917576233267937e-05,False,True,RELEASE,RELEASED,
3.1700000000026605,LOWERING,0.20700447182188858,1186.048257572899,38.109799298740235,-0.03739569996642597,318.0107531224726,1.8036501945755452,-0.7202448623141913,1.6536025407280959,1.061783223020542,-4.105115747274071,-509.8663902193119,396.7186356708867,910.8221081810228,88.07012018478139,25.282709775380557,-0.20507541173725485,396.71863567576827,380.89968081748503,427.5251278684251,0.5294962141430233,400.0,0.6867475458502595,380.370184603342,23.988280347439282,5.622686224021413,599.5792877589693,0.009616579592465868,1.916919219979718e-05,False,True,RELEASE,RELEASED,
3.1800000000026816,LOWERING,0.20716476653465352,1186.9666786248683,38.13858246551643,-0.037415483124892394,318.04162469690266,1.8027233439775288,-0.7210025954652045,1.652261090824922,1.0611209652744242,-4.105302871295375,-510.2844665315695,397.1745560875852,910.171571387703,88.02614471135212,25.287618759961372,-0.20385302732859145,397.1745560924251,381.32719624047496,427.55242170859583,0.527492638971296,400.0,0.6874352536002772,380.79970360150367,23.988287720183166,5.61915076211026,599.579636968628,0.00976065170875895,1.9162211259526885e-05,False,True,RELEASE,RELEASED,
3.1900000000027027,LOWERING,0.2073245362538893,1187.8820916854881,38.167270024305246,-0.03743520816748196,318.0723748150077,1.8018031643736667,-0.7217574707663776,1.650927253557794,1.0604617989631098,-4.105490543397678,-510.70135380279083,397.62883126280224,909.5247377696755,87.98264948941771,25.292508905114694,-0.20263585454461008,397.62883126760835,381.75315209851135,427.5796100215008,0.5254955659225402,400.0,0.6881202930550011,381.2276565325888,23.988295520698554,5.615410167979973,599.5799875491929,0.009698553777066188,1.9154547757693763e-05,False,True,RELEASE,RELEASED,
3.2000000000027238,LOWERING,0.20748378002171255,1188.7944912664916,38.19586180766458,-0.03745487513164927,318.10300387921563,1.800889624135811,-0.722509498198226,1.6496010012525368,1.0598057187809884,-4.105678798142826,-511.1170539562051,398.08146626607686,908.8815952872558,87.93963137022152,25.297380269245075,-0.20142394933958485,398.08146627084204,382.17755333561144,427.6066931044681,0.5235030824997011,400.0,0.6888026777112911,381.65405025311173,23.988303660551132,5.6115068483269885,599.5803328322617,0.009468565994263933,1.9148308666672165e-05,False,True,RELEASE,RELEASED,
3.210000000002745,LOWERING,0.20764249684802732,1189.7038716950462,38.224357637565035,-0.037474484180616996,318.13351221253856,1.7999826905988252,-0.723258686083573,1.648282305753492,1.0591527192609118,-4.105867661376488,-511.53156776147074,398.53246516183924,908.2421313895913,87.89708706379707,25.30223289817136,-0.20021736233701404,398.53246516656264,382.6004039510137,427.63367117914675,0.5215140164329455,400.0,0.6894824182507587,382.07888993458073,23.988312037500066,5.6074898306200165,599.5806676265343,0.009114927962976083,1.9140416156915308e-05,False,True,RELEASE,RELEASED,
3.220000000002766,LOWERING,0.2078006857253039,1190.6102271984325,38.25275734594059,-0.03749403511934549,318.16390008224954,1.7990823302247272,-0.7240050412159367,1.6469711385512331,1.0585027947879775,-4.106057150986173,-511.9448949613286,398.98183110886373,907.6063331534667,87.8550131577936,25.307066828886917,-0.1990161342165493,398.98183111355206,383.0217070937547,427.6605444217422,0.5195276824496773,400.0,0.6901595230728805,382.502179411305,23.988320545840924,5.603409803368015,599.5809883491593,0.008683374615650052,1.9132291626533515e-05,False,True,RELEASE,RELEASED,
3.230000000002787,LOWERING,0.2079583456412167,1191.5135519764515,38.28106075292911,-0.03751352804862039,318.1941677180051,1.7981885087980385,-0.7247485691348884,1.645667470879292,1.0578559396152403,-4.106247278321179,-512.3570344760527,399.4295665339833,906.9741873889122,87.81340614476345,25.311882092438488,-0.19782029513271482,399.42956653862984,383.44146522611294,427.68731298249963,0.517543701067666,400.0,0.6908339988561069,382.9239215250453,23.988329085145146,5.599314925258114,599.5812930101947,0.008217364199625266,1.9124379875279374e-05,False,True,RELEASE,RELEASED,
3.240000000002808,LOWERING,0.20811547558850707,1192.4138402579367,38.30926768935056,-0.037532962804377276,318.2243153249164,1.7973011916067085,-0.7254892744249947,1.644371273783749,1.0572121478780656,-4.106438049692307,-512.7679846118735,399.87567331268997,906.3456807152327,87.77226244916939,25.316678716002965,-0.19662986599217902,399.8756733173022,383.859680293136,427.7139769976821,0.5155618758840887,400.0,0.6915058510478599,383.34411841725193,23.988337567016654,5.595247585144199,599.5815810779047,0.007755162095888224,1.9116835105137397e-05,False,True,RELEASE,RELEASED,
3.2500000000028293,LOWERING,0.20827207457220923,1193.3110863421539,38.33737799070231,-0.03755233915715286,318.2543430925383,1.7964203435909154,-0.7262271609810079,1.6430825181714905,1.0565714136059128,-4.106629467685867,-513.1777432405817,400.3201529261934,905.7207996135076,87.73157845034974,25.32145672431578,-0.19544486027763242,400.3201529307621,384.27635386985514,427.74053659657795,0.5135821142100667,400.0,0.6921750842515704,383.7627717556451,23.98834591970638,5.591242189187742,599.5818532567461,0.0073278491283916836,1.910903421276089e-05,False,True,RELEASE,RELEASED,
3.2600000000028504,LOWERING,0.2084281416146881,1194.2052846276665,38.3653914801228,-0.037571657298120724,318.2842512008062,1.7955459294569454,-0.726962232220106,1.6418011748427297,1.0559337307314272,-4.106821532207654,-513.5863079407362,400.7630065856055,905.0995304616233,87.69135050043518,25.32621614061448,-0.19426528592191517,400.763006590144,384.6914872776401,427.7669919053613,0.5116043783764326,400.0,0.6928417025125044,384.17988289926365,23.988354090618508,5.587323959009994,599.5821112108124,0.0069582398227723274,1.909985660120128e-05,False,True,RELEASE,RELEASED,
3.2700000000028715,LOWERING,0.20858367577416798,1195.0964297184978,38.393308000442495,-0.037590917063570886,318.3140398324173,1.7946779106853836,-0.7276944871404895,1.6405272129676463,1.0552990930485135,-4.10701422074351,-513.9936735716768,401.2042330743066,904.4818587297391,87.65157451338874,25.33095698860844,-0.19309100462686501,401.2042330788078,385.1050795725296,427.79334314548726,0.5096261746707,400.0,0.6935057098996826,384.5954533978589,23.988362046897343,5.583508650225969,599.5823572637784,0.006660632837826697,1.91218088474443e-05,False,True,RELEASE,RELEASED,
3.2800000000028926,LOWERING,0.2087386761325845,1195.984516354526,38.421127402374324,-0.03761011819469007,318.34370918183896,1.793816257218207,-0.7284239357819591,1.6392606060173156,1.0546674943444876,-4.107207565951402,-514.3998419510582,401.643837282945,903.8677722757325,87.61224757534784,25.33567929391282,-0.19192220114797465,401.6438372874106,385.51713550697883,427.81959032770976,0.5076511339829608,400.0,0.6941671103814185,385.00948437299587,23.988369774397007,5.579803046484671,599.5825941025946,0.006441241006003295,1.9165095963558088e-05,False,True,RELEASE,RELEASED,
3.2900000000029137,LOWERING,0.20889314174657278,1196.8695391306685,38.44884953169199,-0.03762926044044787,318.373259386493,1.792960932695632,-0.729150579839216,1.6380013242036542,1.0540389283658993,-4.107401557895625,-514.8048095061508,402.08181943484556,903.2572569821184,87.57336590779188,25.34038307309479,-0.19075890958140462,402.08181943927025,385.92765547487966,427.8457335557971,0.5056791809836341,400.0,0.6948259064382987,385.421976293896,23.988377275403998,5.576206051539816,599.5828245066261,0.006299192816141996,1.920574754876725e-05,False,True,RELEASE,RELEASED,
3.300000000002935,LOWERING,0.20904707172276873,1197.7514929283263,38.476474228975015,-0.03764834393822049,318.4026906069006,1.7921118998705383,-0.7298744202360519,1.6367493370527686,1.0534133886919743,-4.107596182589432,-515.2085722739663,402.5181793618992,902.6502984022973,87.5349256443231,25.34506834642842,-0.1896010786836655,402.51817936628896,386.3366395058,427.8717729818777,0.5037094815368732,400.0,0.6954821010947067,385.83293002426313,23.98838456551322,5.572710187289288,599.5830511190966,0.006227874303344372,1.9246171518716437e-05,False,True,RELEASE,RELEASED,
3.310000000002956,LOWERING,0.20920046520247695,1198.630372827537,38.50400135860642,-0.03766736835488128,318.43200300624034,1.7912691227970265,-0.7305954591803352,1.6355046148852972,1.0527908688183631,-4.107791432269076,-515.6111271512639,402.95291761204277,902.0468825187704,87.49692309047418,25.349735134641566,-0.18844868589479802,402.95291761639936,386.7440882964274,427.8977087357003,0.5017418088667682,400.0,0.6961356975446167,386.2423464875606,23.98839167005001,5.569303309510556,599.5832762700004,0.0062164695761710576,1.928418367924678e-05,False,True,RELEASE,RELEASED,
3.320000000002977,LOWERING,0.2093533213543673,1199.5061740651297,38.53143077601782,-0.037686333734336844,318.46119674942634,1.7904325659153717,-0.7313136992588014,1.6342671282157977,1.0521713621770452,-4.10798730076683,-516.0124712982588,403.3860349491162,901.4469954094948,87.45935460994848,25.354383458769217,-0.18730171957355424,403.3860349534315,387.1500027439799,427.9235409420054,0.49977614829981576,400.0,0.6967866989667659,386.65022659568007,23.988398620393305,5.565970371037308,599.5835018549835,0.006251549158537095,1.93214808916764e-05,False,True,RELEASE,RELEASED,
3.330000000002998,LOWERING,0.20950563937252326,1200.3788920235431,38.55876235486378,-0.03770523975521037,318.49027200279704,1.789602193713791,-0.7320291431300527,1.6330368475186021,1.0515548621352082,-4.108183781912011,-516.4126019335839,403.81753218320716,900.8506231179487,87.42221658386613,25.359013340103914,-0.1861601735914178,403.81753218749054,387.5543837879765,427.9492697264133,0.4978125315210491,400.0,0.6974351085191198,387.05657125645547,23.988405450499414,5.562695088718908,599.5837292693825,0.006318570831900239,1.935825100929378e-05,False,True,RELEASE,RELEASED,
3.340000000003019,LOWERING,0.20965741847632968,1201.2485222301816,38.58599595633463,-0.03772408655682568,318.5192289331061,1.7887779706523987,-0.7327417934345497,1.631813743184446,1.0509413619913464,-4.1083808690794426,-516.8115162772414,404.2474101197281,900.2577516264107,87.38550540080539,25.363624800035122,-0.1850240433267345,404.2474101239753,387.9572323626279,427.9748952158721,0.49585097619916496,400.0,0.6980809293604362,387.46138138642874,23.988412193856465,5.55946140387154,599.5839593924965,0.006403194150160552,1.9393595650285533e-05,False,True,RELEASE,RELEASED,
3.3500000000030403,LOWERING,0.20980865791072467,1202.1150603588594,38.61313146387896,-0.03774287380567253,318.5480677068509,1.7879598611782246,-0.733451652793951,1.6305977855370333,1.0503308549733588,-4.1085785551982985,-517.2092115521635,404.6756695581835,899.6683668632566,87.34921745801498,25.368217859942117,-0.18389332397833869,404.67566956239534,388.35854939569197,428.0004175377318,0.4938914820921241,400.0,0.6987241646582479,387.86465791359984,23.98841888102494,5.55625466169386,599.5841926142091,0.0064923418757665274,1.9427072516009503e-05,False,True,RELEASE,RELEASED,
3.3600000000030614,LOWERING,0.2099593569463514,1202.9785022306698,38.640168747649476,-0.0377616016526397,318.57678849005646,1.787147829750569,-0.7341587238270648,1.6293889448534942,1.0497233342385208,-4.10877683284182,-517.6056849957209,405.10231130067575,899.0824547137067,87.31334916410626,25.372792541159548,-0.18276801022028621,405.1023113048504,388.7583358163527,428.0258368191149,0.4919340418953766,400.0,0.6993648175855869,388.26640177445734,23.98842553784665,5.553062470126796,599.5844288942701,0.006574972906026488,1.9459643496588797e-05,False,True,RELEASE,RELEASED,
3.3700000000030825,LOWERING,0.21010951487959775,1203.8388438142122,38.66710770665334,-0.03778026960027929,318.6053914483378,1.786341840855695,-0.73486300915968,1.6281871913758852,1.0491187928743262,-4.108975694282639,-518.0009338666703,405.5273361573941,898.5000010264216,87.27789694058023,25.37734886498714,-0.18164809629240608,405.52733616153466,389.15659256038884,428.05115318679714,0.48997864962677795,400.0,0.70000289131561,388.66661391076207,23.98843218433854,5.54987523031872,599.5846678437963,0.006642559666477865,1.949087841524033e-05,False,True,RELEASE,RELEASED,
3.3800000000031036,LOWERING,0.2102591310325915,1204.6960812255647,38.693948220622154,-0.03779887779584385,318.6338767470639,1.7855418590130177,-0.7355645114278593,1.626992495316299,1.0485172238996054,-4.109175131513355,-518.3949554476397,405.9507449486267,897.9209916168631,87.24285722237447,25.381886852715777,-0.18053357607709586,405.950744952731,389.553320572028,428.07636676736695,0.4880253037273974,400.0,0.7006383890188642,389.0652952683006,23.988438834232305,5.546686357415031,599.5849088187384,0.006689286811860207,1.9520701314945654e-05,False,True,RELEASE,RELEASED,
3.3900000000031247,LOWERING,0.21040820475319985,1205.5502107282816,38.720690189613286,-0.037817425967669654,318.66224455153895,1.784747848778035,-0.7362632332788865,1.6258048268594678,1.0479186202656385,-4.1093751362544975,-518.7877470460469,406.37253850550235,897.345412269314,87.20822645804087,25.38640652565621,-0.17942444314928707,406.37253850957484,389.94852080466956,428.1014776874548,0.4860740071705436,400.0,0.7012713138636735,389.462446797499,23.988445495078324,5.543492230724232,599.5851510159874,0.006712006372149304,1.954980885443547e-05,False,True,RELEASE,RELEASED,
3.400000000003146,LOWERING,0.21055673541503492,1206.4012287334253,38.747333500563165,-0.037835914322457864,318.69049502716956,1.7839597747450324,-0.7369591773725188,1.6246241561649781,1.0473229748572466,-4.109575699963675,-519.179305995185,406.79271767088295,896.7732487386497,87.17400110991953,25.390907905165605,-0.17832069078252744,406.792717674919,390.3421942217173,428.12648607393896,0.48412476659672166,400.0,0.701901669018548,389.8580694551206,23.988452168804006,5.5402919259704,599.5853935643037,0.006709996777285454,1.9577366344947222e-05,False,True,RELEASE,RELEASED,
3.410000000003167,LOWERING,0.2107047224174648,1207.2491317996275,38.77387807082452,-0.0378543423783588,318.7186283396104,1.783177601550273,-0.7376523463829793,1.6234504533696956,1.0467302804938572,-4.109776813848288,-519.5696296557818,407.2112833006415,896.2044867521565,87.14017765438669,25.395391012670686,-0.17722231191493165,407.21128330464103,390.73434179782527,428.15139205410367,0.4821775914863906,400.0,0.7025294576554209,390.2521642063389,23.988458852601752,5.537086789492875,599.5856356040279,0.00668457963388569,1.9604173360221466e-05,False,True,RELEASE,RELEASED,
3.420000000003188,LOWERING,0.21085216518561664,1208.0939166331104,38.80032380593432,-0.0378727100969351,318.746644654893,1.7824012938755804,-0.7383427430016002,1.622283688590321,1.04614052993056,-4.109978468881331,-519.9587154179364,407.628236265277,895.6391120113808,87.10675258215754,25.399855869688164,-0.1761292991854475,407.6282362692454,391.12496452033974,428.17619575576384,0.4802324935374713,400.0,0.7031546829529738,390.6447320268023,23.988465540018947,5.533879915565366,599.5858763514913,0.006638649309168798,1.9629774129725774e-05,False,True,RELEASE,RELEASED,
3.430000000003209,LOWERING,0.21099906317037123,1208.935580087652,38.82667061381447,-0.03789101750203834,318.7745441395383,1.7816308164519201,-0.7390303699394338,1.621123831925963,1.0455537158591435,-4.110180655816968,-520.3465607030173,408.043577451493,895.0771101939347,87.07372239859268,25.404302497842618,-0.17504164491180063,408.04357745542825,391.5140633908411,428.200897307365,0.4782894863060392,400.0,0.7037773480997456,391.03577390453506,23.988472222129978,5.530675584358005,599.5861151459841,0.006576167093472307,1.9654614931141623e-05,False,True,RELEASE,RELEASED,
3.4400000000032303,LOWERING,0.21114541584834787,1209.7741191645016,38.85291841233162,-0.03790926447756761,318.8023269606606,1.780866134063027,-0.739715229929982,1.6199708534607113,1.0449698309091349,-4.110383365206664,-520.7331629656155,408.4573077638322,894.5184669552798,87.04108362401118,25.408730918882984,-0.17395934110993494,408.45730776772695,391.9016394266501,428.2254968380697,0.4763485850114648,400.0,0.7043974562969214,391.4252908416386,23.98847888868586,5.52747871066795,599.586351478806,0.006501665054488903,1.967838045402459e-05,False,True,RELEASE,RELEASED,
3.4500000000032514,LOWERING,0.21129122272187806,1210.6095310122296,38.879067136156635,-0.037927450584662216,318.8299932860579,1.7801072115487964,-0.7403973257315398,1.6188247232661155,1.044388867648817,-4.110586587413394,-521.1185196952368,408.86942812608254,893.9631679304227,87.00883279396834,25.413141154696937,-0.1728823795125436,408.8694281299471,392.28769366216835,428.24999447783426,0.47440980635991536,400.0,0.7050150107608192,391.81328385580844,23.98848552915732,5.524294343711713,599.5865850054334,0.006419795847327769,1.970014457697289e-05,False,True,RELEASE,RELEASED,
3.4600000000032725,LOWERING,0.21143648331897247,1211.4418129265355,38.90511669229636,-0.037945576248941223,318.85754328429744,1.779354013808514,-0.7410766601294828,1.6176854114035277,1.0438108185862474,-4.110790312625457,-521.5026284179356,409.27993948264566,893.4111987355168,86.97696645952095,25.4175332273244,-0.17181075155536973,409.27993948647986,392.67222715011394,428.27439035747864,0.472473168418162,400.0,0.705630014725117,392.1997539816958,23.988492133610848,5.52112724701671,599.5868155429196,0.0063349546141857616,1.9722006527445046e-05,False,True,RELEASE,RELEASED,
3.4700000000032936,LOWERING,0.21158119719327861,1212.2709623500082,38.931067025597706,-0.03796364101102399,318.8849771247923,1.7786065058040015,-0.741753235938233,1.6165528879264917,1.0432356761702513,-4.1109945308688065,-521.8854866977457,409.68884279971894,892.8625449694671,86.94548118746901,25.421907158969827,-0.17074444841227887,409.68884280352216,393.0552409626804,428.2986846087514,0.47053869053638664,400.0,0.7062424714428667,392.584702272144,23.988498693380805,5.517981576134359,599.5870430553797,0.006250988923312661,1.9742354112395333e-05,False,True,RELEASE,RELEASED,
3.4800000000033147,LOWERING,0.2117253639240319,1213.0969768718444,38.95691806881848,-0.03798164485947865,318.9122949778734,1.7778646525625796,-0.7424270560031238,1.6154271228829846,1.042663432791421,-4.111199232018809,-522.2670921380296,410.09613906641755,892.3171922154406,86.91437356058239,25.426262972013536,-0.169683460981787,410.0961390701856,393.4367361925569,428.3228773643897,0.468606393242851,400.0,0.7068523841883243,392.96812979931406,23.9885052015229,5.514860661167228,599.5872676308464,0.006171003041013812,1.976189386709848e-05,False,True,RELEASE,RELEASED,
3.4900000000033358,LOWERING,0.21186898311600247,1213.9198542275437,38.9826697629199,-0.03799958768876463,318.9394970148584,1.7771284191800047,-0.7430981232021757,1.6143080863176724,1.0420940807830992,-4.111404405811538,-522.6474423827658,410.5018292958404,891.7751260423743,86.88364017781885,25.430600689022718,-0.16862777991559597,410.50182929957583,393.81671395393573,428.3469687581769,0.4666762982096202,400.0,0.707459756258635,393.3500376557261,23.988511653053898,5.511766891817278,599.5874894528132,0.00609725447258036,1.978067044206e-05,False,True,RELEASE,RELEASED,
3.500000000003357,LOWERING,0.2120120543994342,1214.7395922985597,39.00832205284418,-0.038017469411582024,318.9665834081107,1.7763977708231673,-0.7437664404475854,1.6131957482740418,1.0415276124223514,-4.111610041853695,-523.0265351176473,410.90591452597056,891.2363320063864,86.85327765451484,25.434920332760814,-0.16757739559579932,410.90591452967686,394.195175383358,428.3709589249937,0.4647484281363745,400.0,0.7080645909753939,393.7304269552216,23.988518044997797,5.508701695245022,599.587708769602,0.006031134033435137,1.9798047588892587e-05,False,True,RELEASE,RELEASED,
3.510000000003378,LOWERING,0.21215457742997956,1215.556189111926,39.033874888083496,-0.03803528994334998,318.99355433110094,1.775672672732862,-0.7444320106872989,1.6120900787965697,1.040964019930941,-4.111816129632885,-523.4043680712233,411.30839582062254,890.7007956522191,86.82328262258162,25.439221926197263,-0.1665322981770032,411.3083958242942,394.57212164059933,428.3948480008692,0.46282280673796095,400.0,0.7086668916860903,394.1092988338614,23.98852437626988,5.505665591658602,599.58792586431,0.005973215876992732,1.9812477205505274e-05,False,True,RELEASE,RELEASED,
3.520000000003399,LOWERING,0.21229655188863003,1216.3696428398587,39.0593282232053,-0.03805304918788356,319.0204099584609,1.7749530902264197,-0.745094836906312,1.6109910479328782,1.0404032954762856,-4.112022658526637,-523.7809390158735,411.70927427023247,890.1685025146468,86.79365173068399,25.443505492516117,-0.16549247755699525,411.7092742738779,394.94755390940367,428.4186361230279,0.46089945863491266,400.0,0.7092666617654663,394.48665445076875,23.988530647436875,5.502658309335904,599.5881410275119,0.005923361012410311,1.982811303946619e-05,False,True,RELEASE,RELEASED,
3.53000000000342,LOWERING,0.2124379774816413,1217.1799517993265,39.08468201558801,-0.038070747097190175,319.0471504660349,1.7742389887002614,-0.7457549221280617,1.609898625735762,1.0398454311724161,-4.112229617811752,-524.1562457688188,412.10855099269304,889.6394381198115,86.76438164441281,25.44777105512419,-0.1644579234122716,412.10855099629873,395.3214733982618,428.44232342993223,0.45897840935020895,400.0,0.7098639046167772,394.8624949889116,23.988536860393904,5.4996789395333145,599.5883545343239,0.005880856720564154,1.984340022431752e-05,False,True,RELEASE,RELEASED,
3.5400000000034413,LOWERING,0.21257885394045398,1217.9871144515982,39.10993623799322,-0.03808838333721492,319.07377603093016,1.7735303336322952,-0.7464122694155547,1.6088127822651714,1.0392904190809256,-4.112436996672383,-524.5302861929625,412.50622713404357,889.1135879865262,86.73546904643744,25.45201863765905,-0.16342862517802814,412.5062271376187,395.69388134108215,428.46591006132644,0.4570596852333324,400.0,0.7104586236729846,395.2368216558488,23.988543017998037,5.496726112210044,599.5885666267918,0.005844574704189753,1.9857999234318413e-05,False,True,RELEASE,RELEASED,
3.5500000000034624,LOWERING,0.2127191810216103,1218.7911294017629,39.13509084555826,-0.03810595816388041,319.1002868315604,1.772827090584415,-0.747066881872562,1.607733487590281,1.038738251211912,-4.112644784208499,-524.9030581977775,412.9023038691911,888.5909376276122,86.70691063666692,25.456248263996038,-0.16240457207965164,412.9023038727339,396.0647789978398,428.48939615827356,0.45514331341695424,400.0,0.7110508223978724,395.60963568442287,23.988549123694312,5.4937981753662815,599.5887775019894,0.005813132490251505,1.9871275981131475e-05,False,True,RELEASE,RELEASED,
3.5600000000034835,LOWERING,0.21285895850666722,1219.5919953982345,39.16014582142451,-0.038123471211212845,319.1266830476896,1.772129225204814,-0.7477187626446535,1.6066607117914355,1.0381889195249157,-4.1128529694435105,-525.2745597400796,413.29678240253725,888.0714725511623,86.67870313239304,25.460459958255136,-0.16138575310588976,413.2967824060475,396.4341676551641,428.51278186319223,0.45322932175258757,400.0,0.7116405042870896,395.98093833341153,23.98855518116426,5.4908933635925194,599.5889873057087,0.005785045122644661,1.9882600355458635e-05,False,True,RELEASE,RELEASED,
3.5700000000035046,LOWERING,0.21299818620210434,1220.3897113322223,39.18510113307662,-0.03814092264953263,319.15296486047265,1.771436703230224,-0.748367914920228,1.605594424962019,1.0376424159298485,-4.113061541331815,-525.6447888247849,413.68966396860634,887.5551782617611,86.65084326842387,25.46465374480753,-0.16037215705250674,413.6896639720878,396.8020486269492,428.53606731989186,0.45131773880615356,400.0,0.7122276728691321,396.35073088814306,23.98856119401971,5.488009944894917,599.5891961312126,0.005758857303585607,1.9894367909500943e-05,False,True,RELEASE,RELEASED,
3.5800000000035257,LOWERING,0.2131368639392288,1221.1842762371878,39.20995676859177,-0.03815831222354996,319.1791324524915,1.7707494904881516,-0.749014341931392,1.6045345972103973,1.0370987322879206,-4.113270488765725,-526.0137435055832,414.0809498325792,887.0420402617262,86.62332779721501,25.468829648281282,-0.15936377249437328,414.0809498360296,397.1684232548209,428.55925267360374,0.4494085937487853,400.0,0.7128123317062673,396.7190146610721,23.988567165557235,5.485146338459751,599.5894040222361,0.005733249379925809,1.990561003140101e-05,False,True,RELEASE,RELEASED,
3.590000000003547,LOWERING,0.21327499157407584,1221.9756892882738,39.234712710946035,-0.038175639933050606,319.20518600779207,1.770067552899043,-0.7496580469549058,1.6034811986617623,1.0365578604125618,-4.1134798005825965,-526.3814218856306,414.4706412908668,886.5320440523012,86.59615348899663,25.472987693567287,-0.1583605878003027,414.4706412942886,397.53329290870266,428.58233807101095,0.4475019163872389,400.0,0.7133944843953883,397.0857909923154,23.98857309858099,5.482301199604141,599.5896109792293,0.00570711379740807,1.9916187738999724e-05,False,True,RELEASE,RELEASED,
3.600000000003568,LOWERING,0.21341256898730673,1222.7639498017195,39.25936894975351,-0.038192905721167854,319.231125711915,1.7693908564783583,-0.7502990333129252,1.6024341994599685,1.03601979207033,-4.113689465571056,-526.747822118124,414.85873967156465,886.0251751348258,86.56931713188374,25.47712790582413,-0.15736259114913764,414.8587396749581,397.89665898721296,428.6053236602763,0.44559773705526595,400.0,0.7139741345688214,397.4510612501577,23.988578995295207,5.479473471330835,599.5898169677914,0.005679601498571607,1.992546356177627e-05,False,True,RELEASE,RELEASED,
3.610000000003589,LOWERING,0.2135495960841023,1223.549057234251,39.283925487026984,-0.03821010932178244,319.25695175192755,1.7687193673386443,-0.7509373043738203,1.6013935697693413,1.0354845189818238,-4.113899472477554,-527.1129424069098,415.24524633494923,885.5214190118963,86.54281553199324,25.481250310483155,-0.15636977051622125,415.24524633830487,398.2585229181479,428.6282095910678,0.4436960866274262,400.0,0.7145512858950759,397.81482683152046,23.988584857261966,5.4766624045822985,599.5900219282344,0.0056501401501236614,1.993427207480636e-05,False,True,RELEASE,RELEASED,
3.62000000000361,LOWERING,0.21368607279405288,1224.3310111824512,39.30838231561826,-0.03822725082905297,319.28266431645187,1.7680530516914361,-0.7515728635528539,1.600359279776377,1.0349520328225816,-4.114109810012183,-527.4767810069942,415.6301626738936,885.0207611884509,86.51664551353876,25.48535493325303,-0.15538211369448618,415.6301626772168,398.6188861588818,428.6509960145824,0.44179699648162796,400.0,0.7151259420795409,398.1770891624002,23.98859068541567,5.473867551292466,599.5902257853629,0.005618427888459898,1.994480351186212e-05,False,True,RELEASE,RELEASED,
3.630000000003631,LOWERING,0.21382199907104588,1225.1098113821138,39.33273943614175,-0.038244330249043376,319.308263595691,1.7673918758492375,-0.7522057143128109,1.5993312996915432,1.0344223252239821,-4.114320466854372,-527.8393362250324,416.01349011425384,884.523187172912,86.49080391893318,25.489441800123828,-0.15439960827836785,416.01349011755,398.9777501966977,428.6736830835699,0.43990049841721657,400.0,0.7156981068651384,398.53784969828047,23.988596480122926,5.471088735683463,599.5904284576683,0.005584407485335063,1.9952316705484918e-05,False,True,RELEASE,RELEASED,
3.6400000000036523,LOWERING,0.2139573748931487,1225.8854577075742,39.356996867625256,-0.03826134721843881,319.3337497814524,1.7667358062274543,-0.7528358601646531,1.5983095997510368,1.0338953877741308,-4.114531431658679,-528.2006064198239,416.39523011526427,884.0286824782902,86.4652876088853,25.49351093737082,-0.15342224169586416,416.39523011853345,399.33511654916987,428.6962709523501,0.43800662466588847,400.0,0.7162677840329238,398.897109924504,23.98860224127496,5.468326009938944,599.59062986534,0.0055482264528041725,1.9958936974262542e-05,False,True,RELEASE,RELEASED,
3.6500000000036734,LOWERING,0.21409220026249012,1226.65795017103,39.38115459803019,-0.038278302309591,319.3591230671715,1.7660848093460495,-0.7534633046680205,1.5972941502183056,1.0333712120187497,-4.114742693059685,-528.5605900026911,416.7753841698492,883.5372326231643,86.44009346247216,25.4975623715582,-0.15245000118585494,416.77538417308705,399.69098676444884,428.7187597768348,0.4361154078206937,400.0,0.7168349774026413,399.25487135662814,23.988607968399705,5.465579600461379,599.5908299367035,0.00551018867402675,1.9965281296663306e-05,False,True,RELEASE,RELEASED,
3.6600000000036945,LOWERING,0.21422647520513718,1227.4272889218335,39.40521267311188,-0.03829519468572549,319.38438364793205,1.7654388518314605,-0.7540880514317966,1.5962849213858352,1.0328497894620547,-4.114954239677415,-528.9192854379166,417.15395380496705,883.0488231327973,86.41521837723259,25.50159612954237,-0.15148287382294257,417.1539538081803,400.04536242159986,428.7411497145427,0.4342268808538847,400.0,0.7173996908332418,399.611135540746,23.98861366078134,5.4628498505403655,599.5910286128576,0.005470702803493488,1.9969715651768638e-05,False,True,RELEASE,RELEASED,
3.6700000000037156,LOWERING,0.2143601997709699,1228.1934742457772,39.42917109552508,-0.0383120247614235,319.40953172048347,1.7647979004182337,-0.7547101041145036,1.5952818835767177,1.032331111567632,-4.11516606012182,-529.276691243057,417.5309405818539,882.5634395401203,86.39065926923345,25.505612238474637,-0.15052084650483266,417.53094058503495,400.3982451308169,428.7634409246154,0.4323410770354599,400.0,0.7179619282233488,399.96590405378146,23.988619317576834,5.460137164471041,599.5912258505043,0.005430231972870736,1.9975000157046452e-05,False,True,RELEASE,RELEASED,
3.6800000000037367,LOWERING,0.21449337403355367,1228.9565065643587,39.453029892717566,-0.03832879241145914,319.4345674832613,1.7641619219507345,-0.7553294664248115,1.5942850071462507,1.031815169759307,-4.1153781429978,-529.6328059893232,417.9063460963355,882.0810673867469,86.36641307314612,25.50961072580456,-0.14956390596421443,417.9063460994893,400.74963653371833,428.7856335678333,0.4304580299520353,400.0,0.7185216935116937,400.3191785037663,23.988624937921095,5.457441957128502,599.591421623065,0.005389248407160707,1.9978584305135882e-05,False,True,RELEASE,RELEASED,
3.690000000003758,LOWERING,0.2146259980900071,1229.7163864340273,39.47678909259717,-0.03834549761176676,319.4594911363989,1.7635308833847958,-0.7559461421218683,1.593294262483557,1.0313019554220075,-4.115590476909454,-529.9876283018519,418.2801719790302,881.6016922239743,86.34247674231173,25.513591619281737,-0.14861203876779427,418.2801719821511,401.09953830353146,428.8077278066257,0.42857777344573833,400.0,0.7190789906775134,400.6709605300857,23.988630521014727,5.454764611883763,599.5916159203094,0.0053481955481125,1.9982642953664254e-05,False,True,RELEASE,RELEASED,
3.700000000003779,LOWERING,0.21475807206086847,1230.4731145454166,39.500448740678124,-0.0383621399877564,319.4843028817446,1.7629047517892042,-0.7565601350156561,1.5923096200130327,1.030791459902625,-4.1158030504643355,-530.3411568599772,418.6524198955698,881.1252996137002,86.31884724879257,25.517554946958594,-0.14766523134369436,418.6524198986653,401.4479521453006,428.82972380508437,0.4267003415963586,400.0,0.7196338237409006,401.0212518037042,23.988636066190825,5.452105448570973,599.5918087468054,0.005307459224338729,1.998498640887192e-05,False,True,RELEASE,RELEASED,
3.7100000000038,LOWERING,0.2148895960899586,1231.2266917225586,39.524008856202656,-0.038378719967435165,319.50900292287156,1.762283494347305,-0.7571714489672808,1.5913310501959466,1.030283674510864,-4.116015852277489,-530.6933903974657,419.02309154677874,880.6518751294092,86.29552158343661,25.521500737191886,-0.14672346993978636,419.0230915498439,401.7948797960489,428.85162172897236,0.4248257686779766,400.0,0.720186196763135,401.37005402737094,23.98864157295951,5.449464702139456,599.5920001195038,0.005267348437210551,1.99871659560813e-05,False,True,RELEASE,RELEASED,
3.720000000003821,LOWERING,0.21502057034424332,1231.9771189220971,39.54746949446942,-0.038395237141856484,319.53359146509086,1.7616670783584711,-0.7577800878893008,1.5903585235318967,1.0297785905200922,-4.116228870975629,-531.0443277027722,419.3921886688737,880.1814043570857,86.27249675592603,25.525429018644907,-0.14578674067149677,419.39218867191005,402.14032302498396,428.87342174573297,0.422954089188579,400.0,0.7207361138469586,401.7173689357954,23.98864704103072,5.44684251170624,599.592190064815,0.00522808550770737,1.9988363618494986e-05,False,True,RELEASE,RELEASED,
3.7300000000038422,LOWERING,0.2151509950136905,1232.7243972324686,39.57083069315147,-0.03841169167555226,319.5580687154606,1.7610554712395372,-0.7583860557459001,1.5893920105602914,1.0292761991681838,-4.11644209520059,-531.3939676191886,419.7597130335765,879.7138728961315,86.2497697948223,25.52933982028877,-0.1448550294993538,419.75971303658713,402.4842836335836,428.89512402449844,0.42108533776797685,400.0,0.7212835791368406,402.0631982958156,23.988652470317597,5.444238918955452,599.5923786154835,0.005189804635246098,1.9989285959809422e-05,False,True,RELEASE,RELEASED,
3.7400000000038633,LOWERING,0.21528087031112783,1233.468527873085,39.594092507296715,-0.03842808338623709,319.5824348827942,1.7604486405262447,-0.7589893565531806,1.5884314818618062,1.028776491658353,-4.116655513613344,-531.7423090450701,420.1256664482893,879.2492663602666,86.22733774761583,25.53323317140385,-0.14392832223711594,420.12566645127265,402.82676345575453,428.9167287360949,0.41921954922122495,400.0,0.7218285968191951,402.4075439065333,23.988657860923542,5.441653874324027,599.5925658075411,0.005152557464344731,1.9990235216482688e-05,False,True,RELEASE,RELEASED,
3.7500000000038844,LOWERING,0.2154101964720941,1234.2095121934847,39.617254986503156,-0.0384444123433559,319.60669017766844,1.7598465538745094,-0.7595899943792424,1.5874769080597453,1.0282794591599913,-4.116869114896985,-532.0893509339134,420.4900507561514,878.7875703783786,86.20519768075157,25.53710910158104,-0.14300660457024605,420.4900507591046,403.1677643579064,428.9382360530502,0.41735675845927744,400.0,0.7223711711225859,402.7504075994471,23.988663213117015,5.439087249096717,599.5927516775549,0.005116323969847514,1.9991053676449155e-05,False,True,RELEASE,RELEASED,
3.7600000000039056,LOWERING,0.21553897375469316,1234.9473516724936,39.640318194920766,-0.03846067834266368,319.63083481242825,1.7592491790618587,-0.7601879733443798,1.586528259821548,1.0277850928094876,-4.117082887760345,-532.435092294524,420.8528678361586,878.3287705954401,86.18334667967733,25.540967640722453,-0.1420898620342541,420.8528678390853,403.5072882390442,428.9596461495962,0.4154970004913139,400.0,0.7229113063178919,403.0917912385529,23.98866852729816,5.4365388514110276,599.5929362603283,0.005081026860629834,1.9992012369129952e-05,False,True,RELEASE,RELEASED,
3.7700000000039267,LOWERING,0.21566720243944162,1235.6820479173537,39.663282176273626,-0.038476881822059966,319.654869001193,1.7586564839885797,-0.7607832976211976,1.5855855078600112,1.0272933837110563,-4.1172968209410925,-532.7795321911032,421.214119603236,877.8728526732784,86.16178184886202,25.544808819042466,-0.1411780800381166,421.2141196061386,403.84533703084895,428.98095920167367,0.4136403104148485,400.0,0.723449006718445,403.4316967204341,23.9886738039613,5.4340084442405825,599.593119587156,0.005046547764758991,1.999098765281815e-05,False,True,RELEASE,RELEASED,
3.7800000000039478,LOWERING,0.21579488282911666,1236.41360266285,39.68614701327354,-0.038493022304328495,319.6787929598584,1.758068436679057,-0.7613759714346889,1.5846486229347587,1.0268043229375465,-4.1175109032088,-533.122669743332,421.57380800828867,877.4198022914651,86.14050031183112,25.54863266706801,-0.14027124385791012,421.5738080111594,404.18191269770773,429.0021753869329,0.4117867233793504,400.0,0.7239842766801415,403.7701259743284,23.988679043656937,5.431495763620262,599.5933016846473,0.00501274363147175,1.9989505460671353e-05,False,True,RELEASE,RELEASED,
3.790000000003969,LOWERING,0.21592201524860102,1237.1420177704242,39.708912770578365,-0.038509099890762566,319.7026069061016,1.7574850052829774,-0.7619659990623133,1.5837175758535604,1.0263179015312576,-4.117725123367941,-533.46450412644,421.9319350382508,876.9696051481342,86.11949921119046,25.552439215639335,-0.13936933864158618,421.93193504109604,404.517017236788,429.02329488473725,0.4099362746028419,400.0,0.7245171206015277,404.10708096218514,23.988684246956186,5.42900053569168,599.5934825741301,0.0049794620719048055,1.998762087396244e-05,False,True,RELEASE,RELEASED,
3.80000000000399,LOWERING,0.21604860004472654,1237.8672952272757,39.73157952681039,-0.038525114421873424,319.72631105938115,1.756906158076393,-0.7625533848340067,1.5827923374735395,1.0258341105047402,-4.117939470260513,-533.8050345712239,422.2885027160953,876.5222469607245,86.09877570863644,25.556228495910048,-0.1384723494180662,422.28850271891685,404.8506526780134,429.044317876163,0.40808899930470943,400.0,0.725047542923872,404.44256367870867,23.988689414420058,5.4265224914492975,599.5936622715606,0.004946554630650191,1.998440555439629e-05,False,True,RELEASE,RELEASED,
3.810000000004011,LOWERING,0.21617463758611494,1238.589437145452,39.75414735230618,-0.038541066058608436,319.7499056409377,1.7563318634629503,-0.7631381331322067,1.581872878702562,1.0253529408415991,-4.118153932768883,-534.1442603640883,422.64351310084936,876.0777134668242,86.0783269849817,25.560000539347143,-0.13758026109030652,422.643513103642,405.1828210840913,429.0652445439985,0.4062449327149693,400.0,0.7255755481311946,404.77657615137633,23.988694546574933,5.424061378489724,599.5938407878527,0.004913887359703217,1.998169955186313e-05,False,True,RELEASE,RELEASED,
3.820000000004032,LOWERING,0.21630012826301734,1239.3084457609266,39.776616321705305,-0.0385569549519984,319.7733908737952,1.7557620899749924,-0.7637202483918522,1.580959170500504,1.0248743834972873,-4.118368499818386,-534.4821808470523,422.99696828759704,875.6359904249489,86.05815024016925,25.56375537773126,-0.1366930584451893,422.99696829036736,405.5135245505332,429.0860750727442,0.40440411007938337,400.0,0.726101140750292,405.1091204404538,23.988699643895053,5.421616969412649,599.5940181295375,0.004881348379154105,1.9978097668627015e-05,False,True,RELEASE,RELEASED,
3.8300000000040533,LOWERING,0.2164250724871518,1240.0243234326706,39.79898653351319,-0.03857278073190308,319.79676698275847,1.7551968062744754,-0.7642997351003243,1.5800511838803488,1.0243984293998942,-4.118583160379634,-534.8187954177149,423.348870407445,875.1970636152171,86.03824269326974,25.56749304315618,-0.13581072615670564,423.3488704101919,405.84276520557745,429.1068096486104,0.402566566581811,400.0,0.7266243253507397,405.44019863899564,23.988704706792095,5.419189066820659,599.594194299635,0.0048488523773269065,1.997458068103697e-05,False,True,RELEASE,RELEASED,
3.8400000000040744,LOWERING,0.21654947069154015,1240.7370726417166,39.82125807137509,-0.038588543517665976,319.82003419441156,1.7546359811541186,-0.764876597797406,1.5791488899095423,1.023925069450926,-4.1187979034710365,-535.154103529247,423.6992216274996,874.7609188401711,86.01860158250014,25.57121356802865,-0.134933248780726,423.69922163021107,406.1705452102117,429.12744845951426,0.4007323373941176,400.0,0.7271451065448514,405.76981287281757,23.98870973561135,5.4167775051520435,599.5943692986326,0.004816342259934991,1.996943356630254e-05,False,True,RELEASE,RELEASED,
3.8500000000040955,LOWERING,0.21667332333034145,1241.446695990204,39.84343102825075,-0.038604243285811655,319.84319273711617,1.754079583538368,-0.7654508410752149,1.5782522597111597,1.0234542945260918,-4.119012718161098,-535.4881046903449,424.04802415082474,874.3275419254901,85.99922416522435,25.574916985068022,-0.13406061077250797,424.04802415351656,406.49686675813683,429.1479916950773,0.39890145765610896,400.0,0.7276634889876544,406.0979653004807,23.988714730633582,5.41438214978734,599.5945431254793,0.004783788346071738,1.9964804948813253e-05,False,True,RELEASE,RELEASED,
3.8600000000041166,LOWERING,0.2167966308786845,1242.15319620042,39.865505493346305,-0.0386198802100895,319.8662428410062,1.7535275824843464,-0.7660224695780664,1.5773612644650925,1.0229860954760683,-4.119227593570455,-535.8207984651515,424.3952802163653,873.8969187207128,85.98010771795383,25.578603327305395,-0.13319279647089388,424.3952802190312,406.82173207563903,429.16843954662147,0.3970739623937902,400.0,0.7281794773768191,406.42465811324524,23.988719692081425,5.412002893981578,599.5947157785145,0.0047511856072341985,1.9959763193355684e-05,False,True,RELEASE,RELEASED,
3.8700000000041377,LOWERING,0.21691939383249836,1242.8565761138295,39.88748158085373,-0.038635453911776856,319.88918473798435,1.7529799471827034,-0.7665914880023986,1.5764758754091173,1.0225204631272724,-4.119442518874073,-536.1521844731905,424.74099209889476,873.4690350998876,85.96124953633941,25.582272628083068,-0.1323297901268461,424.7409921015364,407.1451434215915,429.1887922071629,0.39524988657888116,400.0,0.7286930764525752,406.74989353501263,23.988724620129002,5.409639654253769,599.5948872562755,0.004718549518186066,1.9954048212866837e-05,False,True,RELEASE,RELEASED,
3.880000000004159,LOWERING,0.21704161270834382,1243.5568386901073,39.909359383263435,-0.03865096467539463,319.9120186617166,1.752436646958607,-0.7671579010966032,1.5755960638401523,1.0220573882826216,-4.1196574833031985,-536.4822623892738,425.0851621089186,873.0438769623338,85.94264693517515,25.585924921053632,-0.1314715758744569,425.08516211153204,407.46710308735476,429.20904987140835,0.39342926508970777,400.0,0.7292042909976135,407.07367382226505,23.98872951491343,5.407292364871243,599.5950575581323,0.004685911092683348,1.9948324421648067e-05,False,True,RELEASE,RELEASED,
3.89000000000418,LOWERING,0.21716328804324,1244.2539870061464,39.93113900976317,-0.03866641244729337,319.93474484762726,1.751897651272511,-0.7677217136608732,1.5747218011152804,1.0215968617222901,-4.119872476147223,-536.8110319433854,425.42779259258054,872.6214302332678,85.92429724838239,25.58956024017909,-0.1306181377564144,425.4277925951699,407.78761339668245,429.22921273574883,0.39161213269039763,400.0,0.7297131258369761,407.39600126399205,23.988734376547008,5.4049609720005725,599.5952266847552,0.004653311619702727,1.9943964019830673e-05,False,True,RELEASE,RELEASED,
3.900000000004201,LOWERING,0.21728442039449242,1244.9480242550724,39.95282056771967,-0.03868179731716037,319.957363532892,1.7513629297210316,-0.7682829305470762,1.5738530586528818,1.0211388742044598,-4.120087486755748,-537.1384929205942,425.7688859315829,872.2016808644843,85.9061978290053,25.593178619729798,-0.12976945972218346,425.76888593415174,408.1066767056475,429.24928099825223,0.38979852404770554,400.0,0.73021958583792,407.7168781815998,23.988739205129022,5.402645428047562,599.5953946383868,0.0046207975695322645,1.99383921142271e-05,False,True,RELEASE,RELEASED,
3.910000000004222,LOWERING,0.21740501033951676,1245.6389537452335,39.97440418432904,-0.03869711895422889,319.97987495642997,1.7508324520377658,-0.7688415566584946,1.5729898079337699,1.0206834164660668,-4.120302504540065,-537.4646451608818,426.1084445430317,871.7846148350434,85.88834604919704,25.59678009428314,-0.12892552562982473,426.1084445455701,408.4242954024783,429.26925485865763,0.3879884736580834,400.0,0.7307236759097736,408.03630692882024,23.988744000756352,5.400345686572259,599.5955614229377,0.0045884160173876865,1.9931368598236077e-05,False,True,RELEASE,RELEASED,
3.920000000004243,LOWERING,0.21752505847566483,1246.326778899203,39.99588995432507,-0.03871237796558299,320.0022793588976,1.750306188093933,-0.7693975969496725,1.5721320205020899,1.0202304792235413,-4.12051751897497,-537.789488559019,426.4464708793414,871.3702181518231,85.87073930019675,25.600364698722498,-0.12808631924167457,426.4464708818507,408.74047190752776,429.2891345183663,0.38618201592680634,400.0,0.7312254010037728,408.35428989160096,23.98874876353225,5.398061698078176,599.5957270439479,0.004556210854370413,1.9924044522667828e-05,False,True,RELEASE,RELEASED,
3.9300000000042643,LOWERING,0.217644565420047,1247.0115032527635,40.01727802249911,-0.03872757375089325,320.02457698267966,1.7497841078992893,-0.7699510564261953,1.5712796679665582,1.0197800531735415,-4.120732519600502,-538.1130230644238,426.7829674280995,870.9584768502584,85.85337499232557,25.603932468235765,-0.12725182423946535,426.78296743058775,409.0552086730837,429.30892018043465,0.38437918509168867,400.0,0.7317247661128842,408.670829487992,23.98875349357299,5.395793406828024,599.5958915084116,0.004524219921391293,1.9916614888870754e-05,False,True,RELEASE,RELEASED,
3.9400000000042854,LOWERING,0.2177635318093531,1247.6931304538782,40.03856849982787,-0.0387427066806366,320.046768071879,1.7492661816026267,-0.770501940144403,1.5704327220012784,1.0193321289936839,-4.120947496023126,-538.4352486809435,427.1179367118923,870.5493769948416,85.83625055494832,25.607483438313782,-0.12642202421045567,427.1179367143626,409.3685081832413,429.32861204956424,0.3825800152197303,400.0,0.7322217762716192,408.9859281680216,23.988758191012206,5.393540748754517,599.5960548245339,0.004492473129804608,1.9908291221781838e-05,False,True,RELEASE,RELEASED,
3.9500000000043065,LOWERING,0.21788195829967527,1248.3716642616791,40.059761515993635,-0.03875777673087543,320.068852872309,1.7487523794926276,-0.7710502532112121,1.5695911543469059,1.0188866973432658,-4.121162437917642,-538.7561654667358,427.4513812881939,870.1429046798212,85.8193634364663,25.61101764474895,-0.1255969026716457,427.45138129064014,409.6803729537666,429.34821033209414,0.380784540205525,400.0,0.7327164365558231,409.2995884135611,23.98876285600308,5.3913036504176866,599.5962170014267,0.004460991522881486,1.9900298241282144e-05,False,True,RELEASE,RELEASED,
3.9600000000043276,LOWERING,0.21799984556632487,1249.0471085454146,40.08085720877385,-0.038772783758388524,320.0908316314819,1.7482426719983808,-0.7715960007837582,1.5687549368115303,1.0184437488639833,-4.121377335028095,-539.0757735340057,427.78330374914935,869.7390460297347,85.8027111042796,25.614535123633427,-0.124776443052383,427.7833037515711,409.99080553194574,429.36771523599003,0.37899279375955075,400.0,0.7332087520824674,409.6118127381862,23.988767488718537,5.3890820289077475,599.5963780487896,0.004429787189063283,1.9891882999445443e-05,False,True,RELEASE,RELEASED,
3.9700000000043487,LOWERING,0.21811719431078977,1249.7194673243143,40.10185570970148,-0.038787727905553314,320.11270460726024,1.7477370290442849,-0.7721391869334765,1.5679240411111286,1.018003274184492,-4.121592171930316,-539.3940723808528,428.1137061033304,869.3377871345198,85.78629094397479,25.61803591274377,-0.12396057919613668,428.11370610570793,410.2998079220779,429.38712700586353,0.37720404867081925,400.0,0.7336987282233024,409.92260387340707,23.988772089349848,5.386875792521824,599.5965379766114,0.004398864248951639,1.9895708049944005e-05,False,True,RELEASE,RELEASED,
3.98000000000437,LOWERING,0.21823400524106007,1250.3887446548629,40.122757156051684,-0.038802609195620986,320.1344720469319,1.7472354228311349,-0.7726798193727631,1.5670984396425032,1.0175652639178863,-4.121806949938622,-539.7110637093258,428.44259236843703,868.9391144212843,85.77010068620966,25.621520048191954,-0.12314939350949317,428.44259237079774,410.60738399578065,429.4064457982023,0.3754197483192456,400.0,0.7341863700982013,410.2319642474614,23.98877665810397,5.384684842027937,599.5966967948683,0.004368218177666527,1.9899000903933484e-05,False,True,RELEASE,RELEASED,
3.990000000004391,LOWERING,0.21835027908457189,1251.054944704962,40.14356168771455,-0.03881742767552539,320.15613419476944,1.7467378234200441,-0.7732179022151748,1.5662781041246019,1.0171297086529492,-4.122021653387742,-540.0267470459172,428.7699645673741,868.5430139216703,85.75413773990667,25.624987565634804,-0.12234282699705545,428.76996456970875,410.91353576786116,429.42567183843823,0.3736393662766204,400.0,0.7346716827838792,410.53989640158454,23.98878119520003,5.382509072362893,599.5968545133072,0.004337840531481341,1.9901276829159542e-05,False,True,RELEASE,RELEASED,
4.000000000004412,LOWERING,0.21846601659146847,1251.7180717726162,40.16426945223539,-0.0388321833009633,320.17769130476444,1.7462442017158688,-0.7737534406662454,1.5654630066160744,1.0166965989644385,-4.122236271620289,-540.3411226258507,429.09582534596314,868.1494718706476,85.73839963453445,25.628438502312264,-0.1215408569594274,429.09582534827774,411.21826583246855,429.4448053436813,0.3718628760385627,400.0,0.7351546715175752,410.84640295643,23.988785700865545,5.380348374436938,599.597011141284,0.004307718180664111,1.990167112353447e-05,False,True,RELEASE,RELEASED,
4.010000000004388,LOWERING,0.21858121853083343,1252.3781302643495,40.18488059555308,-0.038846876158143605,320.1991436332664,1.7457545288547094,-0.7742864401005598,1.5646531192865498,1.0162659254150792,-4.122450794620235,-540.6541908128961,429.4201774514468,867.7584745597875,85.72288393055288,25.631872895869293,-0.12074346497161059,429.42017745374096,411.5215768773853,429.463846531174,0.37009029755108713,400.0,0.7356353416104882,411.1514865798342,23.988790175332593,5.378202636973323,599.5971666876425,0.004277835506144356,1.990137519669588e-05,False,True,RELEASE,RELEASED,
4.020000000004365,LOWERING,0.21869588568995857,1253.035124691012,40.205395271406985,-0.03886150621691778,320.2204914384117,1.7452687761295287,-0.77481690597013,1.5638484143789444,1.0158376785554508,-4.122665212580031,-540.9659520410228,429.7430236809231,867.3700083148847,85.70758820947644,25.63529078426448,-0.1199506336408831,429.7430236831937,411.8234716360328,429.48279561935107,0.368321658813727,400.0,0.7361136984269834,411.4551499772191,23.988794618834223,5.376071748231592,599.5973211606513,0.004248176041778073,1.989981936389995e-05,False,True,RELEASE,RELEASED,
4.030000000004342,LOWERING,0.21881001887402501,1253.6890596659518,40.22581363346827,-0.038876073532767785,320.241734979914,1.7447869149764166,-0.7753448437820198,1.5630488642053249,1.0154118489238801,-4.1228795157985925,-541.2764068003327,430.06436686865595,866.9840594931718,85.6925100717766,25.638692205736373,-0.11916234583338792,430.06436687090326,412.1239528756187,429.50165282799986,0.36655698822346494,400.0,0.7365897473765429,411.75739588739526,23.988799031601346,5.373955597492998,599.597474568001,0.004218723823527171,1.9897943531077544e-05,False,True,RELEASE,RELEASED,
4.040000000004318,LOWERING,0.21892361890588866,1254.3399399037855,40.24613583117459,-0.03889057835309496,320.2628745189728,1.744308916974282,-0.7758702590925233,1.5622544411496144,1.0149884270467466,-4.1230936946584915,-541.5855556336128,430.3842098827181,866.6006144846485,85.67764713655953,25.642077198788837,-0.11837858445494476,430.3842098849404,412.4230233940575,429.5204183782507,0.3647963140252841,400.0,0.7370634939092836,412.0582270800322,23.98880341386031,5.371854076227549,599.5976269168417,0.00418946443602497,1.9893740045517916e-05,False,True,RELEASE,RELEASED,
4.050000000004295,LOWERING,0.2190366866258944,1254.9877702193353,40.26636203619972,-0.03890502043293036,320.2839103182506,1.743834753846056,-0.7763931575052975,1.561465117670033,1.0145674034390078,-4.123307739620993,-541.8933991352931,430.70255562392026,866.2196597134483,85.66299704153155,25.645445802187304,-0.11759933234623077,430.7025556261331,412.7206860189307,429.53909249258044,0.3630396648286478,400.0,0.7375349435131736,412.35764635410203,23.98880776583115,5.369767078933043,599.597778213847,0.004160385764518715,1.9888238171006378e-05,False,True,RELEASE,RELEASED,
4.060000000004272,LOWERING,0.21914922289168787,1255.6325555265482,40.28649240669852,-0.03891939995730131,320.30484264187714,1.7433643974594613,-0.7769135446703204,1.5606808663006633,1.0141487686048365,-4.123521641224386,-542.1999379508288,431.019407025231,865.8411816387959,85.64855744295463,25.648798054959425,-0.1168245723184782,431.0194070274121,413.0169436069486,429.55767539484026,0.3612870698662505,400.0,0.7380041017125251,412.65565653708234,23.988812087726593,5.367694503614999,599.5979284653127,0.0041314784257595605,1.9883575731682868e-05,False,True,RELEASE,RELEASED,
4.070000000004248,LOWERING,0.2192612285780376,1256.2743008374784,40.30652711317964,-0.038933716872451105,320.32567175545955,1.7428978198272733,-0.7774314262830565,1.5599016596523498,1.013732513038275,-4.123735390082867,-542.5051727761814,431.33476705132176,865.4651667556091,85.63432601557544,25.65213399639661,-0.11605428711345667,431.3347670534826,413.311799043572,429.5761673102831,0.35953855892762476,400.0,0.7384709740673565,412.9522604846444,23.988816379751697,5.36563625194781,599.5980776772495,0.004102735913408928,1.9878720422639162e-05,False,True,RELEASE,RELEASED,
4.080000000004225,LOWERING,0.21937270457665592,1256.9130112612622,40.326466322792534,-0.038947971290386844,320.3463979260904,1.742434993107781,-0.777946808083979,1.5591274704136482,1.0133186272239036,-4.123948976887123,-542.8091043575167,431.64863869830555,865.0916015951241,85.62030045258113,25.65545366605527,-0.11528845942461885,431.6486387004413,413.60525524272447,429.59456846558555,0.35779416211266835,400.0,0.7389355661732593,413.2474610806118,23.988820642104105,5.363592229169739,599.5982258554862,0.004074154503906691,1.9872415123245446e-05,False,True,RELEASE,RELEASED,
4.090000000004202,LOWERING,0.2194836517960199,1257.548692003089,40.346310206333634,-0.03896216330721354,320.3670214223511,1.7419758896050659,-0.7784596958582012,1.558358271351526,1.0129071016374906,-4.124162392405211,-543.1117334909434,431.96102499353015,864.7204727253695,85.60647846554825,25.6587571037573,-0.1145270718931215,431.9610249956494,413.8973151466316,429.61287908885737,0.356053909625075,400.0,0.7393978836614611,413.54126123700655,23.988824874974704,5.361562343756266,599.5983730057669,0.004045732963351867,1.9865650017436565e-05,False,True,RELEASE,RELEASED,
4.1000000000041785,LOWERING,0.21959407116119126,1258.1813483631722,40.36605893694485,-0.03897629303582027,320.38754251430754,1.74152048176943,-0.7789700954352489,1.5575940353121627,1.012497926746644,-4.124375627484149,-543.4130610223422,432.2719289954383,864.3517667516738,85.59285778441023,25.662044349589312,-0.113770107096002,432.271928997537,414.18798172566267,429.6310994096397,0.35431783158446706,400.0,0.7398579321989007,413.8336638940782,23.988829078548633,5.359546506934976,599.5985191338282,0.004017472111456755,1.985807779192328e-05,False,True,RELEASE,RELEASED,
4.110000000004155,LOWERING,0.21970396361363315,1258.8109857356985,40.38571269960521,-0.03899036036078514,320.4079614735039,1.7410687421977924,-0.7794780126888552,1.556834735221705,1.012091093011449,-4.124588673051576,-543.7130878471961,432.58135379343804,863.9854703171443,85.5794361574219,25.66531544390159,-0.11301754756470928,432.5813537955182,414.4772579782567,429.6492296588991,0.35258595797216685,400.0,0.7403157174882291,414.12467202028455,23.988833253006476,5.357544632123696,599.5986642454635,0.003989374316691219,1.9850021402589846e-05,False,True,RELEASE,RELEASED,
4.120000000004132,LOWERING,0.21981333011102508,1259.4376096077672,40.405271669487725,-0.039004365494580376,320.42827857295225,1.7406206436339804,-0.7799834535366977,1.5560803440869428,1.011686590885101,-4.1248015201171055,-544.0118149103756,432.88930250773535,863.6215701030901,85.56621135111571,25.668570427306374,-0.11226937578135221,432.88930250979394,414.7651469307066,429.6672700690172,0.3508583184902818,400.0,0.7407712452677262,414.4142886122163,23.988837398525497,5.355556634327299,599.5988083465726,0.003961442954262928,1.984167923296809e-05,False,True,RELEASE,RELEASED,
4.130000000004109,LOWERING,0.2199221716270772,1260.0612255583262,40.424736039763296,-0.03901830826129366,320.4484940871208,1.740176158969281,-0.7804864239402348,1.5553308349962283,1.0112844108145338,-4.125014159774268,-544.309243206,433.19577828921985,863.260052829575,85.55318115028308,25.671809340675885,-0.11152557417835851,433.1957782912558,415.05165163711035,429.68522087377676,0.3491349426462307,400.0,0.7412245213111286,414.7025166944641,23.98884151528085,5.353582429568244,599.5989514431839,0.003933681893871999,1.9833494263821194e-05,False,True,RELEASE,RELEASED,
4.140000000004085,LOWERING,0.22003048915134046,1260.6818392570854,40.444105987470024,-0.03903218897347443,320.46860829192144,1.7397352612424752,-0.7809869299043146,1.5545861811199329,1.01088454324104,-4.125226583201133,-544.6053737771149,433.5007843192212,862.9009052557135,85.54034335790418,25.675032225140253,-0.11078612515086661,433.5007843212375,415.3367751791183,429.7030823083504,0.34741585965804234,400.0,0.7416755514274024,414.9893593194603,23.98884560344662,5.3516219343723055,599.5990935414643,0.003906095038276547,1.982441796144485e-05,False,True,RELEASE,RELEASED,
4.150000000004062,LOWERING,0.22013828368901706,1261.2994564634287,40.46338170161084,-0.039046007708591596,320.4886214646916,1.739297923640175,-0.7814849774767796,1.5538463557112532,1.0104869786008768,-4.125438781661154,-544.9002077153976,433.804323809258,862.5441141801456,85.52769579510365,25.678239122084605,-0.1100510110485402,433.80432381125513,415.6205206656967,429.7208546092832,0.3457010984193971,400.0,0.7421243414604611,415.2748195672773,23.98884966319675,5.349675065344325,599.5992346477154,0.003878685942032334,1.981483609370116e-05,False,True,RELEASE,RELEASED,
4.160000000004039,LOWERING,0.2202455562607716,1261.9140830253336,40.48256337892433,-0.039059764417240454,320.5085338841812,1.7388641194970595,-0.7819805727481876,1.5531113321068453,1.0100917073258795,-4.12565074650442,-545.1937461609202,434.10640000085675,862.1896664414293,85.51523630110286,25.681430073146835,-0.10932021418625482,434.1064000028331,415.90289123296236,429.7385380144785,0.34399068755323015,400.0,0.7425708972888423,415.55890054540913,23.98885369470565,5.347741738853483,599.5993747683536,0.003851457529091995,1.980482400654182e-05,False,True,RELEASE,RELEASED,
4.170000000004015,LOWERING,0.22035230790253887,1262.5257248782696,40.50165121833515,-0.03907345906490058,320.5283458305358,1.738433822296038,-0.7824737218513572,1.5523810837274772,1.0096987198440577,-4.125862469168126,-545.4859903017986,434.4070161652659,861.8375489184302,85.50296273315979,25.684605120214886,-0.10859371684330199,434.407016167221,416.1838900439292,429.75613276318194,0.3422846553950194,400.0,0.7430152248253574,415.84160538853416,23.988857698148678,5.345821870824124,599.5995139098867,0.0038244119055361736,1.979519618089398e-05,False,True,RELEASE,RELEASED,
4.180000000003992,LOWERING,0.2204585396653326,1263.134388044101,40.52064541116156,-0.03908709188210995,320.5480575852797,1.7380070056683665,-0.7829644309608731,1.5516555840786441,1.0093080065801898,-4.126073941176831,-545.7769413738165,434.70617560315054,861.4877485306961,85.49087296650394,25.68776430542395,-0.10787150126134293,434.70617560509055,416.4635202882231,429.7736390959675,0.34058302994418455,400.0,0.7434573300167394,416.1229372582789,23.988861673702303,5.34391537664065,599.59965207888,0.0037975502747569223,1.9784592524274558e-05,False,True,RELEASE,RELEASED,
4.190000000003969,LOWERING,0.22056425261505364,1263.7400786299904,40.5395461526146,-0.03910066306821538,320.567669431297,1.7375836433937535,-0.7834527062927185,1.5509348067511166,1.0089195579564119,-4.1262851541432894,-546.0666006601236,435.003881644353,861.140252238785,85.4789648942756,25.690907671153337,-0.1071535496589604,435.0038816462687,416.7417851818221,429.7910572547177,0.33888583887033974,400.0,0.743897218843254,416.40289934295174,23.98886562154415,5.342022171136618,599.5997892819295,0.003770872928854807,1.977447706735802e-05,False,True,RELEASE,RELEASED,
4.2000000000039455,LOWERING,0.22066944783229742,1264.3428028272933,40.558353659746295,-0.03911417233070055,320.58718165281607,1.737163709400478,-0.7839385541037437,1.5502187254215962,1.0085333643927978,-4.126496099768559,-546.354969490834,435.3001376475653,860.795047044659,85.46723642746161,25.69403526002393,-0.10643984421699315,435.3001376494669,417.0186879668248,429.8083874826097,0.33719310953949844,400.0,0.7443348973183098,416.6814948572853,23.988869541852825,5.3401421686722355,599.5999255256202,0.00374437931919136,1.976365120981427e-05,False,True,RELEASE,RELEASED,
4.210000000003922,LOWERING,0.2207741264121637,1264.9425669104696,40.57706812949409,-0.03912761995982808,320.6065945353908,1.7367471777655612,-0.7844219806913064,1.5495073138533326,1.0081494163079383,-4.1267067698429125,-546.6420492427385,435.59494700009543,860.4521199920563,85.45568549484068,25.697147114895124,-0.10573036709286043,435.5949470019764,417.29423191115967,429.8256300240979,0.3355048689945761,400.0,0.7447703714880545,416.9587270421651,23.988873434807644,5.338275283270794,599.60006081651,0.0037180681799870996,1.9754172427610683e-05,False,True,RELEASE,RELEASED,
4.220000000003899,LOWERING,0.22087828946406268,1265.539377235971,40.59568976284271,-0.0391410062079389,320.62590836588214,1.736334022714626,-0.7849029923926907,1.5488005458965193,1.0077677041195086,-4.126917156245579,-546.9278413388504,435.8883131175087,860.1114581667345,85.44431004289694,25.700243278861766,-0.10502510041555979,435.8883131193712,417.5684203083097,429.8427851248963,0.33382114395715234,400.0,0.7452036474309647,417.2345991643526,23.98887730058828,5.336421428782854,599.6001951610982,0.0036919376775568225,1.9744700722412745e-05,False,True,RELEASE,RELEASED,
4.2300000000038755,LOWERING,0.2209819381115232,1266.1332402411435,40.61421878004277,-0.039154330899258696,320.6451234324401,1.7359242186221011,-0.7853815955846627,1.548098395489008,1.0073882182448362,-4.127127250945305,-547.2123472480657,436.1802394433455,859.7730486968915,85.43310803576558,25.703323795251183,-0.10432402629669468,436.1802394451814,417.8412564770045,429.8598530319632,0.33214196078836267,400.0,0.7456347312574401,417.50911451621613,23.988881139374364,5.334580519072863,599.6003285658143,0.0036659855788423457,1.9733609860850265e-05,False,True,RELEASE,RELEASED,
4.240000000003852,LOWERING,0.22108507349200135,1266.724162443131,40.63265539414417,-0.03916759410682161,320.6642400244855,1.73551774001118,-0.7858577966830035,1.5474008366567626,1.0070109491014554,-4.127337046000667,-547.4955684847903,436.47072944882586,859.4368787534461,85.42207745516076,25.706388707620214,-0.10362712681717312,436.4707294506431,418.11274376098805,429.87683399348236,0.33046734554716295,400.0,0.7460636291093755,417.7822764154409,23.988884951345124,5.332752468208655,599.6004610370029,0.003640209423251939,1.9722565014035354e-05,False,True,RELEASE,RELEASED,
4.250000000003829,LOWERING,0.2211876967566884,1267.3121504377732,40.65099980771652,-0.03918079623485449,320.68325843269037,1.7351145615537948,-0.7863316021419554,1.5467078435143735,1.0066358871076626,-4.127546533560029,-547.7775066085176,436.7597866325047,859.1029355503442,85.41121630029939,25.709438059751925,-0.1029343840373258,436.759786634305,418.38288552866305,429.893728258847,0.32879732391177185,400.0,0.746490347159744,418.0540882047513,23.988888736678987,5.330937190633829,599.6005925809183,0.0036146066787781095,1.9711715481207648e-05,False,True,RELEASE,RELEASED,
4.260000000003806,LOWERING,0.22128980907031875,1267.8972108985067,40.66925224837107,-0.0391939371094861,320.70217894896035,1.734714658070704,-0.786803018453842,1.5460193902656214,1.0062630226830667,-4.127755705862296,-548.0581632235118,437.04741452002474,858.7712063449005,85.40052258784209,25.712471895652758,-0.10224578000759266,437.0474145218089,418.65168517287674,429.91053607864126,0.3271319212585695,400.0,0.7469148916121635,418.32455325161817,23.988892495553298,5.329134601316613,599.6007232037282,0.003589174876982071,1.970069689605225e-05,False,True,RELEASE,RELEASED,
4.270000000003782,LOWERING,0.2213914116109776,1268.4793505752625,40.687412939785226,-0.03920701671917637,320.7210018664146,1.7343180045312903,-0.7872720521484264,1.5453354512038486,1.0058923462491243,-4.1279645552363915,-548.3375399783196,437.33361666372036,858.4416784380221,85.38999435180207,25.715490259549185,-0.1015612967536299,437.3336166654911,418.9191461105714,429.9272577046233,0.3254711625989444,400.0,0.7473372687004697,418.59367494797243,23.988896228144064,5.327344615859862,599.6008529115147,0.003563911713319712,1.9689402193989736e-05,False,True,RELEASE,RELEASED,
4.280000000003759,LOWERING,0.221492505569911,1269.058576293378,40.70548209581446,-0.039220035363794245,320.73972747936654,1.7339245760536661,-0.7877387097925123,1.5446560007125578,1.0055238482296793,-4.128173074101949,-548.6156385654496,437.6183966423588,858.1143391745669,85.3796296434882,25.718493195884587,-0.1008809162824491,437.6183966441069,419.1852717825044,429.9438933897068,0.3238150725985065,400.0,0.7477574846882721,418.8614567099059,23.98889993462581,5.325567150585437,599.600981710284,0.0035388151239006405,1.9678045390492116e-05,False,True,RELEASE,RELEASED,
4.290000000003736,LOWERING,0.22159309215133424,1269.634894952498,40.72345993721031,-0.039232993226419995,320.75835608330664,1.733534347904556,-0.7882029979894142,1.543981013265828,1.0051575190514932,-4.128381254969314,-548.8924607209536,437.90175806080896,857.7891759436009,85.36942653142428,25.721480749316342,-0.10020462059628699,437.9017580625391,419.4500656529785,429.96044338794496,0.32216367559590253,400.0,0.7481755458685206,419.1279019773826,23.988903615171452,5.323802122578337,599.6011096059707,0.0035138833264687364,1.9667920582833176e-05,False,True,RELEASE,RELEASED,
4.300000000003712,LOWERING,0.22169317257223853,1270.2083135254688,40.74134670205649,-0.03924589010648559,320.77688797488025,1.7331472954991323,-0.788664923378367,1.5433104634287136,1.0047933491447676,-4.128589090439263,-549.1680082239677,438.183704549671,857.4661761786334,85.3593831012642,25.724452964712217,-0.09953239168191885,438.1837045513823,419.71353120949044,429.97690795451103,0.3205169955477345,400.0,0.7485914585630725,419.3930142139427,23.98890726995229,5.322049449703081,599.6012366044533,0.003489114836358276,1.9657498398828466e-05,False,True,RELEASE,RELEASED,
4.310000000003689,LOWERING,0.22179274806220453,1270.7788390572687,40.759142614525395,-0.03925872621635185,320.7953234518691,1.7327633944009977,-0.7891244926340977,1.542644325857728,1.004431328943663,-4.128796573203493,-549.4422828963694,438.46423976500034,857.1453273579123,85.34949745572621,25.727409887147328,-0.09886421150429214,438.46423976669143,419.97567196244955,429.9932873456802,0.31887505605345723,400.0,0.7490052291222358,419.6567969063961,23.988910899138027,5.320309050587788,599.6013627115628,0.003464508453219217,1.964736185300353e-05,False,True,RELEASE,RELEASED,
4.320000000003666,LOWERING,0.22189181986320924,1271.3464786639015,40.77684790422137,-0.039271501686530215,320.8136628131735,1.7323826203221122,-0.7895817124663386,1.5419825753013008,1.0040714488868123,-4.129003696044825,-549.7152866023821,438.7433673879991,856.8266170047009,85.33976771451825,25.730351561901145,-0.09820006203710818,438.74336738967196,420.23649144493345,430.0095818188125,0.3172378804104028,400.0,0.7494168639243228,419.91925356452305,23.98891450289685,5.318580844590669,599.6014879330909,0.0034400632319728786,1.963699617135717e-05,False,True,RELEASE,RELEASED,
4.3300000000036425,LOWERING,0.22199038922943598,1271.9112395313086,40.79446279430043,-0.03928421686763256,320.83190635879015,1.7320049491225742,-0.7900365896191914,1.5413251866001436,1.0037136994178273,-4.129210451836705,-549.9870212480912,439.02109112461966,856.5100326874981,85.33019201424939,25.733278034453875,-0.09753992523349098,439.0210911262768,420.4959932122774,430.0257916323346,0.31560549150214,400.0,0.7498263693752091,420.1803877207753,23.98891808139553,5.316864751746643,599.6016122748003,0.0034157784359942767,1.9627152056500563e-05,False,True,RELEASE,RELEASED,
4.340000000003619,LOWERING,0.22208845742740121,1272.4731289160948,40.81198753980464,-0.03929687135430479,320.85005438616514,1.7316303554623025,-0.7904891306990899,1.5406721332603823,1.003358070927633,-4.129416831794115,-550.2574885487408,439.2974146049517,856.1955612174246,85.32076839313855,25.736189349901288,-0.09688379925034951,439.29741460659204,420.7541807483362,430.04191704412705,0.3139778225592522,400.0,0.7502337519059616,420.44020292577693,23.98892163479953,5.315160692714452,599.6017357424089,0.0033916567891800753,1.961717103426963e-05,False,True,RELEASE,RELEASED,
4.350000000003596,LOWERING,0.22218602574850874,1273.0321542174588,40.82942236497475,-0.03930946564122916,320.86810715260737,1.7312588157340956,-0.7909393410985687,1.5400233913027377,1.0030045537287529,-4.1296228232222685,-550.5266897592553,439.5723407335488,855.8831906870575,85.31149498545476,25.739085546924283,-0.09623150667323443,439.57234073517384,421.0110568588702,430.057958280912,0.31235426430777125,400.0,0.7506390178053968,420.6987025945624,23.988925163273187,5.313468588699967,599.6018583417385,0.0033676955102812656,1.9604883135571072e-05,False,True,RELEASE,RELEASED,
4.360000000003573,LOWERING,0.2222830954746736,1273.5883227802324,40.84676751021311,-0.039321999765579964,320.8860650349757,1.7308903107791527,-0.7913872312958227,1.5393789390826043,1.0026531386035828,-4.1298284377168635,-550.7946293490237,439.84587540918704,855.5729107968837,85.30237049049038,25.74196668340766,-0.09558323406213276,439.84587541079077,421.26662714040026,430.0739156335813,0.31073687509712045,400.0,0.751042173349154,420.95589026530314,23.988928666980158,5.3117883612271966,599.6019800784106,0.003343886536163687,1.9592790181377495e-05,False,True,RELEASE,RELEASED,
4.370000000003549,LOWERING,0.2223796678956678,1274.1416419942652,40.864023213382524,-0.03933447386469258,320.90392833867116,1.7305248136100895,-0.7918328063964206,1.5387387488571944,1.0023038159862878,-4.130033658751339,-551.0613080586315,440.1180214511828,855.2647076588191,85.29339275810892,25.744832805797756,-0.09493895645721295,440.1180214527705,421.52089432163126,430.08978940193145,0.3091244997049216,400.0,0.7514432253893758,421.21176982192634,23.988932146082405,5.310119932638775,599.6021009580331,0.003320236448951519,1.9580241826133715e-05,False,True,RELEASE,RELEASED,
4.380000000003526,LOWERING,0.22247574432542291,1274.6921193878306,40.88118972285717,-0.039346887920220085,320.9216973538302,1.730162300286229,-0.7922760727107271,1.5381027956355198,1.0019565763029126,-4.130238476788,-551.3267276189466,440.3887823314484,854.9585688647187,85.28455994084413,25.747683958115854,-0.09429861146065832,440.3887823330216,421.7738617356891,430.1055798405449,0.307516681558468,400.0,0.7518421807587883,421.4663450541306,23.98893560074112,5.308463225643154,599.6022209863199,0.00329674562248794,1.9568302690231576e-05,False,True,RELEASE,RELEASED,
4.390000000003503,LOWERING,0.22257132608999186,1275.239762558652,40.89826728419768,-0.03935924204086496,320.9393723774252,1.729802747815862,-0.7927170373325024,1.537471055036188,1.0016114100123636,-4.13044288603814,-551.5908902906892,440.65816197069273,854.6544823549864,85.275870303705,25.750520185503905,-0.09366216921182513,440.65816197225496,422.0255331324731,430.1212871979872,0.30591352104312364,400.0,0.752239046052133,421.71961961142995,23.98893903111699,5.306818163192194,599.602340168963,0.003273413067407027,1.95559686346769e-05,False,True,RELEASE,RELEASED,
4.400000000003479,LOWERING,0.222666414524519,1275.784579156543,40.915256140748376,-0.03937153643280576,320.95695371265765,1.7294461333121127,-0.7931557074022153,1.5368435027170166,1.0012683075978406,-4.130646880849641,-551.8537983754064,440.92616432817863,854.3524360999943,85.26732212475187,25.75334153412727,-0.09302961165224133,440.92616432971937,422.27591229737976,430.13691173076995,0.30431519549802033,400.0,0.7526338277535922,421.97159710188174,23.98894243737013,5.305184668510286,599.6024585116181,0.0032502377766308044,1.9542792301763257e-05,False,True,RELEASE,RELEASED,
4.410000000003456,LOWERING,0.2227610109738279,1276.3265768867755,40.93215654112543,-0.03938377121210498,320.9744416665187,1.7290924338937754,-0.7935920899722421,1.5362201143332912,1.0009272595577907,-4.1308504550835545,-552.1154541336657,441.1927933234314,854.0524180704126,85.25891368164176,25.756148050783363,-0.09240092219033613,441.192793324953,422.5250029784159,430.15245370266405,0.30272181845583646,400.0,0.753026532360256,422.22228115996006,23.988945819660017,5.303562665131974,599.6025760199075,0.0032272188571402793,1.95308051900156e-05,False,True,RELEASE,RELEASED,
4.420000000003433,LOWERING,0.22285511679312223,1276.8657635140942,40.94896873682643,-0.03939594646883571,320.9918365481262,1.728741626751872,-0.7940261920578326,1.5356008655867728,1.00058825640198,-4.1310536023693665,-552.3758598208041,441.45805286226874,853.7544162600825,85.25064325930009,25.75893978263474,-0.09177608339950893,441.45805286377293,422.7728089102328,430.16791338136295,0.30113344303373424,400.0,0.7534171664306,422.4716754671991,23.988949178145436,5.301952076917999,599.6026926994255,0.0032043554330636326,1.9518248393524118e-05,False,True,RELEASE,RELEASED,
4.430000000003409,LOWERING,0.22294873334814408,1277.4021468636247,40.96569297841615,-0.039408062364653614,321.009138667867,1.7283936892038334,-0.7944580206896881,1.5349857322599003,1.000251288650455,-4.131256316358951,-552.6350177212486,441.7219468648301,853.4584187028029,85.24250915655166,25.76171677707147,-0.09115507720525784,441.72194686631894,423.0193338401221,430.1832910362333,0.2995500915902767,400.0,0.7538057365858297,422.7197837485318,23.988952512984447,5.30035282807765,599.60280855573,0.003181646588791942,1.950627583369169e-05,False,True,RELEASE,RELEASED,
4.440000000003386,LOWERING,0.22304186201499834,1277.9357348198675,40.982329523095004,-0.039420118939883765,321.02634833702643,1.7280485987152705,-0.794887582935831,1.5343746902292943,0.9999163468335797,-4.131458590832587,-552.8929301622967,441.98447927721224,853.1644134789251,85.2345096887818,25.76447908165147,-0.0905378853495904,441.98447927868574,423.2645815387772,430.19858693735904,0.2979717762790415,400.0,0.7541922494957846,422.96660976249814,23.98895582433437,5.2987648431805585,599.6029235943481,0.003159091350314114,1.9494232248007393e-05,False,True,RELEASE,RELEASED,
4.450000000003363,LOWERING,0.2231345041798746,1278.4665353251041,40.998878621582556,-0.03943211644500606,321.04346586765286,1.7277063329040074,-0.795314885904034,1.5337677154693485,0.9995834214923598,-4.131660419713295,-553.1495995154032,442.245654072618,852.8723887170568,85.22664318832582,25.767226744078698,-0.08992448961919308,442.24565407407675,423.50855580137795,430.21380135530296,0.2963985083026728,400.0,0.754576711865235,423.2121572930753,23.98895911235172,5.29718804717336,599.603037820774,0.0031366886939778738,1.948230729453826e-05,False,True,RELEASE,RELEASED,
4.4600000000033395,LOWERING,0.22322666123877702,1278.9945563778488,41.015340541727916,-0.03944405474063513,321.06049157251977,1.7273668695377764,-0.7957399367374631,1.5331647840521894,0.9992525031788471,-4.1318617970492735,-553.4050281932175,442.50547524886554,852.5823325940123,85.21890800405637,25.769959812197012,-0.08931487190216103,442.50547525030225,423.7512604452589,430.2289345611414,0.2948303005545654,400.0,0.7549591304249285,423.4564301447043,23.9889623771922,5.295622365400459,599.6031512404595,0.0031144375670661972,1.9469927366344564e-05,False,True,RELEASE,RELEASED,
4.470000000003316,LOWERING,0.2233183345972958,1279.5198060315404,41.03171552388435,-0.03945593442771412,321.07742576512396,1.7270301865314501,-0.7961627426099525,1.5325658721473128,0.998923582456547,-4.132062716994667,-553.6592186464957,442.7639468257442,852.2942333346768,85.21130250091898,25.772678333989674,-0.08870901415593835,442.7639468271687,423.9926993074791,430.2439868265534,0.2932671676716154,400.0,0.7553395119268874,423.69943213980747,23.988965619010628,5.294067723621759,599.6032638588229,0.003092336906594717,1.9458293024854356e-05,False,True,RELEASE,RELEASED,
4.480000000003293,LOWERING,0.223409525670406,1280.0422923933886,41.048003844532616,-0.03946775523400091,321.09426875968927,1.726696261945062,-0.7965833107228,1.5319709560213446,0.9985966499008386,-4.132263173797272,-553.9121733620009,443.02107284322,852.0080792119509,85.20382505959618,25.775382357579897,-0.088106898395381,443.0210728446318,424.2328762431223,430.2589584238914,0.2917091253611943,400.0,0.7557178631423681,423.9411671177611,23.98896883796094,5.292524048030687,599.6033756812417,0.0030703856578995214,1.9446140896661746e-05,False,True,RELEASE,RELEASED,
4.49000000000327,LOWERING,0.2235002358822844,1280.5620236233256,41.06420575951892,-0.03947951745175224,321.11102087116643,1.7263650739826122,-0.7970016483028284,1.5313800120380194,0.998271696099393,-4.132463161791952,-554.1638948612111,443.2768573603399,851.7238585468101,85.19647407629128,25.778071931230674,-0.08750850664921472,443.27685736173777,424.4717951243015,430.27384962621676,0.2901561897664351,400.0,0.7560941908611309,424.18163893453504,23.98897203419613,5.2909912652623445,599.6034867130599,0.0030485827839381585,1.9434811633800564e-05,False,True,RELEASE,RELEASED,
4.500000000003246,LOWERING,0.22359046666613733,1281.0790079330186,41.080321539579295,-0.039491221036937633,321.12768241522986,1.7260366009915376,-0.7974177626015065,1.5307930166583679,0.9979487116525897,-4.132662675398906,-554.4143856997014,443.5313044547223,851.4415597084703,85.18924796260845,25.78074710334418,-0.08691382097299538,443.5313044561048,424.7094598396957,430.28866070731243,0.2886083771272183,400.0,0.7564685018912134,424.42085146256846,23.98897520786826,5.289469302403535,599.6035969595821,0.0030269272756608956,1.942399339327494e-05,False,True,RELEASE,RELEASED,
4.510000000003223,LOWERING,0.22368021946402708,1281.5932535848758,41.09635144204354,-0.03950286632480664,321.14425370826825,1.7257108214623227,-0.7978316608943891,1.530209946440901,0.9976276871739298,-4.132861709123331,-554.6636484667084,443.7844182222142,851.1611711145324,85.18214514546204,25.783407922460146,-0.08632282342739472,443.7844182235757,424.9458742942253,430.30339194167937,0.287065703543135,400.0,0.7568408030588242,424.65880859068216,23.988978359128446,5.287958086996553,599.6037064260801,0.003005418156898365,1.9413285457403617e-05,False,True,RELEASE,RELEASED,
4.5200000000032,LOWERING,0.22376949572669944,1282.1047688910587,41.11229573651079,-0.039514453379174155,321.1607350673708,1.7253877140281693,-0.7982433504806048,1.5296307780418286,0.9973086132904381,-4.133060257555266,-554.9116857847226,444.03620277657024,850.8826812311379,85.17516406698942,25.786054437253483,-0.08573549608900066,444.03620277791936,425.1810424087719,430.3180436045262,0.2855281848091522,400.0,0.7572111012082108,424.8955142239627,23.988981488126843,5.28645754703763,599.6038151177908,0.0029840544842274497,1.9402130021717312e-05,False,True,RELEASE,RELEASED,
4.530000000003176,LOWERING,0.22385829691341239,1282.6135622124993,41.12815468804379,-0.03952598241690854,321.17712681031156,1.7250672574647605,-0.7986528386825982,1.529055488215264,0.9969914806430633,-4.1332583153705995,-555.1585003092374,444.2866622492696,850.6060785731092,85.16830318448515,25.788686696531745,-0.0851518210491804,444.2866622506025,425.41496811996404,430.33261597175243,0.2839958363842925,400.0,0.7575794032014327,425.13097228357975,23.988984595012663,5.284967610981144,599.6039230399175,0.002962835352117388,1.9391370216226278e-05,False,True,RELEASE,RELEASED,
4.540000000003153,LOWERING,0.22394662449176173,1283.119641957902,41.14392856412422,-0.039537453631112135,321.1934292555333,1.724749430689932,-0.7990601328456793,1.528484053813415,0.99667627988707,-4.133455877331146,-555.4040947283662,444.5358007892265,850.3313517040817,85.1615609703196,25.79130474923233,-0.08457178041089719,444.53580079054825,425.6476553799752,430.3471093199322,0.2824686734078341,400.0,0.7579457159180665,425.3651867065674,23.988987679934176,5.283488207730907,599.6040301976317,0.0029417598864025507,1.9380841763450007e-05,False,True,RELEASE,RELEASED,
4.55000000000313,LOWERING,0.22403447993750855,1283.6230165827556,41.159617653709745,-0.03954886670905183,321.2096427221286,1.7244342127633898,-0.7994652403376226,1.5279164517868111,0.9963630016924241,-4.1336529382849925,-555.6484717624994,444.78362256252115,850.058489236646,85.15493591186174,25.793908644419382,-0.08399535630428545,444.7836225638232,425.87910815622115,430.36152392629606,0.2809467106555985,400.0,0.7583100462548492,425.59816144556555,23.988990743038734,5.2820192666315915,599.6041365960776,0.0029208272378271616,1.937022625497775e-05,False,True,RELEASE,RELEASED,
4.5600000000031065,LOWERING,0.22412186473440568,1284.1236945883368,41.175222213195894,-0.0395602221966062,321.2257675298215,1.7241215828862049,-0.7998681685481309,1.5273526591843458,0.9960516367441732,-4.133849493166086,-555.8916341638566,445.03013175205916,849.7874798323924,85.14842651138227,25.79649843128074,-0.083422530865505,445.03013175334564,426.10933043107315,430.37586006871385,0.27942996252266994,400.0,0.7586724011252978,425.8299004685505,23.988993784472772,5.2805607174645415,599.6042422403646,0.0029000365799678463,1.935919729589841e-05,False,True,RELEASE,RELEASED,
4.570000000003083,LOWERING,0.224208780374025,1284.6216845207234,41.19074252438495,-0.039571520032870074,321.2418039989492,1.7238115204005844,-0.8002689248884582,1.526792653153547,0.995742175742818,-4.13404553699471,-556.133584716159,445.2753325573183,849.5183122020796,85.14203128598233,25.799074159124824,-0.0828532862664133,445.27533255859805,426.33832620164054,430.39011802567563,0.2779184431005888,400.0,0.7590327874592899,426.06040775853995,23.988996804381845,5.279112490438671,599.6043471355779,0.0028793871020624806,1.934895880140175e-05,False,True,RELEASE,RELEASED,
4.58000000000306,LOWERING,0.2242952283555858,1285.1169949698092,41.20617884141657,-0.03958276088935365,321.2577524504418,1.7235040047893853,-0.8006675167908298,1.5262364109406692,0.995434609404684,-4.134241064876888,-556.374326234161,445.5192291939791,849.2509751057005,85.13574876749581,25.801635877377336,-0.08228760469467034,445.5192291952421,426.56609947936727,430.40429807627515,0.2764121660656542,400.0,0.7593912122026439,426.2896873133016,23.988999802910627,5.277674516179361,599.6044512867718,0.0028588780006373327,1.9338655619094425e-05,False,True,RELEASE,RELEASED,
4.5900000000030365,LOWERING,0.22438121018578275,1285.6096345683188,41.221531463561156,-0.03959394433203494,321.27361320580405,1.7231990156756993,-0.801063951707964,1.525683909890813,0.9951289284622845,-4.13443607200426,-556.6138615632419,445.76182589361446,848.9854573525633,85.12957750240221,25.80418363557816,-0.08172546835271532,445.76182589486,426.7926542898128,430.4184005001911,0.27491114476407574,400.0,0.7597476823166822,426.5177431450487,23.989002780202934,5.2762467257263435,599.6045546989709,0.002838508478917312,1.9328534705209677e-05,False,True,RELEASE,RELEASED,
4.600000000003013,LOWERING,0.22446672737861378,1286.0996119908214,41.236800654385945,-0.03960507086043937,321.2893865870954,1.7228965328223802,-0.8014582371125325,1.5251351274480085,0.9948251236646761,-4.134630553653697,-556.8521935789628,446.0031269033438,848.7217478013554,85.12351605172924,25.80671748337802,-0.08116685949016755,446.00312690457554,427.01799467231837,430.4324255776689,0.2734153921839493,400.0,0.7601022047777927,426.7445792801344,23.989005736401737,5.274829050524854,599.6046573771745,0.0028182777404808235,1.931867313942348e-05,False,True,RELEASE,RELEASED,
4.61000000000299,LOWERING,0.22455178145521332,1286.5869359527749,41.25198671517064,-0.03961614005499996,321.30507291690986,1.7225965361316966,-0.8018503804966653,1.5245900411554165,0.9945231857778105,-4.134824505187111,-557.089325186662,446.2431364855115,848.4598353602669,85.11756299097355,25.809237470535198,-0.08061176035766948,446.2431364867355,427.2421246796749,430.4463735895027,0.27192492093564624,400.0,0.7604547865769752,426.9701997587392,23.989008671649167,5.273421422421391,599.6047593263504,0.0027981849865454933,1.930909925818014e-05,False,True,RELEASE,RELEASED,
4.620000000002967,LOWERING,0.22463637394368033,1287.0716152095417,41.26708990120526,-0.039627152686585954,321.3206725183575,1.7222990056447565,-0.802240389371443,1.524048628655291,0.9942231055848847,-4.135017922051097,-557.3252593210141,446.48185891735784,848.1997089869859,85.1117169099968,25.81174364691239,-0.08006015325292992,446.4818589185667,427.46504837785176,430.46024481701767,0.27043974328705644,400.0,0.7608054347194008,427.1946086345647,23.98901158608653,5.2720237736595665,599.6048605514396,0.002778229414053257,1.93003755839527e-05,False,True,RELEASE,RELEASED,
4.630000000002943,LOWERING,0.2247205063789113,1287.5536585554312,41.28211050625591,-0.039638108586457985,321.3361857150442,1.722003921541141,-0.8026282712663207,1.523510867689202,0.9939248738866782,-4.135210799776404,-557.5599989455777,446.71929849065305,847.9413576888351,85.10597641294129,25.814236062473356,-0.07951202048843697,446.71929849184755,427.6867698456571,430.47403954205157,0.26895987113772435,400.0,0.7611541562239591,427.4178099745194,23.98901447985431,5.27063603687486,599.6049610573557,0.0027584102120430387,1.9291612801453084e-05,False,True,RELEASE,RELEASED,
4.64000000000292,LOWERING,0.22480418030243307,1288.033074822741,41.29704880765119,-0.03964900802960389,321.3516128310523,1.721711264138311,-0.8030140337286488,1.5229767360979565,0.9936284815018943,-4.135403133977661,-557.7935470523765,446.9554595113839,847.6847705227406,85.10034011812768,25.81671476727964,-0.07896734441510489,446.9554595125643,427.90729317443015,430.4877580469371,0.2674853160208954,400.0,0.7615009581228104,427.63980785840926,23.98901735309218,5.269258145091711,599.6050608489829,0.0027387265608496136,1.9281737849041747e-05,False,True,RELEASE,RELEASED,
4.650000000002897,LOWERING,0.22488739726223625,1288.509872880804,41.311905084120156,-0.039659851284283676,321.36695419092047,1.7214210138912327,-0.8033976843231039,1.522446211821815,0.9933339192674852,-4.135594920352827,-558.0259066614434,447.1903462993896,847.4299365953652,85.0948066579703,25.8191798114873,-0.07842610740203781,447.1903463005599,428.12662246773255,430.50140061448326,0.2660160891085752,400.0,0.7618458474609353,427.86060637862397,23.989020205939006,5.267890031725155,599.6051599311747,0.0027191776346953134,1.9273093158744814e-05,False,True,RELEASE,RELEASED,
4.660000000002873,LOWERING,0.22497015881261073,1288.984061635046,41.326679633617545,-0.03967063816285121,321.3822101196255,1.721133151391837,-0.8037792306312497,1.5219192729004491,0.9930411780389833,-4.135786154683115,-558.2570808204342,447.4239631880731,847.1768450631023,85.0893746788814,25.821631245343777,-0.07788829186517887,447.4239631892317,428.3447618410574,430.51496752795794,0.2645522012352899,400.0,0.7621888312956793,428.0802096398221,23.989023038532817,5.266531630586811,599.6052583087536,0.002699762608750156,1.9264305024080386e-05,False,True,RELEASE,RELEASED,
4.67000000000285,LOWERING,0.2250524665139809,1289.455650026039,41.34137273422194,-0.03968136900514805,321.39738094256137,1.7208476573685418,-0.8041586802509242,1.521395897473071,0.9927502486908202,-4.135976832832183,-558.4870726041393,447.6563145240111,846.9254851321523,85.08404284117776,25.82406911918448,-0.07735388023456835,447.6563145251548,428.5617154214722,430.52845907106973,0.2630936628479503,400.0,0.762529916696311,428.2986217586242,23.98902585101084,5.265182875875654,599.6053559865171,0.002680480652170303,1.9255036164622652e-05,False,True,RELEASE,RELEASED,
4.680000000002827,LOWERING,0.22513432193274324,1289.9246470285748,41.35598466905158,-0.03969204405046267,321.4124669855213,1.720564512685694,-0.8045360407957732,1.5208760637783811,0.9924611221166397,-4.136166950745899,-558.71588511408,447.8874046666506,846.6758460585164,85.07880981898305,25.826493483429715,-0.07682285498458441,447.8874046677788,428.77748734737435,430.5418755279506,0.2616404840764517,400.0,0.7628691107435677,428.5158468632979,23.98902864350949,5.263843702180991,599.6054529692317,0.00266133093237908,1.9246532048100562e-05,False,True,RELEASE,RELEASED,
4.6900000000028035,LOWERING,0.2252157266411033,1290.3910616507274,41.37051572829108,-0.039702663386022644,321.4274685746783,1.7202836983430947,-0.8049113198947253,1.520359750154656,0.9921737892296137,-4.136356504451863,-558.9435214780681,448.11723798796754,846.4279171480509,85.0736743001381,25.828904388581464,-0.07629519861700373,448.11723798908065,428.99208176812255,430.5552171831383,0.26019267466870133,400.0,0.7632064205292179,428.73188909345384,23.98903141616436,5.262514044479939,599.6055492616348,0.0026423126142010034,1.9238443087488122e-05,False,True,RELEASE,RELEASED,
4.70000000000278,LOWERING,0.22529668221691604,1290.8549029329397,41.38496619825959,-0.03971322722116525,321.4423860365644,1.7200051954754623,-0.8052845251914521,1.5198469350397625,0.9918882409627413,-4.136545490058879,-559.1699848497674,448.345818872121,846.1816877564888,85.06863498610322,25.83130188521993,-0.07577089367578083,448.34581887322275,429.2055028437488,430.5684843215575,0.2587502440165963,400.0,0.7635418531556154,428.9467525997322,23.989034169110234,5.261193838145435,599.6056448684305,0.0026234248685703676,1.9230526675073634e-05,False,True,RELEASE,RELEASED,
4.710000000002757,LOWERING,0.22537719024352457,1291.3161799470993,41.399336371925024,-0.03972373562233055,321.4572196980536,1.719728985351937,-0.8056556643438683,1.5193375969712075,0.9916044682691565,-4.136733903756549,-559.3952784082667,448.5731517151285,845.9371472894817,85.06369059186895,25.833686024000688,-0.07524992273090447,448.5731517162181,429.4177547446705,430.5816772285037,0.25731320117483847,400.0,0.7638754157352508,429.16044154349566,23.989036902481065,5.259883018944264,599.6057397942965,0.002604666872151107,1.9222018551090514e-05,False,True,RELEASE,RELEASED,
4.720000000002734,LOWERING,0.22545725230960206,1291.774901795633,41.4136265361312,-0.039734188833255774,321.47196988634136,1.7194550493754737,-0.8060247450236308,1.518831714586051,0.991322462122417,-4.136921741814819,-559.6194053576532,448.7992409245395,845.6942852025618,85.05883984585525,25.836056855651197,-0.07473226839204017,448.7992409256203,429.6288416513461,430.5947961896243,0.2558815548278517,400.0,0.7642071153903099,429.3729600965182,23.989039616409997,5.258581523033201,599.6058340438815,0.0025860378055684308,1.92137901251499e-05,False,True,RELEASE,RELEASED,
4.73000000000271,LOWERING,0.22553687000899517,1292.2310776106096,41.42783698640414,-0.03974458690235762,321.48663692892626,1.7191833690823901,-0.8063917749156267,1.5183292666210129,0.9910422135167992,-4.1371090005835445,-559.8423689265928,449.02409091910556,845.4530910012147,85.0540814898248,25.838414430967816,-0.07421791330477845,449.024090920175,429.838767754026,430.60784149090176,0.25445531334497673,400.0,0.7645369592522363,429.584312440681,23.989042311029355,5.257289286958962,599.6059276218057,0.0025675368546398403,1.9206777551517007e-05,False,True,RELEASE,RELEASED,
4.740000000002687,LOWERING,0.2256160449405641,1292.6847165528231,41.44196800324136,-0.03975493027721449,321.50122115359073,1.718913926141749,-0.806756761717403,1.5178302319124133,0.9907637134675816,-4.137295676491695,-560.0641723678509,449.2477061284137,845.2135542408565,85.04941427877932,25.840758800812523,-0.07370684015813822,449.24770612947066,430.04753725236156,430.62081341863717,0.25303448469253453,400.0,0.7648649544612933,429.79450276766903,23.989044986470656,5.256006247656694,599.6060205326581,0.0025491632105563156,1.9199475161713053e-05,False,True,RELEASE,RELEASED,
4.750000000002664,LOWERING,0.2256947787080319,1293.13582781093,41.456019896172116,-0.03976521869813587,321.5157228883823,1.7186467023548126,-0.8071197131387453,1.5173345893961232,0.9904869530113254,-4.137481766047238,-560.284818957929,449.4700909926076,844.9756645268183,85.04483698087175,25.84309001610977,-0.07319903166069253,449.47009099364726,430.2551543551929,430.6337122594305,0.25161907653233584,400.0,0.7651911081661252,430.00353527866054,23.989047642864605,5.254732342453096,599.6061127810017,0.0025309160743489656,1.919240384040677e-05,False,True,RELEASE,RELEASED,
4.76000000000264,LOWERING,0.225773072919827,1293.5844206005468,41.46999295395668,-0.039775452447257546,321.5301424615965,1.7183816796545666,-0.8074806369011542,1.516842318107639,0.9902119232061531,-4.1376672658366065,-560.5043119966257,449.6912499620499,844.7394115144045,85.04034837731402,25.845408127843633,-0.07269447058172318,449.691249963075,430.4616232802225,430.6465383001666,0.25020909619348686,400.0,0.7655154275233234,430.211414184029,23.9890502803411,5.253467509058844,599.6062043713681,0.00251279465134413,1.9185596954685025e-05,False,True,RELEASE,RELEASED,
4.770000000002617,LOWERING,0.22585092918893032,1294.030504163372,41.48388745737948,-0.03978563202629625,321.54448020175573,1.7181188401050151,-0.8078395407372795,1.5163533971819316,0.9899386151320151,-4.137852172523816,-560.7226548065627,449.91118749695926,844.5047849088137,85.03594726227146,25.847713187054325,-0.07219313972018426,449.91118749797903,430.6669482536687,430.65929182799584,0.2488045506251524,400.0,0.7658379196970031,430.41814370304354,23.98905289902924,5.25221168557196,599.6062953082643,0.002494798155868949,1.9178634090621927e-05,False,True,RELEASE,RELEASED,
4.780000000002594,LOWERING,0.22592834913272453,1294.4740877663266,41.49770371878394,-0.0397957571648982,321.5587364375921,1.7178581659007273,-0.8081964323905021,1.5158678058534907,0.98966701989096,-4.138036482850399,-560.9398507328258,450.1299080671312,844.271774465178,85.0316324427794,25.850005244835206,-0.07169502191959509,450.1299080681424,430.8711335100016,430.6719731303178,0.2474054464386768,400.0,0.7661585918583647,430.6237280635629,23.989055499057315,5.250964810470391,599.6063855961672,0.002476925806051078,1.917137433338212e-05,False,True,RELEASE,RELEASED,
4.79000000000257,LOWERING,0.2260053343728425,1294.9151807006829,41.51144202329624,-0.03980582829345873,321.57291149802876,1.7175996393662405,-0.8085513196143811,1.5153855234562859,0.9893971286073927,-4.138220193634617,-561.1559031425045,450.34741615158464,844.0403699885528,85.02740273864586,25.852284352329768,-0.07120010005587574,450.34741615257917,431.0741832916568,430.6845824947638,0.24601178991997585,400.0,0.7664774511852684,430.82817150173685,23.98905808055284,5.2497268226128755,599.6064752395262,0.0024591768259263347,1.9165610808613565e-05,False,True,RELEASE,RELEASED,
4.800000000002547,LOWERING,0.22608188653501768,1295.3537922812068,41.525102666824296,-0.039815845589793404,321.5870057121622,1.7173432429554036,-0.8089042101721807,1.514906529423615,0.9891289324283333,-4.1384033017709765,-561.370815424277,450.5637162382524,843.8105613338441,85.02325698235082,25.854550560728562,-0.07070835705280842,450.56371623923724,431.2761018487281,430.69712020918104,0.244623587018566,400.0,0.7667945048618078,431.03147826170954,23.989060643642524,5.248497661237304,599.6065642427644,0.002441550445849927,1.9159509918154072e-05,False,True,RELEASE,RELEASED,
4.810000000002524,LOWERING,0.22615800724893603,1295.7899318453112,41.53868595129618,-0.03982580909806657,321.60101940924244,1.7170889592509042,-0.8092551118363774,1.514430803288168,0.9888624225236663,-4.138585804229785,-561.5845909880061,450.77881282365917,843.5823384058524,85.01919401896085,25.85680392126599,-0.07021977587612582,450.7788128246314,431.476893438651,430.70958656161457,0.24324084333443352,400.0,0.7671097600778811,431.2336525953166,23.989063188452306,5.247277265955738,599.6066526102744,0.0024240458991329206,1.9153211212596943e-05,False,True,RELEASE,RELEASED,
4.8200000000025005,LOWERING,0.22623369814808916,1296.2236087522137,41.55219217018328,-0.03983571909061096,321.6149529186575,1.7168367709636188,-0.8096040323881833,1.513958324681885,0.9885975900863899,-4.1387676980566095,-561.7972332643204,450.99271041261255,843.3556911592121,85.01521270603027,25.859044485217574,-0.06973433954010488,450.992710413578,431.6765623259554,430.72198184029213,0.24186356415617638,400.0,0.767423224028781,431.4346987617992,23.989065715107333,5.246065576757092,599.6067403464266,0.002406662426198025,1.9147447289924457e-05,False,True,RELEASE,RELEASED,
4.830000000002477,LOWERING,0.22630896086962676,1296.654832382091,41.565621629565996,-0.03984557553989833,321.6288065699131,1.7165866609320002,-0.8099509796169998,1.5134890733358914,0.9883344263328598,-4.138948980371495,-562.0087457041645,451.20541351785096,843.1306095983604,85.0113119135042,25.86127230389664,-0.06925203108755795,451.2054135188001,431.8751127819131,430.7343063336074,0.2404917544031946,400.0,0.767734903914777,431.6346210275099,23.989068223731994,5.244862533994682,599.6068274555605,0.002389399264865588,1.914215152964971e-05,False,True,RELEASE,RELEASED,
4.840000000002454,LOWERING,0.22638379705421383,1297.0836121352609,41.57897461697868,-0.039855378897519375,321.6425806926159,1.7163386121215616,-0.8102959613200281,1.513023029080463,0.9880729225030215,-4.139129648368842,-562.2191317784467,451.41692665978087,842.9070837775296,85.00749052363297,25.86348742865149,-0.06877283361905029,451.4169266607194,432.0725490843009,430.74656033010183,0.23912541868935477,400.0,0.7680448069406898,431.8334236656115,23.9890707144499,5.24366807839536,599.6069139419894,0.002372255659956579,1.9135993682084518e-05,False,True,RELEASE,RELEASED,
4.850000000002431,LOWERING,0.2264582083458856,1297.509957431352,41.59225143206858,-0.039865129326262044,321.656275616456,1.7160926076241767,-0.8106389853017234,1.5125601718448558,0.9878130698606513,-4.139309699316554,-562.4283949775839,451.6272543661276,842.6851038006673,85.0037474308686,25.86568991086238,-0.0682967302744828,451.6272543670584,432.26887551710877,430.7587441184503,0.23776456131679424,400.0,0.7683529403154817,432.031110955792,23.989073187383898,5.24248215105075,599.606999810002,0.0023552308571712643,1.913080473059381e-05,False,True,RELEASE,RELEASED,
4.860000000002407,LOWERING,0.22653219639190525,1297.9338777084865,41.6054523800165,-0.039874826864356346,321.66989167118857,1.7158486306575427,-0.8109800593732989,1.512100481657302,0.9875548596935784,-4.139489130555439,-562.6365388110851,451.8364011716142,842.4646598214429,85.00008154177513,25.86787980193855,-0.06782370424230066,451.83640117253213,432.46409637019246,430.77085798744463,0.23640918621208584,400.0,0.7686593112518557,432.2276871839804,23.98907564265607,5.2413046934188525,599.6070850638556,0.002338324105790157,1.912574549578494e-05,False,True,RELEASE,RELEASED,
4.870000000002384,LOWERING,0.22660576284262454,1298.3553824224837,41.61857776501112,-0.039884471588083,321.6834291866164,1.7156066645645192,-0.8113191913523039,1.5116439386448242,0.9872982833139103,-4.1396679394988265,-562.8435668071724,452.0443716176785,842.2457420431529,84.99649177493309,25.870057153315216,-0.06735373875153527,452.04437161858556,432.65821593906554,430.7829022259762,0.23505929701502737,400.0,0.7689639269658353,432.4231566420505,23.98907808038775,5.2401356473207805,599.607169707786,0.002321534657467872,1.9121017828638287e-05,False,True,RELEASE,RELEASED,
4.880000000002361,LOWERING,0.2266789093513413,1298.7744810460426,41.631627882205244,-0.03989406381198503,321.69688849257375,1.715366692812624,-0.8116563890621739,1.5111905230332383,0.987043332058258,-4.139846123632209,-563.0494825123963,452.25117025217975,842.0283407187392,84.99297706085497,25.872222016450863,-0.06688681708942568,452.2511702530738,432.8512385245808,430.79487712302114,0.23371489704311443,400.0,0.7692667946763616,432.6175236275377,23.989080500699504,5.238974954938726,599.6072537459993,0.0023048617657472903,1.911412783783817e-05,False,True,RELEASE,RELEASED,
4.890000000002337,LOWERING,0.22675163757416253,1299.191183067957,41.64460302885949,-0.03990360380961756,321.7102699189076,1.7151286989932242,-0.8119916603316311,1.51074021514689,0.9867899972879419,-4.140023680511967,-563.25428949114,452.45680162901874,841.8124461506492,84.98953634187188,25.874374442824106,-0.06642292257504323,452.4568016299038,433.0431684326311,430.80678296762466,0.2323759892718158,400.0,0.7695679216048962,432.8107924433593,23.98908290371116,5.237822558814412,599.6073371826761,0.002288304686432596,1.9110105313302483e-05,False,True,RELEASE,RELEASED,
4.900000000002314,LOWERING,0.22682394916986606,1299.6054979923238,41.65750351886391,-0.03991309145047451,321.7235737954608,1.7148926668211228,-0.8123250129943712,1.5102929954086914,0.9865382703892098,-4.140200607765596,-563.4579913253233,452.66127030791597,841.5980486908669,84.98616857206164,25.876514483930837,-0.06596203858578065,452.661270308791,433.23400997390024,430.8186200488834,0.23104257637487535,400.0,0.7698673149750176,433.00296739752537,23.989085289541794,5.236678401850165,599.6074200219695,0.0022718626797280095,1.910563912588259e-05,False,True,RELEASE,RELEASED,
4.910000000002291,LOWERING,0.226895845799765,1300.017435337766,41.67032964320886,-0.03992252718646597,321.73680045205555,1.714658580133812,-0.8126564548884844,1.5098488443399163,0.9862881427734402,-4.140376903090575,-563.6605916139284,452.8645808540472,841.3851387408118,84.98287271714182,25.878642191281454,-0.06550414854200426,452.8645808549148,433.42376746355376,430.8303886559322,0.2297146606929914,400.0,0.7701649820120194,433.19405280286077,23.989087658309728,5.235542427307353,599.6075022680064,0.0022555350106836514,1.91018613122651e-05,False,True,RELEASE,RELEASED,
4.9200000000022674,LOWERING,0.22696732912757206,1300.4270046366555,41.68308170633294,-0.039931911143604754,321.74995021847633,1.7144264228908788,-0.8129859938560866,1.5094077425600567,0.9860396058773464,-4.140552564254174,-563.8620939726536,453.0667378377911,841.1737067512698,84.97964775438217,25.880757616398,-0.06504923591865008,453.0667378386433,433.6124452210027,430.8420890779268,0.22839224427553972,400.0,0.7704609299425248,433.38405297672716,23.989090010132543,5.234414578800801,599.607583924891,0.002239320945538026,1.9098248117188632e-05,False,True,RELEASE,RELEASED,
4.930000000002244,LOWERING,0.22703840081926654,1300.8342154343504,41.69576001191503,-0.039941243476253094,321.7630234244534,1.7141961791733555,-0.8133136377427934,1.5089696707866977,0.9857926511631707,-4.140727589092592,-564.0625020334794,453.26774583439345,840.9637432223344,84.97649267250824,25.882860810811348,-0.06459728423283195,453.2677458352389,433.8000475695973,430.85372160402915,0.22707532885408455,400.0,0.7707551659940869,433.57297224074324,23.989092345127094,5.233294800298371,599.6076649966959,0.0022232197529481468,1.909467709992896e-05,False,True,RELEASE,RELEASED,
4.940000000002221,LOWERING,0.22710906254296212,1301.239077288438,41.708364862191615,-0.0399505243835019,321.77602039964506,1.7139678331831534,-0.813639394397297,1.5085346098354366,0.9855472701188788,-4.140901975510525,-564.2618194442971,453.46760942368314,840.7552387033691,84.97340647161369,25.88495182605821,-0.06414827705816606,453.4676094245135,433.9865788363412,430.86528652339194,0.225763915830953,400.0,0.7710476973948036,433.76081492051026,23.98909466340948,5.232183036125446,599.6077454874708,0.0022072307093852217,1.9091847491381486e-05,False,True,RELEASE,RELEASED,
4.9500000000021975,LOWERING,0.22717931596877422,1301.6415997679749,41.72089656075889,-0.03995975403865931,321.7889414736234,1.7137413692423558,-0.8139632716709126,1.508102540619652,0.9853034542583513,-4.141075721480537,-564.460049868508,453.6663331897807,840.5481837928968,84.97038816306335,25.88703071367876,-0.06370219801522126,453.66633319060776,434.17204335167816,430.87678412514407,0.22445800633471436,400.0,0.771338531372938,433.94758534534344,23.98909696509509,5.2310792309544,599.6078254012411,0.0021913530913728607,1.9089134070782166e-05,False,True,RELEASE,RELEASED,
4.960000000002174,LOWERING,0.2272491627686912,1302.0417924527487,41.73335541589958,-0.03996893250580142,321.80178697585507,1.7135167717926096,-0.8142852774171265,1.5076734441503834,0.9850611951215664,-4.141248825042474,-564.657196984637,453.8639217207967,840.3425691385361,84.9674367694019,25.889097525213405,-0.06325903077674866,453.86392172161413,434.35644544914925,430.8882146983741,0.22315760115645844,400.0,0.7716276751565269,434.1332878479928,23.989099250298555,5.229983329811842,599.607904742002,0.0021755861834478196,1.9086392342160252e-05,False,True,RELEASE,RELEASED,
4.970000000002151,LOWERING,0.22731860461644632,1302.4396649325445,41.74574172503629,-0.03997806012665212,321.8145572356873,1.7132940253945181,-0.8146054194911586,1.507247301536209,0.9848204842747806,-4.141421284302906,-564.8532644859525,454.0603796085477,840.1383854369485,84.96455132426547,25.891152312200372,-0.0628187590610878,454.06037960935214,434.5397894651814,430.89957853211666,0.22186270080413806,400.0,0.7719151359730049,434.31792676437726,23.989101519133808,5.228895278067736,599.6079835137285,0.002159929269822669,1.9083901349858934e-05,False,True,RELEASE,RELEASED,
4.980000000002128,LOWERING,0.22738764318738888,1302.8352268064068,41.75805579060237,-0.03998713712433676,321.82725258233097,1.7130731147269396,-0.8149237057495307,1.5068240939830073,0.9845813133107054,-4.1415930974345425,-565.0482560800791,454.2557114482696,839.9356234337147,84.96173087228419,25.893195126172873,-0.062381366649105985,454.2557114490723,434.72207973880023,430.9108759153367,0.22057330548585696,400.0,0.7722009210488253,434.5015064333144,23.989103771714046,5.227815021440127,599.6080617203664,0.0021443816403294846,1.9082062578945624e-05,False,True,RELEASE,RELEASED,
4.990000000002104,LOWERING,0.22745628015835864,1303.2284876819197,41.77029792631926,-0.0399961634466916,321.839873344844,1.71285402458639,-0.8152401440495972,1.5064038027938544,0.9843436738486785,-4.1417642626755296,-565.2421754886018,454.4499218383135,839.7342739232884,84.95897446899434,25.895226018656313,-0.06194683736293882,454.44992183910153,434.9033206113486,430.9221071369155,0.21928941509224842,400.0,0.7724850376090876,434.68403119625634,23.98910600815175,5.226742505991731,599.6081393658386,0.0021289425887154323,1.9080636036505894e-05,False,True,RELEASE,RELEASED,
5.000000000002081,LOWERING,0.22752451720756223,1303.6194571744988,41.7824684313984,-0.040005139408234004,321.85241985211724,1.7126367398863702,-0.8155547422491605,1.5059864093687965,0.9841075575348346,-4.141934778329052,-565.4350264467173,454.64301537988916,839.534327748882,84.95628118074575,25.897245041165892,-0.06151515508349803,454.6430153806602,435.0835164262752,430.9332724856356,0.21801102925059013,400.0,0.7727674928771673,434.8655053970246,23.98910822855869,5.225677678127114,599.6082164540411,0.0021136114117625837,1.9078896571045334e-05,False,True,RELEASE,RELEASED,
5.010000000002058,LOWERING,0.2275923560144471,1304.0081449066695,41.794567608862145,-0.04001406523317886,321.86489243285774,1.7124212456567485,-0.8158675082059905,1.5055718952047281,0.983872956042267,-4.142104642762517,-565.6268127028205,454.8349966767513,839.3357758024083,84.95365008461133,25.89925224520378,-0.06108630374535551,454.8349966775224,435.26267152883145,430.9443722501672,0.21673814728006846,400.0,0.7730482940743505,435.0459333815514,23.989110433045916,5.224620484591302,599.6082929888469,0.0020983874094051558,1.907765226860647e-05,False,True,RELEASE,RELEASED,
5.020000000002034,LOWERING,0.22765979825958077,1304.394560507374,41.80659577094842,-0.040022940920567525,321.87729141557185,1.7122075270430868,-0.8161784497774265,1.5051602418951675,0.9836398610711885,-4.142273854407103,-565.8175380181542,455.02587033493495,839.1386090243623,84.95108026829564,25.90124768225625,-0.060660267333901174,455.02587033569284,435.440790265797,430.955406719052,0.21547076818222877,400.0,0.7733274484194674,435.22531949761475,23.98911262172378,5.223570872471142,599.608368974101,0.002083269887589445,1.9077066269801435e-05,False,True,RELEASE,RELEASED,
5.030000000002011,LOWERING,0.2277268456245303,1304.7787136112825,41.818553201861214,-0.04003176717043913,321.8896171285528,1.7119955693059925,-0.8164875748199568,1.5047514311300636,0.9834082643490882,-4.1424424117571155,-566.0072061664317,455.2156409624813,838.9428184037322,84.94857083004467,25.903231403791583,-0.06023702988579771,455.2156409632327,435.6178769853013,430.96637618069116,0.21420889071958982,400.0,0.773604963128527,435.4036680945817,23.98911479470192,5.222528789191683,599.6084444136269,0.0020682581565338864,1.907680103840903e-05,False,True,RELEASE,RELEASED,
5.040000000001988,LOWERING,0.2277934997917415,1305.1606138580983,41.83044022790668,-0.04004054363850249,321.9018698998631,1.7117853578204851,-0.8167948911887916,1.5043454446956313,0.9831781576308831,-4.142610313369415,-566.1958209334691,455.4043131691533,838.7483949779134,84.94612087855606,25.905203461257102,-0.05981657549841657,455.40431316989714,435.7939360364893,430.97728092332994,0.21295251333509668,400.0,0.7738808454143647,435.5809835231542,23.989116952089272,5.221494182512032,599.6085193112212,0.002053351528460645,1.9075929515111056e-05,False,True,RELEASE,RELEASED,
5.0500000000019645,LOWERING,0.22785976244442074,1305.5402708918846,41.84225715110256,-0.040049270587277024,321.9140500573205,1.71157687807536,-0.8171004067374649,1.5039422644741598,0.9829495326990653,-4.142777557862861,-566.3833861168255,455.59189156617396,838.5553298326134,84.94372953289216,25.907163906076768,-0.05939888831881035,455.5918915669004,435.96897176932305,430.98812123504393,0.21170163420663357,400.0,0.774155102486291,435.7572701351164,23.989119093994088,5.220467000527112,599.6085936706579,0.0020385493206580563,1.9075397631240776e-05,False,True,RELEASE,RELEASED,
5.060000000001941,LOWERING,0.22792563526641715,1305.9176943603857,41.85400426714673,-0.040057948438213364,321.9261579284821,1.711370115672445,-0.8174041293173522,1.5035418724437508,0.9827223813638482,-4.142944143917392,-566.5699055253925,455.77838076591246,838.3636141017148,84.94139592237988,25.90911278964851,-0.05898395254916977,455.7783807666337,436.1429885342907,430.99889740372555,0.21045625121394096,400.0,0.7744277415497269,435.93253228307674,23.98912122052392,5.219447191661337,599.6086674956861,0.0020238508514580644,1.9074899114457367e-05,False,True,RELEASE,RELEASED,
5.070000000001918,LOWERING,0.2279911199421081,1306.292893914373,41.86568188468922,-0.040066577292192054,321.9381938406307,1.7111650563260175,-0.8177060667773801,1.503144250678121,0.9824966954633062,-4.1431100702739325,-566.755382979108,455.96378538168375,838.1732389671811,84.93911918653195,25.911050163341873,-0.05857175244852897,455.96378538239844,436.3159906821937,431.0096097170699,0.20921636197067528,400.0,0.7746987698058658,436.10677432022305,23.98912333178562,5.218434704674026,599.6087407900296,0.002009255446598246,1.907463052930325e-05,False,True,RELEASE,RELEASED,
5.0800000000018946,LOWERING,0.22805621815628385,1306.665879206984,41.87729031873936,-0.040075157093178174,321.95015812075917,1.710961685862218,-0.8180062269635506,1.502749381346517,0.9822724668635112,-4.143275335733549,-566.9398223085602,456.1481100274387,837.9841956590149,84.93689847496074,25.912976078495458,-0.05816227233265181,456.148110028145,436.48798256389864,431.02025846256146,0.20798196382827427,400.0,0.7749681944513205,436.28000060007037,23.989125427885373,5.217429488647159,599.6088135573917,0.0019947624294429644,1.907495078512511e-05,False,True,RELEASE,RELEASED,
5.090000000001871,LOWERING,0.22812093159403263,1307.0366598930627,41.88882986793446,-0.040083688192324884,321.9620510955562,1.7107599902182142,-0.8183046177184841,1.5023572467133215,0.9820496874586643,-4.14343993915649,-567.1232273545802,456.3313593174682,837.7964754550511,84.93473294727254,25.914890586414394,-0.05775549657380452,456.331359318167,436.6589685300533,431.03084392746143,0.20675305382945908,400.0,0.7752360226777921,436.45221547622384,23.989127508928675,5.216431492993466,599.6088858014458,0.0019803711300960813,1.9075573391091893e-05,False,True,RELEASE,RELEASED,
5.100000000001848,LOWERING,0.22818526194063182,1307.4052456285378,41.90030083035793,-0.04009217095428458,321.97387309139225,1.7105599554417041,-0.8186012468811635,1.501967829137938,0.9818283491712276,-4.143603879462299,-567.3056019679938,456.5135378662212,837.6100696809061,84.93262177299908,25.916793738367996,-0.05735140959484397,456.5135378669151,436.8289529309039,431.0413663987928,0.20552962877769687,400.0,0.7755022616717221,436.6234233021262,23.989129575020332,5.2154406674553355,599.608957525846,0.001966080885804189,1.9076838157161546e-05,False,True,RELEASE,RELEASED,
5.110000000001825,LOWERING,0.22824921088143432,1307.771646069769,41.911703524411195,-0.040100605238714164,321.985624434305,1.7103615676901482,-0.8188961222864344,1.5015811110745043,0.9816084439520485,-4.143767155628643,-567.486950009186,456.6946502879823,837.4249697098254,84.93056413149516,25.91868558558733,-0.05694999587899474,456.6946502886675,436.9979401160254,431.05182616332894,0.20431168520326537,400.0,0.7757669186139607,436.79362843082214,23.989131626264484,5.214456962094076,599.6090287342212,0.0019518910328679695,1.9077499928243924e-05,False,True,RELEASE,RELEASED,
5.120000000001801,LOWERING,0.2283127801017593,1308.135870872925,41.92303824259934,-0.040108991547028176,321.99730544998476,1.7101648132302036,-0.8191892517646323,1.5011970750717576,0.9813899637804784,-4.143929766690885,-567.6672753477784,456.87470119662396,837.2411669626186,84.92855921185952,25.9205661792627,-0.05655123996871225,456.87470119729954,437.16593443407066,431.0622235075791,0.2030992193539305,400.0,0.7760300006794358,436.96283521471673,23.989133662764594,5.213480327296469,599.609099430177,0.0019378009138222296,1.907879453710848e-05,False,True,RELEASE,RELEASED,
5.130000000001778,LOWERING,0.22837597128678588,1308.4979296933702,41.93430529121489,-0.04011733003678064,322.00891646376164,1.7099696784370042,-0.8194806431412361,1.500815703772711,0.9811729006644966,-4.144091711741596,-567.8465818623035,457.0536952053743,837.0586529074963,84.92660621284493,25.92243557054146,-0.05615512645636045,457.0536952060433,437.33294023258173,431.07255871777664,0.2018922272447412,400.0,0.7762915150368175,437.131048005337,23.989135684623463,5.2125107137664575,599.6091696172956,0.0019238098717311303,1.9080812080574105e-05,False,True,RELEASE,RELEASED,
5.140000000001755,LOWERING,0.2284387861214432,1308.8578321850378,41.94550498463614,-0.0401256206630074,322.02045780059035,1.7097761497935116,-0.8197703042364304,1.5004369799144626,0.9809572466408212,-4.144252989929699,-568.0248734398211,457.23163692652895,836.8774190599663,84.92470434276848,25.924293810525455,-0.05576164000069639,457.23163692718566,437.49896185769455,431.08283207986557,0.20069070459237537,400.0,0.7765514688482039,437.2982711531022,23.989137691943217,5.211548072529118,599.6092392991355,0.0019099172550838261,1.9083061374658428e-05,False,True,RELEASE,RELEASED,
5.150000000001731,LOWERING,0.22850122629030703,1309.215587999836,41.956637628716436,-0.040133863589812545,322.03192978503796,1.709584213889835,-0.8200582428647849,1.5000608863279006,0.9807429937750195,-4.144413600460106,-568.2021539756164,457.4085309712355,836.6974569826848,84.9228528194271,25.926140950268906,-0.05537076531436469,457.40853097188807,437.664003653984,431.0930438794881,0.19949464690120067,400.0,0.7768098692687848,437.4645090070828,23.989139684825336,5.210592354925065,599.6093084792333,0.0018961224144238287,1.9085268490925955e-05,False,True,RELEASE,RELEASED,
5.160000000001708,LOWERING,0.22856329347749418,1309.5712067870434,41.96770351629417,-0.04014205930090636,322.043332741269,1.7093938574226613,-0.8203444668348329,1.4996874059375838,0.980530134161616,-4.144573542592988,-568.3784273728432,457.5843819492171,836.5187582854013,84.92105087001593,25.927977040775932,-0.05498248716685339,457.5843819498598,437.8280699641601,431.10319440197236,0.1983040493822159,400.0,0.7770667234465346,437.62976591477786,23.989141663370624,5.209643512614052,599.6093771611007,0.0018824247067978916,1.908769530700738e-05,False,True,RELEASE,RELEASED,
5.170000000001685,LOWERING,0.22862498936655964,1309.924698192719,41.97870295644955,-0.04015020787381114,322.05466699303406,1.7092050671944614,-0.8206289839487396,1.4993165217613267,0.9803186599241989,-4.144732815643226,-568.5536975421979,457.75919446854937,836.3413146247383,84.91929773103402,25.929802132998518,-0.0545967903857445,457.75919446918437,437.99116512891663,431.1132839323205,0.19711890703058543,400.0,0.7773220385218951,437.79404622188605,23.989143627679244,5.2087014975638715,599.6094453482287,0.0018688234876238496,1.9090295609203167e-05,False,True,RELEASE,RELEASED,
5.1800000000016615,LOWERING,0.2286863156403942,1310.2760718591176,41.98963625054473,-0.040158309573448195,322.06593286365364,1.7090178301129089,-0.8209118020018781,1.498948216910065,0.9801085632155153,-4.144891418979628,-568.727968401562,457.932973135381,836.165117704123,84.91759264820205,25.931616277833875,-0.054213659855918195,457.9329731360039,438.1532934866141,431.1233127551953,0.19593921453792973,400.0,0.7775758216274614,437.95735427207615,23.989145577850707,5.207766262057308,599.6095130440823,0.0018553181181752976,1.9092334127890354e-05,False,True,RELEASE,RELEASED,
5.190000000001638,LOWERING,0.22874727398112363,1310.6253374241091,42.00050371271392,-0.04016636434399983,322.0771306760082,1.7088321331902607,-0.8211929287825482,1.4985824745876073,0.979899836217574,-4.1450493520246905,-568.9012438757225,458.10572255374177,835.9901592736651,84.91593487638418,25.933419526122616,-0.05383308052694247,458.10572255436085,438.31445937317386,431.13328115490884,0.1947649664095934,400.0,0.7778280798876717,438.11969440676427,23.989147513983863,5.206837758691434,599.6095802521046,0.00184190796645467,1.9091534056769888e-05,False,True,RELEASE,RELEASED,
5.200000000001615,LOWERING,0.22880786607001066,1310.9725045206203,42.01130563483932,-0.04017437267604714,322.0882607525237,1.708647963542619,-0.8214723720715886,1.4982192780902985,0.9796924711417362,-4.145206614253822,-569.0735278960265,458.2774473252856,835.8164311299797,84.91432367949632,25.935211928646424,-0.05345503740170443,458.27744732589656,438.47466712178834,431.14318941541086,0.1935961568946709,400.0,0.7780788204185044,438.2810709648937,23.989149436176927,5.2059159403689135,599.6096469757192,0.001828592400949347,1.9094393962859613e-05,False,True,RELEASE,RELEASED,
5.210000000001592,LOWERING,0.22886809358735427,1311.317582776054,42.022042333082744,-0.04018233445362653,322.0993234151583,1.7084653083892312,-0.8217501396419302,1.497858610806768,0.9794864602288034,-4.145363205194341,-569.244824399996,458.4481520490017,835.6439251160534,84.91275833041415,25.936993536125694,-0.05307951554630108,458.4481520496119,438.6339210626787,431.1530378202766,0.19243277996002917,400.0,0.7783280503271831,438.4414882827187,23.989151344527478,5.205000760299693,599.6097132183238,0.0018153707937367258,1.9098566156117158e-05,False,True,RELEASE,RELEASED,
5.220000000001568,LOWERING,0.22892795821239428,1311.6605818117466,42.03271410423934,-0.04019025003467867,322.1103189853903,1.708284155052009,-0.8220262392583807,1.4975004562177863,0.9792817957491093,-4.145519124425553,-569.4151373311046,458.6178413210578,835.4726331211803,84.91123811090988,25.938764399217472,-0.05270650007992117,458.61784132165366,438.7922255229447,431.1628266526943,0.19127482936579554,400.0,0.7785757767118652,438.6009506935789,23.989153239132442,5.204092172002159,599.6097789832944,0.0018022425225874272,1.9102702424333984e-05,False,True,RELEASE,RELEASED,
5.230000000001545,LOWERING,0.2289874616232155,1312.0015112424155,42.043321251679075,-0.04019811960821103,322.1212477842063,1.708104490954671,-0.8223006786772016,1.4971447978958243,0.9790784700026,-4.145674371577699,-569.5844706383978,458.78651973452565,835.3025470807247,84.90976231154895,25.94052456851351,-0.052335976190533984,458.7865197351115,438.94958482631733,431.17255619545534,0.1901222986269886,400.0,0.7788220066613518,438.75946252769035,23.989155120088125,5.203190129294312,599.6098442739877,0.0017892069649914077,1.910698040319403e-05,False,True,RELEASE,RELEASED,
5.240000000001522,LOWERING,0.22904660549665395,1312.3403806756235,42.05386408318616,-0.04020594324753069,322.1321101320886,1.707926303622198,-0.8225734656458089,1.4967916195048752,0.9788764753189149,-4.145828946331619,-569.7528282762161,458.9541918791763,835.1336589760367,84.90833023161903,25.94227409453802,-0.05196792911601733,458.9541918797579,439.10600329298586,431.1822267309415,0.18897518105472955,400.0,0.779066747254798,438.91702811193113,23.9891569874902,5.202294586298275,599.6099090937339,0.001776263503422193,1.9112238760499167e-05,False,True,RELEASE,RELEASED,
5.250000000001498,LOWERING,0.22910539150820153,1312.6771997112319,42.06434288546275,-0.04021372154045702,322.1429063490021,1.7077495806802092,-0.8228446079023752,1.4964409048002585,0.978675804057465,-4.145982848417939,-569.9202142038482,459.1208623412197,834.9659608343487,84.90694117904596,25.944013027745495,-0.05160234416280218,459.1208623417888,439.26148523931425,431.1918385411145,0.1878334696812658,400.0,0.7793100055614255,439.073651769633,23.989158841433706,5.201405497439872,599.609973445843,0.0017634115263200911,1.9116999112611666e-05,False,True,RELEASE,RELEASED,
5.260000000001475,LOWERING,0.22916382133191615,1313.0119779408858,42.07475797557015,-0.04022145431651233,322.1536367543843,1.7075743098541458,-0.8231141131755518,1.4960926376281272,0.978476448607506,-4.146136077616598,-570.0866323852449,459.2865357031146,834.7994447285189,84.90559447030282,25.945741418518956,-0.05123920669416293,459.2865357036868,439.4160349777379,431.201391907505,0.1866971573625733,400.0,0.7795517886402401,439.22933782037535,23.989160682013058,5.200522817443926,599.6100373336037,0.0017506504257207567,1.912171268259044e-05,False,True,RELEASE,RELEASED,
5.270000000001452,LOWERING,0.2292218966403291,1313.344724947484,42.08510965713295,-0.040229141729931625,322.1643016671303,1.7074004789687671,-0.823381989184075,1.4957468019253963,0.9782784013882091,-4.146288633756112,-570.2520867886889,459.45121654330865,834.6341027769934,84.90428943033754,25.947459317167443,-0.05087850212271405,459.4512165438632,439.5696568164459,431.2108871112005,0.18556623667143413,400.0,0.7797921035397458,439.38409057977447,23.989162509322053,5.199646501330748,599.6101007602829,0.0017379795951351085,1.9127411803765426e-05,False,True,RELEASE,RELEASED,
5.280000000001428,LOWERING,0.22927961910435699,1313.6754503046736,42.09539822603804,-0.040236784118049186,322.17490140558505,1.7072280759474614,-0.8236482436365306,1.4954033817193706,0.9780816548487294,-4.146440516713316,-570.4165813865413,459.6149094360736,834.4699271436205,84.90302539249043,25.949166773924617,-0.05052021594724465,459.614909436634,439.7223550593006,431.220324432836,0.18444070001731916,400.0,0.7800309572976686,439.53791435928326,23.98916432345388,5.198776504413582,599.6101637291266,0.001725398428924052,1.913273274567473e-05,False,True,RELEASE,RELEASED,
5.290000000001405,LOWERING,0.22933699039321326,1314.0041635763425,42.10562398286365,-0.040244381693620684,322.1854362875285,1.7070570888115504,-0.823912884230949,1.4950623611274563,0.9778862014682699,-4.1465917264124315,-570.5801201548952,459.77761895124115,834.3069100374938,84.90180169841024,25.950863838946272,-0.0501643337004225,459.77761895179344,439.8741340055457,431.22970415258214,0.183320539555325,400.0,0.7802683569406836,439.6908134659904,23.9891661245011,5.197912782305374,599.6102262433571,0.001712906329831121,1.913837166966914e-05,False,True,RELEASE,RELEASED,
5.300000000001382,LOWERING,0.22939401217431898,1314.33087431611,42.11578723947559,-0.040251934381646544,322.1959066301655,1.7068875056796498,-0.8241759186545061,1.4947237243568785,0.9776920337561438,-4.146742262824567,-570.742707073285,459.93934965399984,834.1450437128084,84.90061769797222,25.952550562308588,-0.049810840994837235,459.93934965453764,440.02499794964825,431.23902655013535,0.18220574722710126,400.0,0.7805043094841456,439.84279220242115,23.98916791255568,5.197055290906735,599.6102883061774,0.0017005026995811079,1.914480009190811e-05,False,True,RELEASE,RELEASED,
5.3100000000013585,LOWERING,0.22945068611321973,1314.6555920668495,42.12588827539,-0.040259442896917644,322.2063127501149,1.7067193147670257,-0.8244373545831996,1.4943874557044035,0.9774991442518302,-4.14689212596709,-570.9043461243944,460.10010610467896,833.9843204687184,84.89947274920075,25.954226994006213,-0.049459723491622753,460.1001061052115,440.17495118109923,431.2482919047071,0.18109631475903143,400.0,0.780738821931817,439.9938548663402,23.98916968770896,5.196203986413647,599.6103499207679,0.001688186947271575,1.9152533582200704e-05,False,True,RELEASE,RELEASED,
5.320000000001335,LOWERING,0.2295070138734992,1314.9783263601935,42.135927410776134,-0.040266906940395475,322.21665496339756,1.706552504384996,-0.8246971996815989,1.4940535395560737,0.9773075255250349,-4.147041315903339,-571.0650412938012,460.25989285857395,833.824732649198,84.89836621819538,25.955893183950305,-0.049110966918647136,460.259892859099,440.3239979842363,431.25750049501335,0.17999223368059347,400.0,0.7809719012756049,440.1440057505557,23.98917145005169,5.195358825308949,599.6104110902885,0.0016759584830232654,1.9159365649557003e-05,False,True,RELEASE,RELEASED,
5.330000000001312,LOWERING,0.22956299711669603,1315.2990867160568,42.14590493654213,-0.04027432692568397,322.22693358542665,1.7063870629401492,-0.8249554616024435,1.4937219603868077,0.9771171701757382,-4.147189832741575,-571.2247965696272,460.41871446568643,833.666272642836,84.8972974790376,25.957549181966748,-0.04876455706244087,460.4187144662065,440.47214263803676,431.2666525992655,0.17889349530366871,400.0,0.781203554495305,440.2932491427331,23.98917319967402,5.194519764363621,599.610471817879,0.0016638167209057642,1.9166220454280847e-05,False,True,RELEASE,RELEASED,
5.340000000001289,LOWERING,0.22961863750222153,1315.6178826421658,42.15582114892984,-0.04028170312414371,322.23714893099503,1.7062229789338585,-0.825212147986419,1.4933927027602525,0.9769280708342488,-4.147337676634822,-571.38361594231,460.5765754705638,833.5089328827555,84.89626591372806,25.959195037794075,-0.048420479775359127,460.5765754710846,440.61938941592945,431.27574849515855,0.1778000907301589,400.0,0.7814337885583413,440.4415893251993,23.989174936665503,5.1936867606354955,599.6105321066565,0.0016517610787660786,1.9173911425696133e-05,False,True,RELEASE,RELEASED,
5.350000000001265,LOWERING,0.2296739366872789,1315.9347236335961,42.16567635585047,-0.04028903550838823,322.24730131426634,1.706060240961498,-0.8254672664618112,1.493065751328343,0.9767402201612471,-4.14748484778001,-571.5415034042848,460.7334804120724,833.3527058463899,84.89527091209612,25.960830801081897,-0.04807872096512256,460.73348041257407,440.7657425856104,431.2847884598633,0.1767120108521567,400.0,0.7816626104195095,440.5890305747582,23.989176661115085,5.192859771466448,599.6105919597165,0.0016397909775447417,1.9181765651410387e-05,False,True,RELEASE,RELEASED,
5.360000000001242,LOWERING,0.22972889632678242,1316.2496191723073,42.175470853521276,-0.04029632432853818,322.2573910487642,1.705898837711888,-0.8257208246442329,1.4927410908310983,0.9765536108478304,-4.147631346417565,-571.6984629497243,460.8894338232103,833.1975840553744,84.89431187172977,25.96245652138904,-0.04773926660584493,460.88943382370866,440.9112064089113,431.293772770015,0.17562924640503752,400.0,0.7818900270207328,440.7355771625063,23.989178373111137,5.19203875448441,599.6106513801371,0.0016279058442556504,1.9190214118225413e-05,False,True,RELEASE,RELEASED,
5.370000000001219,LOWERING,0.22978351807327926,1316.5625787266974,42.18520493078767,-0.0403035700049757,322.26741844736136,1.7057387579665966,-0.8259728301363146,1.4924187060962595,0.9763682356155565,-4.147777172830713,-571.8544985742487,461.04444023090116,833.0435600753598,84.89338819789378,25.964072248181683,-0.047402102728028694,461.04444023139376,441.0557851415291,431.3027017017053,0.17455178787730574,400.0,0.7821160452908149,440.8812333536518,23.98918007274143,5.191223667595169,599.6107103709743,0.001616105106127641,1.919636724778684e-05,False,True,RELEASE,RELEASED,
5.380000000001195,LOWERING,0.22983780357687159,1316.8736117511557,42.194878902062335,-0.040310772315698934,322.2773838222692,1.7055799905993096,-0.8262232905274095,1.492098582039002,0.9761840872164785,-4.147922327344885,-572.0096142746481,461.1985041557938,832.8906265158591,84.89249930345261,25.965678030831565,-0.047067215429365206,461.1985041562844,441.1994830329054,431.3115755304713,0.17347962557272467,400.0,0.7823406721451975,441.02600340733267,23.989181760093174,5.190414468983379,599.6107689352639,0.0016043881929412862,1.9204974989861512e-05,False,True,RELEASE,RELEASED,
5.390000000001172,LOWERING,0.22989175448514054,1317.1827276856266,42.20449304218673,-0.04031793200232503,322.28728748502846,1.7054225245752097,-0.8264722133933557,1.491780703661624,0.9760011584331837,-4.148066810327366,-572.1638140486433,461.3516301120978,832.7387760300901,84.89164460879867,25.967273918614357,-0.046734590865526116,461.35163011257674,441.342304326045,431.32039453128675,0.1724127496086112,400.0,0.7825639144857149,441.1698915764364,23.989183435252976,5.189611117113472,599.6108270760209,0.001592754539247565,1.9214469034523063e-05,False,True,RELEASE,RELEASED,
5.400000000001149,LOWERING,0.22994537244306984,1317.4899359551725,42.21404767240733,-0.040325048649885606,322.2971297464988,1.7052663489503204,-0.826719606296121,1.491465056053256,0.9758194420788231,-4.148210622186404,-572.3171018945707,461.5038226073509,832.5880013148229,84.89082354177052,25.968859960707878,-0.04640421526073624,461.5038226078288,441.4842532573346,431.3291589785529,0.17135114990952616,400.0,0.78278577920036,441.3129021074251,23.989185098306876,5.188813570726007,599.6108847962399,0.001581203582446733,1.9223712683924532e-05,False,True,RELEASE,RELEASED,
5.4100000000011255,LOWERING,0.22999865909297348,1317.7952459695593,42.2235430700309,-0.04033212291374794,322.3069109168493,1.7051114528708893,-0.8269654767836124,1.4911516243895275,0.9756389309971463,-4.148353763370995,-572.4694818111714,461.65508614228065,832.4382951102064,84.89003553758508,25.970436206190463,-0.04607607488503618,461.65508614275336,441.62533405637663,431.33786914608936,0.170294816216483,400.0,0.7830062731630472,441.45503924016015,23.98918674934035,5.188021788835402,599.6109420988979,0.001569734762217223,1.923387145552624e-05,False,True,RELEASE,RELEASED,
5.420000000001102,LOWERING,0.2300516160744214,1318.098667122831,42.232979537727864,-0.04033915481094434,322.3166313055494,1.7049578255727136,-0.8272098323893445,1.4908403939322377,0.9754596180625243,-4.148496234370072,-572.620957797292,461.80542521058635,832.2896501995974,84.88928003875415,25.972002704039372,-0.04575015608816102,461.8054252110485,441.7655509458322,431.34652530712583,0.16924373809627014,400.0,0.7832254032333897,441.59630720773595,23.98918838843829,5.187235730730206,599.6109989869485,0.001558347522163217,1.9243984752392862e-05,False,True,RELEASE,RELEASED,
5.430000000001079,LOWERING,0.23010424502416804,1318.4002087929,42.242357373904206,-0.04034614445023047,322.326291221359,1.7048054563805668,-0.8274526806322053,1.4905313500290862,0.9752814961799802,-4.148638035712123,-572.7715338516513,461.95484429877683,832.1420594094243,84.88855649501838,25.973559503129085,-0.04542644527100492,461.95484429923494,441.90490814123467,431.35512773429275,0.1681979049242841,400.0,0.7834431762564739,441.7367102363104,23.98919001568503,5.18645535596851,599.611055463328,0.001547041307006225,1.9253982657119195e-05,False,True,RELEASE,RELEASED,
5.4400000000010555,LOWERING,0.23015654757608106,1318.699880341138,42.251676867100514,-0.04035309216958009,322.33589097231874,1.7046543347074712,-0.8276940290161391,1.4902244781132816,0.9751045582852067,-4.148779167964343,-572.9212139725436,462.10334788595856,831.9955156089754,84.88786436326173,25.975106652229652,-0.045104928906312125,462.10334788641296,442.04340985082985,431.3636766996128,0.16715730589254463,400.0,0.783659599062635,441.8762525449373,23.989191631164335,5.185680624382262,599.6111115309507,0.001535815568033172,1.9263292756477313e-05,False,True,RELEASE,RELEASED,
5.450000000001032,LOWERING,0.23020852536107253,1318.9976911119832,42.260938312654694,-0.04035999812543994,322.3454308657407,1.7045044500541646,-0.8279338850299285,1.4899197637033004,0.9749287973445887,-4.1489196317323325,-573.0700021576225,462.25094044368456,831.8500117102792,84.8872031074493,25.976644200005005,-0.04478559351605327,462.2509404441303,442.1810602754075,431.3721724744919,0.16612193000656816,400.0,0.7838746784672368,442.01493834540094,23.989193234959405,5.184911496073119,599.6111671927118,0.001524669760533115,1.9274083228992822e-05,False,True,RELEASE,RELEASED,
5.460000000001009,LOWERING,0.23026018000703033,1319.2936504325455,42.27014201371736,-0.040366862267628534,322.35491120820103,1.7043557920084433,-0.828172256146961,1.4896171924025243,0.9747542063552225,-4.149059427659627,-573.2179024036632,462.39762643579314,831.705540667918,84.88657219855148,25.97817219501179,-0.04446842569416276,462.3976264362364,442.3178636081889,431.3806153297113,0.16509176613789123,400.0,0.7840884212704483,442.152771842051,23.989194827152883,5.18414793141049,599.6112224514884,0.001513603343553882,1.9285191001472413e-05,False,True,RELEASE,RELEASED,
5.470000000000986,LOWERING,0.23031151313874987,1319.5877676122172,42.27928823699925,-0.04037368542818085,322.3643323055289,1.7042083502444916,-0.8284091498248947,1.489316749898908,0.974580778344925,-4.149198556426762,-573.3649187062584,462.54341031818757,831.5620954788476,84.88597111446498,25.979690685697367,-0.04415341209141843,462.5434103186278,442.45382403458285,431.3890055354196,0.1640668029337462,400.0,0.7843008342570417,442.2897572316491,23.989196407826867,5.183389891026503,599.6112773101378,0.0015026157767676906,1.9296074640351435e-05,False,True,RELEASE,RELEASED,
5.480000000000962,LOWERING,0.2303625263778703,1319.8800519423066,42.28837730221126,-0.0403804671197367,322.3736944627994,1.7040621145223132,-0.8286445735055059,1.4890184219646634,0.9744085063722516,-4.149337018751189,-573.5110550596467,462.6882965387222,831.4196691822406,84.88539933994899,25.981199720398592,-0.043840539422717484,462.6882965391526,442.58894573211734,431.39734336112406,0.16304702891017087,400.0,0.7845119241961778,442.42589870320717,23.989197977062894,5.1826373358199245,599.6113317714967,0.0014917065253348127,1.930747959022483e-05,False,True,RELEASE,RELEASED,
5.490000000000939,LOWERING,0.23041322134280584,1320.1705126956438,42.2974094923436,-0.04038720774346896,322.38299798432445,1.7039170746871009,-0.8288785346143599,1.4887221944559696,0.9742373835265056,-4.14947481538637,-573.6563154564108,462.83228953698847,831.278254859333,84.88485636654954,25.982699347340244,-0.043529794468668115,462.83228953740866,442.7232328702465,431.40562907568307,0.16203243241295695,400.0,0.7847216978412008,442.5612004378335,23.989199534941964,5.181890226948397,599.611385838386,0.0014808750542130156,1.93191023640793e-05,False,True,RELEASE,RELEASED,
5.500000000000916,LOWERING,0.2304635996486848,1320.459159126232,42.30638508312977,-0.04039390786331719,322.3922431736443,1.7037732206685976,-0.8291110405606242,1.488428053312596,0.9740674029277446,-4.149611947121447,-573.8007038872779,462.97539374417795,831.1378456332259,84.88434169252947,25.984189614633564,-0.043221164061833406,462.97539374459933,442.8566896101989,431.41386294729784,0.16102300161946914,400.0,0.7849301619294359,442.6956666085794,23.98920108154452,5.181148525834726,599.6114395136026,0.001470120835311839,1.9330718373566924e-05,False,True,RELEASE,RELEASED,
5.510000000000892,LOWERING,0.23051366290728464,1320.7460004688762,42.31530439001326,-0.040400567050773356,322.40143033351944,1.7036305424804927,-0.8293420987368142,1.4881359845575919,0.9738985577267882,-4.149748414780662,-573.944224340873,463.117613582913,830.9984346687284,84.88385482279688,25.985670570274802,-0.04291463511242455,463.11761358333194,442.98932010483566,431.4220452435056,0.16001872454592103,400.0,0.7851373231819897,442.82930138028973,23.989202616950475,5.180412194157846,599.6114927999305,0.0014594433406642793,1.934262479608151e-05,False,True,RELEASE,RELEASED,
5.520000000000869,LOWERING,0.2305634127269719,1321.031045938838,42.3241676891791,-0.0404071858268204,322.4105597659221,1.7034890302197787,-0.8295717165185501,1.4878459742969325,0.973730841105218,-4.149884219222752,-574.0868808034817,463.2589534670793,830.860015172168,84.88339526883459,25.987142262143806,-0.04261019457419479,463.25895346748837,443.1211284984986,431.4301762311707,0.15901958904646563,400.0,0.7853431883035543,442.9621089094521,23.989204141239206,5.179681193854099,599.6115457001293,0.0014488420450087247,1.9355145411736885e-05,False,True,RELEASE,RELEASED,
5.530000000000846,LOWERING,0.23061285071263926,1321.3143047314747,42.33297526369049,-0.04041376452679287,322.4196317720285,1.7033486740661943,-0.8297999012643208,1.4875580087192517,0.9735642462753806,-4.150019361340437,-574.2286772588188,463.3994178016665,830.7225803912577,84.88296254863194,25.98860473800262,-0.042307829482297166,463.39941780207084,443.2521189268775,431.43825617647826,0.15802558282405244,400.0,0.7855477639822163,443.0940933440534,23.989205654489542,5.178955487119751,599.6115982169426,0.0014383164291889017,1.936789516321369e-05,False,True,RELEASE,RELEASED,
5.5400000000008225,LOWERING,0.23066197846564826,1321.5957860219125,42.3417274157563,-0.04042030299887822,322.4286466522115,1.703209464281567,-0.8300266603152973,1.4872720740954344,0.9733987664803856,-4.150153842060023,-574.3696176878258,463.53901098263344,830.5861236148801,84.8825561866162,25.990058045494173,-0.0420075269175868,463.53901098302856,443.38229551686686,431.4462853449266,0.1570366934346339,400.0,0.7857510568892605,443.2252588234322,23.989207156779795,5.178235036403749,599.611650353095,0.001427865975269782,1.9381143260943645e-05,False,True,RELEASE,RELEASED,
5.550000000000799,LOWERING,0.23071079758376797,1321.8754989646934,42.35042441869991,-0.04042680178431854,322.4376047060325,1.7030713912092401,-0.8302520009950762,1.4869881567783407,0.9732343949941045,-4.1502876623407765,-574.5097060684275,463.67773739673737,830.4506381729456,84.88217571358325,25.99150223214092,-0.04170927403527003,463.6777373971349,443.5116623864299,431.4542640013196,0.15605290828813168,400.0,0.7859530736789948,443.3556094781418,23.989208648187727,5.177519804412659,599.6117021112907,0.0014174901721100142,1.9394379080495128e-05,False,True,RELEASE,RELEASED,
5.560000000000776,LOWERING,0.23075930966112004,1322.153452693462,42.35906657511659,-0.04043326068800256,322.44650623223316,1.7029344452734252,-0.8304759306094457,1.4867062432024307,0.97307112512116,-4.150420823174297,-574.648946375303,463.8156014213735,830.3161174361954,84.881820666627,25.9929373453434,-0.04141305804012063,463.81560142176545,443.64022364443093,431.46219240976023,0.15507421462439197,400.0,0.7861538209885578,443.48514942980654,23.98921012879059,5.176809754102331,599.6117534942202,0.001407188509286783,1.9407896502343647e-05,False,True,RELEASE,RELEASED,
5.570000000000753,LOWERING,0.2308075162881195,1322.429656320625,42.367654160863566,-0.040439680154393226,322.4553515287291,1.7027986169786362,-0.8306984564462133,1.4864263198834429,0.9729089501969236,-4.1505533255842115,-574.7873425796919,463.95260742445254,830.182554816038,84.88149058907463,25.994363432379075,-0.041118866214446825,463.952607424834,443.76798339053926,431.47007083364343,0.15410059955087263,400.0,0.786353305437747,443.6138827909884,23.989211598665115,5.1761048486776495,599.6118045045514,0.0013969604782069212,1.9422058528562047e-05,False,True,RELEASE,RELEASED,
5.580000000000729,LOWERING,0.23085541905142104,1322.7041189370445,42.37618746095719,-0.040446060385291166,322.464140892602,1.702663896909047,-0.8309195857749582,1.4861483734180359,0.9727478635875008,-4.150685170625483,-574.9248986491589,464.08875976423167,830.0499437643564,84.88118503041676,25.995780540400983,-0.04082668588876004,464.0887597646105,443.8949457150797,431.47789953564865,0.1531320500342872,400.0,0.7865515336288322,443.7418136650454,23.989213057887508,5.175405051593407,599.6118551449364,0.0013868055742678465,1.943701386153407e-05,False,True,RELEASE,RELEASED,
5.590000000000706,LOWERING,0.2309030195338637,1322.9768496117194,42.3846667665418,-0.04045240141423773,322.4728746200923,1.702530275727955,-0.8311393258468449,1.4858723904835032,0.9725878586897223,-4.150816359384023,-575.061618547398,464.22406278918487,829.9182777733661,84.88090354624453,25.997188716436437,-0.040536504467240775,464.22406278956385,444.0211146989095,431.4856787777335,0.1521685529098704,400.0,0.7867485121463842,443.86894614599964,23.98921450653346,5.174710326552578,599.611905418007,0.0013767232964534415,1.9453340826203203e-05,False,True,RELEASE,RELEASED,
5.600000000000683,LOWERING,0.23095031931441867,1323.247857391489,42.39309235450021,-0.04045870360687078,322.4815530065927,1.702397744177167,-0.831357683894413,1.4855983578374148,0.9724289289311281,-4.150946892976163,-575.1975062340233,464.35852083785915,829.7875503754279,84.88064569818317,25.99858800738597,-0.040248309404660176,464.3585208382343,444.14649441326145,431.49340882112824,0.15121009485005743,400.0,0.7869442475571082,443.9952843184114,23.989215944678143,5.174020637506954,599.6119553263801,0.0013667131493404483,1.946782083450671e-05,False,True,RELEASE,RELEASED,
5.610000000000659,LOWERING,0.2309973199681348,1323.5171513007178,42.401464507995314,-0.04046496715630561,322.49017634664193,1.702266293076355,-0.8315746671313934,1.4853262623172145,0.9722710677699532,-4.151076772548172,-575.3325656643614,464.4921382387431,829.6577551428362,84.88041105382231,25.999978460022053,-0.03996208822570679,464.4921382391112,444.2710889196827,431.5010899263284,0.15025666243360547,400.0,0.78713874640968,444.1208322572491,23.989217372396237,5.173335948645657,599.6120048726548,0.0013567746341696107,1.948314809396834e-05,False,True,RELEASE,RELEASED,
5.620000000000636,LOWERING,0.23104402306608826,1323.7847403410099,42.40978352405151,-0.04047119189707941,322.49874493391593,1.7021359133225051,-0.8317902827524445,1.4850560908399548,0.9721142686951048,-4.151205999275513,-575.4668007892172,464.6249193100931,829.5288856876809,84.88019918665081,26.001360120987744,-0.03967782851486845,464.62491931045633,444.3949022698145,431.50872235308844,0.14930824205231374,400.0,0.7873320152345781,444.2455940277622,23.989218789761903,5.172656224402023,599.6120540594089,0.0013469072561864692,1.9498103313253523e-05,False,True,RELEASE,RELEASED,
5.630000000000613,LOWERING,0.2310904301753318,1324.0506334909155,42.418049662684794,-0.040477378553061494,322.5072590612232,1.7020065958893524,-0.8320045379330369,1.4847878304019388,0.9719585252261498,-4.151334574362689,-575.600215554721,464.7568683598437,829.4009356616646,84.88000967599761,26.002733036795735,-0.03939551791575013,464.75686836020105,444.51793850536285,431.5163063604157,0.14836482000839624,400.0,0.7875240605439219,444.36957368535445,23.9892201968488,5.171981429454838,599.6121028892059,0.001337110527082075,1.9513778568125417e-05,False,True,RELEASE,RELEASED,
5.640000000000589,LOWERING,0.23113654285884586,1324.3148397056534,42.426263217034126,-0.04048352701646171,322.51571902049733,1.7018783318267632,-0.8322174398292453,1.4845214680783512,0.9718038309132853,-4.151462499042642,-575.7328139021165,464.887989685464,829.2738987559077,84.87984210696379,26.004097253827105,-0.03911514413812256,464.8879896858145,444.6402016579318,431.52384220656387,0.1474263824699733,400.0,0.7877148888313128,444.49277527546184,23.989221593730093,5.171311528720734,599.612151364589,0.001327383959533357,1.952932564108778e-05,False,True,RELEASE,RELEASED,
5.650000000000566,LOWERING,0.23118236267548953,1324.5773679168278,42.43442446687096,-0.0404896374883405,322.52412510279163,1.7017511122601574,-0.8324289955775445,1.484256991022931,0.9716501793373182,-4.151589774576196,-575.8645997675567,465.01828757381884,829.1477687007798,84.87969607035859,26.0054528183303,-0.038836694953488404,465.0182875741672,444.76169574891384,431.5313301490285,0.14649291547766552,400.0,0.7879045065716839,444.6152028334362,23.98922298047843,5.170646487358591,599.6121994880856,0.001317727072406072,1.9544922395198228e-05,False,True,RELEASE,RELEASED,
5.660000000000543,LOWERING,0.23122789117995293,1324.8382270321576,42.442533702565434,-0.040495709890569755,322.532477598272,1.7016249283899534,-0.8326392122946172,1.4839943864676552,0.9714975641096392,-4.151716402251562,-575.9955770819099,465.1477663010366,829.0225392657375,84.87957116263833,26.00679977641996,-0.038560158186442095,465.1477663013769,444.8824247893629,431.5387704445403,0.14556440493663558,400.0,0.7880929202211483,444.7368603844263,23.98922435716598,5.169986270760506,599.6122472622087,0.0013081393838207944,1.9561472072382458e-05,False,True,RELEASE,RELEASED,
5.6700000000005195,LOWERING,0.2312731299227102,1325.0974259352047,42.4505911792167,-0.04050174499019014,322.54077679621133,1.70149977149093,-0.8328480970771956,1.4837336417223213,0.9713459788721948,-4.1518423833838805,-576.125749770573,465.2764301323929,828.8982042591002,84.8794669858382,26.008138174075853,-0.03828552173411026,465.27643013273655,445.0023927799164,431.54616334905876,0.1446408366558103,400.0,0.7882801362168519,444.8577519432606,23.989225723864422,5.169330844553051,599.6122946894491,0.0012986204138112356,1.9578208366510808e-05,False,True,RELEASE,RELEASED,
5.680000000000496,LOWERING,0.23131808044997568,1325.3549734851242,42.45859718648362,-0.04050774268714424,322.54902298498274,1.7013756329117498,-0.833055657001893,1.4834747441742986,0.9711954172974563,-4.151967719314853,-576.255121753305,465.404283322194,828.7747575279305,84.87938314751949,26.00946805714174,-0.0380127735483029,465.40428332253174,445.1216037106274,431.55350911776713,0.14372219629700567,400.0,0.7884661609768194,444.9778815143304,23.989227080644934,5.168680174602575,599.6123417722822,0.0012891696900618754,1.9594487639551517e-05,False,True,RELEASE,RELEASED,
5.690000000000473,LOWERING,0.23136274430365686,1325.6108785163967,42.466552005589975,-0.04051370306832154,322.55721645205546,1.7012525040742736,-0.8332618991250126,1.4832176812880717,0.9710458730883892,-4.152092411412104,-576.3836969440156,465.53133011364486,828.6521929577875,84.87931926069662,26.010789471324546,-0.03774190165222535,465.53133011397586,445.24006156091394,431.56080800506777,0.14280846943080405,400.0,0.7886510008998203,445.09725309148314,23.989228427578215,5.168034227008049,599.6123885131669,0.0012797867430691667,1.961134955763555e-05,False,True,RELEASE,RELEASED,
5.70000000000045,LOWERING,0.2314071230213129,1325.8651498385857,42.47445590887186,-0.04051962641829115,322.56535748398744,1.701130376473112,-0.8334668304823836,1.4829624406050217,0.970897339978422,-4.152216461068821,-576.5114792506038,465.6575747387333,828.5305044726231,84.87927494378795,26.012102462193162,-0.037472894111374444,465.65757473905694,445.3577702994132,431.5680602645752,0.14189964150523338,400.0,0.7888346623652251,445.21587065790794,23.989229764734482,5.167392968095445,599.6124349145467,0.001270471101999071,1.962794715382188e-05,False,True,RELEASE,RELEASED,
5.710000000000426,LOWERING,0.23145121813611041,1326.1177962360905,42.482309172717564,-0.04052551290199364,322.5734463664214,1.7010092416749754,-0.833670458089203,1.4827090097429811,0.9707498117314077,-4.152339869703233,-576.6384725747708,465.783021418118,828.4096860345442,84.87924982054541,26.013407075177646,-0.037205739070373056,465.7830214184351,445.4747338838977,431.5752661491128,0.14099569786293387,400.0,0.7890171517328745,445.3337381860348,23.989231092183466,5.166756364425247,599.612480978845,0.0012612223029506708,1.9645429119918845e-05,False,True,RELEASE,RELEASED,
5.720000000000403,LOWERING,0.231495031176782,1326.368826467902,42.490112068894604,-0.040531362777055865,322.58148338407824,1.7008890913181371,-0.8338727889398689,1.4824573763959235,0.9706032821415903,-4.15246263875819,-576.7646808118498,465.9076743610093,828.2897316436527,84.87924351999872,26.01470335556809,-0.03694042472636738,465.9076743613283,445.5909562611595,431.58242591070604,0.14009662373717902,400.0,0.7891984753429406,445.4508596374223,23.98923240999442,5.166124382787859,599.6125267084701,0.0012520398860669246,1.966360667893241e-05,False,True,RELEASE,RELEASED,
5.73000000000038,LOWERING,0.2315385636675853,1326.618249267374,42.49786487244501,-0.04053717620022039,322.58946882075196,1.7007699171118524,-0.8340738300078037,1.4822075283335905,0.9704577450335645,-4.152584769700561,-576.890107850615,466.0315377650513,828.1706353378528,84.87925567639137,26.015991348513726,-0.036676939341987236,466.03153776536385,445.7064413669027,431.58953980057873,0.13920240424369013,400.0,0.7893786395158007,445.567238962659,23.98923371823613,5.165496990198077,599.6125721058153,0.0012429233916879667,1.9681798846704623e-05,False,True,RELEASE,RELEASED,
5.740000000000356,LOWERING,0.23158181712826312,1326.8660733419913,42.505567860615784,-0.04054295325344146,322.597402959305,1.7006517108358652,-0.8342735882453298,1.4819594534012115,0.9703131942622375,-4.15270626402099,-577.014757573141,466.15461581622475,828.052391192706,84.87928592912905,26.017271099022054,-0.03641527123488686,466.154615816534,445.82119312565493,431.59660806914746,0.1383130243945061,400.0,0.7895576505519093,445.6828801012604,23.989235016976906,5.1648741538957195,599.6126171732566,0.0012338723622313807,1.9700385621490568e-05,False,True,RELEASE,RELEASED,
5.750000000000333,LOWERING,0.23162479307400424,1327.1123073731465,42.51322130979847,-0.04054869401868703,322.6052860816627,1.700534464339785,-0.8344720705835283,1.4817131395190637,0.9701696237127859,-4.152827123233422,-577.1386338546322,466.2769126887485,827.9349933212004,84.87933392271485,26.018542651957862,-0.03615540879047785,466.2769126890553,445.93521545069376,431.6036309660162,0.13742846912936102,400.0,0.7897355147316677,445.7977869815644,23.989236306284596,5.164255841345854,599.6126619131531,0.0012248863436896684,1.9719551573871286e-05,False,True,RELEASE,RELEASED,
5.76000000000031,LOWERING,0.23166749301540548,1327.3569600159212,42.52082546839794,-0.04055439924171668,322.61311846880903,1.7004181695425946,-0.8346692839320435,1.4814685746822165,0.9700270273006124,-4.152947348874481,-577.2617405632353,466.39843254494656,827.8184358736238,84.87939930669408,26.01980605204246,-0.03589734044749093,466.3984325452508,446.0485122439091,431.6106087399735,0.1365487232675946,400.0,0.789912238315309,445.9119635206415,23.989237586226583,5.163642020234872,599.6127063278485,0.0012159648831673309,1.973851010461658e-05,False,True,RELEASE,RELEASED,
5.7700000000002865,LOWERING,0.23170991845843367,1327.60003989887,42.52838063751705,-0.04056006835719758,322.62090040078124,1.7003028184320501,-0.8348652351789702,1.48122574696011,0.9698853989713027,-4.153066942503165,-577.3840815598949,466.5191795351625,827.7027130373376,84.87948173559327,26.021061343852708,-0.03564105471343737,466.5191795354581,446.1610873957204,431.6175416389867,0.13567377152475046,400.0,0.7900878275427767,446.02541362419566,23.98923885686979,5.163032658471784,599.6127504196692,0.0012071075314530333,1.975797027853332e-05,False,True,RELEASE,RELEASED,
5.780000000000263,LOWERING,0.23175207090438898,1327.8415556238094,42.535887071008865,-0.04056570193471977,322.62863215666545,1.7001884030641092,-0.835059931190655,1.4809846444962032,0.9697447327005767,-4.153185905700131,-577.5056606981553,466.6391577976269,827.5878190365986,84.87958086885857,26.022308571820236,-0.03538654015244447,466.63915779792814,446.27294478499874,431.6244299101983,0.13480359852297852,400.0,0.7902622886336167,446.13814118647576,23.989240118280666,5.162427724188657,599.6127941909255,0.0011983138446307606,1.977679528408771e-05,False,True,RELEASE,RELEASED,
5.79000000000024,LOWERING,0.23179395184987087,1328.081515765622,42.54334502929323,-0.040571300361369786,322.6363140145913,1.7000749155625334,-0.8352533788116958,1.480745255507713,0.9696050224942435,-4.153304240067907,-577.626481824099,466.75837145843474,827.4737481324228,84.87969637081663,26.023547780230498,-0.03513378538491452,466.75837145872214,446.3840882789719,431.6312737999193,0.13393818879904984,400.0,0.7904356277868505,446.25015009017284,23.989241370525214,5.1618271857346,599.6128376439127,0.0011895833796904398,1.9796555761786294e-05,False,True,RELEASE,RELEASED,
5.8000000000002165,LOWERING,0.23183556278674247,1328.3199288720548,42.55075479145841,-0.04057686354579095,322.64394625172946,1.6999623481182236,-0.8354455848646596,1.4805075682852056,0.969466262388148,-4.153421947229799,-577.7465487760969,466.87682463136775,827.3604946223757,84.8798279106013,26.02477901322223,-0.03488277909457338,466.8768246316561,446.4945217331542,431.63807355362826,0.13307752681976126,400.0,0.7906078511808634,446.36144420633445,23.989242613668978,5.1612310116779,599.6128807809097,0.0011809156977804491,1.9816789460946893e-05,False,True,RELEASE,RELEASED,
5.810000000000193,LOWERING,0.23187690520209606,1328.5568034635187,42.55811662468731,-0.04058239166599091,322.6515291442861,1.6998506929887007,-0.8356365561500262,1.4802715711922227,0.9693284464481259,-4.153539028829769,-577.8658653846999,466.994521417841,827.2480528403773,84.87997516210221,26.026002314786528,-0.0346335100317674,466.99452141812725,446.6042489912222,431.64482941596617,0.1322215969335616,400.0,0.7907789649733177,446.47202739428866,23.98924384777705,5.160639170802302,599.6129236041788,0.001172310362160367,1.9836763556213555e-05,False,True,RELEASE,RELEASED,
5.82000000000017,LOWERING,0.23191798057821994,1328.7921480328996,42.56543078973123,-0.040587885035154335,322.659062967498,1.699739942497561,-0.8358262994460101,1.480037252664946,0.9691915687699458,-4.153655486531798,-577.9844354724588,467.11146590678163,827.1364171565239,84.88013780390745,26.02721772876597,-0.0343859669962967,467.11146590706375,446.71327388494353,431.6515416307314,0.13137038339715446,400.0,0.7909489753010347,446.5819035015464,23.98924507291408,5.160051632108446,599.6129661159697,0.0011637669406017181,1.9857476615925407e-05,False,True,RELEASE,RELEASED,
5.830000000000147,LOWERING,0.23195879039256825,1329.0259710453868,42.57269756072732,-0.04059334361700818,322.6665479956297,1.6996300890340057,-0.8360148215085099,1.479804601211875,0.9690556234792589,-4.153771322019821,-578.1022628538341,467.22766217458013,827.025581976926,84.88031551925502,26.028425298854003,-0.034140138855150326,467.227662174861,446.82160023413337,431.65821044087596,0.13052387041852853,400.0,0.7911178882798848,446.69107636371484,23.989246289144273,5.159468364806376,599.6130083185144,0.001155284999863504,1.9877830027326127e-05,False,True,RELEASE,RELEASED,
5.840000000000123,LOWERING,0.2319993361177276,1329.2582809382795,42.57991719483803,-0.040598767767938665,322.6739845019693,1.6995211250523157,-0.8362021290709094,1.4795736054135213,0.9689206047315413,-4.15388653699699,-578.2193513350009,467.34311428496125,826.9155417435529,84.8805079959767,26.029625068594285,-0.03389601453079649,467.34311428523273,446.9292318465189,431.66483608850365,0.12968204209300893,400.0,0.7912857100047008,446.7995498044259,23.989247496531384,5.1588893383195025,599.6130502140293,0.001146864110274315,1.989872168906004e-05,False,True,RELEASE,RELEASED,
5.8500000000001,LOWERING,0.2320396192213874,1329.4890861208191,42.587089952398486,-0.040604157744243696,322.6813727588255,1.6994130430712615,-0.8363882288440373,1.4793442539219401,0.9687865067120408,-4.154001133185542,-578.3357047137509,467.45782628893966,826.8062909339845,84.88071492644119,26.03081708138003,-0.03365358301016386,467.4578262892057,447.0361725177268,431.67141881486447,0.12884488247692616,400.0,0.7914524465491781,446.9073276352499,23.98924869513873,5.158314522285643,599.6130918047135,0.001138503848179262,1.992061635291975e-05,False,True,RELEASE,RELEASED,
5.860000000000077,LOWERING,0.2320796411663093,1329.7183949740122,42.59421611077932,-0.0406095133634041,322.68871303752167,1.699305835673615,-0.8365731275159377,1.4791165354604776,0.968653323635717,-4.154115112325954,-578.45132677929,467.5718022246714,826.6978240612826,84.88093600749883,26.03200138045301,-0.033412833333727576,467.5718022249292,447.1424260311144,431.6779588603524,0.128012375491096,400.0,0.7916181039657851,447.0144136556233,23.989249885029196,5.157743886547963,599.6131330927585,0.001130203788711981,1.994181064901568e-05,False,True,RELEASE,RELEASED,
5.870000000000053,LOWERING,0.23211940341029869,1329.9462158504682,42.60129591484814,-0.04061483521438482,322.6960056083943,1.6991994955056005,-0.8367568317518497,1.4788904388233404,0.968521049747182,-4.154228476176879,-578.5662213121508,467.6850461174239,826.5901356737652,84.88117094042998,26.033178008903214,-0.033173754606082184,467.68504611768327,447.24799615779347,431.6844564645006,0.12718450502921996,400.0,0.7917826882856644,447.12081165276425,23.989251066265233,5.157177401159763,599.6131740803303,0.0011219635114656512,1.996344980170761e-05,False,True,RELEASE,RELEASED,
5.88000000000003,LOWERING,0.23215890740617748,1330.1725570742437,42.60832963606762,-0.04062012321354742,322.7032507407875,1.6990940152764893,-0.8369393481940922,1.478665952875372,0.9683896793206399,-4.154341226514825,-578.6803920840727,467.79756197949035,826.4832203548937,84.88141943090103,26.034347009667894,-0.03293633598627821,467.7975619797497,447.35288665648153,431.6909118659777,0.12636125488381822,400.0,0.7919462055185437,447.2265254015977,23.98925223890885,5.156615036382153,599.6132147695857,0.001113782599311719,1.998616050968849e-05,False,True,RELEASE,RELEASED,
5.890000000000007,LOWERING,0.23219815460175508,1330.3974269406758,42.61531753058555,-0.04062537762846491,322.7104487030524,1.698989387757974,-0.837120683461925,1.478443066551585,0.9682592066598262,-4.154453365133508,-578.793842857831,467.90935381009785,826.3770727230346,84.88168118890155,26.03550842553136,-0.03270056669873611,467.9093538103506,447.45710127347826,431.69732530258744,0.12554260878994228,400.0,0.7921086616526496,447.3315586646883,23.989253403021635,5.156056762682243,599.6132551626672,0.001105660638176964,2.0008080525713012e-05,False,True,RELEASE,RELEASED,
5.8999999999999835,LOWERING,0.2322371464398035,1330.620833716239,42.622259848182644,-0.04063059885907245,322.7175997625426,1.6988856057836894,-0.837300844151441,1.4782217688568577,0.9681296260979447,-4.154564893843511,-578.9065773871213,468.02042559532447,826.2716874312963,84.88195592869508,26.036662299124163,-0.03246643602244603,468.0204255955752,447.56064374259495,431.70369701126367,0.12472855042460651,400.0,0.7922700626546334,447.43591519217034,23.98925455866475,5.155502550730303,599.6132952616999,0.0010975972155478075,2.0030572443374695e-05,False,True,RELEASE,RELEASED,
5.90999999999996,LOWERING,0.23227588435802968,1330.8427856383873,42.62915685948634,-0.04063578677311836,322.7247041856096,1.6987826622487492,-0.8374798368354743,1.4780020488656216,0.9680009319976023,-4.1546758144719265,-579.0185994164303,468.13078130803024,826.1670591673702,84.88224336877195,26.03780867292231,-0.03223393329483315,468.13078130827506,447.66351778504605,431.7100272280663,0.12391906337080627,400.0,0.7924304144694875,447.53959872167525,23.989255705898927,5.15495237140045,599.6133350687953,0.0010895919221702854,2.0053685204857175e-05,False,True,RELEASE,RELEASED,
5.919999999999937,LOWERING,0.2323143697890521,1331.0632909154199,42.63600881840779,-0.04064094162330325,322.7317622376021,1.6986805501091817,-0.8376576680635338,1.4777838957214258,0.9678731187507447,-4.154786128862067,-579.1299126809319,468.2404249078029,826.063182653305,84.88254323179513,26.038947589247034,-0.03200304791062081,468.24042490804646,447.76572710943344,431.7163161881799,0.12311413116992753,400.0,0.7925897230204596,447.6426129782635,23.989256844784485,5.1544061957667875,599.613374586051,0.0010816443499050976,2.0076968553439656e-05,False,True,RELEASE,RELEASED,
5.929999999999914,LOWERING,0.23235260416037565,1331.2823577263375,42.64281597851566,-0.040646063647286325,322.73877418286173,1.6985792623814837,-0.8378343443616575,1.4775672986366801,0.9677461807785883,-4.1548958388729185,-579.2405209063386,468.3493603408574,825.9600526453748,84.88285524455054,26.040079090264054,-0.03177376933285814,468.3493603411009,447.8672754116514,431.722564125911,0.12231373729093775,400.0,0.7927479942089816,447.74496167436047,23.989257975381324,5.153863995106054,599.6134138155477,0.0010737540950795932,2.0099835239761887e-05,False,True,RELEASE,RELEASED,
5.93999999999989,LOWERING,0.23239058889436753,1331.499994220704,42.64957860224468,-0.04065115284290758,322.74574028472034,1.698478792142108,-0.8380098722323341,1.4773522468922777,0.9676201125315558,-4.155004946378799,-579.3504278087875,468.45759153997557,825.8576639338835,84.88317913789922,26.04120321798305,-0.031546087069727946,468.4575915402167,447.96816637482436,431.7287712746841,0.12151786513021534,400.0,0.7929052339146001,447.84664850969415,23.989259097748924,5.1533257408926065,599.6134527593543,0.0010659207550984817,2.012376228321955e-05,False,True,RELEASE,RELEASED,
5.949999999999867,LOWERING,0.23242832540823696,1331.7162085185296,42.65629693304448,-0.04065620964774927,322.7526608054977,1.6983791325269522,-0.8381842581544705,1.4771387298371952,0.967494908489202,-4.155113453269212,-579.4596370947597,468.5651224244698,825.7560113429573,84.88351464672667,26.042320014257175,-0.031319990697966205,468.5651224247026,448.068403669277,431.73493786703966,0.12072649804940738,400.0,0.7930614479948969,447.9476771712276,23.98926021194636,5.152791404798477,599.6134914195239,0.0010581439298489315,2.014752664081243e-05,False,True,RELEASE,RELEASED,
5.959999999999844,LOWERING,0.23246581511400943,1331.9310087101244,42.662971230683404,-0.040661234077537745,322.75953600649876,1.6982802767308793,-0.8383575085831857,1.4769267368882273,0.9673705631601479,-4.155221361447985,-579.5681524608899,468.67195690005127,825.6550897304094,84.88386150989176,26.043429520782595,-0.03109546983932887,468.6719569002868,448.1679909524494,431.7410641346319,0.11993961934604158,400.0,0.7932166422854261,448.04805133310333,23.98926131803229,5.152260958692978,599.6135297980949,0.0010504232221926202,2.0171735002350033e-05,False,True,RELEASE,RELEASED,
5.96999999999982,LOWERING,0.23250305941850838,1332.1444028559933,42.669601744834225,-0.040666226370602535,322.7663661480112,1.6981822180072799,-0.8385296299498598,1.4767162575296158,0.9672470710820104,-4.155328672833496,-579.6759775939427,468.778098858841,825.5548939875498,84.88421947018603,26.044531779098005,-0.030872514182760824,468.77809885906817,448.2669318688317,431.74715030822654,0.11915721224619347,400.0,0.7933708225996507,448.1477746565855,23.989262416064964,5.151734374642566,599.6135678970917,0.0010427582391026036,2.0196382479298336e-05,False,True,RELEASE,RELEASED,
5.979999999999797,LOWERING,0.2325400597233328,1332.356398986707,42.67618871931879,-0.040671186884105724,322.7731514893033,1.698084949667515,-0.8387006286619603,1.4765072813126794,0.967124426821327,-4.155435389357862,-579.7831161706367,468.88355217925505,825.4554190389911,84.8845882742767,26.045626830584187,-0.03065111347734728,468.88355217947884,448.3652300499482,431.75319661769777,0.11837925994581155,400.0,0.7935239947288787,448.2468507900024,23.989263506102226,5.1512116249069955,599.6136057185252,0.0010351485892803325,2.0221196280090226e-05,False,True,RELEASE,RELEASED,
5.989999999999774,LOWERING,0.2325768174248377,1332.5670051027903,42.68273243574779,-0.04067611502986021,322.7798922886209,1.6979884650804566,-0.8388705111029927,1.4762997978554657,0.9670026249734845,-4.155541512966721,-579.8895718575569,468.98832072596133,825.3566598424692,84.88496767266219,26.046714716463427,-0.030431257529130562,468.988320726187,448.4628891142627,431.7592032920262,0.11760574557422387,400.0,0.7936761644421987,448.34528336868846,23.989264588201518,5.150692681941272,599.6136432643897,0.0010275938860768719,2.0245973246346693e-05,False,True,RELEASE,RELEASED,
5.99999999999975,LOWERING,0.23261333391411532,1332.7762291746146,42.6892331006548,-0.04068101202640353,322.7865888031853,1.6978927576720548,-0.8390392836324362,1.4760937968424581,0.9668816601626433,-4.155647045618962,-579.9953483110622,469.09240834982677,825.2586113886939,84.88535741962986,26.04779547779916,-0.03021293619349308,469.0924083500467,448.5599126671482,431.76517055929605,0.11683665221897854,400.0,0.7938273374864199,448.4430760149292,23.989265662419886,5.150177518388388,599.613680536672,0.0010200937419622136,2.0271162043172808e-05,False,True,RELEASE,RELEASED,
6.009999999999727,LOWERING,0.23264961057697625,1332.9840791422896,42.695690987364806,-0.04068587743961292,322.79324128919217,1.6977978209248292,-0.8392069525856561,1.475889268024195,0.9667615270416643,-4.155751989286271,-580.1004491771672,469.1958188878541,825.1612687011523,84.88575727320477,26.048869155495662,-0.029996139385957576,469.19581888807,448.65630430082484,431.7710986466948,0.11607196291140554,400.0,0.7939775195860175,448.54023233791344,23.989266728813973,5.149666107085724,599.613717537337,0.0010126477754077712,2.0297266701163608e-05,False,True,RELEASE,RELEASED,
6.019999999999704,LOWERING,0.23268564879393142,1333.1905629155603,42.702106343356924,-0.04069071144149928,322.79985000180903,1.697703648377359,-0.8393735242738287,1.4756862012168876,0.9666422202920325,-4.155856345952752,-580.2048780914358,469.298556163123,825.0646268359098,84.8861669951006,26.049935790297607,-0.029780857084801937,469.29855616334396,448.7520675943323,431.77698778051,0.11531166064861509,400.0,0.794126716443084,448.6367559336837,23.989267787440024,5.149158421059616,599.6137542683405,0.0010052556072075447,2.0322867158029112e-05,False,True,RELEASE,RELEASED,
6.0299999999996805,LOWERING,0.23272144994017488,1333.3956883737085,42.70847940819783,-0.040695514372699255,322.80641519517246,1.6976102336239218,-0.8395390049839104,1.4754845863021722,0.9665237346237782,-4.155960117614802,-580.3086386789138,469.4006239847577,824.9686808814859,84.88658635068504,26.05099542278953,-0.029567079317189382,469.40062398496633,448.8472061134532,431.7828381861269,0.11455572837274985,400.0,0.7942749337372679,448.73265038508043,23.9892688383539,5.1486544335212105,599.6137907316255,0.0009979168576181863,2.0348670716430206e-05,False,True,RELEASE,RELEASED,
6.039999999999657,LOWERING,0.23275701538556748,1333.5994633654584,42.71481043215822,-0.0407002862887158,322.81293712238767,1.6975175703139278,-0.8397034009785078,1.4752844132266931,0.9664060647753999,-4.156063306280435,-580.4117345539846,469.50202614784,824.8734259586354,84.88701510892193,26.052048093395655,-0.029354796173038267,469.5020261480526,448.94172341069736,431.78865008802774,0.11380414899622338,400.0,0.7944221771257303,448.82791926170114,23.989269881611087,5.14815411786645,599.6138269291207,0.0009906311475820218,2.037436792079461e-05,False,True,RELEASE,RELEASED,
6.049999999999634,LOWERING,0.23279234649462074,1333.8018957088852,42.721099655107096,-0.04070502747419776,322.81941603552616,1.6974256521514988,-0.8398667184958731,1.4750856720017704,0.966289205513786,-4.156165913969207,-580.514169320311,469.60276643339114,824.7788572201808,84.88745304233396,26.053093842379532,-0.0291439977953587,469.6027664336001,449.0356230252343,431.79442370978984,0.11305690538193858,400.0,0.7945684522430942,448.9225661198524,23.989270917266655,5.1476574476803485,599.613862862737,0.0009833981036342365,2.040105846390361e-05,False,True,RELEASE,RELEASED,
6.059999999999611,LOWERING,0.23282744462648244,1334.0029931913323,42.72734732151601,-0.040709738077260756,322.8258521856243,1.6973344728950102,-0.8400289637498074,1.4748883527030803,0.9661731516341339,-4.156267942711737,-580.6159465707246,469.7028486083043,824.6849698508447,84.88789992695612,26.054132709843635,-0.028934674375477698,469.7028486085125,449.12890848285656,431.80015927408374,0.1123139803485742,400.0,0.7947137647014061,449.016594502508,23.989271945375304,5.147164396733563,599.6138985343778,0.000976217355789899,2.0427862295946397e-05,False,True,RELEASE,RELEASED,
6.069999999999587,LOWERING,0.23286231113492042,1334.2027635693175,42.73355367505791,-0.0407144182410501,322.83224582268144,1.6972440263566595,-0.8401901429296601,1.4746924454703096,0.9660578979598684,-4.156369394549624,-580.7170698871652,469.802276425328,824.5917590670745,84.88835554229453,26.05516473572906,-0.028726816185553616,469.8022764255266,449.22158329595635,431.80585700267113,0.11157535669366325,400.0,0.7948581200900859,449.1100079392627,23.98927296599135,5.146674938978715,599.6139339459282,0.0009690885354425305,2.0454813977721642e-05,False,True,RELEASE,RELEASED,
6.079999999999564,LOWERING,0.2328969473683101,1334.4012145684635,42.73971895576039,-0.04071906817301371,322.8385971956593,1.6971543064019698,-0.8403502622001773,1.4744979405068164,0.9659434393425634,-4.156470271534694,-580.8175428405367,469.9010536229689,824.4992201168666,84.88881967127836,26.056189959815292,-0.02852041352514334,469.9010536231664,449.3136509634681,431.8115171164045,0.11084101717347039,400.0,0.7950015239758901,449.2028099462946,23.989273979168733,5.146189048551063,599.6139690992653,0.0009620112768233824,2.0481804313021712e-05,False,True,RELEASE,RELEASED,
6.089999999999541,LOWERING,0.23293135466962053,1334.5983538834155,42.74584341380264,-0.040723687808885724,322.84490655247964,1.697065306949354,-0.8405093277015634,1.4743048280792448,0.9658297706618577,-4.15657057572916,-580.9173689906866,469.99918392551194,824.4073482795667,84.88929210022042,26.05720842171984,-0.028315456764175906,469.9991839257066,449.4051149708375,431.8171398352247,0.11011094451504277,400.0,0.7951439819028701,449.29500402632243,23.98927498496101,5.145706699763684,599.6140039962493,0.0009549852139913995,2.050960506494448e-05,False,True,RELEASE,RELEASED,
6.099999999999517,LOWERING,0.23296553437640077,1334.794189177766,42.75192727894985,-0.04072827755688914,322.8511741400235,1.6969770219696907,-0.8406673455492918,1.4741130985172834,0.9657168868253693,-4.156670309204751,-581.0165518862423,470.0966710429011,824.3161388657493,84.8897726187705,26.05822016089795,-0.028111936327718468,470.0966710430939,449.49597878995485,431.8227253781608,0.10938512138466194,400.0,0.7952854993923373,449.3865936685702,23.989275983421372,5.145227867109658,599.6140386387294,0.0009480099835288414,2.0536709371299366e-05,False,True,RELEASE,RELEASED,
6.109999999999494,LOWERING,0.2329994878207704,1334.988728083997,42.75797078702963,-0.040732837652933125,322.8574002041304,1.6968894454858885,-0.8408243218342413,1.473922742213239,0.965604782768615,-4.156769474043122,-581.1150950646363,470.19351867080076,824.2255872169944,84.8902610198827,26.059225216642506,-0.02790984269006458,470.19351867099545,449.58624587920093,431.82827396332704,0.10866353047413213,400.0,0.7954260819428285,449.4775823487268,23.98927697460263,5.1447525252630335,599.6140730285384,0.0009410852266853453,2.0565249315041e-05,False,True,RELEASE,RELEASED,
6.119999999999471,LOWERING,0.2330332163294052,1335.1819782034015,42.763974187660935,-0.0407373679725752,322.8635849895969,1.6968025715723989,-0.8409802626224722,1.4737337496217366,0.9654934534549249,-4.156868072334838,-581.2130020519211,470.28973049046084,824.1356887057373,84.89075709976127,26.060223628083673,-0.02770916638314702,470.2897304906416,449.67591968331686,431.83378580792447,0.10794615439971267,400.0,0.7955657350300738,449.56797352891715,23.989277958557235,5.14428064907408,599.6141071675014,0.000934210586071238,2.059318120473108e-05,False,True,RELEASE,RELEASED,
6.1299999999994474,LOWERING,0.23306672122352734,1335.3739471060246,42.7699377045979,-0.040741868996197396,322.86972874017636,1.6967163943547938,-0.8411351739552715,1.4735461112593546,0.9653828938753548,-4.156966106179383,-581.3102763627373,470.385310168726,824.0464387350778,84.89126065782418,26.061215434188775,-0.027509897997560984,470.3853101689193,449.7650036334362,431.83926112823804,0.1072329757662942,400.0,0.7957044641069762,449.6577706576699,23.989278935337246,5.143812213572116,599.6141410574238,0.0009273857092244597,2.062205419406382e-05,False,True,RELEASE,RELEASED,
6.139999999999424,LOWERING,0.2331000038188952,1335.5646423306066,42.77586157733885,-0.040746340796200896,322.8758316985759,1.6966309080094015,-0.8412890618491355,1.473359817704355,0.9652730990486018,-4.157063577685024,-581.4069215002615,470.4802613580129,823.9578327386421,84.89177149666848,26.06220067376178,-0.027312028181768255,470.4802613581956,449.85350114702135,431.84470013963465,0.10652397714812878,400.0,0.7958422746035648,449.7469771698732,23.989279904994373,5.143347193963016,599.6141747001043,0.0009206102473573452,2.064594235662298e-05,False,True,RELEASE,RELEASED,
6.149999999999401,LOWERING,0.23313306542579365,1335.7540713845267,42.78174604835492,-0.04075078334792933,322.8818941064583,1.6965461067627852,-0.8414419322956544,1.4731748595962797,0.9651640640209163,-4.157160488968129,-581.5029409560786,470.57458769623634,823.869866180379,84.89228942202074,26.06317938544354,-0.027115547624248393,470.57458769642017,449.94141562786047,431.85010305656465,0.10581914110656498,400.0,0.795979171926979,449.8355964867539,23.989280867579964,5.142885565619641,599.6142080973291,0.0009138838477875666,2.0676209715020377e-05,False,True,RELEASE,RELEASED,
6.1599999999993775,LOWERING,0.23316590734902498,1335.9422417437515,42.78759134583175,-0.040755196949481466,322.88791620443993,1.696461984891342,-0.8415937912615352,1.4729912276356254,0.9650557838660146,-4.157256842153123,-581.598338210145,470.6682928068069,823.7825345543861,84.89281424270014,26.064151607711356,-0.026920447072370735,470.6682928069881,450.0287504660187,431.85547009255987,0.10511845017214227,400.0,0.7961151614614436,449.9236320158466,23.989281823145017,5.142427304090375,599.6142412508677,0.0009072061627071193,2.0705048029867612e-05,False,True,RELEASE,RELEASED,
6.169999999999354,LOWERING,0.23319853088789966,1336.1291608527815,42.79339770051637,-0.040759581811735945,322.89389823209024,1.696378536720932,-0.8417446446885847,1.4728089125835504,0.9649482536849914,-4.157352639372302,-581.6931167307317,470.7613802986109,823.695833384767,84.89334577058295,26.065117378878863,-0.026726717341261974,470.76138029878706,450.11550903783154,431.8608014602324,0.10442188686789677,400.0,0.7962502485682469,450.01108715096365,23.98928277174015,5.141972385097269,599.6142741624782,0.0009005768483856258,2.073351402032131e-05,False,True,RELEASE,RELEASED,
6.179999999999331,LOWERING,0.23323093733617664,1336.3148361243097,42.79916534258473,-0.040763938134318535,322.89984042755435,1.696295756607829,-0.8418944985129496,1.4726279052290692,0.9648414686041802,-4.157447882828905,-581.7872799830932,470.8538537762098,823.609758206335,84.89388382001381,26.06607673703502,-0.026534350165661635,470.85385377637874,450.2016947153374,431.86609737036946,0.10372944632814551,400.0,0.7963844385834642,450.09796526900925,23.989283713415634,5.141520784532324,599.6143068339095,0.000893995634575262,2.0763216468822066e-05,False,True,RELEASE,RELEASED,
6.189999999999308,LOWERING,0.23326312797936152,1336.4992749237401,42.80489452015034,-0.04076826564353528,322.9057430014189,1.6962136379231179,-0.8420433594184402,1.4724481947884225,0.9647354236543267,-4.157542576959766,-581.8808317254061,470.945717223038,823.5243036027621,84.89442816378228,26.067029715824606,-0.02634337723873159,470.94571722320916,450.2873112190146,431.87135798077037,0.10304170892470665,400.0,0.7965177366176565,450.1842695100899,23.989284648221346,5.141072478478081,599.6143392668785,0.0008874658785158474,2.077728299809678e-05,False,True,RELEASE,RELEASED,
6.199999999999284,LOWERING,0.23329510410313084,1336.682484617457,42.810585432189576,-0.04077256526092441,322.9116061888731,1.696132177360203,-0.8421912313942732,1.472269775835686,0.9646301141281161,-4.157636718052569,-581.9737745766439,471.0369731522354,823.439467215851,84.89497871370479,26.067976352869472,-0.026153642165809288,471.0369731524049,450.37236090916883,431.87658353661976,0.10235786490636656,400.0,0.7966501475101683,450.27000304426247,23.989285576206964,5.140627443112484,599.6143714631688,0.0008809791717929727,2.0782410388164863e-05,False,True,RELEASE,RELEASED,
6.209999999999261,LOWERING,0.23332686698380595,1336.8644725182435,42.81623833283864,-0.040776836524747825,322.91743028369376,1.6960513689168042,-0.8423381217892679,1.4720926379087331,0.9645255353348905,-4.157730314022653,-582.0661127607008,471.1276260422866,823.3552440189528,84.89553531504497,26.06891669525606,-0.025965291886905106,471.127626042448,450.4568479717623,431.88177429821974,0.10167840524189842,400.0,0.7967816769712882,450.3551695665204,23.98928649742168,5.140185654844073,599.6144034243985,0.0008745384208452833,2.078774815572615e-05,False,True,RELEASE,RELEASED,
6.219999999999238,LOWERING,0.23335841789213638,1337.045245906957,42.821853443516716,-0.040781079743593227,322.92321550353205,1.6959712056943217,-0.8424840364596228,1.4719167703559033,0.9644216824218745,-4.157823366245673,-582.1578495732282,471.2176794267351,823.271628684023,84.89609768304108,26.069850777785152,-0.02577831433325173,471.217679426901,450.5407757105891,431.8869304496358,0.10100314101930508,400.0,0.7969123306326505,450.4397725695698,23.989287411914102,5.139747090361847,599.6144351522579,0.0008681471844456112,2.0786748905265995e-05,False,True,RELEASE,RELEASED,
6.229999999999214,LOWERING,0.233389758094113,1337.224812037192,42.827430983385085,-0.04078529525929967,322.9289620223449,1.6958916823573063,-0.8426289796513444,1.471742165238337,0.9643185505402854,-4.15791587040213,-582.2489875012958,471.30713587557784,823.1886172877784,84.89666558368793,26.07077862820727,-0.025592586177367593,471.30713587573507,450.62414653282417,431.89205214605533,0.1003315118939554,400.0,0.7970421133014578,450.5238150209302,23.989288319732655,5.139311726442047,599.6144666485126,0.0008618030925200415,2.076715810517271e-05,False,True,RELEASE,RELEASED,
6.239999999999191,LOWERING,0.2334208888555506,1337.403178161532,42.83297118119906,-0.04078948317938655,322.93467014320845,1.6958127958860512,-0.84277295851347,1.4715688156145872,0.9642161351978599,-4.15800783616347,-582.339530991373,471.39599977180325,823.1062067928933,84.89723909137328,26.071700295125716,-0.025408166930446896,471.3959997719649,450.7069645362866,431.8971396647602,0.0996641072759985,400.0,0.7971710302893728,450.6073004290106,23.989289220925738,5.138879539878108,599.6144979148008,0.0008555015733096027,2.074743446200955e-05,False,True,RELEASE,RELEASED,
6.249999999999168,LOWERING,0.23345181142817828,1337.5803514518575,42.838474261455104,-0.04079364365175803,322.9403400968833,1.6957345392111653,-0.8429159784654029,1.47139671085721,0.9641144316713165,-4.158099263162602,-582.4294830500896,471.4842744263255,823.0243919148436,84.89781788513066,26.072615815472666,-0.025225076838978566,471.4842744264855,450.7892328191442,431.9021932167592,0.09900051338377125,400.0,0.7972990871569416,450.69023230576045,23.989290115541035,5.1384505078001235,599.614528952759,0.0008492464790492704,2.0727708715639892e-05,False,True,RELEASE,RELEASED,
6.2599999999991445,LOWERING,0.23348252706306247,1337.7563390762502,42.843940464712595,-0.040797776430844215,322.9459721001155,1.6956569069793381,-0.843058045053235,1.4712258422342077,0.9640134352700107,-4.158190152820898,-582.5188469336191,471.57196320128116,822.9431683924377,84.8984017879515,26.073525223922154,-0.02504327953226948,471.5719632014349,450.8709545256618,431.90721299113386,0.09834054508195322,400.0,0.7974262892208477,450.7726139805798,23.989291003626008,5.138024607449724,599.6145597640675,0.00084303756144255,2.0708101772015652e-05,False,True,RELEASE,RELEASED,
6.269999999999121,LOWERING,0.23351303700511514,1337.9311481675309,42.84936997985458,-0.04080188249874121,322.95156637449924,1.6955798942254203,-0.8431991641415983,1.4710562012691413,0.9639131413484384,-4.158280508144419,-582.6076261055861,471.65906964487635,822.8625321187026,84.89899066726025,26.074428555935647,-0.024862762486918655,471.6590696450307,450.9521329727478,431.91219917745303,0.09768432428597862,400.0,0.7975526415564076,450.8544486484618,23.989291885227914,5.13760181616191,599.6145903503872,0.0008368740764126414,2.0688546271685482e-05,False,True,RELEASE,RELEASED,
6.279999999999098,LOWERING,0.23354334249242353,1338.1047858194167,42.85476305621155,-0.04080596133834431,322.95712314469614,1.695503495918825,-0.8433393414911715,1.470887779460484,0.9638135452966021,-4.1583703317723835,-582.6958239620703,471.7455972524649,822.7824789793725,84.89958438049767,26.075325847474616,-0.024683518366714452,471.7455972526183,451.03277142844,431.9171519716352,0.0970319652985836,400.0,0.7976781491407365,450.93573946314143,23.98929276039375,5.137182111401034,599.6146207133538,0.0008307554362838587,2.0668729632689065e-05,False,True,RELEASE,RELEASED,
6.2899999999990746,LOWERING,0.23357344475713068,1338.2772590915674,42.86011991012456,-0.04081001320719992,322.96264263652716,1.6954277069748018,-0.8434785827444609,1.4707205683029088,0.9637146425345817,-4.158459625926234,-582.7834438266237,471.83154945579884,822.7030048599436,84.90018277561528,26.076217134692296,-0.024505539483357097,471.83154945595254,451.1128731018125,431.9220715735766,0.09638351842670545,400.0,0.797802816943399,451.0164895833858,23.989293629170167,5.136765470792812,599.6146508545844,0.000824681191610388,2.064869835294303e-05,False,True,RELEASE,RELEASED,
6.299999999999051,LOWERING,0.23360334502597724,1338.4485750126887,42.86544075879517,-0.040814038317542094,322.96812507579267,1.695352522313426,-0.8436168934834903,1.470554559322353,0.9636164285102388,-4.158548392671603,-582.8704889882925,471.9169296535654,822.6241056622914,84.90078569840378,26.07710245374322,-0.02432881742106474,471.916929653711,451.19244117115255,431.9269581843747,0.0957389889042588,400.0,0.7979266499530426,451.0967021822483,23.98929449160347,5.136351872134373,599.6146807756812,0.000818650963109846,2.0628617960483098e-05,False,True,RELEASE,RELEASED,
6.309999999999028,LOWERING,0.23363304452043107,1338.6187405812764,42.87072580427307,-0.040818037225650465,322.97357068762193,1.6952779368919455,-0.8437542792652623,1.470389744093099,0.9635188986981896,-4.158636634076507,-582.9569627240953,472.0017412302601,822.5457773125781,84.90139299665839,26.077981840678085,-0.024153343502007374,472.00174123040597,451.2714788013947,431.93181200472407,0.09509836057333132,400.0,0.7980496531722842,451.1763804408214,23.989295347739592,5.1359412933948585,599.6147104782357,0.0008126644047488085,2.06088532195281e-05,False,True,RELEASE,RELEASED,
6.319999999999005,LOWERING,0.23366254445662976,1338.7877627652854,42.87597528546922,-0.040822009568766734,322.9789796961608,1.6952039457156978,-0.8438907456331076,1.470226114243951,0.9634220485992705,-4.158724352261807,-583.042868305946,472.0859875620737,822.4680157639303,84.90200452155631,26.078855331393267,-0.023979109077572502,472.0859875622202,451.34998914954525,431.9366332342588,0.0944616103269027,400.0,0.7981718316042049,451.25552753921835,23.989296197624125,5.135533712713392,599.6147399638246,0.000806721188402193,2.05881436272648e-05,False,True,RELEASE,RELEASED,
6.329999999998981,LOWERING,0.23369184604528281,1338.9556485015703,42.88118941255183,-0.0408259556575658,322.9843523244536,1.6951305438391384,-0.8440262981162373,1.4700636614597933,0.9633258737402517,-4.158811549399488,-583.1282090001655,472.16967201645764,822.3908169970208,84.9026201277188,26.079722961611697,-0.02380610562261154,472.16967201659884,451.4279753642621,431.94142207139686,0.0938287146351513,400.0,0.7982931902406584,451.334146649627,23.989297041302297,5.135129108399843,599.6147692340137,0.0008008210014276429,2.0567977117025293e-05,False,True,RELEASE,RELEASED,
6.339999999998958,LOWERING,0.23372095049159788,1339.1224046954621,42.886368405976526,-0.040829875528192,322.98968879442145,1.6950577263638003,-0.8441609422259685,1.469902377481505,0.963230369673661,-4.158898227696229,-583.2129880649907,472.25279794997346,822.3141770199809,84.90323967287921,26.08058476687931,-0.0236343247406694,472.2527979501172,451.50544058388346,431.9461787133835,0.09319965167833288,400.0,0.79841373405487,451.4122409322051,23.989297878818995,5.134727458927728,599.6147982903591,0.0007949635406294675,2.0548077770854434e-05,False,True,RELEASE,RELEASED,
6.349999999998935,LOWERING,0.23374985899523523,1339.288038220508,42.891512469631934,-0.04083376959388828,322.9949893268775,1.6949854884359765,-0.84429468345217,1.469742254105442,0.9631355319776732,-4.1589843893778795,-583.2972087482783,472.3353687063167,822.2380918681629,84.90386301753803,26.081440782567437,-0.023463758143861924,472.3353687064513,451.58238793459407,431.95090335638275,0.09257440144210705,400.0,0.7985334679977103,451.48981353315196,23.989298710218762,5.13432874293435,599.6148271344035,0.0007891485137054843,2.0527422350369307e-05,False,True,RELEASE,RELEASED,
6.359999999998911,LOWERING,0.23377857275029035,1339.4525559183712,42.89662182210044,-0.040837637886193594,323.000254141549,1.6949138252448543,-0.8444275272609051,1.4695832831827456,0.9630413562560209,-4.159070036678996,-583.3808742859879,472.4173876150211,822.1625576038241,84.90449002470699,26.082291043876317,-0.023294397617746654,472.41738761515836,451.6588205292141,431.95559619555354,0.09195294515740216,400.0,0.7986523969962807,451.5668675840567,23.989299535545822,5.133932939215192,599.6148557676812,0.0007833756360406952,2.05073486654328e-05,False,True,RELEASE,RELEASED,
6.3719999999988834,LOWERING,0.2338127738612786,1339.6485138497997,42.90270753576202,-0.04084224578221244,323.00652507947655,1.694828581356048,-0.8445857628995939,1.46939402792058,0.9629292130438641,-4.159172137609145,-583.4805446765627,472.5150865326703,822.0726381531758,84.90524707843717,26.08330381097963,-0.023092745523968006,472.51508653280433,451.7498645269384,431.96118589487514,0.09121218025285316,400.0,0.798794056169971,451.6586523466855,23.9893005179841,5.133461789325121,599.6148898515476,0.000776503426104469,2.0483401499404863e-05,False,True,RELEASE,RELEASED,
6.38199999999886,LOWERING,0.23384106334522076,1339.8106006532485,42.9077412731771,-0.04084605784240584,323.01171208321654,1.6947581658564885,-0.8447166515066776,1.4692375639782,0.9628364783162682,-4.159256661152108,-583.5630002217008,472.5959030232258,821.9983021116436,84.90588167247677,26.08414153573269,-0.022926009735556363,472.59590302336306,451.8251755462399,431.9658094479038,0.09059900760956907,400.0,0.7989112315164183,451.73457653863034,23.989301330105267,5.133072318721784,599.6149180264888,0.0007708222961539946,2.0463675639348367e-05,False,True,RELEASE,RELEASED,
6.391999999998837,LOWERING,0.2338691618642681,1339.9715933084465,42.91274098198083,-0.04084984447167937,323.01686406517535,1.6946883099767285,-0.8448466600180797,1.4690822267756407,0.9627443916656624,-4.159340677478991,-583.6449108899811,472.6761782202372,821.9245045352084,84.90651950622933,26.084973617625,-0.02276045411178984,472.6761782203684,451.8999816759,431.97040181528763,0.08998957207660396,400.0,0.7990276175249241,451.8099921038234,23.989302136293094,5.132685693556125,599.6149459955029,0.0007651824294541143,2.0443914024781407e-05,False,True,RELEASE,RELEASED,
6.4019999999988135,LOWERING,0.23389707058914702,1340.131498523162,42.917706862098754,-0.040853606049061957,323.0219812406561,1.694619009077862,-0.8449757937933838,1.4689280083895455,0.962652948802134,-4.159424188830097,-583.7262798629991,472.7559153902258,821.8512415970449,84.90716045227066,26.085800091159697,-0.022596070657073142,472.75591539035366,451.9742859694146,431.9749631882784,0.08938385612827915,400.0,0.7991432190232266,451.88490211328633,23.989302936590494,5.132301893250403,599.6149737600814,0.0007595835519067506,2.042387836809212e-05,False,True,RELEASE,RELEASED,
6.41199999999879,LOWERING,0.23392479068503189,1340.2903229733522,42.92263912843743,-0.040857342565229694,323.0270638239204,1.6945502585608245,-0.8451040581668333,1.4687749009492592,0.9625621454608461,-4.1595071974463895,-583.8071103093181,472.8351177847121,821.7785094962491,84.90780438535899,26.08662099067579,-0.0224328514282206,472.83511778484007,452.04809146615946,431.97949375721345,0.08878184222533037,400.0,0.7992580408159535,451.95930962393413,23.98930373104008,5.1319208973668164,599.6150013217094,0.0007540253862368118,2.0403251596690097e-05,False,True,RELEASE,RELEASED,
6.421999999998767,LOWERING,0.23395232331155102,1340.4480733031974,42.92753799298409,-0.04086105405678052,323.03211202819045,1.6944820538662688,-0.8452314584474634,1.4686228966367174,0.9624719774019355,-4.159589705569903,-583.8874053845335,472.9137886402807,821.7063044577902,84.90845118242854,26.087436350348355,-0.022270788520472706,472.9137886404038,452.12140119143766,431.9839937115147,0.08818351282565118,400.0,0.7993720876847105,452.033217678612,23.989304519684183,5.13154268560781,599.6150286818557,0.0007485076528137569,2.0383334060625202e-05,False,True,RELEASE,RELEASED,
6.431999999998744,LOWERING,0.23397966962278982,1340.6047561251212,42.932403640260944,-0.04086474120131728,323.0371260656507,1.6944143904741398,-0.8453579999191204,1.4684719876860417,0.9623824404104093,-4.15967171544347,-583.9671682312359,472.99193117858897,821.6346227323046,84.90910072255201,26.088246204188778,-0.022109874094780935,472.9919311787092,452.19421815651316,431.9884632396906,0.08758885038696462,400.0,0.7994853643881483,452.1066293061262,23.98930530256483,5.131167237817178,599.6150558419824,0.0007430300715123295,2.036317135889476e-05,False,True,RELEASE,RELEASED,
6.44199999999872,LOWERING,0.23400683076729617,1340.7603780198172,42.93723630054939,-0.04086840354204918,323.0421061474478,1.6943472639033985,-0.8454836878405044,1.4683221663833024,0.9622935302960497,-4.159753229310695,-584.0464019790129,473.0695486063794,821.5634605959727,84.90975288692073,26.08905058604474,-0.02195010033096878,473.0695486065044,452.2665453586224,431.99290252933434,0.08699783737154121,400.0,0.7995978756620001,452.17954752125087,23.989306079723768,5.130794533974357,599.6150828035413,0.0007375923575052568,2.0342885591162485e-05,False,True,RELEASE,RELEASED,
6.451999999998697,LOWERING,0.23403380788808525,1340.91494553628,42.94203617167843,-0.04087204138420571,323.04705248369436,1.6942806697116652,-0.8456085274452907,1.4681734250661316,0.9622052428933089,-4.159834249416119,-584.1251097444775,473.146644115546,821.4928143503262,84.91040755881448,26.089849529600702,-0.021791459486166787,473.1466441156675,452.3383857810194,431.9973117671271,0.08641045627888388,400.0,0.7997096262191099,452.2519753247405,23.98930685120245,5.130424554199462,599.6151095679743,0.0007321942266989012,2.0322598459188157e-05,False,True,RELEASE,RELEASED,
6.461999999998674,LOWERING,0.23406060212264437,1341.068465191832,42.946803444096034,-0.04087565518700683,323.051965283469,1.6942146034949415,-0.8457325239420673,1.4680257561235432,0.9621175740612095,-4.159914778004741,-584.2032946312057,473.2232208830894,821.4226803221572,84.91106462357763,26.09064306837792,-0.021633943840242864,473.22322088320647,452.4097423929441,432.0016911388379,0.08582668960440287,400.0,0.7998206207494686,452.3239157033397,23.98930761704205,5.130057278748745,599.6151361367113,0.0007268353922880166,2.0302727136822796e-05,False,True,RELEASE,RELEASED,
6.47199999999865,LOWERING,0.23408721460293883,1341.2209434721567,42.95153833477673,-0.04087924474190134,323.05684475481905,1.6941490608871792,-0.8458556825144256,1.4678791519954788,0.9620305196832425,-4.159994817322027,-584.2809597297447,473.2992820711661,821.3530548632849,84.91172396858298,26.091431235734824,-0.021477545738889603,473.29928207128404,452.48061814968804,432.0060408293261,0.08524651989318954,400.0,0.7999308639202443,452.39537162979485,23.98930837728345,5.129692688018112,599.615162511173,0.0007215155690776243,2.028267192599742e-05,False,True,RELEASE,RELEASED,
6.481999999998627,LOWERING,0.23411364645541616,1341.372386831323,42.95624103855668,-0.04088281035215462,323.06169110476134,1.6940840375600652,-0.845978008320934,1.4677336051726684,0.9619440756672645,-4.160074369613602,-584.3581081175741,473.3748308270637,821.2839343504901,84.91238548321215,26.092214064867065,-0.021322257571569025,473.3748308271803,452.55101599254726,432.01036102254193,0.08466992967953502,400.0,0.800040360375822,452.46634606286773,23.989309131967232,5.129330762542113,599.6151886927686,0.0007162344730300418,2.026252303721776e-05,False,True,RELEASE,RELEASED,
6.491999999998604,LOWERING,0.2341398988010134,1341.5228016918272,42.96091175544205,-0.04088635217096747,323.06650453928364,1.6940195292226052,-0.8460995064952227,1.4675891081961998,0.9618582379453988,-4.160153437125232,-584.434742859114,473.44987028324454,821.2153151852908,84.9130490588243,26.092991588807752,-0.021168071761167084,473.4498702833565,452.6209388488763,432.01465190152703,0.08409690153956717,400.0,0.8001491147378225,452.5368419473367,23.989309881133718,5.12897148298824,599.615214682901,0.0007109918173213714,2.0242443326878856e-05,False,True,RELEASE,RELEASED,
6.5019999999985805,LOWERING,0.23416597275516282,1341.6721944446251,42.965550697311095,-0.040889870039216354,323.0712852633475,1.6939555316208614,-0.8462201821459834,1.4674456536573113,0.9617730024739302,-4.1602320221025835,-584.5108670056977,473.5244035573395,821.1471937938422,84.91371458872963,26.09376384042782,-0.02101498080071451,473.5244035574483,452.69038963208163,432.01891364841754,0.08352741806481845,400.0,0.8002571316051422,452.6068622140168,23.989310624822924,5.128614830162302,599.6152404829595,0.0007057873177682694,2.0222034549988166e-05,False,True,RELEASE,RELEASED,
6.511999999998557,LOWERING,0.23419186942779918,1341.8205714491744,42.97015804284946,-0.04089336457728246,323.0760334808895,1.6938920405375701,-0.8463400403570271,1.4673032341970078,0.9616883652332046,-4.160310126791101,-584.5864835955673,473.5984337521766,821.0795666267409,84.91438196816253,26.09453085243622,-0.02086297720870789,473.59843375228513,452.7593712416525,432.0231464444448,0.0829614618830874,400.0,0.800364415553988,452.6764097797694,23.989311363074595,5.1282607850073765,599.6152660943219,0.000700620692883902,2.0201582344725466e-05,False,True,RELEASE,RELEASED,
6.521999999998534,LOWERING,0.23421758992336536,1341.9679390334675,42.97473400053753,-0.04089683565905022,323.0807493948224,1.6938290517918735,-0.8464590861872568,1.4671618425058603,0.9616043222275242,-4.160387753435657,-584.6615956538304,473.6719639557581,821.0124301589211,84.91505109425357,26.095292657380014,-0.02071205355900929,473.67196395586643,452.8278865631478,432.02735046993644,0.08239901563206331,400.0,0.8004709711379119,452.7454875475157,23.98931209592817,5.127909328608983,599.6152915183568,0.0006954916691848112,2.0180508499834104e-05,False,True,RELEASE,RELEASED,
6.5319999999985106,LOWERING,0.23424313534082034,1342.1143034940742,42.97927876676302,-0.0409002834267862,323.0854332070378,1.6937665612389523,-0.846577324670781,1.4670214713236096,0.9615208694850488,-4.160464904280659,-584.7362061924886,473.74499724131977,820.9457808894551,84.91572186600332,26.096049287644824,-0.02056220247902729,473.7449972414258,452.8959384682257,432.0315259043185,0.0818400619744466,400.0,0.8005768028878469,452.8140984062513,23.989312823422818,5.127560442183696,599.6153167564262,0.0006903999719529708,2.0163262263395154e-05,False,True,RELEASE,RELEASED,
6.541999999998487,LOWERING,0.2342685067736468,1342.25967109619,42.983792538833185,-0.04090370797593205,323.090085118407,1.693704564769764,-0.8466947608168723,1.4668821134389758,0.9614380030576883,-4.160541581569618,-584.8103182103887,473.81753666730265,820.8796153414585,84.91639418425862,26.096800775454874,-0.020413416627434344,473.81753666741133,452.96352981465174,432.035672926116,0.08128458359607293,400.0,0.8006819153121406,452.88224523105566,23.989313545597422,5.127214107083901,599.6153418098783,0.0006853453301127743,2.01424006149864e-05,False,True,RELEASE,RELEASED,
6.551999999998464,LOWERING,0.23429370530985918,1342.4040480736776,42.98827550575466,-0.04090710957842105,323.0947053287841,1.6936430583106936,-0.8468113996100802,1.466743761689279,0.9613557190210045,-4.16061778754527,-584.8839346932539,473.88958527741244,820.8139300618953,84.91706795168518,26.09754715287346,-0.020265688718950514,473.88958527751504,453.0306634463427,432.0397917129553,0.08073256323291389,400.0,0.8007863128965906,452.9499308831098,23.989314262490584,5.126870304797242,599.6153666800545,0.0006803274767017697,2.0121946249673783e-05,False,True,RELEASE,RELEASED,
6.561999999998441,LOWERING,0.23431873203201,1342.5474406291066,42.992727857813385,-0.04091048845067682,323.09929403700687,1.6935820378232052,-0.846927246010168,1.4666064089601663,0.9612740134741032,-4.160693524448986,-584.9570586136086,473.96114610057714,820.7487216214398,84.91774307273627,26.098288451803064,-0.020119011510132623,473.9611461006795,453.0973421933241,432.04388244156604,0.08018398360894707,400.0,0.800890000104491,453.01715820971515,23.989314974140633,5.1265290169445,599.6153913682831,0.0006753461477577716,2.010139883168449e-05,False,True,RELEASE,RELEASED,
6.571999999998417,LOWERING,0.23434358801720148,1342.6898549338175,42.99714979687133,-0.04091384450442345,323.10385144089923,1.6935214993036498,-0.8470423049522758,1.4664700481853756,0.9611928825395364,-4.160768794521209,-585.0296929308637,474.03222215103585,820.6839866143602,84.9184194536414,26.099024703985677,-0.01997337779857844,474.0322221511343,453.16356887181485,432.04794528778115,0.07963882751369056,400.0,0.8009929813766604,453.08393004430116,23.989315680585612,5.126190225279751,599.6154158758857,0.0006704010831617424,2.0081399043192505e-05,False,True,RELEASE,RELEASED,
6.581999999998394,LOWERING,0.2343682743370913,1342.831297127957,43.00154151136647,-0.040917177952028,323.10837773727354,1.6934614387828235,-0.8471565813468436,1.4663346723463642,0.961112322363193,-4.160843600000701,-585.1018405912168,474.10281642829057,820.6197216583262,84.9190970023646,26.09975594100317,-0.019828780441912386,474.1028164283902,453.2293462841934,432.0519804265407,0.07909707774228991,400.0,0.8010952611314899,453.1502492064511,23.989316381863297,5.125853911687443,599.6154402041745,0.000665492024861436,2.0061010275185254e-05,False,True,RELEASE,RELEASED,
6.591999999998371,LOWERING,0.23439279205790253,1342.9717733205337,43.005903184748306,-0.04092048910222459,323.1128731219314,1.693401852325762,-0.8472700800797137,1.4662002744720921,0.9610323291142004,-4.160917943124747,-585.1735045277005,474.1729319171578,820.5559233943018,84.91977562859222,26.100482194277333,-0.019685212327885893,474.17293191725463,453.29467721903046,432.0559880318917,0.0785587171167208,400.0,0.8011968437649805,453.21611850191374,23.989317078011204,5.12552005817754,599.6154643544534,0.0006606187132520702,2.0040352978867304e-05,False,True,RELEASE,RELEASED,
6.601999999998347,LOWERING,0.23441714224043345,1343.1112895894732,43.010235032435645,-0.04092377746566762,323.11733778966703,1.6933427360313484,-0.8473828060121407,1.4660668476386483,0.960952898984819,-4.160991826128793,-585.2446876601484,474.2425715877724,820.4925884863544,84.92045524369844,26.101203495070447,-0.01954266639290836,474.2425715878719,453.3595644511271,432.05996827699073,0.07802372850329675,400.0,0.8012977336507859,453.2815407226238,23.98931776906657,5.125188646892228,599.6154883280127,0.0006557808941591858,2.0020214606120135e-05,False,True,RELEASE,RELEASED,
6.611999999998324,LOWERING,0.23444132594006722,1343.249851981676,43.01453719571573,-0.04092704432294749,323.12177193426885,1.6932840860321545,-0.8474947639808977,1.465934384969092,0.9608740281903378,-4.161065251246638,-585.3153928952405,474.3117383956411,820.4297136215782,84.9211357607351,26.101919874485414,-0.019401135621137655,474.31173839573694,453.4240107415117,432.0639213341056,0.07749209479362662,400.0,0.8013979351402507,453.3465186467181,23.989318455066368,5.124859660099953,599.6155121261378,0.0006509783139252434,1.999933903107376e-05,False,True,RELEASE,RELEASED,
6.621999999998301,LOWERING,0.23446534420678042,1343.3874665130643,43.01880990265707,-0.04093028883015004,323.1261757485221,1.6932258984939834,-0.8476059587982273,1.465802879633034,0.9607957129689731,-4.161138220709819,-585.3856231264305,474.38043528161205,820.3672955098787,84.92181709439159,26.102631363466198,-0.019260613037204166,474.38043528170823,453.48801883748064,432.0678473746177,0.07696379891973493,400.0,0.8014974525624613,453.4110550385609,23.989319136047303,5.1245330801990425,599.6155357501012,0.0006462107237670267,1.9978676846221788e-05,False,True,RELEASE,RELEASED,
6.6319999999982775,LOWERING,0.23448919808515406,1343.524139168647,43.02305333105834,-0.04093351133585323,323.1305494242098,1.693168169615679,-0.8477163952519454,1.4656723248464358,0.9607179495817629,-4.161210736747769,-585.4553812339905,474.44866517192884,820.3053308838706,84.92249916098099,26.103337992797925,-0.01912109171519205,474.4486651720254,453.5515914725793,432.0717465690224,0.07643882382143374,400.0,0.8015962902242855,453.47515264875784,23.989319812045817,5.124208889712882,599.6155592011703,0.0006414778760319706,1.9957984306984144e-05,False,True,RELEASE,RELEASED,
6.641999999998254,LOWERING,0.2345128886143845,1343.6598759025808,43.0272676525123,-0.04093671231458911,323.13489315211666,1.6931108956288181,-0.8478260781054896,1.4655427138713089,0.9606407343124638,-4.161282801587662,-585.5246700850087,474.51643097825433,820.2438164987316,84.92318187841667,26.10403979310747,-0.018982564771022226,474.51643097834426,453.6147313666773,432.07561908693293,0.0759171524954354,400.0,0.8016944524104184,453.53881421418185,23.9893204830981,5.1238870712856,599.6155824806023,0.0006367795210762139,1.9937519482482458e-05,False,True,RELEASE,RELEASED,
6.651999999998231,LOWERING,0.23453641682829268,1343.7946826382226,43.03145306667307,-0.04093989153789668,323.13920712203003,1.6930540727973653,-0.8479350120979146,1.4654140400154,0.9605640634674469,-4.1613544174540475,-585.5934925333557,474.5837355976633,820.1827491320341,84.92386516618262,26.104736794863566,-0.01884502535381216,474.5837355977519,453.67744122595946,432.0794650970801,0.07539876796789713,400.0,0.8017919433834313,453.60204245799156,23.989321149240094,5.123567607683412,599.615605589645,0.0006321154093784642,1.991695484093725e-05,False,True,RELEASE,RELEASED,
6.661999999998208,LOWERING,0.23455978375533587,1343.9285652681992,43.035609755561275,-0.04094304917997203,323.1434915227431,1.6929976974174763,-0.8480432019440098,1.465286296631969,0.9604879333755949,-4.1614255865690275,-585.6618514197316,474.6505819127071,820.1221255836426,84.92454894531909,26.10542902837729,-0.018708466673729163,474.65058191279616,453.73972374295295,432.08328476731634,0.07488365329840008,400.0,0.8018887673838136,453.66484008965455,23.989321810507462,5.12325048180075,599.6156285295357,0.0006274852976035916,1.989661990364766e-05,False,True,RELEASE,RELEASED,
6.671999999998184,LOWERING,0.23458299041861913,1344.0615296544704,43.039737885751194,-0.04094618576463459,323.1477465420568,1.692941765817147,-0.8481506523342927,1.4651594771194683,0.960412340388197,-4.161496311151867,-585.7297495716342,474.7169727914055,820.0619426755468,84.92523313839492,26.10611652380235,-0.01857288196663376,474.7169727914963,453.80158159655093,432.08707826461676,0.07437179157534501,400.0,0.8019849286300323,453.7272098049756,23.989322466935626,5.122935676652792,599.6156513015044,0.0006228889427619677,1.9875944587965932e-05,False,True,RELEASE,RELEASED,
6.681999999998161,LOWERING,0.23460603783590564,1344.19358162839,43.04383766215849,-0.040949300864439916,323.15197236678216,1.6928862743559214,-0.8482573679350889,1.4650335749212393,0.9603372808788478,-4.16156659341897,-585.797189803375,474.78291108728706,820.0021972517054,84.92591766948269,26.106799311135394,-0.018438264529549997,474.78291108737125,453.86301745203957,432.090845755081,0.07386316592635467,400.0,0.8020804313185702,453.7891542861132,23.989323118559753,5.122623175373442,599.6156739067743,0.000618326101216482,1.98553922245992e-05,False,True,RELEASE,RELEASED,
6.691999999998138,LOWERING,0.23462892701962834,1344.324726990771,43.04790924911148,-0.04095239500976713,323.1561691827431,1.6928312194247046,-0.8483633533885637,1.4649085835253486,0.9602627512433392,-4.16163643558372,-585.8641749160793,474.848399639406,819.9428861779709,84.9266024641464,26.107477420216426,-0.018304607689287877,474.84839963949486,453.92403396112763,432.0945874039352,0.07335775952168433,400.0,0.8021752796239782,453.85067620160595,23.989323765414756,5.12231296121881,599.6156963465562,0.0006137965322432493,1.983515215897569e-05,False,True,RELEASE,RELEASED,
6.701999999998114,LOWERING,0.23465165897690357,1344.454971511965,43.051952846379905,-0.04095546785013866,323.16033717477814,1.6927765974453786,-0.8484686133127997,1.4647844964641756,0.9601887478995603,-4.161705839856401,-585.9307076977033,474.9134412723813,819.8840063418756,84.92728744941051,26.108150880729077,-0.01817190481722264,474.91344127246697,453.98463376196514,432.0983033755344,0.0728555555673438,400.0,0.8022694776989272,453.9117782063978,23.98932440753531,5.12200501756245,599.6157186220537,0.0006092999948448252,1.9814499694348342e-05,False,True,RELEASE,RELEASED,
6.711999999998091,LOWERING,0.2346742347095406,1344.5843209319169,43.055968602425615,-0.040958520251992814,323.16447652674367,1.6927224048705611,-0.8485731523018067,1.4646613073142027,0.9601152672873918,-4.161774808443903,-585.9967909230107,474.97803879640014,819.8255546525265,84.9279725537394,26.10881972220107,-0.01804014933054532,474.9780387964827,454.04481947915633,432.1019938333652,0.07235653729168234,400.0,0.8023630296742579,453.97246294186465,23.989325044955827,5.121699327899195,599.6157407344637,0.000604836251763885,1.979398115281583e-05,False,True,RELEASE,RELEASED,
6.721999999998068,LOWERING,0.23469665521405703,1344.7127809602512,43.059956721008575,-0.040961551721035314,323.16858742151754,1.6926686381834128,-0.8486769749256676,1.464539009695784,0.9600423058686027,-4.1618433435500215,-586.0624273536466,475.04219500729886,819.7675280404965,84.92865770702743,26.109483974004768,-0.01790933468453204,475.0421950073797,454.1045937238561,432.10565894004753,0.07186068801331658,400.0,0.8024559396590395,454.0327330358428,23.989325677710493,5.121395875836199,599.6157626849731,0.0006004050620482815,1.9773150427226938e-05,False,True,RELEASE,RELEASED,
6.731999999998044,LOWERING,0.23471892148168733,1344.8403572763236,43.063917369321196,-0.04096456262351884,323.17267004099875,1.6926152938972,-0.8487800857304512,1.4644175972727562,0.9599698601267478,-4.161911447374661,-586.1276197380412,475.10591268650717,819.7099234576135,84.92934284055713,26.110143665357064,-0.017779454381525284,475.1059126865883,454.1639590936834,432.1092988573367,0.07136799102704572,400.0,0.8025482117406235,454.09259110265634,23.98932630583324,5.121094645101105,599.6157844747589,0.0005960061894132451,1.9752750347379333e-05,False,True,RELEASE,RELEASED,
6.741999999998021,LOWERING,0.23474103449839823,1344.9670555293076,43.06785071838331,-0.04096755320956429,323.1767245661118,1.6925623685551956,-0.8488824892383752,1.4642970637523087,0.9598979265670603,-4.161979122114246,-586.1923708115,475.1691946011399,819.6527378769074,84.93002788699839,26.11079882532012,-0.017650501956609332,475.1691946012175,454.22291817282024,432.1129137461249,0.07087842968303448,400.0,0.8026398499846883,454.1520397431372,23.989326929357752,5.120795619540107,599.6158061049895,0.0005916394008700365,1.9731291047264676e-05,False,True,RELEASE,RELEASED,
6.751999999997998,LOWERING,0.2347629952449018,1345.0928813382684,43.0717569575034,-0.04097052326377091,323.1807511768101,1.6925098587303247,-0.84898418994786,1.4641774028846093,0.9598265017163534,-4.1620463699615335,-586.2566832962041,475.23204350402534,819.595968292417,84.9307127803783,26.11144948280181,-0.017522471002052953,475.2320435041037,454.2814735320698,432.11650376644513,0.07039198740966413,400.0,0.8027308584352986,454.21108154466015,23.98932754831747,5.120498783116751,599.6158275768257,0.0005873044666389049,1.971024931890497e-05,False,True,RELEASE,RELEASED,
6.7619999999979745,LOWERING,0.2347848046966676,1345.2178402922361,43.07563624695392,-0.04097347324913303,323.18475005207637,1.6924577610249187,-0.8490851923335155,1.4640586084625977,0.9597555821229121,-4.1621131931052275,-586.3205599011806,475.29446213369374,819.5396117190857,84.93139745606251,26.112095666555774,-0.01739535513172541,475.2944621337731,454.3396277287976,432.1200690774718,0.06990864763048421,400.0,0.8028212411149614,454.2697190811671,23.98932816274559,5.120204119908897,599.6158488914213,0.0005830011579295302,1.968925130313437e-05,False,True,RELEASE,RELEASED,
6.771999999997951,LOWERING,0.2348064638239366,1345.341937950281,43.07948875815925,-0.04097640333570067,323.18872136992854,1.6924060720704723,-0.8491855008463095,1.4639406743216772,0.9596851643563933,-4.162179593730313,-586.3840033223782,475.3564532144722,819.483665192609,84.93208185073871,26.112737405182333,-0.01726914801508883,475.35645321454734,454.39738330705563,432.1236098375246,0.06942839385328625,400.0,0.8029110020246852,454.32795491320235,23.989328772675083,5.119911614107732,599.6158700499208,0.0005787292468957261,1.9668484014800924e-05,False,True,RELEASE,RELEASED,
6.781999999997928,LOWERING,0.23482797359173296,1345.465179841585,43.08331469538217,-0.04097931287677578,323.1926653074186,1.6923547885272854,-0.8492851199134689,1.463823594339426,0.9596152450077188,-4.162245574017251,-586.4470162425782,475.41801945642334,819.428125769281,84.93276590238368,26.113374727128285,-0.01714384335662089,475.41801945649775,454.45474279751636,432.1271262040698,0.06895120957750578,400.0,0.8030001451440365,454.38579158793885,23.98932937813868,5.119621250014972,599.6158910534607,0.0005744885048724058,1.9649002183541597e-05,False,True,RELEASE,RELEASED,
6.791999999997905,LOWERING,0.2348493349598817,1345.5875714655397,43.08711418399291,-0.040982203108752724,323.19658204063876,1.6923039070844363,-0.8493840539387219,1.4637073624354942,0.9595458206889746,-4.162311136142737,-586.5096013315388,475.47916355548364,819.3729905259577,84.93344955026933,26.11400766068784,-0.01701943490263602,475.47916355555213,454.5117087176032,432.1306183337224,0.06847707839881423,400.0,0.8030886744311896,454.4432316392044,23.98932997916888,5.119333012047906,599.6159119031686,0.0005702787072108251,1.962814820899439e-05,False,True,RELEASE,RELEASED,
6.801999999997881,LOWERING,0.2348705488830184,1345.7091182918045,43.09088742539739,-0.04098507340762056,323.2004717447224,1.6922534244592413,-0.8494823073022301,1.463591972571081,0.959476888033308,-4.162376282278898,-586.5717612459014,475.53988819342067,819.3182565597774,84.93413273491603,26.114636234002777,-0.016895916436055813,475.5398881934936,454.5682835714548,432.13408638224945,0.0680059839356204,400.0,0.8031765938229944,454.5002775875192,23.989330575797933,5.119046884736869,599.6159326001642,0.0005660996323015866,1.9607311060099164e-05,False,True,RELEASE,RELEASED,
6.811999999997858,LOWERING,0.23489161631060546,1345.8298257603983,43.09463457759283,-0.040987924175109845,323.20433459384725,1.692203337397217,-0.8495798843606924,1.463477418748903,0.9594084436948214,-4.162441014593492,-586.633498629253,475.60019603789124,819.2639209881563,84.93481539809098,26.115260475062893,-0.01677328179187043,475.60019603796735,454.62446984996336,432.1375305045724,0.06753790983742647,400.0,0.8032639072350332,454.55693194012593,23.989331168057877,5.118762852719672,599.6159531455606,0.0005619510567340669,1.958688358172367e-05,False,True,RELEASE,RELEASED,
6.821999999997835,LOWERING,0.23491253818694685,1345.9496992817838,43.098355800094666,-0.04099075575316756,323.2081707612387,1.6921536426717336,-0.8496767894474111,1.4633636950128144,0.9593404843484721,-4.162505335249757,-586.6948161121371,475.66008974247586,819.2099809485942,84.93549748278403,26.115880411706517,-0.016651524827807407,475.6600897425488,454.68027003082534,432.140950854769,0.06707283980330203,400.0,0.8033506185616828,454.61319719102204,23.989331755980505,5.1184809007488665,599.6159735404595,0.0005578327628148472,1.9566102196222346e-05,False,True,RELEASE,RELEASED,
6.831999999997811,LOWERING,0.23493331545120086,1346.068744236942,43.1020512861551,-0.04099356764590586,323.2119804191717,1.6921043370837958,-0.8497730268723496,1.463250795447587,0.9592730066899677,-4.162569246406301,-586.7557163120633,475.7195719467094,819.1564335985612,84.93617893318901,26.11649607162077,-0.016530639455709206,475.7195719467771,454.7356865785772,432.14434758607564,0.06661075758876223,400.0,0.8034367316761701,454.66907582098844,23.98933233959739,5.118201013684381,599.615993785959,0.0005537445324437229,1.954453199459749e-05,False,True,RELEASE,RELEASED,
6.841999999997788,LOWERING,0.23495394903739567,1346.1869659774602,43.10572118129792,-0.04099636048739004,323.2157637389747,1.6920554174617641,-0.8498686009221921,1.4631387141786187,0.9592060074356652,-4.16263275021697,-586.8162018335232,475.7786452761145,819.1032761153537,84.93685969468467,26.11710748234218,-0.016410619619023237,475.7786452761812,454.79072194461884,432.1477208508904,0.0661516469928074,400.0,0.8035222504306361,454.72457029762603,23.989332918939873,5.117923176494844,599.616013883146,0.0005496861491636196,1.9523763171491737e-05,False,True,RELEASE,RELEASED,
6.851999999997765,LOWERING,0.23497443987444486,1346.304369825621,43.109365657910296,-0.04099913424001142,323.2195208910318,1.6920068806611714,-0.8499635158604265,1.46302744537173,0.9591394833224649,-4.162695848830848,-586.876275268023,475.8373123422464,819.0505056959933,84.9375397138207,26.117714671257033,-0.016291459302465228,475.8373123423191,454.84537856724245,432.15107080077485,0.06569549185712731,400.0,0.8036071786561944,454.7796830753853,23.989333494039077,5.11764737425452,599.6160338331022,0.0005456573958761979,1.95030673353358e-05,False,True,RELEASE,RELEASED,
6.8619999999977415,LOWERING,0.23499478888616196,1346.4209610744863,43.11298488723024,-0.04100188887121618,323.2232520447867,1.69195872356447,-0.8500577759274275,1.4629169832328928,0.959073431107712,-4.162758544392236,-586.9359391941123,475.89557574273783,818.9981195570917,84.93821893830075,26.11831766560194,-0.016173152528949686,475.8955757428054,454.89965887168745,432.1543975864584,0.06524227608082356,400.0,0.8036915201629984,454.8344165956066,23.989334064925902,5.117373592146715,599.6160536368996,0.0005416580586263819,1.9482042034724145e-05,False,True,RELEASE,RELEASED,
6.871999999997718,LOWERING,0.2350149969912741,1346.5367449879745,43.11657902127769,-0.041004624789820296,323.22695736874425,1.691910943080698,-0.8501513853404178,1.4628073220079212,0.9590078475690901,-4.162820839040075,-586.9951961773297,475.9534380612769,818.9461149346896,84.93889731695205,26.11891649246401,-0.016055693362091006,475.95343806134497,454.9535652701375,432.15770135783873,0.06479198358567828,400.0,0.803775278740307,454.88877328655184,23.98933463163102,5.117101815461393,599.6160732956024,0.0005376879252603217,1.9461386784769275e-05,False,True,RELEASE,RELEASED,
6.881999999997695,LOWERING,0.23503506510343908,1346.6517268009595,43.12014822310247,-0.04100734211566251,323.2306370304746,1.6918635361453562,-0.850244348293682,1.4626984559822716,0.9589427295045223,-4.162882734908511,-587.0540487703225,476.0109018677251,818.8944890841608,84.93957479972379,26.119511178781615,-0.015939075906999278,476.0109018677949,455.0071001618054,432.16098226398515,0.06434459836907536,400.0,0.8038584581565406,454.9427555634363,23.989335194184882,5.1168320295949545,599.6160928102687,0.0005337467857655653,1.944087847505216e-05,False,True,RELEASE,RELEASED,
6.8919999999976715,LOWERING,0.23505499413126,1346.765911719353,43.123692679728514,-0.041010040367312796,323.23429119661483,1.6918164997201233,-0.8503366689585126,1.4625903794807997,0.9588780737320654,-4.1629442341262894,-587.1124995127906,476.0679697180858,818.8432392800887,84.94025133766112,26.120101751344503,-0.015823294300616908,476.06796971815,455.06026593291057,432.16424045314096,0.06390010444602012,400.0,0.8039410621593466,454.99636582846455,23.98933575261773,5.116564220045356,599.6161121819491,0.0005298344284714318,1.9419694638145302e-05,False,True,RELEASE,RELEASED,
6.901999999997648,LOWERING,0.23507478497830175,1346.8793049202013,43.127212516092236,-0.04101272053975563,323.2379200328742,1.691769830792651,-0.8504283514833799,1.4624830868674874,0.9588138770898125,-4.1630053388170865,-587.1705509315692,476.12464415460124,818.7923628161327,84.94092688289446,26.12068823679469,-0.015708342721381996,476.1246441546628,455.1130649567809,432.16747607272714,0.06345848591303138,400.0,0.804023094475664,455.04960647086784,23.98933630695958,5.11629837241623,599.6161314116843,0.0005259506445147721,1.939880985446507e-05,False,True,RELEASE,RELEASED,
6.911999999997625,LOWERING,0.2350944385431061,1346.991911551769,43.13070791655407,-0.04101538217103826,323.2415237040361,1.6917235263763024,-0.8505193999939292,1.4623765725451972,0.9587501364357862,-4.163066051099119,-587.228205540608,476.18092770574964,818.7418570049041,84.94160138861739,26.12127066162674,-0.015594215386158794,476.1809277058166,455.16549959386094,432.17068926934445,0.06301972691744595,400.0,0.804104558811796,455.1024798669435,23.989336857240232,5.116034472418252,599.6161505005068,0.000522095229645636,1.937782474215055e-05,False,True,RELEASE,RELEASED,
6.921999999997602,LOWERING,0.2351139557192067,1347.1037367336266,43.1341790254227,-0.04101802574370075,323.2451023739598,1.691677583509937,-0.850609818593058,1.4622708309554378,0.9586868486478413,-4.163126373085106,-587.2854658409959,476.2368228862843,818.6917191778439,84.94227480907139,26.121849052187944,-0.015480906548077655,476.23682288634996,455.21757219170144,432.17388018877534,0.06258381161450188,400.0,0.8041854588534708,455.15498838008693,23.989337403489266,5.115772505865091,599.6161694494463,0.0005182679812500979,1.9357138228315307e-05,False,True,RELEASE,RELEASED,
6.931999999997578,LOWERING,0.2351333373951466,1347.2147855567514,43.137626029428745,-0.04102065069418635,323.2486562055855,1.6916319992576445,-0.8506996113610289,1.4621658565780455,0.9586240106235596,-4.163186306882322,-587.3423343210092,476.29233219730116,818.6419466850663,84.94294709952904,26.122423434679213,-0.015368410497671903,476.29233219735966,455.2692850850673,432.17704897598765,0.062150724236971655,400.0,0.8042657982659075,455.2071343608303,23.989337945736068,5.115512458665344,599.616188259523,0.0005144686918523433,1.933592795921868e-05,False,True,RELEASE,RELEASED,
6.941999999997555,LOWERING,0.23515258445449416,1347.3250630836167,43.14104904676468,-0.04102325809085991,323.252185360937,1.6915867707086203,-0.8507887823554934,1.4620616439310885,0.95856161928015,-4.163245854592393,-587.3988134561163,476.347458126249,818.5925368953143,84.9436182162821,26.122993835155395,-0.015256721570153786,476.34745812631195,455.32064059596115,432.1801957751366,0.061720449082315554,400.0,0.8043455806938827,455.25892014687884,23.989338484009796,5.115254316833597,599.6162069317476,0.0005106971593811238,1.931526020371166e-05,False,True,RELEASE,RELEASED,
6.951999999997532,LOWERING,0.23517169777585747,1347.434574348276,43.14444826384355,-0.0410258473336186,323.25569000112364,1.6915418949768253,-0.8508773356115923,1.4619581875704606,0.9584996715543501,-4.1633050183112665,-587.4549057090047,476.40220314698547,818.5434871957502,84.94428811662056,26.123560279525638,-0.015145834124268731,476.40220314704925,455.3716410336153,432.18332072956804,0.061292970466922725,400.0,0.8044248097617973,455.31034806314835,23.989339018339408,5.114998066485667,599.6162254671266,0.0005069531838683972,1.9293986952106934e-05,False,True,RELEASE,RELEASED,
6.961999999997508,LOWERING,0.23519067823290363,1347.5433243564735,43.14782382746663,-0.04102841875628748,323.2591702863449,1.6914973692008461,-0.8509652751420187,1.4618554820897494,0.958438164402319,-4.163363800129149,-587.5106135296161,476.4565697198136,818.494794991893,84.94495675881973,26.12412279355404,-0.015035742570944421,476.45656971987245,455.42228869458097,432.1864239818207,0.060868272776190224,400.0,0.8045034890737468,455.3614204218048,23.989339548753648,5.114743693832983,599.6162438666571,0.0005032365627872792,1.9272771169198677e-05,False,True,RELEASE,RELEASED,
6.971999999997485,LOWERING,0.23520952669437384,1347.6513180857294,43.15117588481424,-0.041030972661546546,323.26262637589326,1.6914531905436732,-0.8510526049371078,1.4617535221199693,0.9583770947995432,-4.163422202130489,-587.5659393551759,476.5105602915312,818.4464577074875,84.9456241021282,26.124681402860098,-0.014926441342822727,476.5105602915864,455.472585862759,432.1895056736295,0.06044634045900921,400.0,0.8045816222135843,455.4121395223,23.989340075281053,5.114491185194405,599.6162621313282,0.0004995471023638842,1.9251614958193386e-05,False,True,RELEASE,RELEASED,
6.981999999997462,LOWERING,0.2352282440240987,1347.7585604854282,43.15450460398075,-0.04103350882563918,323.2660584281566,1.6914093561923893,-0.8511393289648519,1.4616523023292558,0.9583164597407302,-4.163480226393616,-587.6208856101762,476.5641772954383,818.398472784343,84.94629010674058,26.125236132919092,-0.014817924920521364,476.5641772954974,455.5225348094064,432.192565945928,0.06002715799252201,400.0,0.8046592127449955,455.4625076514139,23.98934059794995,5.11424052698233,599.6162802621257,0.0004958846057840915,1.9230876773690397e-05,False,True,RELEASE,RELEASED,
6.9919999999974385,LOWERING,0.23524683108101774,1347.8650564769314,43.157810126384554,-0.041036027646603045,323.26946660062254,1.6913658633580726,-0.8512254511710456,1.4615518174227176,0.9582562562397131,-4.163537874991034,-587.6754547064612,476.61742315142016,818.3508376822665,84.94695473379576,26.12578700906275,-0.014710187814898745,476.6174231514771,455.57213779320483,432.1956049388515,0.05961070991105544,400.0,0.8047362642115663,455.5125270832938,23.989341116788474,5.1139917057065984,599.6162982600243,0.0004922488772027833,1.920994492365935e-05,False,True,RELEASE,RELEASED,
7.001999999997415,LOWERING,0.2352652887191947,1347.9708109536632,43.16109261198409,-0.04103852905350704,323.27285104988107,1.691322709275559,-0.8513109754793585,1.4614520621421698,0.9581964813293468,-4.163595149989325,-587.7296490432464,476.6703002659875,818.3035498789309,84.94761794535987,26.12633405647965,-0.01460322457876373,476.67030026604164,455.62139706031365,432.1986227917393,0.05919698082425384,400.0,0.8048127801368483,455.5622000794894,23.989341631824544,5.1137447079757505,599.6163161259944,0.0004886397234775686,1.9188497162758722e-05,False,True,RELEASE,RELEASED,
7.011999999997392,LOWERING,0.23528361778783402,1348.0758287812073,43.164352207691344,-0.04104101326850363,323.27621193162764,1.6912798912031533,-0.851395905791318,1.4613530312658647,0.9581371320614095,-4.1636520534486685,-587.7834710070881,476.7228110322665,818.2566068697333,84.94827970440174,26.126877300215664,-0.014497029795506933,476.7228110323237,455.67031484435944,432.2016196431384,0.05878595535892828,400.0,0.8048887640244374,455.6115288890005,23.989342143085892,5.1134995204924865,599.6163338609987,0.0004850569507883762,1.9167735501923744e-05,False,True,RELEASE,RELEASED,
7.021999999997369,LOWERING,0.23530181913129952,1348.1801147974113,43.167589068088404,-0.041043480307198135,323.2795494006671,1.691237406422516,-0.8514802459865067,1.4612547196082952,0.9580782055065025,-4.163708587423322,-587.8369229719926,476.7749578301111,818.2100061677017,84.94893997479149,26.1274167651746,-0.014391598083420831,476.7749578301646,455.7188933665338,432.2045956308056,0.05837761822334642,400.0,0.8049642193580363,455.66051574831044,23.989342650600033,5.1132561300589705,599.6163514659912,0.0004815003699309983,1.9145817248045205e-05,False,True,RELEASE,RELEASED,
7.031999999997345,LOWERING,0.2353198935891299,1348.2836738124781,43.17080334081215,-0.04104593033123566,323.2828636109162,1.691195252238394,-0.8515639999225542,1.4611571220199366,0.9580196987539517,-4.163764753961187,-587.8900072993897,476.8267430260966,818.1637453033647,84.94959872127663,26.127952476118566,-0.014286924104908394,476.8267430261515,455.76713483559786,432.2075508917102,0.05797195416920431,400.0,0.8050391496015289,455.70916288142865,23.9893431543943,5.113014523569121,599.616368941921,0.0004779697900261226,1.9125159099075972e-05,False,True,RELEASE,RELEASED,
7.041999999997322,LOWERING,0.23533784199605687,1348.386510609068,43.17399517859041,-0.04104836335810501,323.28615471540706,1.6911534259784562,-0.8516471714352277,1.4610602333870586,0.9579616089117066,-4.163820555103813,-587.942726338173,476.8781689735724,818.1178218246594,84.95025590947418,26.12848445766853,-0.014183002540789857,476.8781689736273,455.8150414479286,432.2104855620379,0.057568947996969655,400.0,0.8051135581990485,455.7574724999316,23.989343654495826,5.112774688013005,599.6163862897304,0.00047446502292114445,1.910390466264289e-05,False,True,RELEASE,RELEASED,
7.051999999997299,LOWERING,0.23535566518202242,1348.4886299423983,43.17716471326787,-0.041050779887531974,323.28942286629047,1.6911119249930213,-0.851729764338542,1.460964048631387,0.9579039331062441,-4.163875992886459,-587.9950824247479,476.9292380127233,818.0722332967559,84.95091150584926,26.1290127343048,-0.014079828129638372,476.92923801277243,455.8626153875591,432.2133997771922,0.057168584556848145,400.0,0.8051874485750503,455.80544680300227,23.989344150931544,5.11253661047217,599.6164035103548,0.0004709858798932487,1.9083689778653934e-05,False,True,RELEASE,RELEASED,
7.061999999997275,LOWERING,0.2353733639721977,1348.5900365403513,43.18031211556104,-0.041053179460735084,323.2926682148403,1.6910707466549737,-0.8518117824248331,1.4608685627100202,0.9578466684824641,-4.163931069338055,-588.047077883069,476.979952470613,818.0269773020271,84.95156547771458,26.129537330367715,-0.013977395625147437,476.97995247066757,455.90985882626524,432.21629367179855,0.05677084879289396,400.0,0.8052608241343819,455.85308797747234,23.989344643728188,5.112300278123892,599.6164206047207,0.00046753217566930516,1.9060876752519107e-05,False,True,RELEASE,RELEASED,
7.071999999997252,LOWERING,0.2353909391869973,1348.6907351035568,43.18343751762868,-0.04105556252748028,323.2958909114552,1.6910298883594321,-0.8518932294647799,1.4607737706150745,0.9577898122035984,-4.163985786480868,-588.0987150246235,477.0303146611949,817.9820514398614,84.9522177932009,26.130058270057894,-0.013875699829895893,477.0303146612478,455.95677392351683,432.2191673797075,0.05637572564870652,400.0,0.8053336882623612,455.9003981978681,23.989345132912312,5.112065678237017,599.6164375737505,0.0004641037255845859,1.9040386632696027e-05,False,True,RELEASE,RELEASED,
7.081999999997229,LOWERING,0.2354083916421002,1348.7907303055104,43.18654107059735,-0.041057929059142434,323.29909110566297,1.6909893475236673,-0.8519741092075485,1.4606796673735556,0.9577333614511055,-4.164040146330778,-588.1499961485183,477.0803268853948,817.9374533266056,84.95286842125785,26.130575577436954,-0.01377473557090525,477.0803268854456,456.00336282661203,432.22202103399616,0.05598320016525804,400.0,0.8054060443248444,455.9473796264468,23.989345618510267,5.111832798172968,599.6164544183591,0.0004607003467800297,1.9009231550626282e-05,False,True,RELEASE,RELEASED,
7.091999999997205,LOWERING,0.23542572214846574,1348.8900267926674,43.189622912790526,-0.041060279314761215,323.3022689461236,1.6909491215868002,-0.8520544253808303,1.4605862480470346,0.957677313424577,-4.1640941508969815,-588.2009235414745,477.1299914311323,817.8931805953977,84.95351733162951,26.131089276427915,-0.013674497714760037,477.1299914311783,456.04962767065456,432.2248547669726,0.05559325741120347,400.0,0.8054778956683012,455.99403441324336,23.989346100548218,5.11160162538457,599.616471139453,0.0004573218580308236,1.89836359822948e-05,False,True,RELEASE,RELEASED,
7.101999999997182,LOWERING,0.23544293151235154,1348.9886291845435,43.19268320002244,-0.041062613110857356,323.3054245806325,1.69090920800968,-0.8521341816909401,1.4604935077314911,0.9576216653416375,-4.16414780218208,-588.2514994778787,477.179310573377,817.849230896092,84.95416449484836,26.131599390815772,-0.013574981163060329,477.17931057342906,456.09557057864333,432.2276687101775,0.0552058825338122,400.0,0.8055492456198869,456.0403646961095,23.98934657905214,5.111372147415231,599.6164877379355,0.00045396807932363004,1.8963954346418177e-05,False,True,RELEASE,RELEASED,
7.111999999997159,LOWERING,0.23546002053533188,1349.086542073821,43.19572205654855,-0.04106493100381533,323.3085581561238,1.6908696042746794,-0.8522133818228664,1.460401441557096,0.9575664144378472,-4.164201102181902,-588.3017262198014,477.22828657417745,817.8056018951511,84.95480988222069,26.13210594424793,-0.01347618084628266,477.22828657422406,456.14119366145803,432.2304629943881,0.05482106070212467,400.0,0.8056200974875115,456.0863726007559,23.989347054047816,5.111144351899438,599.6165042146995,0.00045063883296592167,1.8942207020700152e-05,False,True,RELEASE,RELEASED,
7.1219999999971355,LOWERING,0.2354769900143158,1349.1837700264523,43.1987396398741,-0.041067232727860975,323.3116698186746,1.6908303078854665,-0.8522920294404074,1.460310044687913,0.957511557966606,-4.164254052885642,-588.3516060170558,477.2769216827386,817.7622912754955,84.95545346581305,26.132608960234922,-0.013378091731169661,477.2769216827914,456.186499017979,432.2332377496208,0.054438777182213016,400.0,0.8056904545599172,456.13206024079676,23.98934752556085,5.110918226559176,599.6165205706367,0.0004473339409480914,1.8921257264992164e-05,False,True,RELEASE,RELEASED,
7.131999999997112,LOWERING,0.23549384074156474,1349.2803175817617,43.20173608530227,-0.04106951853168884,323.3147597135072,1.6907913163668722,-0.8523701281862016,1.4602193123217686,0.957457093199055,-4.16430665627567,-588.4011411072123,477.3252181354399,817.7192967364406,84.95609521844219,26.13310846215073,-0.013280708818797393,477.32521813548715,456.2314887350618,432.2359931051341,0.05405901726811635,400.0,0.8057603201067535,456.1774297177937,23.989347993616658,5.110693759203704,599.6165368066282,0.0004440532252427687,1.8899768178926024e-05,False,True,RELEASE,RELEASED,
7.141999999997089,LOWERING,0.23551057350471113,1349.3761892525497,43.204711543122194,-0.04107178828228071,323.31782798499364,1.6907526272646722,-0.8524476816818322,1.4601292396899874,0.9574030174239787,-4.164358914327556,-588.4503337156433,477.3731781558953,817.6766159935651,84.95673511366132,26.133604473233486,-0.01318402714775857,477.3731781559387,456.2761648876252,432.23872918943187,0.05368176632697441,400.0,0.8058296973786495,456.22248312129824,23.98934845824049,5.1104709377284,599.6165529235506,0.0004407965073189857,1.8878807111377682e-05,False,True,RELEASE,RELEASED,
7.151999999997066,LOWERING,0.23552718908677492,1349.4713895251903,43.20766612908219,-0.04107404265843842,323.32087477665857,1.6907142381453708,-0.8525246935278776,1.4600398220571522,0.9573493279477123,-4.164410829009869,-588.4991860555323,477.4208039549815,817.634246778589,84.95737312574506,26.134097016585937,-0.013088041781543325,477.42080395502376,456.32052953867986,432.2414461302664,0.053307009781292436,400.0,0.8058985896072927,456.26722252889857,23.989348919457385,5.11024975012101,599.6165689222719,0.00043756361440205893,1.8857979171116313e-05,False,True,RELEASE,RELEASED,
7.161999999997042,LOWERING,0.23554368826618463,1349.565922859751,43.21060000665219,-0.04107628116865436,323.32390023118177,1.6906761465960507,-0.8526011673040185,1.4599510547209094,0.9572960220940407,-4.164462402284287,-588.5477003279378,477.46809773089996,817.5921868392779,84.9580092296806,26.1345861151758,-0.012992747818657335,477.46809773094265,456.36458473933754,432.2441440546405,0.052934733079155194,400.0,0.8059670000054986,456.3116500062584,23.989349377292218,5.11003018445441,599.6165848036555,0.0004343543734455224,1.8837138213712024e-05,False,True,RELEASE,RELEASED,
7.171999999997019,LOWERING,0.23556007181679392,1349.6597936900862,43.213513313102894,-0.041078503932435374,323.3269044904039,1.690638350224226,-0.852677106569146,1.4598629330117816,0.9572430972041054,-4.164513636105667,-588.5958787218411,477.51506166923957,817.5504339393539,84.95864340116026,26.135071791836694,-0.012898140391484958,477.5150616692822,456.4083325289444,432.24682308881165,0.05256492178193639,400.0,0.8060349317672846,456.3557676071625,23.98934983176968,5.109812228887764,599.6166005685584,0.00043116861265968254,1.881555300542459e-05,False,True,RELEASE,RELEASED,
7.181999999996996,LOWERING,0.2355763405078993,1349.7530064239402,43.216406159650184,-0.04108071167670162,323.3298876953278,1.6906008466575895,-0.8527525148613735,1.4597754522929074,0.9571905506363088,-4.164564532421693,-588.6437234141358,477.56169794298336,817.5089858583598,84.95927561656,26.135554069268327,-0.012804214675270487,477.56169794302565,456.45177493503036,432.2494833582948,0.052197561464367936,400.0,0.8061023880679536,456.399577373566,23.989350282914277,5.10959587166653,599.6166162178313,0.0004280061621582121,1.8794086486195738e-05,False,True,RELEASE,RELEASED,
7.191999999996972,LOWERING,0.23559249510426025,1349.8455654430622,43.219278705157656,-0.04108290396030722,323.3328499861229,1.6905636335438539,-0.8528273956981635,1.459688607959823,0.9571383797662179,-4.164615093173013,-588.6912365696948,477.60800871258175,817.4678403915548,84.95990585293423,26.136032970037164,-0.012710965857991141,477.60800871262467,456.4949139734002,432.252124987865,0.05183263776604008,400.0,0.8061693720641642,456.44308133563413,23.98935073075035,5.109381101122211,599.6166317523181,0.00042486685422638004,1.877365610880588e-05,False,True,RELEASE,RELEASED,
7.201999999996949,LOWERING,0.23560853636611603,1349.9374751033022,43.222131080974165,-0.04108508098491819,323.3357915021275,1.6905267085506004,-0.8529017525763927,1.459602395440294,0.9570865819864672,-4.164665320293157,-588.7384203413955,477.65399612598816,817.4269953498258,84.96053408800304,26.136508516576825,-0.012618389172075695,477.65399612603284,456.5377516481673,432.2547481015596,0.05147013638412545,400.0,0.8062358868940003,456.48628151178315,23.989351175302044,5.109167905669192,599.616647172858,0.00042175052099224786,1.87523007184609e-05,False,True,RELEASE,RELEASED,
7.211999999996926,LOWERING,0.23562446504920606,1350.0287397347283,43.22496342764188,-0.041087242710771105,323.3387123818551,1.690490069365106,-0.8529755889724882,1.4595168101940714,0.9570351547066688,-4.164715215708726,-588.7852768701944,477.69966231874156,817.3864485595764,84.96116030014521,26.13698073118901,-0.012526479881557862,477.6996623187849,456.5802899518314,432.2573528226835,0.05111004310106182,400.0,0.806301935677051,456.5291799087303,23.989351616593353,5.108956273807027,599.6166624802833,0.00041865699702370307,1.873062456070329e-05,False,True,RELEASE,RELEASED,
7.2219999999969025,LOWERING,0.23564028190478672,1350.1193636417222,43.2277758655302,-0.04108938956407299,323.3416127629944,1.6904537136941218,-0.8530489083424062,1.4594318477126902,0.9569840953533139,-4.164764781338902,-588.8318082850957,477.7450094139521,817.3461978626156,84.96178446837847,26.13744963604356,-0.01243523327980256,477.74500941399094,456.62253086524976,432.25993927381063,0.050752343708552417,400.0,0.8063675215144939,456.5717785215412,23.989352054648084,5.108746194114747,599.6166776754216,0.0004155861147134843,1.870955810545638e-05,False,True,RELEASE,RELEASED,
7.231999999996879,LOWERING,0.23565598767965168,1350.2093511030964,43.23056853425428,-0.041091521487656935,323.34449278241544,1.6904176392637151,-0.8531217141218079,1.45934750351922,0.9569334013696786,-4.164814019095796,-588.8780167032476,477.79003952240237,817.3062411160395,84.96240657235444,26.137915253179383,-0.012344644688369044,477.79003952244244,456.6644763577726,432.2625075767873,0.050397024103062904,400.0,0.8064326474891611,456.61407933366957,23.989352489489878,5.108537655256977,599.6166927590913,0.000412537710441363,1.86876559951088e-05,False,True,RELEASE,RELEASED,
7.241999999996856,LOWERING,0.23567158311614853,1350.29870637219,43.23334156906773,-0.041093638509691034,323.3473525761716,1.6903818438191625,-0.853194009726105,1.4592637731681557,0.9568830702157325,-4.164862930884316,-588.9239042299613,477.83475474257506,817.2665761921787,84.96302659235012,26.13837760450476,-0.012254709470539638,477.8347547426133,456.70612838722263,432.26505785273537,0.050044070217211356,400.0,0.8064973166656216,456.6560843170054,23.9893529211422,5.108330645979939,599.6167077321086,0.0004095116212274874,1.8667014217044198e-05,False,True,RELEASE,RELEASED,
7.2519999999968325,LOWERING,0.23568706895219907,1350.3874336769827,43.23609510169129,-0.041095740723787764,323.350192279504,1.6903463251246857,-0.8532657985505387,1.4591806522451019,0.9568330993680424,-4.164911518602038,-588.9694729587399,477.8791571606995,817.2272009784383,84.96364450925165,26.13883671179805,-0.01216542300880974,477.8791571607433,456.7474888999647,432.2675902220556,0.04969346804256247,400.0,0.8065615320902575,456.69779543192215,23.989353349628352,5.108125155108343,599.6167225952813,0.00040650768267713744,1.864567713028009e-05,False,True,RELEASE,RELEASED,
7.261999999996809,LOWERING,0.2357024459213175,1350.4755372202017,43.238829257895674,-0.041097828347265386,323.3530120268435,1.6903110809633315,-0.8533370839702527,1.4590981363666296,0.95678348631968,-4.164959784139187,-589.0147249713173,477.9232488507911,817.1881133772258,84.96426030454528,26.139292596708003,-0.0120767807241009,477.9232488508312,456.7885598309341,432.27010480443,0.04934520361592831,400.0,0.8066252967913378,456.7392146273182,23.98935377497146,5.107921171551762,599.616737349411,0.00040352573515622936,1.8624012227519415e-05,False,True,RELEASE,RELEASED,
7.271999999996786,LOWERING,0.23571771475262945,1350.563021179429,43.241544168938,-0.04109990144584796,323.3558119518165,1.690276109136816,-0.8534078693404243,1.4590162211800561,0.9567342285801285,-4.165007729378798,-589.0596623377251,477.96703187473156,817.1493113058474,84.96487396031108,26.139745280754635,-0.011988778072350215,477.96703187476965,456.8293431037232,432.27260171882546,0.048999263058533415,400.0,0.8066886137790951,456.78034384066467,23.989354197194487,5.107718684298267,599.6167519952968,0.000400565618545734,1.8602715272209025e-05,False,True,RELEASE,RELEASED,
7.281999999996763,LOWERING,0.2357328761708909,1350.6498897072104,43.24423997284841,-0.04110195990281967,323.35859218724687,1.6902414074653365,-0.8534781579963232,1.4589349023632288,0.9566853236751919,-4.165055356196558,-589.1042871163135,478.0105082823002,817.1107926963952,84.96548545921064,26.140194785329566,-0.011901410526320433,478.01050828233645,456.869840630607,432.27508108349645,0.04865563255697225,400.0,0.8067514860458032,456.82118499805,23.989354616320234,5.107517682413792,599.6167665337296,0.00039762717219815613,1.8581967538011668e-05,False,True,RELEASE,RELEASED,
7.291999999996739,LOWERING,0.23574793089650534,1350.7361469311536,43.246916782649315,-0.04110400418423173,323.36135286515946,1.6902069737873866,-0.8535479532533345,1.4588541756243356,0.9566367691468984,-4.165102666460543,-589.1486013537541,478.05368011118895,817.0725554956553,84.96609478447103,26.14064113169654,-0.0118146736019753,478.05368011122425,456.910054312533,432.2775430159895,0.04831429829994249,400.0,0.8068139165658593,456.8617400142331,23.98935503237133,5.107318155045299,599.616780965493,0.00039471023834813934,1.8560601461103943e-05,False,True,RELEASE,RELEASED,
7.301999999996716,LOWERING,0.23576287964554574,1350.8217969540553,43.249574725810504,-0.04110603438905876,323.364094116784,1.690172805959648,-0.853617258407146,1.458774036701701,0.9565885625534121,-4.165149662031631,-589.1926070851492,478.0965493871107,817.034597665008,84.96670191988517,26.141084340992087,-0.011728562838243306,478.09654938714164,456.9499860392755,432.27998763314343,0.047975246597786736,400.0,0.8068759082958539,456.9020107926777,23.989355445370236,5.107120091420803,599.6167952913682,0.0003918146624908303,1.8538986864768958e-05,False,True,RELEASE,RELEASED,
7.311999999996693,LOWERING,0.2357777231297712,1350.9068438539941,43.25221394647693,-0.0411080501957602,323.36681607255963,1.6901389018568196,-0.853686076733783,1.4586944813636116,0.956540701468939,-4.165196344763266,-589.236306334037,478.139118123821,816.9969171803423,84.96730684979856,26.14152443422616,-0.011643073808500048,478.1391181238563,456.9896376894127,432.28241505109577,0.0476384638055265,400.0,0.8069374641746473,456.94199922560716,23.98935585533926,5.106923480845069,599.6168095121275,0.0003889402900663086,1.8517737544243573e-05,False,True,RELEASE,RELEASED,
7.321999999996669,LOWERING,0.2357924620566458,1350.9912916844407,43.25483456139093,-0.041110051923405416,323.369518862136,1.6901052593713937,-0.8537544114896727,1.458615505408046,0.956493183483637,-4.1652427165013215,-589.2797011124148,478.18138832315316,816.9595120319145,84.96790955909412,26.14196143228233,-0.011558202111132232,478.18138832318954,457.0290111303603,432.2848253852831,0.04730393631120933,400.0,0.8069985871234563,456.9817071940491,23.98935626230054,5.106728312696118,599.6168236285416,0.00038608696392739006,1.8497097698855214e-05,False,True,RELEASE,RELEASED,
7.331999999996646,LOWERING,0.23580709712935904,1351.0751444743744,43.257436695001786,-0.04111203968656589,323.3722026143788,1.6900718764135796,-0.8538222659117546,1.4585371046625568,0.9564460062035227,-4.165288779084234,-589.3227934208072,478.22336197508633,816.9223802243008,84.96851003318918,26.14239535591872,-0.011473943383634833,478.22336197512044,457.0681082184497,432.28721875044624,0.046971650568025325,400.0,0.8070592800459233,457.0211365678817,23.989356666276066,5.106534576433607,599.6168376413716,0.0003832545321724723,1.847494820594875e-05,False,True,RELEASE,RELEASED,
7.341999999996623,LOWERING,0.23582162904684398,1351.1584062283862,43.260020472114206,-0.0411140135723814,323.3748674573735,1.6900387509111117,-0.8538896432175834,1.458459274984029,0.956399167250384,-4.1653345343430335,-589.3655852483108,478.26504105780316,816.885519776271,84.96910825802611,26.142826225768477,-0.011390293286808628,478.26504105783727,457.1069307990127,432.28959526063187,0.04664159313415439,400.0,0.807119545828195,457.0602892058785,23.98935706728765,5.106342261593903,599.6168515513754,0.0003804428443077157,1.8453889083502872e-05,False,True,RELEASE,RELEASED,
7.3519999999965995,LOWERING,0.2358360585037953,1351.2410809267838,43.26258601906977,-0.0411159736122173,323.3775135184262,1.690005880809055,-0.853956546605329,1.4583820122584787,0.9563526642616836,-4.165379984100943,-589.4080785725806,478.30642753768984,816.848928720687,84.96970422005519,26.143254062339988,-0.011307247504987572,478.3064275377221,457.14548070630576,432.29195502919634,0.046313750547028576,400.0,0.8071793873390044,457.09916695575873,23.989357465356957,5.106151357787905,599.6168653593061,0.00037765174979664806,1.8432020624459255e-05,False,True,RELEASE,RELEASED,
7.361999999996576,LOWERING,0.23585038619069026,1351.3231725257103,43.26513345663274,-0.041117919952967374,323.38014092407116,1.6899732640697738,-0.8540229792540076,1.4583053124009233,0.9563064948904767,-4.165425130174043,-589.4502753599726,478.34752336947315,816.8126051044474,84.97029790624158,26.143678886018034,-0.011224801760818082,478.3475233695053,457.18375976372255,432.2942981688085,0.04598810949335075,400.0,0.8072388074297414,457.1377716542292,23.989357860505507,5.105961854696063,599.6168790659086,0.0003748810938892788,1.8410495272291882e-05,False,True,RELEASE,RELEASED,
7.371999999996553,LOWERING,0.23586461279380597,1351.4046849572442,43.267662907072484,-0.04111985268667774,323.3827498000705,1.689940898672597,-0.8540889443233877,1.4582291713550743,0.9562606568053141,-4.165469974370412,-589.4921775654612,478.388330496165,816.7765469883246,84.97088930403444,26.144100717063754,-0.01114295180047975,478.3883304961932,457.2217697836623,432.29662479145367,0.04566465662566088,400.0,0.8072978089345357,457.17610512703664,23.98935825275464,5.105773742083936,599.6168926719229,0.0003721307323649725,1.8388726175544434e-05,False,True,RELEASE,RELEASED,
7.38199999999653,LOWERING,0.23587873899523962,1351.4856221295142,43.27017449308684,-0.04112177187655932,323.3853402714209,1.689908782613869,-0.8541544449542586,1.4581535850932752,0.9562151476901574,-4.1655145184909665,-589.5337871328071,478.42885084921875,816.740752446945,84.97147840138169,26.144519575615675,-0.011061693409033069,478.4288508492484,457.25951256775704,432.2989350084351,0.04534337874713401,400.0,0.8073563946703335,457.2141691890099,23.989358642125552,5.105587009786607,599.6169061780852,0.00036940051766887194,1.8367973098065704e-05,False,True,RELEASE,RELEASED,
7.391999999996506,LOWERING,0.23589276547292687,1351.5659879268055,43.27266832993256,-0.04112367774641465,323.38791246235417,1.6898769139065875,-0.8542194842683467,1.4580785496161621,0.9561699652442859,-4.165558764328644,-589.575105994483,478.46908634848046,816.7052195686074,84.97206518669795,26.144935481689817,-0.010981022387341,478.469086348507,457.2969899067576,432.30122893037844,0.04502426264605219,400.0,0.807414567436977,457.2519656441115,23.98935902863928,5.105401647714699,599.6169195851261,0.000366690305163786,1.8346561319049215e-05,False,True,RELEASE,RELEASED,
7.401999999996483,LOWERING,0.23590669290066127,1351.645786209671,43.27514454901873,-0.04112557011306387,323.3904664963437,1.689845290580474,-0.8542840653685276,1.4580040609526528,0.9561251071822112,-4.165602713669026,-589.616136071808,478.50903890231604,816.6699464552955,84.97264964887884,26.145348455180702,-0.010900934567871445,478.5090389023448,457.3342035806983,432.3035066672346,0.044707295218756826,400.0,0.807472330017275,457.2894962854795,23.98935941231672,5.105217645849553,599.6169328937714,0.00036399994877900355,1.832532689149957e-05,False,True,RELEASE,RELEASED,
7.41199999999646,LOWERING,0.23592052194811294,1351.7250208150376,43.27760326128056,-0.041127449267655235,323.3930024961056,1.6898139106816639,-0.8543481913388419,1.457930115159608,0.9560805712335865,-4.1656463682899485,-589.6568792749354,478.5487104076162,816.6349312224945,84.97323177727527,26.145758515861548,-0.010821425817880481,478.54871040764976,457.3711553588775,432.30576832828217,0.044392463400811266,400.0,0.8075296851770863,457.3267628954767,23.989359793178615,5.105034994240906,599.6169461047408,0.0003613292998361217,1.830376606903883e-05,False,True,RELEASE,RELEASED,
7.421999999996436,LOWERING,0.23593425328084883,1351.8036955563234,43.28004459033863,-0.04112931517795874,323.3955205836038,1.6897827722726138,-0.8544118652446159,1.4578567083216845,0.9560363551431186,-4.165689729961656,-589.6973375029224,478.58810274987144,816.6001719991262,84.97381156169249,26.146165683385032,-0.010742492026338368,478.588102749904,457.40784699992975,432.30801402213154,0.044079754189908726,400.0,0.8075866356653979,457.36376724573984,23.98936017124555,5.104853683016375,599.616959218748,0.00035867821583490667,1.828223048505606e-05,False,True,RELEASE,RELEASED,
7.431999999996413,LOWERING,0.23594788756034918,1351.8818142235305,43.28246864722716,-0.041131168096421304,323.3980208800531,1.6897518734319743,-0.8544750901325132,1.4577838365511877,0.9559924566704819,-4.165732800446678,-589.7375126437507,478.6272178032012,816.5656669274767,84.97438899238058,26.146569977283818,-0.010664129117913035,478.6272178032311,457.4442802518677,432.3102438567279,0.04376915463956266,400.0,0.8076431842144046,457.40051109722816,23.98936054653797,5.104673702375074,599.6169722365024,0.00035604655513576944,1.8260628849020577e-05,False,True,RELEASE,RELEASED,
7.44199999999639,LOWERING,0.23596142544403015,1351.9593805833763,43.284875549081875,-0.041133008110691836,323.40050350592236,1.689721212254451,-0.8545378690306413,1.4577114959878794,0.9559488735902272,-4.165775581499883,-589.7774065743876,478.66605743041566,816.5314141631,84.97496406002932,26.146971416971027,-0.010586333029209527,478.66605743044994,457.48045685214095,432.3124579393532,0.04346065187507975,400.0,0.8076993335395835,457.43699620026587,23.98936091907616,5.104495042585673,599.6169851587085,0.0003534341756870063,1.8239225823890592e-05,False,True,RELEASE,RELEASED,
7.451999999996366,LOWERING,0.23597486758525935,1352.0363983793816,43.28726542859651,-0.0411348349162883,323.4029685809384,1.6896907868506186,-0.8546002049486406,1.4576396827987375,0.9559056036916991,-4.165818074868481,-589.8170211608218,478.70462348306967,816.4974118746973,84.97553675575443,26.14737002174086,-0.010509099744012929,478.70462348309604,457.5163785276577,432.31465637663086,0.043154233063660286,400.0,0.8077550863397737,457.47322429459405,23.98936128888026,5.104317693988413,599.6169979860637,0.0003508409373678134,1.8217357933281164e-05,False,True,RELEASE,RELEASED,
7.461999999996343,LOWERING,0.23598821463337824,1352.1128713319988,43.2896383793215,-0.04113664913239601,323.4054162240898,1.689660595346813,-0.8546621008777601,1.4575683931778156,0.9558626447789454,-4.165860282291974,-589.8563582581104,478.74291780150725,816.4636582440505,84.97610707109399,26.14776581076919,-0.010432425258159128,478.7429178015352,457.55204699486296,432.31683927452764,0.04284988544782209,400.0,0.8078104452972535,457.50919710941514,23.98936165597028,5.104141646991719,599.6170107192646,0.0003482666993264161,1.8196081441601564e-05,False,True,RELEASE,RELEASED,
7.47199999999632,LOWERING,0.23600146723371832,1352.1888031387048,43.29199452341707,-0.041138450672284874,323.40784655362955,1.6896306358849933,-0.8547235597909507,1.457497623346059,0.9558199946706323,-4.165902205502187,-589.8954197104196,478.78094221491517,816.430151465931,84.97667499799994,26.148158803114,-0.010356305607729155,478.78094221494416,457.58746395976397,432.31900673835713,0.042547596324595816,400.0,0.8078654130778158,457.54491636343937,23.989362020366066,5.1039668920745465,599.6170233590002,0.0003457113225353581,1.8175496393268986e-05,False,True,RELEASE,RELEASED,
7.4819999999962965,LOWERING,0.23601462602762188,1352.2641974741205,43.2943339898375,-0.04114023926821322,323.410259687079,1.6896009066225985,-0.8547845846429284,1.4574273695511293,0.9557776511999566,-4.165943846223163,-589.9342073510595,478.81869854136175,816.3968897480108,84.97724052882944,26.14854901771598,-0.010280736849495042,478.818698541391,457.6226311179762,432.3211588727829,0.04224735304205751,400.0,0.8079199923308481,457.58038376493414,23.98936238208733,5.103793419785828,599.6170359059519,0.00034317466969913113,1.8153911923945998e-05,False,True,RELEASE,RELEASED,
7.491999999996273,LOWERING,0.23602769165246107,1352.339057990119,43.29665687183171,-0.04114201549352944,323.41265574123196,1.6895714057323994,-0.8548451783702788,1.4573576280671956,0.9557356122145628,-4.165985206171241,-589.9727230025401,478.8561885878597,816.3638713107636,84.97780365633842,26.148936473399164,-0.010205715057395537,478.8561885878868,457.6575501547891,432.323295781822,0.04194914301649533,400.0,0.8079741856894112,457.6156010117726,23.989362741153624,5.103621220745711,599.6170483607964,0.0003406566069070749,1.813261030747526e-05,False,True,RELEASE,RELEASED,
7.50199999999625,LOWERING,0.23604066474165616,1352.4133883159316,43.29896328307124,-0.041143779412912494,323.41503483215814,1.6895421314024115,-0.8549053438915728,1.4572883951947997,0.9556938755764564,-4.1660262870551765,-590.0109684766305,478.8934141504326,816.3310943873978,84.97836437367705,26.14932118887152,-0.010131236349707251,478.89341415046346,457.6922227452233,432.32541756884757,0.04165295374531297,400.0,0.8080279957703144,457.650569791478,23.98936309758437,5.103450285642872,599.6170607242119,0.00033815700149908423,1.811151901165431e-05,False,True,RELEASE,RELEASED,
7.511999999996227,LOWERING,0.23605354592469513,1352.4871920582582,43.30125335783787,-0.041145530578079154,323.41739707520543,1.6895130818356685,-0.854965084107371,1.4572196672606137,0.9556524391619164,-4.166067090575767,-590.0489455743527,478.9303770141182,816.2985572237321,84.97892267437314,26.14970318272528,-0.01005729686335144,478.93037701414704,457.72665055400756,432.32752433659255,0.04135877273057531,400.0,0.8080814251741988,457.685291781277,23.98936345139885,5.103280605228861,599.6170729968675,0.00033567571762560533,1.8089569152834883e-05,False,True,RELEASE,RELEASED,
7.521999999996203,LOWERING,0.23606633582715233,1352.5604728013766,43.303527188140336,-0.04114726953990189,323.4197425850046,1.68948425525018,-0.855024401900366,1.4571514406173365,0.9556113008614133,-4.166107618426138,-590.0866560860655,478.96707895305303,816.2662580781486,84.97947855233451,26.15008247343766,-0.00998389275844147,478.96707895308174,457.7608352357238,432.32961618715143,0.04106658758320236,400.0,0.8081344764856113,457.7197686481406,23.98936380261621,5.10311217032269,599.617085179425,0.0003332126205375374,1.806827526706911e-05,False,True,RELEASE,RELEASED,
7.53199999999618,LOWERING,0.2360790350707082,1352.6332341072527,43.30578488786548,-0.04114899630593243,323.42207147547236,1.6894556498787583,-0.8550833001354867,1.4570837116434534,0.9555704585795246,-4.166147872291772,-590.1241017915154,479.0035217305335,816.2341952214742,84.98003200183895,26.150459079371394,-0.009911020228400957,479.0035217305589,457.79477843478287,432.33169322198455,0.04077638594998234,400.0,0.8081871522730779,457.7540020488329,23.989364151255458,5.102944971810203,599.6170972725461,0.0003307675766857088,1.8046725131171115e-05,False,True,RELEASE,RELEASED,
7.541999999996157,LOWERING,0.2360916442731678,1352.7054795156487,43.30802656763402,-0.04115071094510409,323.4243838598157,1.6894272639689225,-0.8551417816599372,1.4570164767431384,0.9555299102348482,-4.166187853850349,-590.1612844598575,479.03970709904013,816.202366936935,84.98058301752889,26.15083301877536,-0.00983867548438866,479.0397070990683,457.8284817855149,432.33375554192133,0.04048815555358942,400.0,0.8082394550891863,457.7879936299613,23.98936449733545,5.102779000644359,599.6171092768855,0.0003283404541862822,1.8025642134489317e-05,False,True,RELEASE,RELEASED,
7.551999999996133,LOWERING,0.2361041640484797,1352.777212544231,43.31025234293389,-0.04115241339228223,323.4266798505341,1.6893990957826905,-0.8551998493032937,1.4569497323459708,0.9554896537599231,-4.1662275647717575,-590.1982058497014,479.07563680029455,816.1707715200088,84.98113159439717,26.15120430978497,-0.00976685477439787,479.07563680032086,457.861946912192,432.3358032471628,0.04020188416740211,400.0,0.8082913874706661,457.8217450280246,23.989364840874924,5.102614247843865,599.6171211930911,0.000325931122232781,1.8003780382969126e-05,False,True,RELEASE,RELEASED,
7.56199999999611,LOWERING,0.2361165950067551,1352.8484366886794,43.31246231834599,-0.0411541038275639,323.4289595594238,1.6893711435965346,-0.8552575058775868,1.4568834749068686,0.955449687101141,-4.166267006718096,-590.2348677091575,479.11131256530837,816.139407278401,84.98167772778842,26.151572970422848,-0.009695554364157033,479.1113125653342,457.89517542906503,432.337836437285,0.03991755960549881,400.0,0.8083429519384644,457.85525786945954,23.989365181892467,5.102450704493186,599.6171330218082,0.0003235394513323442,1.7982442955144506e-05,False,True,RELEASE,RELEASED,
7.571999999996087,LOWERING,0.23612893775428698,1352.9191554227966,43.314656593457926,-0.041155782534155125,323.4312230975807,1.6893434057012324,-0.8553147541774133,1.4568177009058718,0.9554100082186664,-4.166306181343798,-590.2712717758985,479.14673611444846,816.1082725319325,84.98222141339178,26.151939018599258,-0.009624770540199279,479.1467361144775,457.9281689404544,432.33985521124083,0.03963516977199788,400.0,0.8083941509978156,457.8885337706824,23.98936552040653,5.102288361741393,599.6171447636808,0.0003211653127523917,1.7960707509701024e-05,False,True,RELEASE,RELEASED,
7.581999999996063,LOWERING,0.23614119289356947,1352.9893721986198,43.3168352895849,-0.041157449256173,323.43347057540564,1.6893158804017057,-0.8553715969800229,1.4567524068479294,0.9553706150863542,-4.166345090295609,-590.3074197772029,479.1819091574906,816.077365612437,84.98276264722948,26.152302472112954,-0.009554499631121871,479.1819091575145,457.96092904077204,432.3418596673659,0.03935470262575791,400.0,0.8084449871383282,457.9215743381463,23.989365856435445,5.102127210800236,599.61715641934,0.00031880857728694423,1.7938796190719586e-05,False,True,RELEASE,RELEASED,
7.59199999999604,LOWERING,0.23615336102331522,1353.0590904465198,43.31899850279376,-0.04115910432790605,323.4357021026049,1.689288566016948,-0.8554280370453085,1.4566875892628477,0.9553315056916639,-4.166383735212221,-590.343313429944,479.2168333936131,816.0466848637369,84.98330142565332,26.15266334865125,-0.0094847379713201,479.2168333936354,457.9934573145356,432.3438499033787,0.03907614615155808,400.0,0.8084954628340622,457.95438116838403,23.989366189997394,5.101967242946961,599.6171679894185,0.0003164691179629031,1.791724253052962e-05,False,True,RELEASE,RELEASED,
7.601999999996017,LOWERING,0.2361654427384758,1353.1283135753176,43.32114634379519,-0.04116074771501204,323.4379177881967,1.6892614608798904,-0.8554840771160458,1.4566232447050154,0.9552926780355834,-4.166422117724912,-590.3789544407291,479.25151051153784,816.0162286415072,84.98383774534148,26.153021665791083,-0.009415481941232429,479.2515105115598,458.0257553364909,432.3458260163855,0.038799488437234686,400.0,0.808545580543598,457.98695584805364,23.989366521110433,5.101808449526475,599.6171794745431,0.00031414681260066857,1.7895855989991105e-05,False,True,RELEASE,RELEASED,
7.6119999999959935,LOWERING,0.23617743863026042,1353.197044972393,43.32327892156349,-0.041162379408344926,323.4401177405127,1.6892345633371926,-0.8555397199178497,1.4565593697532144,0.9552541301325411,-4.166460239456965,-590.4143445058605,479.285942189506,815.985995313176,84.98437160328218,26.153377440999183,-0.009346727926754284,479.2859421895239,458.0578246715995,432.34778810288253,0.038524717610528114,400.0,0.8085953427101207,458.019299953989,23.989366849792486,5.10165082194068,599.6171908753352,0.0003118415347049819,1.7873817569125094e-05,False,True,RELEASE,RELEASED,
7.62199999999597,LOWERING,0.23618934928615448,1353.2652880037892,43.32539632723093,-0.04116399981107101,323.44230206720204,1.6892078717492682,-0.8555949681593267,1.4564959610105797,0.9552158600103303,-4.166498102024031,-590.449485311432,479.320130095368,815.9559832579164,84.98490299678038,26.153730691632795,-0.009278472349592448,479.32013009539077,458.08966687509945,432.34973625875944,0.038251821854260015,400.0,0.808644751761494,458.0514150532452,23.98936717606135,5.101494351654355,599.6172021924141,0.00030955315882152945,1.7852362248049758e-05,False,True,RELEASE,RELEASED,
7.631999999995947,LOWERING,0.23620117528993814,1353.3330460143202,43.32749868884475,-0.041165608422836,323.4444708752354,1.6891813844900678,-0.8556498245321297,1.45643301510434,0.9551778657100236,-4.166535707033955,-590.484378533348,479.35407588661735,815.9261908665128,84.98543192344351,26.154081434940256,-0.00921071164998466,479.35407588664015,458.1212834925656,432.35167057930266,0.037980789417304095,400.0,0.8086938101103384,458.0833027031483,23.989367499934687,5.101339030196768,599.617213426391,0.00030728156264459017,1.782790059223771e-05,False,True,RELEASE,RELEASED,
7.641999999995924,LOWERING,0.23621291722170523,1353.4003223276786,43.329586079625436,-0.04116720604452351,323.4466242709074,1.6891550999469833,-0.8557042917110486,1.456370528685676,0.9551401452858957,-4.166573056086829,-590.5190258373752,479.3877812104429,815.8966165412904,84.98595838117649,26.154429688061395,-0.009143442305116878,479.38778121046454,458.15267605993995,432.3535911591977,0.03771160859713518,400.0,0.8087425201541115,458.1149644513428,23.989367821430037,5.10118484915922,599.6172245778744,0.00030502662515097256,1.7805176753427077e-05,False,True,RELEASE,RELEASED,
7.6519999999959,LOWERING,0.23622457565788257,1353.4671202465474,43.33165862924391,-0.04116879210428061,323.4487623598407,1.6891290165207273,-0.8557583723541121,1.4563084984295465,0.9551026968053417,-4.166610150775044,-590.5534288791966,479.42124770378996,815.8672586960299,84.98648236817827,26.15477546802818,-0.009076660802406877,479.42124770381105,458.1838461035911,432.35549809253234,0.03744426775818965,400.0,0.8087908842751746,458.14640183583293,23.989368140564814,5.101031800188062,599.6172356474696,0.00030278822066431843,1.7783856947062304e-05,False,True,RELEASE,RELEASED,
7.661999999995877,LOWERING,0.2362361511712489,1353.5334430527062,43.33371642116266,-0.04117036712448386,323.4508852469894,1.6891031326252393,-0.8558120691026397,1.4562469210345663,0.9550655183487973,-4.16664699268319,-590.5875893044414,479.45447699339286,815.8381157559127,84.98700388293537,26.15511879176528,-0.00901036365166874,479.4544769934116,458.21479514036486,432.3573914728002,0.03717875533021697,400.0,0.8088389048408743,458.17761638503464,23.989368457356296,5.100879874998795,599.6172466357766,0.00030056623191665466,1.77619300529841e-05,False,True,RELEASE,RELEASED,
7.671999999995854,LOWERING,0.236247644330952,1353.5992940071317,43.335759567031324,-0.04117193093415752,323.45299303664325,1.6890774466875207,-0.8558653845813613,1.4561857932227722,0.9550286080096612,-4.166683583388174,-590.6215087487435,479.48747069584533,815.8091861573996,84.9875229242127,26.155459676090704,-0.008944547405349113,479.48747069586386,458.24552467762084,432.3592713929043,0.03691505979372778,400.0,0.8088865842036248,458.2086096178271,23.989368771821642,5.100729065359921,599.6172575433891,0.00029836053605425406,1.774023189682339e-05,False,True,RELEASE,RELEASED,
7.68199999999583,LOWERING,0.23625905570252964,1353.6646763501171,43.33778816392879,-0.041173483696466714,323.4550858324293,1.6890519571475613,-0.8559183213984747,1.4561251117395184,0.9549919638942124,-4.166719924459148,-590.6551888377803,479.5202304176341,815.7804683481818,84.98803949105206,26.155798137716058,-0.008879208622261103,479.520230417656,458.2760362132851,432.36113794515825,0.036653169692556276,400.0,0.8089339247009791,458.23938304359257,23.989369083977888,5.100579363103775,599.617268370899,0.00029617101458079276,1.771836707575858e-05,False,True,RELEASE,RELEASED,
7.691999999995807,LOWERING,0.2362703858479263,1353.7295933013672,43.33980230559095,-0.04117502563898583,323.4571637373166,1.6890266624582457,-0.8559708821457362,1.4560648733533443,0.9549555841215345,-4.166756017457538,-590.6886311873167,479.5527577551941,815.7519607871186,84.98855358276685,26.156134193247308,-0.008814343894528065,479.5527577552156,458.3063312358789,432.362991221291,0.03639307361095234,400.0,0.8089809286557055,458.2699381622679,23.98936939384194,5.100430760123629,599.6172791188928,0.0002939975511520032,1.7696456552585005e-05,False,True,RELEASE,RELEASED,
7.701999999995784,LOWERING,0.2362816353255132,1353.7940480601126,43.34180209893005,-0.04117655665693745,323.4592268536195,1.6890015610851596,-0.8560230693985483,1.4560050748557143,0.9549194668234374,-4.166791863937041,-590.7218374032523,479.5850542949606,815.7236619441042,84.98906519893217,26.156467859185327,-0.008749949823709358,479.5850542949801,458.3364112246045,432.36483131244887,0.03613476021541828,400.0,0.809027598375863,458.30027646438907,23.98936970143058,5.100283248368335,599.6172897879526,0.0002918400273062005,1.767502203620097e-05,False,True,RELEASE,RELEASED,
7.7119999999957605,LOWERING,0.2362928046901055,1353.8580438052109,43.34378765624662,-0.04117807650042453,323.46127528300116,1.6889766515065785,-0.8560748857160443,1.455945713060977,0.9548836101443768,-4.1668274654436654,-590.7548090816683,479.61712161341944,815.695570300055,84.98957433938395,26.156799151926375,-0.008686023062523418,479.6171216134391,458.3662776493623,432.36665830919947,0.035878218222421765,400.0,0.8090739361548779,458.3303994311399,23.98937000676047,5.100136819848602,599.6173003786579,0.0002896983282640875,1.7653007489570882e-05,False,True,RELEASE,RELEASED,
7.721999999995737,LOWERING,0.23630389449298222,1353.9215836952578,43.34575905042439,-0.041179585850780576,323.46330912647613,1.6889519322132742,-0.8561263336411501,1.4558867848061243,0.9548480122413788,-4.166862823515643,-590.7875478088623,479.64896127714496,815.6676843467849,84.99008100421075,26.15712808776257,-0.008622560255389544,479.648961277163,458.3959319707934,432.3684723015337,0.03562343639435994,400.0,0.8091199442716217,458.36030853439905,23.989370309848155,5.099991466630361,599.61731089158,0.00028757233748866184,1.763138334354153e-05,False,True,RELEASE,RELEASED,
7.731999999995714,LOWERING,0.2363149052819042,1353.9846708686914,43.34771639503868,-0.04118108439630155,323.46532848441467,1.6889274017084404,-0.856177415700711,1.4558282869506538,0.954812671283962,-4.1668979396835955,-590.8200551614143,479.68057484287414,815.6400025869385,84.99058519374952,26.15745468288258,-0.008559558089814345,479.6805748428962,458.4253756403462,432.3702733788691,0.03537040356326315,400.0,0.8091656249904805,458.39000523678294,23.989370610710058,5.099847180838119,599.6173213272908,0.000285461940054077,1.760977943376929e-05,False,True,RELEASE,RELEASED,
7.7419999999956906,LOWERING,0.2363258376011322,1354.047308443897,43.3496597728943,-0.041182572548936654,323.46733345654616,1.6889030585076212,-0.856228134405553,1.4557702163764665,0.9547775854540599,-4.166932815470491,-590.8523327062247,479.7119638575449,815.6125235339481,84.99108690858355,26.157778953372112,-0.008497013276496546,479.71196385756156,458.45461010032994,432.3720616300537,0.035119108631590734,400.0,0.8092109805614359,458.41949099169835,23.98937090936247,5.099703954658507,599.6173316863541,0.0002833670260597998,1.758774840254773e-05,False,True,RELEASE,RELEASED,
7.751999999995667,LOWERING,0.2363366919914467,1354.1094995193178,43.351589298800384,-0.04118404993654085,323.46932414196164,1.6888789011385266,-0.8562784922505317,1.4557125699876448,0.9547427529459452,-4.166967452391484,-590.8843820005376,479.74312985832483,815.5852457119155,84.99158614953124,26.158100915214366,-0.008434922532728706,479.7431298583449,458.4836367839232,432.3738371433676,0.034869540538124966,400.0,0.8092560132201387,458.4487672433851,23.989371205821584,5.099561780325192,599.6173419693348,0.00028128747764899487,1.7566082533448935e-05,False,True,RELEASE,RELEASED,
7.761999999995644,LOWERING,0.2363474689901642,1354.171247173551,43.353505054895784,-0.04118551695635683,323.47130063911817,1.6888549281409644,-0.856328491714662,1.4556553447103178,0.9547081719661538,-4.1670018519541125,-590.9162045920089,479.77407437268994,815.5581676555513,84.99208291764373,26.158420584290695,-0.008373282614570599,479.77407437271034,458.51245711524734,432.3756000065276,0.03462168828139056,400.0,0.8093007251879849,458.47783542696595,23.989371500103466,5.099420650135149,599.6173521767881,0.000279223183845545,1.7544571960570465e-05,False,True,RELEASE,RELEASED,
7.771999999995621,LOWERING,0.23635816913115773,1354.2325544654632,43.355407147391254,-0.0411869734122649,323.4732630458418,1.688831138066791,-0.8563781352612065,1.4555985374925706,0.9546738407334073,-4.167036015658384,-590.947802018766,479.80479891847517,815.5312879101325,84.99257721420629,26.158737976381097,-0.00831209029661295,479.80479891849484,458.5410725094327,432.3773503066884,0.034375540941198324,400.0,0.8093451186721918,458.5066969684915,23.989371792224055,5.099280556441998,599.6173623092659,0.00027717403490790105,1.752306616253918e-05,False,True,RELEASE,RELEASED,
7.781999999995597,LOWERING,0.23636879294487365,1354.2934244342887,43.3572956523069,-0.04118841981805434,323.4752114593307,1.6888075294796896,-0.8564274253377003,1.4555421453041923,0.9546397574785394,-4.167069944996472,-590.9791758094062,479.8353050038912,815.5046050313712,84.9930690407216,26.15905310716468,-0.008251342370954262,479.8353050039138,458.5694843726106,432.3790881304473,0.034131087622427,400.0,0.8093891958658724,458.53535328498816,23.989372082199196,5.099141491649631,599.6173723673215,0.00027513991712080355,1.750160163282999e-05,False,True,RELEASE,RELEASED,
7.791999999995574,LOWERING,0.23637934095835061,1354.3538600997365,43.35917068268275,-0.04118985578342172,323.4771459761585,1.6887841009551527,-0.8564763643760889,1.4554861651365918,0.9546059204444207,-4.167103641453011,-591.0103274830833,479.865594127607,815.4781175853802,84.99355839891342,26.15936599222025,-0.008191035656977874,479.8655941276247,458.5976941020008,432.3808135638456,0.03388831750015697,400.0,0.8094329589481062,458.56380578450063,23.989372370044602,5.099003448222224,599.6173823514969,0.0002731207219861531,1.7480042401984974e-05,False,True,RELEASE,RELEASED,
7.801999999995551,LOWERING,0.2363898136952378,1354.413864462095,43.36103232429395,-0.04119128155785443,323.4790666922782,1.6887608510803627,-0.8565249547927779,1.4554305940026475,0.9545723278858816,-4.167137106504966,-591.0412585495327,479.89566777877957,815.4518241485985,84.99404529072015,26.159676647026842,-0.008131166991006467,479.8956677787957,458.62570308595195,432.38252669237266,0.03364721981029106,400.0,0.809476410084016,458.59205586614166,23.98937265577587,5.098866418676808,599.6173922623341,0.00027111633995691165,1.7458218508181744e-05,False,True,RELEASE,RELEASED,
7.811999999995527,LOWERING,0.23640021167581293,1354.4734405023364,43.36288066405955,-0.0411926973484524,323.48097370302577,1.6887377784540998,-0.8565731989887662,1.4553754289365475,0.9545389780696426,-4.167170341621848,-591.0719705091446,479.9255274371329,815.4257233077127,84.99452971829159,26.159985086964415,-0.008071733247334123,479.9255274371523,458.65351270400447,432.3842276009686,0.033407783866209684,400.0,0.8095195514248446,458.62010492013826,23.98937293940849,5.098730395587837,599.6174021003716,0.00026912666487977077,1.7436499433642894e-05,False,True,RELEASE,RELEASED,
7.821999999995504,LOWERING,0.23641053541700072,1354.532591182221,43.36471580174355,-0.04119410303907332,323.48286710312243,1.688714881686586,-0.8566210993496416,1.455320666993619,0.9545058692742346,-4.167203348265352,-591.102464852958,479.9551745729575,815.3998136595717,84.99501168397958,26.160291327314095,-0.008012731292296849,479.9551745729765,458.6811243268747,432.3859163740278,0.033169998994367234,400.0,0.8095623851080294,458.6479543278803,23.989373220957845,5.098595371577642,599.6174118661414,0.00026715158580969955,1.7414753642697178e-05,False,True,RELEASE,RELEASED,
7.831999999995481,LOWERING,0.23642078543239062,1354.5913194443997,43.36653782958679,-0.04119549867949929,323.48474698667803,1.6886921593994644,-0.8566686582457282,1.4552663052502417,0.954472999789927,-4.1672361278896926,-591.1327430627491,479.98461064719606,815.374093811146,84.99549119033802,26.160595383258777,-0.007954158043730786,479.98461064721323,458.7085393165647,432.3875930954,0.03293385460301579,400.0,0.8096049132572753,458.6756054619617,23.989373500439193,5.098461339329207,599.6174215601754,0.0002651909987685386,1.7392947029293282e-05,False,True,RELEASE,RELEASED,
7.8419999999954575,LOWERING,0.23643096223225443,1354.6496282125145,43.368346831634526,-0.04119688450162544,323.4866134471946,1.6886696102256111,-0.85671587803213,1.455212340803621,0.954440367918659,-4.167268681941401,-591.1628066110464,480.01383711147207,815.3485623794127,84.99596824011351,26.16089726988368,-0.007896010425383793,480.0138371114905,458.73575902637134,432.38925784839466,0.03269934014548426,400.0,0.8096471379826231,458.70305968622586,23.989373777867687,5.098328291574071,599.6174311829951,0.0002632447962982454,1.7371022295264993e-05,False,True,RELEASE,RELEASED,
7.851999999995434,LOWERING,0.2364410663235666,1354.7075203913146,43.370142915806035,-0.041198260149609305,323.4884665775712,1.6886472328091828,-0.8567627610489005,1.4551587707717588,0.9544079719739595,-4.167301011859774,-591.1926569612417,480.04285540818967,815.3232179913532,84.99644283625514,26.161197002177104,-0.007838285381581045,480.0428554082062,458.7627848009751,432.3909107157843,0.032466445159855084,400.0,0.8096890613805261,458.73031835581526,23.989374053258366,5.098196221100952,599.6174407351276,0.00026131287537900505,1.7349031281810312e-05,False,True,RELEASE,RELEASED,
7.861999999995411,LOWERING,0.23645109821001897,1354.764998866742,43.37192613945873,-0.04119962646698454,323.4903064701047,1.6886250258053221,-0.8568093096209775,1.4551055922931675,0.9543758102808803,-4.167333119076196,-591.2222955675302,480.07166697049695,815.2980592837976,84.99691498188744,26.161494595030575,-0.007780979887343165,480.0716669705148,458.7896179764225,432.39255177980647,0.03223515920643649,400.0,0.8097306855339262,458.75738281721607,23.989374326626166,5.098065120747523,599.617450217086,0.000259395130632889,1.732701332457509e-05,False,True,RELEASE,RELEASED,
7.871999999995388,LOWERING,0.2364610583920409,1354.822066506046,43.373696616794824,-0.04120098291817591,323.492133216495,1.6886029878802098,-0.8568555260583784,1.4550528025268334,0.9543438811759195,-4.167365005014703,-591.2517238750376,480.1002732224022,815.2730849034175,84.99738468032447,26.161790063239643,-0.007724090928263649,480.10027322241876,458.8162598802368,432.3941811221673,0.03200547193091552,400.0,0.8097720125123287,458.7842544083059,23.989374597985908,5.097934983404697,599.6174596293887,0.0002574914583357568,1.7305372466580593e-05,False,True,RELEASE,RELEASED,
7.881999999995364,LOWERING,0.23647094736681662,1354.8787261578818,43.375454429332606,-0.04120232973793473,323.493946907847,1.6885811177109378,-0.8569014126562354,1.4550003986520654,0.9543121830069533,-4.167396671091792,-591.2809433198363,480.1286755787943,815.24829350665,84.99785193505929,26.162083421504228,-0.007667615522450433,480.1286755788116,458.8427118314102,432.39579882404365,0.03177737301308525,400.0,0.8098130443718726,458.8109344583971,23.989374867352307,5.097805802016979,599.6174689725435,0.0002556017570336522,1.7283588931604754e-05,False,True,RELEASE,RELEASED,
7.891999999995341,LOWERING,0.23648076562830256,1354.934980652412,43.37719966857392,-0.041203666907095086,323.49574763467456,1.6885594139853757,-0.8569469716948847,1.454948377868302,0.9542807141331618,-4.167428118716435,-591.3099553289875,480.15687544549655,815.2236837595997,84.99831674975931,26.162374684429267,-0.007611550696651648,480.1568754455115,458.8689751404719,432.39740496608675,0.03155085219174225,400.0,0.8098537831553982,458.83742428828015,23.989375134739973,5.097677569576898,599.6174782470592,0.0002537259230015465,1.7261746052099625e-05,False,True,RELEASE,RELEASED,
7.901999999995318,LOWERING,0.23649051366724616,1354.990832801412,43.37893241604022,-0.041204994631892686,323.49753548690376,1.6885378754021192,-0.8569922054399469,1.454896737395022,0.9542494729249595,-4.1674593492901515,-591.3387613205972,480.1848742193167,815.199254338,84.99877912826359,26.162663866525143,-0.007555893508879308,480.18487421933736,458.8950511095446,432.3989996284248,0.03132589926963192,400.0,0.8098942308925309,458.863725210275,23.98937540016341,5.097550279129558,599.6174874534385,0.00025186385459274874,1.7239971043636615e-05,False,True,RELEASE,RELEASED,
7.911999999995294,LOWERING,0.23650019197120237,1355.0462853983652,43.3806527613382,-0.041206312910389155,323.4993105538761,1.6885165006703782,-0.8570371161424215,1.4548454744715746,0.954218457763923,-4.16749036420704,-591.3673627038606,480.21267328810234,815.1750039271276,84.99923907458003,26.162950982208297,-0.007500641030219413,480.21267328811325,458.9209410323716,432.4005828906658,0.0311025041000903,400.0,0.8099343895997451,458.8898385282715,23.989375663637013,5.097423923770502,599.6174965921797,0.00025001545063219055,1.7218311882061244e-05,False,True,RELEASE,RELEASED,
7.921999999995271,LOWERING,0.2365098010245521,1355.1013412185707,43.38236078995721,-0.0412076218254659,323.50107292435143,1.6884952885098692,-0.8570817060387169,1.4547945863570533,0.9541876670427225,-4.1675211648536115,-591.3957608790823,480.24027403075934,815.1509312217382,84.99969659287612,26.16323604580164,-0.007445790355518511,480.2402740307753,458.946646194371,432.40215483190036,0.0308806565955706,400.0,0.809974261280438,458.9157655377754,23.989375925175068,5.097298496649987,599.6175056637795,0.0002481806146494847,1.7196405678987503e-05,False,True,RELEASE,RELEASED,
7.931999999995248,LOWERING,0.23651934130852004,1355.1560030192427,43.384056588227345,-0.041208921425892726,323.5028226865116,1.6884742376507889,-0.8571259773508084,1.454744070330185,0.9541570991650493,-4.167551752609133,-591.4239572377681,480.2676778173467,815.1270349260217,85.00015168748507,26.16351907153515,-0.007391338600086783,480.2676778173607,458.9721678726802,432.40371553070474,0.03066034672559681,400.0,0.810013847925003,458.9415075259546,23.989376184791766,5.097173990960738,599.6175146687295,0.0002463592440369311,1.717453858418594e-05,False,True,RELEASE,RELEASED,
7.941999999995224,LOWERING,0.23652881330119135,1355.2102735396072,43.38574024511876,-0.04121021168322621,323.50455992796356,1.6884533468336216,-0.857169932286232,1.4546939236891296,0.9541267525455479,-4.167582128845272,-591.4519531626149,480.2948860090745,815.1033137534919,85.00060436288985,26.163800073546348,-0.007337282895605313,480.29488600909093,458.997507336191,432.405265065144,0.030441564506702434,400.0,0.8100531515109012,458.9670657716843,23.989376442501186,5.097050399951999,599.6175236075202,0.00024455124324340716,1.715308280836325e-05,False,True,RELEASE,RELEASED,
7.951999999995201,LOWERING,0.23653821747753043,1355.2641555010098,43.38741184200785,-0.04121149273749965,323.5062847357427,1.6884326148091846,-0.8572135730382587,1.454644143751441,0.954096625609747,-4.167612294926549,-591.4797500276194,480.32189995840633,815.0797664269802,85.00105462373368,26.164079065880866,-0.007283620400926338,480.3218999584218,459.022665845617,432.4068035127742,0.030224300025054163,400.0,0.8100921740027353,458.99244154559193,23.989376698317315,5.096927716915607,599.6175324806342,0.0002427565112732566,1.7130979813373415e-05,False,True,RELEASE,RELEASED,
7.961999999995178,LOWERING,0.23654755430939642,1355.3176516070043,43.38907145559401,-0.04121276482726513,323.5079971963155,1.6884120403383551,-0.8572569017858478,1.454594727853795,0.9540667167939884,-4.167642252209758,-591.5073491980337,480.3487210090342,815.0563916784895,85.0015024747969,26.16435606249283,-0.007230348292637245,480.34872100905176,459.0476446535007,432.40833095064585,0.030008543398366783,400.0,0.8101309173523189,459.01763611010233,23.989376952254027,5.096805935198964,599.6175412885551,0.0002409749540257522,1.710938113319571e-05,False,True,RELEASE,RELEASED,
7.9719999999951545,LOWERING,0.23655682426556335,1355.3707645434679,43.39071918011202,-0.04121402775665231,323.5096973955833,1.6883916221922008,-0.8572999206938726,1.4545456733520234,0.9540370245453603,-4.1676720020446965,-591.5347520305174,480.37535049601024,815.0331882492235,85.00194792101797,26.164631077245474,-0.007177463756761426,480.37535049602354,459.0724450043043,432.40984745530585,0.02979428482694857,400.0,0.8101693834987427,459.04265071947736,23.98937720432511,5.0966850481895145,599.6175500317601,0.00023920647024233688,1.7087571677620872e-05,False,True,RELEASE,RELEASED,
7.981999999995131,LOWERING,0.23656602781173436,1355.423496978683,43.392355096476315,-0.04121528163590471,323.51138541888554,1.6883713591516936,-0.8573426319130644,1.4544969776208256,0.9540075473216272,-4.1677015457735305,-591.5619598730815,480.4017897457193,815.010154889437,85.00239096746604,26.16490412391168,-0.0071249640154746885,480.4017897457365,459.09706813441096,432.41135310280174,0.02958151453992741,400.0,0.8102075743684592,459.06748661987103,23.989377454544226,5.096565049333011,599.6175587107236,0.00023745096862270998,1.706566911252594e-05,False,True,RELEASE,RELEASED,
7.991999999995108,LOWERING,0.23657516541056164,1355.475851563452,43.39397928322639,-0.04121652661878271,323.5130613510013,1.6883512500077726,-0.8573850375801795,1.4544486380537618,0.9539782835911637,-4.16773088473126,-591.5889740652026,480.42804007597283,814.9872903584367,85.0028316193553,26.165175216174184,-0.007072846300161473,480.42804007598966,459.1215152721802,432.4128479686822,0.029370222821398784,400.0,0.8102454918753349,459.0921450493588,23.98937770292497,5.09644593211126,599.6175673259183,0.00023570834780262118,1.704336011698615e-05,False,True,RELEASE,RELEASED,
8.001999999995085,LOWERING,0.23658423752166263,1355.5278309311882,43.395591820566125,-0.04121776280570926,323.51472527615573,1.6883312935611767,-0.8574271398180523,1.4544006520630384,0.953949231832886,-4.167760020245589,-591.615795937843,480.4541027960458,814.9645934244768,85.00326988203295,26.165444367626634,-0.007021107863693032,480.45410279605693,459.14578763803166,432.41433212800274,0.029160400037710588,400.0,0.8102831379207307,459.11662723799395,23.98937794948081,5.096327690065085,599.6175758778085,0.0002339785175360376,1.702189695151901e-05,False,True,RELEASE,RELEASED,
8.011999999995062,LOWERING,0.23659324460163736,1355.5794376980168,43.39719279285456,-0.041218990184096096,323.51637727802057,1.688311488622373,-0.8574689407356637,1.4543530170793997,0.9539203905361848,-4.167788953636906,-591.6424268134913,480.47997920671673,814.9420628647053,85.0037057609771,26.16571159177364,-0.006969745975538899,480.47997920673,459.1698864444438,432.4158056553265,0.028952036594830588,400.0,0.810320514393577,459.140934407849,23.98937819422513,5.096210316779069,599.6175843668593,0.00023226138519927275,1.7000257457766565e-05,False,True,RELEASE,RELEASED,
8.021999999995039,LOWERING,0.2366021871040845,1355.6306744628675,43.3987822869578,-0.041220208667975676,323.51801743971794,1.6882918340114914,-0.8575104424282044,1.4543057305520288,0.9538917582008578,-4.167817686218276,-591.6688680061975,480.50567060030585,814.9196974651161,85.00413926179328,26.165976902031417,-0.006918757933135566,480.50567060032245,459.1938128960031,432.41726862472814,0.0287451229427802,400.0,0.8103576231704384,459.16506777306034,23.989378437171197,5.096093805886131,599.6175927935336,0.00023055686016792976,1.69783186265704e-05,False,True,RELEASE,RELEASED,
8.031999999995016,LOWERING,0.23661106547962074,1355.6815438075832,43.40036037445107,-0.04122141852509141,323.51964584382347,1.6882723285582475,-0.8575516469772154,1.454258789948389,0.9538633333370453,-4.167846219295699,-591.6951208216586,480.53117826075726,814.8974960204696,85.00457039021545,26.166240311728252,-0.006868141044719778,480.53117826076874,459.21756818946454,432.41872110979506,0.0285396495975192,400.0,0.8103944661155812,459.189028539867,23.989378678332212,5.0959781510589055,599.6176011582857,0.00022886484640771698,1.6957919910964847e-05,False,True,RELEASE,RELEASED,
8.041999999994992,LOWERING,0.23661988017589533,1355.7320482970056,43.4019271442152,-0.041222619594902477,323.52126257236966,1.6882529711018168,-0.8575925564505723,1.454212192754099,0.9538351144651603,-4.167874554167749,-591.7211865572016,480.55650346363564,814.8754573342355,85.00499915209555,26.166501834105045,-0.0068178926351265545,480.5565034636476,459.2411535137706,432.42016318363216,0.0283356071093408,400.0,0.8104310450810485,459.21281790666126,23.989378917721247,5.0958633460263005,599.6176094615709,0.00022718525766585174,1.6934842278715223e-05,False,True,RELEASE,RELEASED,
8.051999999994969,LOWERING,0.2366286316376084,1355.7821904790785,43.403482655784316,-0.04122381240790084,323.5228677068488,1.6882337604907929,-0.8576331729026363,1.4541659364728081,0.9538071001158266,-4.167902692125909,-591.7470665018748,480.5816474762118,814.8535802185297,85.00542555340513,26.166761482315803,-0.006768010058294749,480.581647476225,459.2645700501357,432.4215949188628,0.028132986109994818,400.0,0.8104673619067231,459.2364370640257,23.9893791553513,5.09574938455457,599.6176177038418,0.0002255180007306734,1.6913142644625623e-05,False,True,RELEASE,RELEASED,
8.061999999994946,LOWERING,0.236637320306528,1355.8319728849465,43.405027009855814,-0.041224996494133435,323.5244613282161,1.6882146955831117,-0.8576734983743067,1.4541200186260952,0.9537792888298104,-4.167930634454495,-591.7727619364794,480.60661155749597,814.8318634940655,85.00584960023345,26.1670192694281,-0.006718490677712907,480.6066115575128,459.28781897205005,432.42301638763297,0.027931777268861424,400.0,0.8105034184204003,459.2598871947812,23.98937939123527,5.095636260458993,599.6176258855438,0.00022386298622745215,1.6891569657673244e-05,False,True,RELEASE,RELEASED,
8.071999999994922,LOWERING,0.2366459466215065,1355.8813980290483,43.406560269879634,-0.04122617226434296,323.5260435168931,1.688195775245935,-0.8577135348930971,1.4540744367532945,0.9537516791579571,-4.167958382430665,-591.7982741336086,480.63139695828636,814.8103059900702,85.00627129878053,26.16727520842366,-0.006669331880061691,480.6313969582991,459.31090144533937,432.4244276616134,0.02773197130943572,400.0,0.8105392164378586,459.28316947402993,23.98937962538597,5.095523967595763,599.6176340071225,0.0002222201216177666,1.6869502246663615e-05,False,True,RELEASE,RELEASED,
8.081999999994899,LOWERING,0.23665451101849688,1355.9304684092108,43.40808252058321,-0.04122733960605673,323.52761435276994,1.688176998355612,-0.8577532844731921,1.4540291884114347,0.9537242696611246,-4.167985937324383,-591.823604357684,480.6560049211997,814.7889065442541,85.00669065535668,26.16752931219867,-0.006620531070325342,480.6560049212095,459.33381862820045,432.4258288120021,0.02753355900108545,400.0,0.8105747577629293,459.30628506919936,23.989379857816097,5.09541249987357,599.6176420690181,0.00022058932190560654,1.6847552046783676e-05,False,True,RELEASE,RELEASED,
8.091999999994876,LOWERING,0.2366630139305707,1355.979186506751,43.40959384424282,-0.04122849845291121,323.52917391520924,1.688158363797536,-0.8577927491155504,1.453984271175022,0.9536970589101197,-4.168013300398503,-591.8487538650088,480.680436680737,814.7676640027018,85.00710767637614,26.16778159356443,-0.006572085668835825,480.68043668074586,459.35657167126357,432.4272199095272,0.027336531183038915,400.0,0.8106100441875577,459.3292351400805,23.989380088538283,5.095301851235838,599.6176500716705,0.00021897049398234003,1.682562015048461e-05,False,True,RELEASE,RELEASED,
8.101999999994852,LOWERING,0.23667145578793305,1356.0275547865624,43.411094304707014,-0.04122964916791627,323.5307222830484,1.6881398704661907,-0.8578319308079735,1.4539396826360687,0.9536700454856354,-4.168040472908855,-591.8737239038181,480.7046934633224,814.7465772198964,85.00752236836337,26.168032065247758,-0.00652399311377394,480.70469346333664,459.37916171760236,432.42860102444973,0.027140878728744156,400.0,0.8106450774918739,459.3520208388736,23.989380317565047,5.095192015676375,599.6176580155105,0.00021736355083668002,1.680417494753783e-05,False,True,RELEASE,RELEASED,
8.11199999999483,LOWERING,0.23667983701794135,1356.0755756972226,43.41258398119872,-0.04123079173273557,323.53225953460384,1.6881215172649195,-0.857870831525189,1.453895420403784,0.953643227978186,-4.168067456104201,-591.8985157143167,480.7287764873549,814.7256450585564,85.00793473793806,26.168280739891564,-0.006476250869127398,480.7287764873712,459.4015899028208,432.42997222656675,0.02694659258656884,400.0,0.8106798594442661,459.3746433102342,23.989380544908826,5.095082987235212,599.6176659009722,0.00021576840837234101,1.6782086504463223e-05,False,True,RELEASE,RELEASED,
8.121999999994806,LOWERING,0.2366881580451196,1356.1232516710754,43.414062962679004,-0.04123192588299474,323.5337857476721,1.688103303105946,-0.8579094532288882,1.4538514821045911,0.9536166049880419,-4.16809425122616,-591.923130528703,480.75268696323167,814.7048663896496,85.00834479181954,26.168527630055152,-0.006428856402749261,480.7526869632433,459.423857355033,432.4313335852129,0.026753663722672627,400.0,0.810714391801443,459.39710369131035,23.989380770581963,5.094974759989033,599.6176737284818,0.0002141849768477755,1.676046281318122e-05,False,True,RELEASE,RELEASED,
8.131999999994783,LOWERING,0.2366964192911767,1356.1705851243344,43.41553131075584,-0.041233051997956696,323.5353009995351,1.688085226910316,-0.8579477978678436,1.4538078653820008,0.9535901751251696,-4.168120859509418,-591.9475695712447,480.77642609341797,814.6842400923384,85.00875253682565,26.168772748214945,-0.00638180721318804,480.77642609342996,459.44596519497446,432.43268516926446,0.026562083185410756,400.0,0.8107486763085017,459.41940311178905,23.989380994596708,5.094867328065471,599.6176814984668,0.0002126131739963455,1.673862254847336e-05,False,True,RELEASE,RELEASED,
8.14199999999476,LOWERING,0.2367046211750216,1356.2175784571716,43.41698910394196,-0.04123417003908617,323.53680536696174,1.6880672876077143,-0.8579858673779813,1.4537645678963698,0.9535639370091672,-4.168147282181678,-591.971834058306,480.7999950724917,814.6637650538478,85.00915797986288,26.169016106764822,-0.006335100814794714,480.7999950725015,459.4679145360086,432.4340270471411,0.026371842071455376,400.0,0.8107827146989975,459.44154269393715,23.98938121696523,5.0947606856257215,599.6176892113481,0.00021105290996104031,1.671678262482601e-05,False,True,RELEASE,RELEASED,
8.151999999994736,LOWERING,0.23671276411278103,1356.2642340538166,43.41843640915331,-0.0412352802337014,323.5382989262113,1.6880494841365077,-0.85802366368241,1.4537215873249398,0.9535378892692018,-4.168173520463576,-591.9959251983806,480.823395087162,814.643440169499,85.00956112793072,26.169257718016624,-0.006288734728968848,480.823395087167,459.4897064841639,432.43535928680905,0.026182931518746955,400.0,0.8108165086950104,459.46352355264514,23.989381437699603,5.094654826883983,599.6176968675445,0.00020950410467790448,1.6695033423275163e-05,False,True,RELEASE,RELEASED,
8.161999999994713,LOWERING,0.2367208485178135,1356.3105542826404,43.41987331248245,-0.041236382337029115,323.53978175303655,1.6880318154436202,-0.8580611886915422,1.4536789213616406,0.9535120305439487,-4.168199575568856,-592.0198441921498,480.8466273163402,814.623264342605,85.00996198811643,26.169497594200635,-0.006242706506213835,480.8466273163499,459.5113421381883,432.4366819557837,0.025995342717862968,400.0,0.8108500600072142,459.48534679547043,23.989381656811815,5.094549746087957,599.617704467472,0.00020796667080613673,1.6673021377755504e-05,False,True,RELEASE,RELEASED,
8.17199999999469,LOWERING,0.23672887480072793,1356.3565414962577,43.42129987674952,-0.04123747665028309,323.54125392268554,1.6880142804844287,-0.8580984443031542,1.4536365677169343,0.9534863594815294,-4.168225448704328,-592.043592232521,480.86969293117807,814.603236484395,85.01036056758973,26.169735747465932,-0.006197013712721855,480.86969293118887,459.5328225895797,432.4379951211309,0.025809066907470424,400.0,0.8108833703349357,459.50701352267225,23.989381874313757,5.094445437534521,599.6177120115422,0.00020644052816543024,1.6651010355417384e-05,False,True,RELEASE,RELEASED,
8.181999999994666,LOWERING,0.23673684336939801,1356.4021980316134,43.42271618008854,-0.04123856309537715,323.54271550990603,1.6879968782227508,-0.8581354324024328,1.4535945241177957,0.9534608747394485,-4.168251141069817,-592.0671705046558,480.89259309509555,814.5833555140082,85.01075687360435,26.169972189881,-0.00615165392707695,480.8925930951075,459.5541489226448,432.43929884947124,0.025624095386831414,400.0,0.8109164413662228,459.52852482725797,23.98938209021725,5.094341895556885,599.6177195001686,0.00020492559226514828,1.662909926380962e-05,False,True,RELEASE,RELEASED,
8.191999999994643,LOWERING,0.23674475462897984,1356.4475262100805,43.42412229115517,-0.041239641809538645,323.54416658894814,1.6879796076307525,-0.8581721548621063,1.4535527883075312,0.9534355749845352,-4.168276653858401,-592.0905801860473,480.9153289638599,814.5636203584062,85.01115091349675,26.17020693343426,-0.006106624740255029,480.9153289638699,459.5753222145188,432.4405932069825,0.02544041949511211,400.0,0.8109492747779096,459.5498817950237,23.989382304534015,5.094239114532236,599.617726933752,0.00020342178156962376,1.6606891904302756e-05,False,True,RELEASE,RELEASED,
8.20199999999462,LOWERING,0.2367526089819271,1356.492528337549,43.42551828889855,-0.041240712671261406,323.545607233567,1.6879624676888496,-0.8582086135424624,1.4535113580456653,0.95341045889288,-4.168301988256215,-592.1138224465277,480.9379016855978,814.5440299523148,85.01154269467654,26.170439990034414,-0.006061923781658152,480.9379016856057,459.59634353524484,432.4418782594014,0.025258030645943563,400.0,0.8109818722356891,459.5710855045989,23.98938251727569,5.0941370888805375,599.6177343127009,0.00020192901666682417,1.658480732658063e-05,False,True,RELEASE,RELEASED,
8.211999999994596,LOWERING,0.23676040682800661,1356.537206704514,43.42690423534822,-0.041241775952899136,323.5470375170263,1.6879454573856598,-0.8582448102914428,1.4534702311078445,0.9533855251497783,-4.16832714544256,-592.1368984483224,480.9603124008524,814.5245832381793,85.0119322246312,26.17067137151101,-0.0060175486720481786,480.96031240086563,459.61721394776293,432.44315407202754,0.025076920276944747,400.0,0.8110142353941727,459.592137027486,23.989382728453837,5.094035813056375,599.6177416374156,0.0002004472132224322,1.656259325955034e-05,False,True,RELEASE,RELEASED,
8.221999999994573,LOWERING,0.23676814856431583,1356.5815635861757,43.428280200294125,-0.04124283172894942,323.5484575120994,1.6879285757179674,-0.8582807469447213,1.4534294052857526,0.9533607724496642,-4.168352126589979,-592.1598093461027,480.98256224262786,814.5052791661249,85.01231951092296,26.1709010896147,-0.005973497060153932,480.98256224263537,459.63793450797414,432.4444207097241,0.024897079873483108,400.0,0.8110463658969593,459.61303742810065,23.98938293807992,5.09393528156123,599.617748908294,0.0001989762931309258,1.6540629303563037e-05,False,True,RELEASE,RELEASED,
8.23199999999455,LOWERING,0.23677583458529627,1356.6256012425185,43.42964626798804,-0.0412438797154762,323.5498672910751,1.687911821690582,-0.8583164253257644,1.4533888783869306,0.9533361994960581,-4.168376932864207,-592.182556287012,481.00465233643143,814.4861166938651,85.01270456118147,26.171129156018075,-0.005929766620283772,481.00465233643985,459.65850626482586,432.44567823692233,0.024718501011079752,400.0,0.811078265376697,459.6337877638148,23.98938314616534,5.093835488928486,599.6177561257307,0.00019751617152330425,1.6519377254553547e-05,False,True,RELEASE,RELEASED,
8.241999999994526,LOWERING,0.23678346528275138,1356.6693219184106,43.43100249485314,-0.041244920284140944,323.55126692575726,1.6878951943163174,-0.858351847245887,1.4533486482347215,0.9533118050015005,-4.168401565424121,-592.2051404107013,481.0265838003028,814.4670947866781,85.01308738310611,26.171355582315666,-0.005886355022198586,481.026583800314,459.6789302602455,432.44692671762266,0.024541175249396474,400.0,0.8111099354551505,459.6543890849961,23.98938335272139,5.09373642974487,599.6177632901152,0.00019606677611072598,1.649672594794538e-05,False,True,RELEASE,RELEASED,
8.251999999994503,LOWERING,0.23679104104586166,1356.7127278436915,43.432348956774014,-0.04124595332844182,323.5526564874704,1.6878786926159175,-0.8583870145043833,1.4533087126681206,0.9532875876874982,-4.168426025422049,-592.2275628494101,481.04835774489436,814.4482124173326,85.01346798446309,26.171580380024757,-0.005843259972721171,481.04835774490414,459.69920752930415,432.4481662153976,0.02436509426001976,400.0,0.8111413777432568,459.6748424350441,23.98938355775928,5.093638098628522,599.6177704018411,0.00019462802786485156,1.6475130678372807e-05,False,True,RELEASE,RELEASED,
8.26199999999448,LOWERING,0.23679856226120005,1356.7558212332615,43.43368570564754,-0.04124697930547103,323.5540360470615,1.687862315617981,-0.8584219288885272,1.453269069541698,0.9532635462844625,-4.168450314003467,-592.2498247279613,481.0699752734736,814.4294685660524,85.01384637308217,26.171803560585797,-0.005800479180265938,481.06997527348346,459.71933910017526,432.44939679339535,0.02419024973477235,400.0,0.8111725938412007,459.6951488504405,23.989383761290163,5.09354049023396,599.617777461292,0.00019319984561860792,1.645266092964448e-05,False,True,RELEASE,RELEASED,
8.271999999994456,LOWERING,0.23680602931274736,1356.798604287168,43.43501284811886,-0.04124799734839587,323.55540567490226,1.6878460623589018,-0.8584565921736746,1.4532297167254773,0.9532396795316521,-4.168474432307183,-592.2719271638235,481.09143748198403,814.4108622204556,85.0142225568546,26.17202513536265,-0.00575801037985002,481.09143748199506,459.7393259941872,432.45061851434093,0.024016633404130516,400.0,0.8112035853384747,459.71530936078307,23.989383963325096,5.09344359926094,599.6177844688536,0.000191782154337794,1.643061057166051e-05,False,True,RELEASE,RELEASED,
8.281999999994433,LOWERING,0.2368134425819082,1356.841079190699,43.436330409958515,-0.041249008517856116,323.55676544089346,1.687829931882809,-0.8584910061233592,1.4531906521048192,0.953215986177116,-4.168498381465444,-592.2938712671664,481.112745459102,814.3923923754996,85.01459654373394,26.172245115643335,-0.005715851313198073,481.11274545911135,459.7591692259107,432.45183144053954,0.02384423708264194,400.0,0.8112343538139414,459.73532498882804,23.989384163875055,5.093347420440397,599.6177914249063,0.00019037487273454445,1.6408758028774173e-05,False,True,RELEASE,RELEASED,
8.29199999999441,LOWERING,0.23682080244752618,1356.8832481144684,43.4376384782508,-0.041250012393329726,323.5581154144658,1.687813923241471,-0.858525172489303,1.453151873580315,0.9531924649776325,-4.168522162603723,-592.3156581408665,481.1339002862451,814.3740580334268,85.01496834172775,26.172463512640203,-0.005673999746818481,481.13390028624985,459.77886980312246,432.4530356338784,0.02367305259474506,400.0,0.8112649008358958,459.7551967505277,23.989384362950936,5.093251948551652,599.6177983298248,0.00018897792900141042,1.6386425045311626e-05,False,True,RELEASE,RELEASED,
8.301999999994386,LOWERING,0.2368281092858999,1356.9251132145082,43.43893713666215,-0.041251008625065484,323.5594556645846,1.6877980354942737,-0.8585590930115352,1.453113379067697,0.9531691146986547,-4.16854577684095,-592.3372888805789,481.1549030376435,814.355858203725,85.01533795890185,26.172680337490583,-0.0056324534587020025,481.1549030376521,459.79842872691404,432.45423115583003,0.023503071839854783,400.0,0.8112952279621314,459.7749256550742,23.98938456056355,5.093157178407044,599.6178051839892,0.0001875912471831498,1.6364505427191034e-05,False,True,RELEASE,RELEASED,
8.311999999994363,LOWERING,0.23683536347079748,1356.9666766323521,43.440226409738074,-0.041251998269326615,323.56078625975147,1.6877822677081227,-0.8585927694184581,1.453075166497699,0.9531459341142531,-4.168569225289522,-592.3587645747747,481.17575478038015,814.3377919030561,85.01570540337605,26.172895601257146,-0.005591210237639643,481.1757547803891,459.8178469916954,432.4554180674541,0.023334286761155454,400.0,0.8113253367399977,459.7945127049342,23.98938475672364,5.093063104855772,599.6178119877676,0.00018621475096214368,1.6342340586561477e-05,False,True,RELEASE,RELEASED,
8.32199999999434,LOWERING,0.23684256537347198,1357.0079404951234,43.441506390374805,-0.04125298073287773,323.56210726800754,1.687766618957391,-0.8586262034268974,1.4530372338159732,0.953122922007059,-4.168592509055238,-592.3800863047685,481.19645657442084,814.3198581552178,85.01607068332052,26.173109314928404,-0.005550267900957806,481.19645657442857,459.8371255852373,432.45659642940046,0.023166689342758673,400.0,0.81135522870647,459.81395889589453,23.989384951441856,5.092969722790714,599.6178187415322,0.0001848483699600223,1.6319972928613424e-05,False,True,RELEASE,RELEASED,
8.331999999994316,LOWERING,0.23684971536267665,1357.0489069156226,43.44277714243803,-0.04125395610736217,323.5634187569359,1.6877510883238798,-0.858659396742164,1.4529995789830163,0.9531000771682061,-4.168615629237325,-592.4012551447594,481.2170094726529,814.3020559911106,85.01643380695717,26.173321489419067,-0.005509624270530367,481.21700947265913,459.8562654887178,432.457766301911,0.02300027161896878,400.0,0.8113849053882088,459.8332652170988,23.989385144728793,5.092877027131042,599.617825445652,0.0001834920243126703,1.6297820252475503e-05,False,True,RELEASE,RELEASED,
8.341999999994293,LOWERING,0.2368568138046806,1357.0895779924172,43.444038743492584,-0.041254924145140405,323.56472079366523,1.6877356748966872,-0.8586923510581551,1.4529621999739688,0.9530773983972767,-4.168638586928547,-592.422272161885,481.23741452094634,814.2843844486326,85.01679478255338,26.173532135570632,-0.005469277184488419,481.2374145209564,459.8752676767649,432.458927744823,0.022835025678034526,400.0,0.8114143683016203,459.8524326510869,23.989385336594943,5.092785012843007,599.6178321004865,0.00018214564381224818,1.627567212381109e-05,False,True,RELEASE,RELEASED,
8.35199999999427,LOWERING,0.2368638610632831,1357.1299558099233,43.4452912282154,-0.04125588561562358,323.56601344487115,1.6877203777722418,-0.8587250680573919,1.4529250947786356,0.9530548845022446,-4.168661383215166,-592.4431384162505,481.2576727581763,814.2668425726995,85.01715361842506,26.173741264151634,-0.005429224503131991,481.25767275818527,459.89413311747154,432.46008081757043,0.02267094363691058,400.0,0.811443618952921,459.87146217383463,23.98938552705074,5.092693674925275,599.6178387064023,0.0001808091546235957,1.6253522858278302e-05,False,True,RELEASE,RELEASED,
8.361999999994246,LOWERING,0.2368708574998286,1357.1700424384924,43.44653468099175,-0.04125684008600294,323.5672967767801,1.6877051960541616,-0.8587575494111216,1.4528882614012757,0.9530325342994217,-4.168684019177052,-592.4638549609801,481.27778521628466,814.2494294151337,85.01751032293208,26.17394888585822,-0.005389464095060248,481.277785216296,459.91286277247565,432.461225579187,0.022508017686391213,400.0,0.8114726588381932,459.89035475478926,23.989385716106536,5.092603008411123,599.6178452637554,0.00017948248179244786,1.6231723407145182e-05,False,True,RELEASE,RELEASED,
8.371999999994223,LOWERING,0.23687780347322243,1357.2098399344998,43.44776915694939,-0.041257787813958544,323.56857085517174,1.6876901288532256,-0.8587897967793336,1.4528516978605654,0.9530103466133988,-4.168706495887532,-592.4844228422355,481.2977529202918,814.2321440346531,85.01786490447503,26.17415501131458,-0.005349993846152756,481.29775292029916,459.93145759695847,432.4623620883089,0.02234624004501029,400.0,0.8115014894434517,459.90911135691346,23.989385903772597,5.092513008378562,599.6178517729023,0.00017816555846650317,1.620928890133655e-05,False,True,RELEASE,RELEASED,
8.3819999999942,LOWERING,0.23688469933994485,1357.2493503404278,43.44899474115398,-0.041258728329004214,323.5698357453816,1.6876751752873413,-0.8588218118109012,1.4528154021894861,0.9529883202769949,-4.168728814413708,-592.5048430992935,481.3175768883797,814.2149854968138,85.01821737149987,26.174359651073313,-0.005310811659569481,481.31757688838934,459.9499185397196,432.4634904031763,0.022185603000025367,400.0,0.8115301122447023,459.92773293671956,23.989386090059135,5.0924236699303025,599.617858234201,0.00017685830802438574,1.618728583707707e-05,False,True,RELEASE,RELEASED,
8.391999999994177,LOWERING,0.23689154545406624,1357.2885756849498,43.45021147054707,-0.04125966230336564,323.5710915123042,1.6876603344814145,-0.8588535961435775,1.4527793724351832,0.9529664541312017,-4.168750975816195,-592.5251167645471,481.33725813189346,814.1979528739419,85.01856773248741,26.174562815615985,-0.005271915449270637,481.3372581319033,459.96824654317487,432.46461058163726,0.022026098861488208,400.0,0.8115585287080046,459.9462204443134,23.989386274976276,5.09233498820926,599.6178646479972,0.00017556065846324742,1.616550184735388e-05,False,True,RELEASE,RELEASED,
8.401999999994153,LOWERING,0.23689834216726133,1357.3275179830136,43.45141941210996,-0.041260589678784085,323.5723382203944,1.6876456055673352,-0.8588851514040607,1.4527436066589188,0.952944747025127,-4.16877298114912,-592.5452448635389,481.3567976553792,814.18104524511,85.01891599595442,26.174764515353335,-0.00523330314820214,481.3567976553898,459.9864425434121,432.46572268114846,0.02186771998168524,400.0,0.8115867402895358,459.96457482343044,23.98938645853406,5.092246958402592,599.6178710146414,0.00017427254606250386,1.614329175936291e-05,False,True,RELEASE,RELEASED,
8.41199999999413,LOWERING,0.23690508982882488,1357.366179235931,43.45261863931104,-0.041261510231084236,323.5735759336721,1.687630987683943,-0.8589164792081597,1.4527081029359408,0.9529231978159441,-4.168794831460586,-592.5652284150665,481.3761964566824,814.1642616960777,85.0192621704594,26.17496476062596,-0.005194972699314349,481.3761964566939,460.004507470258,432.46682675877844,0.021710458789414133,400.0,0.8116147484356381,459.98279701146856,23.98938664074247,5.092159575718966,599.617877334482,0.00017299389527369868,1.612136964013189e-05,False,True,RELEASE,RELEASED,
8.421999999994107,LOWERING,0.23691178878568567,1357.4045614314573,43.45380920470413,-0.0412624242268658,323.57480471572336,1.6876164799769313,-0.8589475811607674,1.4526728593554004,0.9529018053688368,-4.1688165277923055,-592.5850684311637,481.3954555269347,814.1476013192465,85.01960626459237,26.175163561704633,-0.005156922069545544,481.39545552694346,460.02244224727235,432.4679228712097,0.021554307739620526,400.0,0.8116425545828896,460.00088793953273,23.98938682161141,5.092072835411718,599.6178836078589,0.0001717246397019423,1.6099383742584905e-05,False,True,RELEASE,RELEASED,
8.431999999994083,LOWERING,0.23691843938241972,1357.4426665438677,43.45499116998658,-0.041263331703251346,323.5760246297037,1.6876020815987536,-0.8589784588558972,1.4526378740202235,0.9528805685569454,-4.1688380711794775,-592.6047659171151,481.4145758505781,814.1310632136001,85.0199482869713,26.17536092879066,-0.0051191492252655735,481.4145758505892,460.040247791803,432.4690110747418,0.021399259330678433,400.0,0.8116701601581627,460.0188485324723,23.989387001150718,5.091986732763556,599.6178898351176,0.0001704647087050759,1.6077252098511963e-05,False,True,RELEASE,RELEASED,
8.44199999999406,LOWERING,0.23692504196126754,1357.4804965340563,43.45616459931028,-0.04126423262826837,323.57723573834033,1.6875877917086692,-0.8590091138768747,1.4526031450470598,0.9528594862613153,-4.168859462651381,-592.6243218715833,481.433558405475,814.1146464846803,85.0202882462516,26.175556872016372,-0.00508165215956069,481.4335584054841,460.05792501503083,432.47009142529237,0.021245306114678897,400.0,0.8116975665786815,460.03667970891615,23.98938717937016,5.091901263090315,599.6178960165937,0.00016921403082470476,1.6055069750109396e-05,False,True,RELEASE,RELEASED,
8.451999999994037,LOWERING,0.23693159686214604,1357.5180533496027,43.45732955686644,-0.04126512695878025,323.57843810393507,1.687573609472616,-0.859039547796307,1.4525686705661625,0.9528385573708436,-4.168880703230978,-592.6437372865812,481.4524041628947,814.0983502445279,85.02062615111663,26.175751401445538,-0.005044428876658458,481.45240416290403,460.07547482198873,432.47116397840017,0.0210924406809454,400.0,0.8117247752520755,460.0543823813078,23.9893873562794,5.091816421752338,599.6179021526212,0.00016797254433953412,1.6032806456678372e-05,False,True,RELEASE,RELEASED,
8.461999999994013,LOWERING,0.23693810442266455,1357.5553389248664,43.45848608845828,-0.041266015082078,323.57963178836764,1.6875595340631362,-0.8590697621761534,1.4525344487212668,0.9528177807822262,-4.168901793934948,-592.6630131475154,481.4711140875577,814.0821736116249,85.02096201027459,26.1759445270739,-0.005007477391700377,481.47111408756876,460.09289811163313,432.4722287892282,0.02094065568348924,400.0,0.8117517875764468,460.07195745594964,23.989387531888074,5.0917322041352095,599.6179082435394,0.0001667401801839219,1.601068174750253e-05,False,True,RELEASE,RELEASED,
8.47199999999399,LOWERING,0.2369445649781377,1357.5923551810586,43.45963426669395,-0.04126689673308566,323.58081685309696,1.6875455646593929,-0.8590997585678354,1.452500477669552,0.9527971553999076,-4.168922735773931,-592.682150433253,481.48968913769716,814.0661157108759,85.02129583246429,26.176136258829374,-0.00497079573699466,481.48968913770443,460.1101957768351,432.47328591256496,0.02078994379684218,400.0,0.811778604940429,460.08940583303826,23.989387706205733,5.091648605656908,599.6179142896752,0.0001655168685088526,1.5988636050678906e-05,False,True,RELEASE,RELEASED,
8.481999999993967,LOWERING,0.23695097886160063,1357.62910402633,43.460774146967196,-0.04126777204916148,323.5819933591649,1.6875317004470558,-0.8591295385122746,1.452466755581489,0.9527766801360273,-4.16894352975244,-592.7011501161462,481.50813026508683,814.0501756735345,85.021627626448,26.176326606572665,-0.004934381961561485,481.5081302650963,460.1273687044619,432.47433540282674,0.020640297765226023,400.0,0.8118052287232378,460.1067284066967,23.98938787924184,5.091565621778176,599.617920291358,0.00016430254829291613,1.5966484284035687e-05,False,True,RELEASE,RELEASED,
8.491999999993944,LOWERING,0.23695734640382257,1357.6655873558489,43.461905793911846,-0.041268640936304696,323.5831613671977,1.6875179406182461,-0.8591591035399334,1.4524332806407685,0.9527563539103696,-4.168964176868759,-592.7200131620505,481.52643841506443,814.0343526371652,85.02195740100967,26.17651558009748,-0.004898234118286382,481.5264384150736,460.1444177753664,432.4753773140605,0.02049171034889241,400.0,0.8118316602947369,460.1239260650175,23.989388051005804,5.091483247984438,599.6179262489158,0.00016309715131779257,1.59442919311914e-05,False,True,RELEASE,RELEASED,
8.50199999999392,LOWERING,0.2369636679333205,1357.7018070518786,43.46302926261729,-0.04126950351927637,323.58432093740964,1.6875042843715227,-0.8591884551709214,1.4524000510442192,0.9527361756503124,-4.168984678115181,-592.738740530392,481.544614526596,814.0186457456105,85.02228516495694,26.17670318913114,-0.004862350290750328,481.54461452660667,460.161343864468,432.4764116999461,0.020344174372041834,400.0,0.8118579010154905,460.14099969009595,23.989388221506978,5.091401479794398,599.617932162671,0.0001619006100215259,1.5921846625133185e-05,False,True,RELEASE,RELEASED,
8.511999999993897,LOWERING,0.23696994377637487,1357.7377649838688,43.46414460337651,-0.04127036002789369,323.585472129605,1.6874907309118197,-0.8592175949150478,1.4523670650017189,0.9527161442907754,-4.1690050344779825,-592.7573331742027,481.56265953230695,814.0030541489434,85.02261092712058,26.17688944333485,-0.004826728559237381,481.5626595323085,460.17814784076796,432.4774386137977,0.02019768270190525,400.0,0.8118839522368214,460.15795015806606,23.98938839075462,5.091320312767717,599.6179380329456,0.0001607128646652356,1.590020656294655e-05,False,True,RELEASE,RELEASED,
8.521999999993874,LOWERING,0.236976174257042,1357.7734630085254,43.465251882212065,-0.04127121030534225,323.5866150031812,1.68747727945035,-0.8592465242718706,1.4523343207360575,0.9526962587741709,-4.169025246937369,-592.7757920401425,481.5805743585153,813.9875770034021,85.02293469634793,26.17707435230426,-0.0047913670248362905,481.5805743585234,460.19483056738875,432.4784581085675,0.02005222824914199,400.0,0.8119098153008696,460.1747783391396,23.98938855875794,5.091239742484373,599.6179438600616,0.00015953384503220036,1.5878131307545118e-05,False,True,RELEASE,RELEASED,
8.53199999999385,LOWERING,0.23698235969716722,1357.8089029698858,43.46635115262038,-0.04127205448516998,323.58774961713,1.6874639292045839,-0.8592752447307567,1.4523018164828785,0.9526765180503535,-4.1690453164675,-592.7941180685348,481.5983599252656,813.9722134713596,85.02325648150396,26.177257925569602,-0.004756263800118177,481.5983599252703,460.2113929015949,432.4794702368467,0.019907803954538394,400.0,0.811935491540649,460.19148509764034,23.989388725526084,5.09115976456107,599.6179496443323,0.00015836348536435452,1.585574000273482e-05,False,True,RELEASE,RELEASED,
8.541999999993827,LOWERING,0.23698850041640107,1357.8440866994133,43.46744246387403,-0.04127289279244123,323.5888760300422,1.6874506793982222,-0.8593037577709841,1.4522695504906062,0.952656921076569,-4.169065244036707,-592.8123121934377,481.6160171463914,813.9569627212952,85.02357629147312,26.177440172596505,-0.004721417024029506,481.6160171463997,460.22783569487393,432.4804750508685,0.019764402831697225,400.0,0.8119609822801044,460.20807129204223,23.989388891068103,5.0910803746549895,599.6179553860716,0.00015720172785371744,1.5833723182367976e-05,False,True,RELEASE,RELEASED,
8.551999999993804,LOWERING,0.23699459673221096,1357.8790160160618,43.46852589543755,-0.04127372471935655,323.5899943001074,1.6874375292611152,-0.8593320648617372,1.4522375210203464,0.952637466817406,-4.169085030607208,-592.8303753426316,481.6335469295137,813.9418239277405,85.02389413515532,26.17762110278588,-0.00468682482312488,481.63354692952,460.24415979289756,432.48147260250977,0.019622017894278088,400.0,0.8119862888341682,460.2245377750033,23.989389055393005,5.0910015684488625,599.6179610855955,0.00015604850948491844,1.581142305440153e-05,False,True,RELEASE,RELEASED,
8.56199999999378,LOWERING,0.2370006489598954,1357.9136927263587,43.469601480316776,-0.04127455086150103,323.59110448511905,1.6874244780291816,-0.8593601674622452,1.4522057263457264,0.9526181542447475,-4.169104677135449,-592.8483084377019,481.65095017612487,813.9267962712019,85.02421002146237,26.177800725474814,-0.0046524853595428795,481.6509501761293,460.2603660356416,432.4824629432938,0.019480642240523594,400.0,0.8120114125088125,460.2408853934011,23.989389218509732,5.090923341651508,599.6179667432118,0.00015490376287541352,1.5789540384503198e-05,False,True,RELEASE,RELEASED,
8.571999999993757,LOWERING,0.23700665741259752,1357.9481186244823,43.47066929583592,-0.04127537074334164,323.5922066424753,1.6874115249444157,-0.8593880670217847,1.4521741647529052,0.9525989823377179,-4.169124184571907,-592.8661123940453,481.66822778158985,813.9118789381694,85.0245239593207,26.17797904993661,-0.004618396803493852,481.6682277815937,460.27645525736386,432.48344612439183,0.019340268996927534,400.0,0.8120363546011056,460.25711498836694,23.989389380427145,5.090845690015166,599.6179723592275,0.00015376743180173236,1.5767743093419995e-05,False,True,RELEASE,RELEASED,
8.581999999993734,LOWERING,0.2370126224013198,1357.9822954923454,43.47172936793234,-0.0412761851108413,323.5933008291818,1.6873986692548106,-0.859415764979749,1.4521428345404526,0.9525799500826395,-4.169143553861139,-592.883788120912,481.68538063518827,813.8970711210558,85.02483595766857,26.17815608538135,-0.00458455732530183,481.6853806351968,460.29242828664184,432.4844221966259,0.0192008913172117,400.0,0.8120611163992706,460.2732273953246,23.989389541154058,5.090768609314101,599.6179779339501,0.00015263945231147602,1.5746450003462087e-05,False,True,RELEASE,RELEASED,
8.59199999999371,LOWERING,0.2370185442349354,1358.0162250996607,43.47278177575049,-0.04127699342609078,323.59438710185526,1.6873859102143036,-0.8594432627657733,1.4521117340192091,0.9525610564729814,-4.169162785942073,-592.9013365214746,481.702409620192,813.8823720181298,85.02514602545565,26.178331840956343,-0.004550965129283213,481.7024096201982,460.3082859464523,432.4853912104711,0.019062502427686923,400.0,0.8120856991827394,460.2892234440246,23.989389700699213,5.090692095351767,599.617983467683,0.00015151975938376694,1.5723735486972146e-05,False,True,RELEASE,RELEASED,
8.601999999993687,LOWERING,0.23702442322020323,1358.0499092040272,43.47382655994135,-0.04127779606392171,323.59546551672446,1.6873732470827425,-0.8594705617997116,1.45208086151228,0.952542300509311,-4.1691818817476864,-592.9187584928202,481.71931561384974,813.8677808335141,85.02545417164168,26.178506325746405,-0.004517618415547986,481.71931561385315,460.32402905415404,432.4863532160573,0.01892509557427502,400.0,0.8121101042222096,460.30510395857976,23.989389859071288,5.090616143971979,599.6179889607243,0.00015040829709445092,1.5701537790846487e-05,False,True,RELEASE,RELEASED,
8.611999999993664,LOWERING,0.23703025966178043,1358.0833495510021,43.47486379716177,-0.04127859252750088,323.5965361296335,1.6873606791257973,-0.859497663491723,1.4520502153548758,0.9525236811992477,-4.169200842205131,-592.9360549259975,481.73609948744195,813.8532967771055,85.0257604051909,26.1786795487743,-0.004484515411718348,481.7360994874457,460.33965842155334,432.4873082631716,0.018788664053431603,400.0,0.8121343327796977,460.3208697574999,23.98939001627889,5.090540751041308,599.6179944133761,0.00014930500306586936,1.5679769944654254e-05,False,True,RELEASE,RELEASED,
8.62199999999364,LOWERING,0.23703605386223606,1358.1165478741782,43.475893506252675,-0.04127938369559112,323.5975989960436,1.6873482056149975,-0.8595245692423715,1.4520197938943076,0.9525051975574141,-4.169219668235964,-592.9532267060844,481.7527621063381,813.8389190645778,85.02606473508249,26.178851519001064,-0.004451654337799482,481.7527621063458,460.35517485492915,432.48825640126,0.018653201205495407,400.0,0.8121583861085911,460.33652165372365,23.989390172330584,5.090465912456367,599.6179998259345,0.00014820981508112396,1.565765830946475e-05,False,True,RELEASE,RELEASED,
8.631999999993617,LOWERING,0.23704180612206383,1358.1495058952576,43.47691577001732,-0.04128016890583939,323.5986541710362,1.687335825827557,-0.8595512804426376,1.4519895954897837,0.9524868486053893,-4.169238360755893,-592.9702747121817,481.76930433000723,813.8246469172756,85.02636717029408,26.179022245326472,-0.004419033446311005,481.7693043300064,460.3705791550543,432.4891976794305,0.018518700395588894,400.0,0.8121822654537075,460.3520604546587,23.989390327234847,5.090391624150161,599.6180051986901,0.00014712267720806693,1.5635509953426663e-05,False,True,RELEASE,RELEASED,
8.641999999993594,LOWERING,0.23704751673969587,1358.1822253241305,43.47793063043465,-0.04128094846461404,323.5997017093155,1.687323539046481,-0.8595777984740061,1.4519596185124852,0.9524686333716614,-4.169256920675018,-592.9871998174825,481.7857270120706,813.8104795622646,85.0266677198163,26.1791917365895,-0.004386650994433694,481.78572701207463,460.3858721172817,432.49013214645447,0.01838515506932481,400.0,0.8122059720513454,460.36748696221235,23.989390481000104,5.090317882082536,599.6180105319402,0.00014604353109159973,1.561349654366495e-05,False,True,RELEASE,RELEASED,
8.65199999999357,LOWERING,0.23705318601151462,1358.2147078589433,43.47893812847844,-0.04128172269331535,323.60074166520945,1.6873113445603305,-0.8596041247084977,1.4519298613452813,0.9524505508915818,-4.1692753488976475,-593.0040028892739,481.80203100031986,813.7964162321732,85.02696639263493,26.179360001568416,-0.004354505251626506,481.80203100032526,460.40105453148465,432.4910598507687,0.018252558658787166,400.0,0.8122295071293387,460.38280197282586,23.98939063363473,5.090244682235142,599.6180158259758,0.0001449723120394708,1.5590877637805534e-05,False,True,RELEASE,RELEASED,
8.661999999993547,LOWERING,0.23705881423186753,1358.2469551861823,43.47993835137755,-0.04128249079662422,323.6017740926731,1.6872992416633616,-0.859630260508766,1.451900322382837,0.9524326002073189,-4.169293646322557,-593.0206847890108,481.8182171367764,813.7824561652644,85.02726319774683,26.179527048981367,-0.004322594493032739,481.81821713678147,460.41612718218573,432.4919808404773,0.018120904680017702,400.0,0.8122528719071048,460.3980062775057,23.989390785147034,5.090172020628403,599.6180210810772,0.00014390896402005637,1.556896961574239e-05,False,True,RELEASE,RELEASED,
8.671999999993524,LOWERING,0.23706440169307819,1358.2789689807385,43.48093131647421,-0.04128325364403979,323.602799045292,1.6872872296553925,-0.8596562072281553,1.4518710000314332,0.9524147803678112,-4.169311813842984,-593.0372463723417,481.8342862577283,813.7685986053423,85.02755814415043,26.179692887486915,-0.0042909170238090155,481.8342862577356,460.43109084855257,432.492895163355,0.017990186692316,400.0,0.8122760675956996,460.41310066186026,23.98939093554523,5.090099893317348,599.6180262975362,0.0001428534364071865,1.5547103885182878e-05,False,True,RELEASE,RELEASED,
8.6819999999935,LOWERING,0.23706994868546064,1358.3107509059894,43.4819170926241,-0.041284010862530474,323.60381657628267,1.687275307841699,-0.8596819662106895,1.4518418927088528,0.9523970904287204,-4.169329852346334,-593.0536884891027,481.850239193724,813.7548428016925,85.02785124083914,26.179857525684106,-0.0042594711450192335,481.8502391937271,460.4459463043975,432.49380286684925,0.01786039825555008,400.0,0.8122990953978833,460.428085906142,23.989391084837518,5.090028296372944,599.6180314756374,0.00014180566733656974,1.5523731462963042e-05,False,True,RELEASE,RELEASED,
8.691999999993477,LOWERING,0.237075455497331,1358.3423026138637,43.48289571449312,-0.041284762889054485,323.60482673849583,1.6872634755330862,-0.8597075387912284,1.4518129988443824,0.9523795294523899,-4.169347762714667,-593.0700119834145,481.86607676966366,813.7411880090873,85.02814249681276,26.18002097211298,-0.0042282551761445575,481.86607676966474,460.46069431827794,432.49470399807973,0.017731533012238287,400.0,0.8123219565081569,460.4429627852657,23.989391233032027,5.0899572258958115,599.6180366156603,0.0001407655960887766,1.550216961732076e-05,False,True,RELEASE,RELEASED,
8.701999999993454,LOWERING,0.23708092241502102,1358.373625744922,43.48386725144005,-0.04128550932103591,323.6058295844189,1.687251732045767,-0.8597329262954518,1.4517843168786817,0.9523620965077941,-4.1693655458243875,-593.086217693672,481.88179980479515,813.7276334877245,85.02843192106785,26.180183235255,-0.004197267445988473,481.881799804803,460.4753356534659,432.49559860384363,0.017603584613937073,400.0,0.8123446521128199,460.45773206885195,23.9893913801368,5.089886678027278,599.6180417178829,0.000139733173376122,1.5479834928555647e-05,False,True,RELEASE,RELEASED,
8.71199999999343,LOWERING,0.2370863497228903,1358.4047219284248,43.48483175471242,-0.041286250180953894,323.6068251661778,1.6872400767013633,-0.8597581300399573,1.4517558452637342,0.9523447906704963,-4.169383202546453,-593.1023064526037,481.8974091127691,813.7141785032004,85.02871952260132,26.1803443235333,-0.004166506299043249,481.89740911277676,460.48987106802844,432.49648673061586,0.01747654677041055,400.0,0.812367183390025,460.472394521258,23.989391526159853,5.089816648926575,599.6180467825874,0.0001387083408541656,1.545747704767564e-05,False,True,RELEASE,RELEASED,
8.721999999993407,LOWERING,0.2370917377033397,1358.4355927824097,43.485789256874774,-0.041286985930046205,323.6078135355397,1.6872285088267969,-0.8597831513323234,1.4517275824626865,0.9523276110226061,-4.169400733746395,-593.1182790873073,481.9129055016795,813.7008223264314,85.02900531040534,26.18050424531317,-0.0041359700931025145,481.9129055016805,460.5043013148339,432.4973684245515,0.01735041322513098,400.0,0.8123895515098241,460.4869509016088,23.989391671109132,5.08974713477966,599.6180518100482,0.00013769103948035877,1.5435161344612425e-05,False,True,RELEASE,RELEASED,
8.731999999993384,LOWERING,0.23709708663682227,1358.4662399137544,43.48673981337396,-0.04128771647303421,323.6087947439158,1.6872170277543301,-0.8598079914711325,1.451699526949889,0.9523105566527315,-4.169418140284244,-593.1341364192671,481.9282897740788,813.6875642336807,85.0292892934727,26.180663008902457,-0.004105657184709344,481.92828977408516,460.51862714161814,432.49824373148823,0.017225177784553125,400.0,0.8124117576342267,460.5014019638336,23.989391814992526,5.089678131804169,599.6180568005358,0.00013668121385723708,1.541313167763292e-05,False,True,RELEASE,RELEASED,
8.74199999999336,LOWERING,0.2371023968018567,1358.4966649182536,43.487683489231344,-0.04128844147688543,323.60976884236135,1.6872056328214393,-0.8598326517460303,1.4516716772107197,0.9522936266559348,-4.169435423014534,-593.1498792643855,481.9435627270117,813.6744035064619,85.0295714807865,26.180820622551646,-0.004075565964285488,481.9435627270184,460.53284929093843,432.49911269694763,0.017100834242910423,400.0,0.8124338029172453,460.5157484566955,23.98939195781786,5.0896096362496985,599.6180617543238,0.00013567881288967243,1.539080676593585e-05,False,True,RELEASE,RELEASED,
8.751999999993338,LOWERING,0.23710766847503972,1358.5268693806895,43.488620319958066,-0.04128916130673854,323.61073588158064,1.6871943233708142,-0.859857133437813,1.4516440317415307,0.952276820133692,-4.169452582786475,-593.1655084330401,481.9587251520713,813.6613394315232,85.0298518813275,26.180977094454537,-0.004045694812816691,481.95872515207594,460.5469685003001,432.49997536613773,0.016977376475267647,400.0,0.8124556885049489,460.52999112382486,23.989392099592905,5.089541644384673,599.6180666716836,0.0001346837781026622,1.5368593949460774e-05,False,True,RELEASE,RELEASED,
8.761999999993314,LOWERING,0.2371129019310584,1358.5568548749034,43.48955035070303,-0.04128987608854533,323.61169591192794,1.6871830987503498,-0.8598814378184715,1.4516165890496258,0.9522601361938459,-4.169469620443931,-593.1810247301095,481.97377783542345,813.6483713008352,85.03013050407316,26.181132432748537,-0.004016042135162934,481.9737778354258,460.5609855021376,432.5008317839548,0.016854798386475522,400.0,0.8124774155355107,460.54413070375114,23.98939224032539,5.08947415250713,599.6180715528809,0.000133696053357113,1.5346175700869935e-05,False,True,RELEASE,RELEASED,
8.771999999993291,LOWERING,0.23711809744270326,1358.5866229638696,43.49047363779804,-0.041290585672159104,323.6126489834104,1.6871719583130094,-0.8599055661512597,1.4515893476530595,0.9522435739505638,-4.169486536825477,-593.1964289550137,481.9887215578504,813.6354984114871,85.03040735799132,26.181286645515005,-0.003986606340276921,481.9887215578539,460.5749010238657,432.50168199498603,0.016733093926745823,400.0,0.8124989851392651,460.558167929939,23.989392380022952,5.089407156950576,599.6180763981796,0.00013271559064165217,1.532408407456387e-05,False,True,RELEASE,RELEASED,
8.781999999993268,LOWERING,0.2371232552808779,1358.6161751997515,43.49139024196418,-0.04129128979406074,323.61359514568903,1.6871609014168825,-0.8599295196906792,1.4515623060807226,0.9522271325242939,-4.169503332764159,-593.2117219017041,482.00355709474195,813.6227200657386,85.03068245204243,26.181439740779485,-0.003957385859848728,482.00355709475053,460.5887157878851,432.50252604351033,0.01661225706698133,400.0,0.8125203984387563,460.57210353081814,23.989392518693204,5.089340654068416,599.6180812078455,0.00013174233578538974,1.5301077951335174e-05,False,True,RELEASE,RELEASED,
8.791999999993244,LOWERING,0.23712837571461437,1358.645513123989,43.492300186453164,-0.04129198907961745,323.6145344480825,1.687149927425082,-0.8599532996826683,1.45153546287211,0.9522108110417259,-4.169520009088053,-593.2269043587805,482.01828521620723,813.6100355708995,85.03095579518242,26.181591726512302,-0.0039283791198840845,482.01828521621275,460.6024305116464,432.5033639735013,0.016492281833734523,400.0,0.8125416565487819,460.58593822981265,23.98939265634369,5.089274640240674,599.6180859821417,0.00013077623509349934,1.52789558569566e-05,False,True,RELEASE,RELEASED,
8.801999999993221,LOWERING,0.23713345901108165,1358.674638267348,43.49320353567007,-0.04129268316068316,323.61546693956745,1.6871390357056952,-0.8599769073644968,1.4515088165773358,0.9521946086357429,-4.169536566619635,-593.2419771094219,482.03290668701686,813.5974442393386,85.03122739635171,26.181742610628575,-0.0038995845735598778,482.03290668702107,460.6160459076412,432.50419582862816,0.016373162265267638,400.0,0.8125627605764494,460.5996727453759,23.9893927929819,5.089209111873385,599.6180907213235,0.0001298172347397042,1.5256922097250936e-05,False,True,RELEASE,RELEASED,
8.811999999993198,LOWERING,0.23713850543560167,1358.7035521500109,43.49410032611462,-0.04129337232910589,323.6163926687829,1.687128225631784,-0.8600003439649577,1.4514823657570237,0.9521785244453834,-4.169553006176372,-593.2569409315108,482.04742226671345,813.5849453884334,85.03149726448524,26.18189240098898,-0.0038710006775772854,482.04742226672005,460.6295626834989,432.5050216522587,0.01625489248027634,400.0,0.8125837116212185,460.6133077910186,23.98939292861526,5.089144065407844,599.6180954256525,0.00012886528935052155,1.5234532042995852e-05,False,True,RELEASE,RELEASED,
8.821999999993174,LOWERING,0.2371435152516584,1358.7322562816296,43.49499060285507,-0.041294056663497294,323.61731168403065,1.6871174965813758,-0.8600236107043633,1.4514561089823,0.9521625576157966,-4.169569328570537,-593.2717965976285,482.0618327096131,813.5725383405703,85.03176540851189,26.18204110539977,-0.0038426258961408166,482.06183270961674,460.6429815419391,432.50584148746094,0.01613746659535309,400.0,0.8126045107749552,460.62684407534374,23.989393063251168,5.089079497296222,599.6181000953862,0.00012792034006903208,1.5211882214316574e-05,False,True,RELEASE,RELEASED,
8.831999999993151,LOWERING,0.23714848872090988,1358.7607521613943,43.49587442861718,-0.04129473581171544,323.6182240332787,1.687106847937275,-0.8600467087945715,1.4514300448345663,0.9521467072982037,-4.1695855346090465,-593.2865448750614,482.0761387648226,813.5602224230238,85.0320318373395,26.18218873161334,-0.0038144587124406826,482.0761387648322,460.6563031808719,432.506655377005,0.016020878793540305,400.0,0.8126251591219826,460.64028230207833,23.98939319689695,5.089015404023227,599.6181047307773,0.00012698233454866426,1.5189760119938e-05,False,True,RELEASE,RELEASED,
8.841999999993128,LOWERING,0.23715342610320198,1358.7890412781123,43.49675183572586,-0.041295410141466295,323.6191297641619,1.6870962790872066,-0.8600696394391129,1.4514041719055972,0.9521309726498536,-4.169601625093869,-593.3011865258939,482.0903411763119,813.5479969680136,85.03229655987278,26.18233528732837,-0.0037864976192167887,482.09034117631535,460.66952829337515,432.5074633633646,0.01590512327459237,400.0,0.8126456577391244,460.65362317010056,23.98939332955987,5.088951782104747,599.6181093320729,0.00012605122553566162,1.5167498531809542e-05,False,True,RELEASE,RELEASED,
8.851999999993104,LOWERING,0.23715832765657804,1358.8171251102629,43.49762287202197,-0.04129607964106727,323.6200289239865,1.687085789423647,-0.8600924038331738,1.451378488797351,0.9521153528339821,-4.1696176008217245,-593.315722306988,482.10444068291145,813.5358613126124,85.03255958499989,26.182480780190474,-0.003758741112392272,482.1044406829153,460.68265756776685,432.50826548872016,0.015790194290957515,400.0,0.8126660076957567,460.6668673734759,23.98939346124715,5.088888628081953,599.6181138995297,0.00012512696599742412,1.5144775943554123e-05,False,True,RELEASE,RELEASED,
8.861999999993081,LOWERING,0.23716319363729105,1358.8450051260677,43.4984875838892,-0.04129674432585043,323.6209215597297,1.6870753783438364,-0.8601150031636816,1.4513529941219465,0.9520998470197729,-4.169633462584221,-593.330152970034,482.1184380183573,813.5238147987287,85.03282092159547,26.182625217792182,-0.0037311877110823843,482.1184380183675,460.6956916876084,432.50906179495917,0.01567608612396043,400.0,0.8126862100538571,460.68001560148446,23.98939359196596,5.0888259385120955,599.6181184333966,0.00012420950083313897,1.512271717274416e-05,False,True,RELEASE,RELEASED,
8.871999999993058,LOWERING,0.2371680242998163,1358.8726827835621,43.499346026399834,-0.041297403995345774,323.6218077180425,1.687065045249747,-0.8601374386093693,1.451327686501585,0.952084454382314,-4.169649211167974,-593.3444792615975,482.13233391133366,813.5118567730758,85.03308057852315,26.18276860767342,-0.0037038359334928828,482.1323339113351,460.7086313317273,432.50985232367873,0.01556279307845898,400.0,0.812706265868044,460.69306853864884,23.989393721723424,5.088763709979138,599.6181229339182,0.0001232987766863758,1.5100808695933665e-05,False,True,RELEASE,RELEASED,
8.881999999993035,LOWERING,0.237172819896862,1358.900159530659,43.500198223146604,-0.04129805919488386,323.62268744525335,1.687054789548011,-0.8601597113408056,1.4513025645684592,0.9520691741025599,-4.169664847354507,-593.3587019231322,482.1461290854921,813.4999865871241,85.03333856462966,26.182910957322036,-0.003676684316246792,482.14612908549833,460.72147717430266,432.51063711618787,0.01545030953315063,400.0,0.8127261761856324,460.7060268647695,23.989393850526593,5.088701939102965,599.6181274013378,0.00012239475042008507,1.507869365013903e-05,False,True,RELEASE,RELEASED,
8.891999999993011,LOWERING,0.23717758067938052,1358.927436805208,43.50104424480053,-0.041298709335109055,323.6235607873687,1.6870446106499137,-0.8601818225204557,1.4512776269647052,0.9520540053672892,-4.16968037192032,-593.3728216910166,482.1598242594886,813.4882035970824,85.03359488874875,26.18305227417394,-0.0036497313958534505,482.1598242594945,460.73422988482315,432.5114162135092,0.015338629868040243,400.0,0.8127459420466802,460.7188912549551,23.989393978382477,5.088640622519225,599.6181318359019,0.00012149737107414182,1.5056121469569916e-05,False,True,RELEASE,RELEASED,
8.901999999992988,LOWERING,0.2371823068965811,1358.9545160350735,43.50188411586996,-0.04129935492404111,323.6244277900751,1.6870345079713431,-0.8602037733027386,1.4512528723423226,0.952038947369068,-4.169695785636948,-593.3868392965941,482.1734201470163,813.4765071638533,85.03384955969727,26.18319256561339,-0.0036229757328101186,482.17342014701524,460.74689012815776,432.5121896563804,0.015227748508493733,400.0,0.8127655644840337,460.73166237964926,23.98939410529805,5.088579756886625,599.6181362378525,0.00012060658658352708,1.5034048033157887e-05,False,True,RELEASE,RELEASED,
8.911999999992965,LOWERING,0.23718699879594013,1358.9813986381907,43.502717882980384,-0.04129999593264223,323.62528849874303,1.6870244809327748,-0.860225564834105,1.4512282993631098,0.9520239993062053,-4.169711089271086,-593.4007554662155,482.18691745685567,813.4648966530106,85.03410258627997,26.183331838973672,-0.0035964158938668334,482.18691745685663,460.7594585646108,432.5129574852565,0.015117659946099593,400.0,0.812785044523376,460.7443409046647,23.98939423128022,5.08851933889198,599.6181406074253,0.00011972234851942432,1.5011539971965249e-05,False,True,RELEASE,RELEASED,
8.921999999992941,LOWERING,0.2371916566232123,1359.0080860226303,43.503545606692974,-0.04130063199074697,323.62614295842616,1.687014528959158,-0.8602471982529921,1.4512039066985614,0.9520091603827171,-4.1697262835841915,-593.4145709212107,482.20031689284775,813.453371434739,85.03435397727733,26.18347010153693,-0.003570050452481155,482.2003168928498,460.77193584986367,432.5137197403118,0.015008358652210063,400.0,0.8128043831832741,460.75692749121146,23.98939435633583,5.088459365250683,599.6181449448605,0.00011884461273936608,1.4989696182965417e-05,False,True,RELEASE,RELEASED,
8.931999999992918,LOWERING,0.23719628062244208,1359.0345795866642,43.50436730681636,-0.041301263696137513,323.62699121386504,1.687004651479959,-0.8602686746899856,1.4511796930298302,0.9519944298082861,-4.169741369333,-593.4282863779897,482.21361915398927,813.4419308838235,85.03460374145703,26.183607360534776,-0.003543877991660338,482.21361915399126,460.78432263509404,432.51447646144055,0.0148998391709938,400.0,0.8128235814752215,460.76942279592305,23.989394480471695,5.088399832697348,599.6181492503932,0.00011797333100194152,1.4966677781558246e-05,False,True,RELEASE,RELEASED,
8.941999999992895,LOWERING,0.23720087103597556,1359.0608807188328,43.50518303759265,-0.041301890814920486,323.6278333094894,1.686994847929127,-0.8602899952678225,1.4511556570476887,0.951979806798224,-4.169756347269359,-593.4419025480478,482.22682493443796,813.4305743796313,85.0348518875704,26.183743623148665,-0.0035178971083951183,482.2268249344391,460.79661956696407,432.51522768826004,0.014792096075609606,400.0,0.8128426404036838,460.78182747088846,23.989394603694578,5.088340737987584,599.6181535242611,0.00011710845269607972,1.4945107523089973e-05,False,True,RELEASE,RELEASED,
8.951999999992871,LOWERING,0.23720542810447096,1359.0869907980068,43.505992849732905,-0.04130251319031832,323.62866928941963,1.68698511774498,-0.8603111611014526,1.4511317974523592,0.9519652905734306,-4.169771218140248,-593.4554201379954,482.2399349235489,813.4193013060246,85.03509842434694,26.18387889651014,-0.0034921064113859757,482.2399349235515,460.80882728766136,432.51597346011204,0.014685123980370918,400.0,0.8128615609661453,460.794142163681,23.98939472601118,5.088282077906074,599.6181577666929,0.00011624993248560145,1.4922938703421096e-05,False,True,RELEASE,RELEASED,
8.961999999992848,LOWERING,0.23720995206691012,1359.1129111934508,43.50679676642919,-0.04130313131684639,323.6294991974694,1.686975460370249,-0.8603321732980841,1.4511081129535488,0.9519508803603576,-4.16978598268783,-593.4688398495922,482.2529498059034,813.4081110513845,85.03534336050032,26.18401318770121,-0.0034665045110386927,482.25294980590803,460.8209464349186,432.5167138160651,0.014578917528808688,400.0,0.8128803441531572,460.8063675173898,23.989394847428155,5.0882238492641365,599.6181619779181,0.00011539772801683057,1.4900141536600131e-05,False,True,RELEASE,RELEASED,
8.971999999992825,LOWERING,0.23721444316060866,1359.138643264883,43.50759484408876,-0.041303744886696865,323.63032307714684,1.6869658752520296,-0.8603530329572209,1.4510846022703703,0.9519365753909677,-4.169800641649431,-593.482162379771,482.26587026133086,813.3970030085706,85.03558670472472,26.18414650375461,-0.003441090040041672,482.2658702613398,460.8329776420418,432.51744879491554,0.014473471390772374,400.0,0.8128989909483881,460.818504170651,23.989394967952112,5.088166048890955,599.6181661581709,0.00011455179224029166,1.4878420643071877e-05,False,True,RELEASE,RELEASED,
8.981999999992802,LOWERING,0.23721890162122705,1359.1641883625393,43.50838712704325,-0.04130435387382395,323.6311409716562,1.6869563618416639,-0.8603737411707175,1.4510612641311755,0.9519223749026995,-4.16981519575752,-593.4953884206604,482.27869696494304,813.3859765748325,85.03582846569022,26.184278851654003,-0.003415861626763217,482.2786969649463,460.84492153794224,432.51817843518893,0.014368780273855464,400.0,0.8129175023286579,460.8305527576684,23.989395087589624,5.088108673634977,599.6181703076787,0.00011371207500587843,1.4855790482215525e-05,False,True,RELEASE,RELEASED,
8.991999999992778,LOWERING,0.2372233276827833,1359.189547827243,43.50917364787888,-0.041304958526070135,323.63195292390185,1.6869469195948443,-0.8603942990228778,1.451038097273626,0.9519082781384274,-4.169829645740018,-593.508518659661,482.2914305871929,813.3750311518595,85.03606865205334,26.18441023833466,-0.003390817922536371,482.2914305871942,460.85677874718687,432.51890277514315,0.014264838939368474,400.0,0.8129358792639851,460.8425139082475,23.989395206347215,5.088051720368099,599.6181744266682,0.00011287852669283893,1.4833515024292865e-05,False,True,RELEASE,RELEASED,
9.001999999992755,LOWERING,0.23722772157766045,1359.2147229904515,43.509954447803196,-0.04130555887774766,323.6327589764882,1.686937547971449,-0.8604147075904219,1.451015100444517,0.9518942843464273,-4.16984399231993,-593.5215537794115,482.3040717938584,813.3641661456827,85.03630727244493,26.18454067068343,-0.003365957574146705,482.304071793863,460.8685498899889,432.51962185276903,0.014161642164026489,400.0,0.8129541227176375,460.8543882478249,23.98939532423134,5.087995185994061,599.618178515356,0.0001120511061465379,1.481116146351269e-05,False,True,RELEASE,RELEASED,
9.011999999992732,LOWERING,0.23723208353662018,1359.2397151743314,43.510729571808085,-0.0413061548654763,323.63355917172254,1.6869282464356046,-0.8604349679425902,1.4509922723998006,0.9518803927803349,-4.16985823621562,-593.5344944578605,482.31662124610153,813.353380966694,85.03654433547653,26.184670155539212,-0.003341279256915186,482.31662124610335,460.88023558224603,432.52033570579306,0.014059184752056808,400.0,0.8129722336461688,460.866176397494,23.9893954412484,5.0879390674403515,599.6181825739703,0.00011122977336519568,1.4788640669394226e-05,False,True,RELEASE,RELEASED,
9.021999999992708,LOWERING,0.23723641378881213,1359.2645256918142,43.51149906184664,-0.04130674649152289,323.6343535516167,1.6869190144555546,-0.860455081141175,1.4509696119044095,0.9518666026991127,-4.169872378140742,-593.547341368281,482.3290796004913,813.342675029555,85.03677984973528,26.18479869969321,-0.0033167816387731364,482.3290796004955,460.8918364355944,432.52104437167776,0.01395746156021005,400.0,0.8129902129994688,460.8778789740342,23.989395557404784,5.087883361647936,599.6181866027337,0.00011041448061543946,1.4766606796001724e-05,False,True,RELEASE,RELEASED,
9.031999999992685,LOWERING,0.23724071256178525,1359.2891558466586,43.51226295381881,-0.041307333895981554,323.63514215788933,1.6869098515037406,-0.8604750482405974,1.4509471177323152,0.9518529133670114,-4.169886418804424,-593.5600951793234,482.34144750904784,813.3320477532316,85.03701382379097,26.184926309889317,-0.003292463406751267,482.3414475090494,460.9033530574118,432.52174788762443,0.013856467474397505,400.0,0.8130080617208005,460.8894965899374,23.98939567270682,5.087828065579595,599.6181906018647,0.00010960517985392215,1.474385055644234e-05,False,True,RELEASE,RELEASED,
9.041999999992662,LOWERING,0.2372449800814972,1359.3136069335071,43.51302129938123,-0.0413079168348755,323.63592503196804,1.686900757056694,-0.8604948702879073,1.450924788666403,0.9518393240535321,-4.169900358911045,-593.5727565550073,482.3537256192454,813.3214985609322,85.03724626618902,26.185052992824417,-0.003268323254246752,482.3537256192462,460.91478605085194,432.52244629057554,0.013756197411908033,400.0,0.8130257807468488,460.90102985344004,23.989395787160785,5.0877731762243075,599.6181945715783,0.00010880182688666196,1.4721902630299155e-05,False,True,RELEASE,RELEASED,
9.051999999992638,LOWERING,0.23724921657232662,1359.337880237954,43.513774121907545,-0.0413084957341349,323.63670221499007,1.686891730594971,-0.8605145483228535,1.450902623498356,0.951825834033394,-4.169914199160387,-593.5853261547735,482.3659145740538,813.3110268800456,85.03747718544852,26.185178755148538,-0.003244359877271563,482.36591457405626,460.92613601486823,432.5231396172141,0.013656646321521748,400.0,0.8130433710077645,460.9124793685467,23.989395900772895,5.08771869060287,599.6181985120907,0.00010800438677271984,1.4699387747896253e-05,False,True,RELEASE,RELEASED,
9.061999999992615,LOWERING,0.23725342225708115,1359.3619770365938,43.514521480852906,-0.04130907014932559,323.6374737478056,1.6868827716032242,-0.8605340833779423,1.4508806210287117,0.951812442586494,-4.169927940247689,-593.5978046335114,482.3780150119745,813.3006321421784,85.03770659006912,26.185303603465393,-0.003220571996621402,482.3780150119826,460.9374035442359,432.5238279039679,0.013557809176802493,400.0,0.8130608334272005,460.9238457350591,23.989396013549342,5.087664605743571,599.6182024236199,0.00010721281171566233,1.4676859564133338e-05,False,True,RELEASE,RELEASED,
9.071999999992592,LOWERING,0.2372575973570109,1359.385898597096,43.515263394070935,-0.041309640624716044,323.6382396709793,1.6868738795700835,-0.8605534764784879,1.450858780066693,0.9517991489978732,-4.169941582863686,-593.6101926415975,482.3900275670709,813.2903137830674,85.03793448852575,26.185427544332565,-0.003196958331272981,482.39002756707436,460.9485892296093,432.5245111870099,0.013459681003553214,400.0,0.8130781689223632,460.93512954860574,23.989396125496274,5.0876109186978535,599.6182063063787,0.00010642705562080579,1.465488583107799e-05,False,True,RELEASE,RELEASED,
9.081999999992568,LOWERING,0.2372617420918158,1359.409646178248,43.51599990153686,-0.041310207168373476,323.63900002479215,1.6868650539881678,-0.8605727286426426,1.4508370994302087,0.9517859525576814,-4.169955127694564,-593.6224908249075,482.4019528689885,813.2800712425819,85.03816088927012,26.185550584261858,-0.0031735176130496257,482.40195286898967,460.95969365752086,432.52518950226033,0.013362256854520638,400.0,0.8130953784040496,460.94633140066634,23.989396236619797,5.087557626540329,599.6182101605768,0.00010564707399751683,1.4632368447564659e-05,False,True,RELEASE,RELEASED,
9.091999999992545,LOWERING,0.23726585667965738,1359.4332210300238,43.51673106099896,-0.0413107693563178,323.63975484924214,1.686856294354018,-0.8605918408814144,1.4508155779457659,0.9517728525611389,-4.169968575421871,-593.6346998248324,482.4137915429653,813.2699039646807,85.0383858007264,26.185672729719396,-0.0031502485788905688,482.4137915429621,460.97071741039184,432.5258628853874,0.01326553179143275,400.0,0.8131124627766927,460.9574518786004,23.989396346925947,5.087504726375313,599.6182139864217,0.00010487283020221838,1.4609743743676518e-05,False,True,RELEASE,RELEASED,
9.101999999992522,LOWERING,0.23726994133716944,1359.4566243936436,43.517456898818175,-0.04131132750894062,323.64050418404867,1.686847600168106,-0.8606108141988252,1.4507942144483945,0.9517598483085075,-4.16998192672299,-593.6468202783723,482.4255442099258,813.2598113973759,85.03860923129919,26.185793987126313,-0.0031271499775584743,482.4255442099285,460.98166106663547,432.5265313718102,0.013169500964409053,400.0,0.8131294229383966,460.96849156567106,23.989396456420728,5.087452215321257,599.6182177841262,0.0001041042814335924,1.4587536270482815e-05,False,True,RELEASE,RELEASED,
9.111999999992499,LOWERING,0.23727399627946683,1359.4798575016246,43.51817746585517,-0.04131188135370724,323.6412480686524,1.6868389709347702,-0.8606296495918236,1.4507730077816199,0.9517469391050485,-4.169995182270615,-593.6588528180835,482.4372114864336,813.2497929927235,85.0388311893638,26.185914362858753,-0.0031042205739595374,482.437211486436,460.99252520057513,432.52719499670064,0.013074159494635751,400.0,0.8131462597809902,460.9794510410805,23.989396565110116,5.087400090515722,599.6182215538965,0.00010334138334577858,1.4564908383363218e-05,False,True,RELEASE,RELEASED,
9.121999999992475,LOWERING,0.23727802172015575,1359.50292157784,43.51889276512818,-0.04131243175624003,323.6419865422169,1.6868304061621635,-0.8606483480503708,1.4507519567973626,0.9517341242609921,-4.170008342732937,-593.6707980721299,482.44879398473904,813.2398482067664,85.03905168326787,26.186033863248138,-0.003081459126065056,482.4487939847407,461.0033103825346,432.52785379498334,0.012979502546045296,400.0,0.813162974190062,460.99033087998856,23.98939667300003,5.087348349115657,599.6182252959383,0.00010258409055907691,1.4543108932230098e-05,False,True,RELEASE,RELEASED,
9.131999999992452,LOWERING,0.23728201787134576,1359.5258178375884,43.51960287774713,-0.04131297770699912,323.6427196436325,1.6868219053623397,-0.8606669105575907,1.4507310603559458,0.9517214030915029,-4.170021408774132,-593.6826566643828,482.46029231287105,813.2299764995514,85.03927072134294,26.186152494581734,-0.0030588644129920795,482.46029231287275,461.014017178903,432.5285078013384,0.012885525363401484,400.0,0.8131795670449972,461.0011316535396,23.98939678009635,5.08729698830554,599.6182290104509,0.00010183236386929195,1.452121955480834e-05,False,True,RELEASE,RELEASED,
9.141999999992429,LOWERING,0.23728598494365616,1359.5485474876293,43.52030782042057,-0.04131351973089894,323.6434474115159,1.686813468051031,-0.8606853380896315,1.450710317325924,0.9517087749166434,-4.170034381053555,-593.6944292143214,482.4717070745583,813.2201773350325,85.0394883118818,26.186270263102674,-0.003036435224089473,482.4717070745644,461.0246461520577,432.52915705020314,0.012792223164751704,400.0,0.8131960392190257,461.01185392889295,23.989396886404887,5.087246005297087,599.6182326976384,0.00010108617046444834,1.4498662039841292e-05,False,True,RELEASE,RELEASED,
9.151999999992405,LOWERING,0.23728992314622968,1359.5711117262624,43.52100762720105,-0.04131405793135277,323.6441698842132,1.6868050937478118,-0.8607036316158828,1.4506897265841496,0.9516962390613423,-4.170047260226556,-593.7061163371831,482.48303886935383,813.2104501811148,85.03970446316188,26.186387175010367,-0.003014170341771205,482.4830388693596,461.03519786047724,432.5298015757733,0.012699591232887997,400.0,0.8132123915792558,461.02249826924435,23.989396991931432,5.087195397309964,599.6182363577043,0.00010034546636816799,1.4476562910203938e-05,False,True,RELEASE,RELEASED,
9.161999999992382,LOWERING,0.23729383268673943,1359.593511743367,43.5217023383775,-0.04131459225609952,323.64488709980145,1.6867967819759302,-0.8607217920989113,1.4506692870156148,0.9516837948553596,-4.170060046943988,-593.71771864391,482.4942882926025,813.2007945095705,85.03991918342682,26.18650323646081,-0.0029920685797151236,482.4942882926042,461.04567285872514,432.53044141200473,0.012607624867598588,400.0,0.8132286249867249,461.03306523385754,23.98939709668175,5.087145161585078,599.6182399908482,9.961020877646831e-05,1.445396253529907e-05,False,True,RELEASE,RELEASED,
9.171999999992359,LOWERING,0.23729771377140066,1359.6157487204691,43.522391991312055,-0.041315122716505316,323.6455990960907,1.6867885322623317,-0.8607398204945553,1.4506489975134274,0.9516714416332543,-4.17007274185246,-593.7292367412149,482.5054559354964,813.1912097960321,85.04013248089544,26.186618453566865,-0.002970128743186251,482.5054559355004,461.0560716975024,432.5310765926155,0.012516319415055932,400.0,0.8132447402964316,461.0435553780873,23.98939720066154,5.087095295385319,599.6182435972654,9.888035674876505e-05,1.4431722320296103e-05,False,True,RELEASE,RELEASED,
9.181999999992335,LOWERING,0.23730156660497898,1359.6378238307896,43.52307661963624,-0.04131564940682814,323.6463059106249,1.6867803441376477,-0.8607577177519523,1.4506288569787833,0.9516591787343478,-4.170085345594308,-593.7406712315967,482.51654238509104,813.1816955199779,85.04034436376033,26.186732832398455,-0.0029483496525699593,482.51654238508837,461.0663949236332,432.53170715108655,0.012425670227912633,400.0,0.8132607383573796,461.0539692534053,23.989397303876466,5.087045795995455,599.6182471771519,9.815587122119496e-05,1.4409457435249351e-05,False,True,RELEASE,RELEASED,
9.191999999992312,LOWERING,0.2373053913908008,1359.6597382393027,43.52375627496821,-0.041316171984664765,323.6470075806849,1.686772217136103,-0.8607754848135744,1.4506088643208412,0.9516470055026943,-4.170097858807539,-593.7520227133581,482.52754822432917,813.1722511646699,85.0405548401828,26.186846378982985,-0.002926730135186517,482.5275482243341,461.0766430801332,432.53233312066396,0.012335672708047696,400.0,0.8132766200126155,461.06430740742513,23.989397406332138,5.086996660724559,599.618250730704,9.743671745710003e-05,1.4387111491487303e-05,False,True,RELEASE,RELEASED,
9.201999999992289,LOWERING,0.2373091883307635,1359.6814931027955,43.52443097905786,-0.04131669081595212,323.64770414328876,1.6867641507956057,-0.8607931226153178,1.4505890184567747,0.9516349212870462,-4.170110282126119,-593.7632917806723,482.5384740320932,813.162876217185,85.04076391830381,26.18695909930545,-0.002905269030520685,482.5384740320944,461.0868167062198,432.5329545343599,0.0122463222938336,400.0,0.8132923860992656,461.07457038392596,23.989397508034145,5.086947886892537,599.6182542581173,9.672285274042736e-05,1.436467300663935e-05,False,True,RELEASE,RELEASED,
9.211999999992265,LOWERING,0.23731295762534393,1359.7030895699152,43.525100768647434,-0.041317205901683876,323.6483956351953,1.6867561446575499,-0.8608106320864828,1.4505693183115622,0.951622925440822,-4.170122616179629,-593.7744790235548,482.549320383195,813.1535701683051,85.04097160622823,26.187070999308983,-0.0028839651778298503,482.549320383195,461.09691633731484,432.53357142495537,0.012157614429895602,400.0,0.8133080374485837,461.08475872288494,23.989397608988035,5.0868994718401295,599.6182577595816,9.601423596805603e-05,1.4342357530949812e-05,False,True,RELEASE,RELEASED,
9.221999999992242,LOWERING,0.23731669947360814,1359.724528781227,43.52576567272698,-0.04131771742212248,323.6490820929047,1.6867481982669355,-0.8608280141498716,1.4505497628180637,0.9516110173220733,-4.170134861593597,-593.7855850279345,482.5600878484361,813.1443325125633,85.04117791203782,26.187182084894943,-0.0028628174337654855,482.5600878484371,461.10694250512023,432.53418382500087,0.012069544621965633,400.0,0.813323574885987,461.09487296049826,23.989397709199306,5.086851412929158,599.6182612352894,9.531082757519016e-05,1.4320103787213156e-05,False,True,RELEASE,RELEASED,
9.231999999992219,LOWERING,0.2373204140732211,1359.7458118692675,43.526425738819285,-0.04131822510799499,323.6497635526592,1.6867403111722312,-0.8608452697217782,1.450530350916876,0.9515991962934528,-4.170147018989255,-593.7966103756431,482.570776994599,813.135162748164,85.04138284378037,26.187292361923053,-0.002841824658275982,482.5707769946005,461.11689573756695,432.53479176681714,0.011982108365032218,400.0,0.8133389992310904,461.1049136292019,23.989397808673413,5.086803707543036,599.6182646854273,9.461259046172898e-05,1.4297749544311955e-05,False,True,RELEASE,RELEASED,
9.241999999992196,LOWERING,0.23732410162045664,1359.7669399586027,43.52708100098132,-0.04131872900608452,323.65044005044757,1.686732482925471,-0.8608623997121154,1.4505110815563675,0.9515874617221813,-4.1701590889839535,-593.8075556444992,482.58138838452794,813.1260603770144,85.0415864094833,26.187401836212096,-0.0028209857254068993,482.5813883845242,461.12677655893384,432.5353952824986,0.011895301231163558,400.0,0.8133543112977476,461.1148812577027,23.98939790741577,5.086756353087136,599.6182681101835,9.391949005355116e-05,1.4275687021836347e-05,False,True,RELEASE,RELEASED,
9.251999999992172,LOWERING,0.23732776231020553,1359.7879141658743,43.52773148388649,-0.04131922938158286,323.6511116220047,1.6867247130820748,-0.8608794050243499,1.4504919536925145,0.9515758129800185,-4.170171072190687,-593.8184214082597,482.59192257708844,813.1170249046304,85.04178861713699,26.18751051353984,-0.0028002995061342517,482.5919225770894,461.1365854897958,432.53599440391355,0.011809118793280504,400.0,0.8133695118940947,461.1247763710025,23.989398005431752,5.086709346981866,599.6182715097468,9.32314886252783e-05,1.4253177141654305e-05,False,True,RELEASE,RELEASED,
9.261999999992149,LOWERING,0.23733139633598574,1359.8087355998591,43.52837723381313,-0.041319725976790185,323.65177830281357,1.686717001200951,-0.8608962865556392,1.4504729662889402,0.9515642494432281,-4.170182969218548,-593.829208236711,482.602380127249,813.1080558401654,85.04198947470798,26.187618399643405,-0.0027797648892828875,482.60238012724756,461.1463230470747,432.536589162706,0.011723556655340417,400.0,0.8133846018225809,461.13459949041936,23.98939810272671,5.086662686662424,599.6182748843031,9.254854490681197e-05,1.4230167494133639e-05,False,True,RELEASE,RELEASED,
9.271999999992126,LOWERING,0.23733500388995127,1359.8294053615184,43.529018277076354,-0.04132021900560063,323.6524401281077,1.686709346844371,-0.8609130451968169,1.45045411831678,0.9515527704925486,-4.170194780672482,-593.8399166956547,482.61276158607603,813.099152696341,85.04218899012949,26.187725500219585,-0.0027593807687935623,482.61276158607876,461.15598974407203,432.53717959029734,0.011638610455349863,400.0,0.8133995818800142,461.1443511336167,23.98939819930595,5.086616369585609,599.6182782340347,9.18706204684483e-05,1.420632963800017e-05,False,True,RELEASE,RELEASED,
9.281999999992102,LOWERING,0.23733858516290118,1359.8499245440498,43.52965464197573,-0.041320708628475755,323.6530971328722,1.6867017495780205,-0.8609296818324577,1.450435408754702,0.9515413755131608,-4.170206507153449,-593.8505473469542,482.62306750077124,813.0903149894607,85.04238717130765,26.187831820925105,-0.0027391460495209685,482.6230675007736,461.1655860904884,432.5377657178875,0.011554275865648833,400.0,0.8134144528575917,461.1540318146227,23.989398295174723,5.086570393228052,599.6182815591222,9.119767818077662e-05,1.4184013025442255e-05,False,True,RELEASE,RELEASED,
9.291999999992079,LOWERING,0.23734214034428833,1359.8702942329382,43.530286376189274,-0.041321194536391284,323.65374935184485,1.6866942089709185,-0.8609461973408901,1.4504168365888115,0.9515300638946573,-4.170218149258281,-593.8611007485342,482.6332984146798,813.0815422393605,85.04258402611659,26.18793736737671,-0.002719059639389343,482.6332984146788,461.175112592418,432.53834757645654,0.011470548559941562,400.0,0.8134292155409427,461.16364204385803,23.989398390338245,5.086524755094168,599.6182848597462,9.052968952705243e-05,1.4161470971885137e-05,False,True,RELEASE,RELEASED,
9.301999999992056,LOWERING,0.23734566962223058,1359.8905155060204,43.53091350513961,-0.041321676946859606,323.65439681951904,1.6866867245954116,-0.860962592594295,1.450398400812586,0.9515188350310111,-4.170229707579972,-593.8715774544523,482.64345486735067,813.0728339693787,85.04277956240222,26.188042145151677,-0.0026991204524620116,482.6434548673533,461.1845697524392,432.5389251967655,0.011387424285885572,400.0,0.8134438707101574,461.1731823281533,23.989398484801693,5.086479452697527,599.61828813609,8.986661799070816e-05,1.4139313748273707e-05,False,True,RELEASE,RELEASED,
9.311999999992032,LOWERING,0.2373491731835173,1359.9105894335198,43.53153605847139,-0.04132215597055378,323.6550395701455,1.6866792960271744,-0.8609788684587286,1.4503801004268677,0.9515076883205468,-4.170241182707617,-593.8819780149037,482.6535373945508,813.0641897063563,85.0429737879825,26.188146159788115,-0.0026793274205374473,482.6535373945484,461.19395806957726,432.53949860935995,0.011304898795970075,400.0,0.81345841913983,461.1826531707813,23.989398578570224,5.086434483565442,599.6182913883312,8.920842320403466e-05,1.411674975315691e-05,False,True,RELEASE,RELEASED,
9.32199999999201,LOWERING,0.23735265121361906,1359.9305170781047,43.5321540855032,-0.04132263124173474,323.65567763773294,1.6866719228451093,-0.8609950257941016,1.4503619344397558,0.9514966231659083,-4.170252575226161,-593.892302976211,482.663546528255,813.0556089805793,85.04316671064043,26.18824941678503,-0.00265967946904766,482.66354652825504,461.20327803935413,432.5400678445696,0.011222967872754452,400.0,0.8134728615991048,461.1920550714814,23.989398671648956,5.086389845245249,599.6182946166488,8.855506685190306e-05,1.4094333323555475e-05,False,True,RELEASE,RELEASED,
9.331999999991986,LOWERING,0.2373561038966967,1359.9502994949391,43.53276759547533,-0.04132310334762548,323.6563110560498,1.6866646046313865,-0.8610110654542901,1.4503439018665953,0.9514856389740284,-4.1702638857167385,-593.9025528808945,482.6734827967099,813.0470913257774,85.04335833812995,26.188351921602617,-0.0026401755485494505,482.6734827967096,461.2125301537942,432.5406329325102,0.01114162731516899,400.0,0.8134871988517026,461.20138852647904,23.989398764042956,5.086345535304945,599.6182978212153,8.79065132295409e-05,1.4072283761379367e-05,False,True,RELEASE,RELEASED,
9.341999999991963,LOWERING,0.23735953141561048,1359.9699377317352,43.533376648115464,-0.04132357166204163,323.65693985862583,1.686657340971401,-0.8610269882871509,1.4503260017299127,0.9514747351561005,-4.17027511475659,-593.9127282676832,482.68334672444564,813.0386362790916,85.0435486781753,26.188453679662537,-0.002620814602551036,482.68334672444934,461.22171490147036,432.5411939030843,0.011060872964719692,400.0,0.8135014316559549,461.21065402850564,23.989398855757248,5.086301551336322,599.6183010022045,8.726273229076043e-05,1.4049744777366868e-05,False,True,RELEASE,RELEASED,
9.35199999999194,LOWERING,0.23736293395192917,1359.9894328288058,43.5339812438323,-0.04132403697206279,323.65756407875506,1.6866501314537237,-0.8610427951345957,1.4503082330593262,0.9514639111275478,-4.170286262919181,-593.9228296715538,482.69313883232087,813.0302433810308,85.04373773846999,26.188554696348362,-0.0026015955855882567,482.69313883232746,461.23083276752743,432.5417507859844,0.010980700699008139,400.0,0.8135155607648439,461.2198520668284,23.989398946796825,5.086257890942932,599.6183041597918,8.662368888767702e-05,1.4027301745045406e-05,False,True,RELEASE,RELEASED,
9.361999999991916,LOWERING,0.237366311685937,1360.008785819102,43.534581446901576,-0.04132449853142065,323.6581837494953,1.6866429756701338,-0.8610584868325508,1.4502905948916038,0.9514531663079925,-4.170297330773975,-593.9328576237159,482.70285963749905,813.0219121755042,85.04392552667672,26.18865497700553,-0.002582517465384626,482.7028596374982,461.23988423366893,432.54230361069295,0.010901106395976967,400.0,0.8135295869260426,461.22898312727295,23.98939903716666,5.086214551743316,599.6183072941515,8.59893457025862e-05,1.4004848139848036e-05,False,True,RELEASE,RELEASED,
9.371999999991893,LOWERING,0.2373696647966439,1360.0279977282767,43.53517726001894,-0.04132495706123689,323.65879890367114,1.6866358732154978,-0.8610740642110623,1.4502730862704616,0.9514425001212296,-4.170308318886635,-593.9428126516656,482.7125096535121,813.0136422097162,85.04411205042399,26.188754526941764,-0.0025635792085267894,482.7125096535154,461.24886977821905,432.54285240648386,0.010822085976485596,400.0,0.8135435108819453,461.23804769224256,23.989399126871678,5.08617153137297,599.618310405453,8.535966533251838e-05,1.3982456493977224e-05,False,True,RELEASE,RELEASED,
9.38199999999187,LOWERING,0.23737299346179472,1360.047069574732,43.535768740466764,-0.04132541197139044,323.6594095738753,1.6866288236878584,-0.8610895280943721,1.4502557062466261,0.9514319119951936,-4.1703192278192684,-593.9526952792439,482.7220893903055,813.0054330342056,85.0442973173148,26.188853351427394,-0.0025447798054756277,482.72208939030855,461.25778987615445,432.54339720242405,0.01074363541385992,400.0,0.8135573333696995,461.2470462407406,23.98939921591677,5.086128827487357,599.6183134938644,8.473461294933315e-05,1.3960349747321743e-05,False,True,RELEASE,RELEASED,
9.391999999991846,LOWERING,0.23737629785787512,1360.0660023696569,43.5363559027501,-0.04132586368943518,323.66001579246995,1.6866218266883113,-0.8611048793008169,1.4502384538777553,0.9514214013619324,-4.170330058129821,-593.9625060265644,482.73159935418175,812.9972842028004,85.04448133491545,26.18895145569548,-0.0025261182287295014,482.731599354182,461.26664499906326,432.5439380273762,0.010665750662553819,400.0,0.8135710551212508,461.2559792484007,23.989399304306776,5.08608643776478,599.6183165595518,8.411415899001184e-05,1.3937226867710706e-05,False,True,RELEASE,RELEASED,
9.401999999991823,LOWERING,0.2373795781601231,1360.0847971170901,43.53693878327605,-0.04132631211356785,323.6606175915883,1.6866148818210274,-0.8611201186430185,1.4502213282283478,0.951410967657578,-4.170340810372749,-593.9722454101374,482.7410400479106,812.9891952725784,85.04466411076251,26.18904884494209,-0.0025075934779579256,482.74104004791434,461.2754356152395,432.5444749099977,0.010588427737559414,400.0,0.8135846768633738,461.2648471875019,23.9893993920465,5.086044359900609,599.6183196026841,8.349827425213618e-05,1.3914629221289943e-05,False,True,RELEASE,RELEASED,
9.4119999999918,LOWERING,0.23738283454253573,1360.1034548139628,43.53751741141061,-0.04132675730495186,323.66121500313625,1.6866079886932512,-0.8611352469278393,1.4502043283697732,0.9514006103223164,-4.170351485098703,-593.9819139428421,482.7504119707065,812.9811658038835,85.04484565236282,26.1891455243266,-0.002489204554422031,482.7504119707103,461.2841621896561,432.5450078787441,0.010511662660633192,400.0,0.8135981993177055,461.2736505269955,23.989399479140733,5.086002591598391,599.6183226234298,8.288692173330503e-05,1.3892492347622465e-05,False,True,RELEASE,RELEASED,
9.421999999991776,LOWERING,0.23738606717787794,1360.1219764501443,43.53809182201332,-0.0413271991879475,323.66180805879355,1.6866011469152031,-0.8611502649564452,1.450187453380122,0.9513903288003607,-4.170362082854615,-593.9915121339603,482.75971561826475,812.9731953602452,85.04502596718821,26.189241498971835,-0.0024709504651809766,482.7597156182644,461.29282518400714,432.5455369618688,0.010435451484056557,400.0,0.8136116232007808,461.2823897325231,23.989399565594223,5.085961130581,599.6183256219513,8.2280067058349e-05,1.3870258726456086e-05,False,True,RELEASE,RELEASED,
9.431999999991753,LOWERING,0.23738927623769113,1360.1403630084942,43.53866203945469,-0.041327637932416866,323.6623967900165,1.6865943561001373,-0.8611651735243508,1.4501707023442487,0.951380122539923,-4.170372604183786,-594.0010404892104,482.76895148278925,812.9652835084103,85.0452050626819,26.18933677396452,-0.002452830224456193,482.76895148279584,461.3014250567594,432.5460621874256,0.010359790317465922,400.0,0.8136249492240664,461.29106526644193,23.989399651411684,5.085919974587406,599.6183285984142,8.167767545952387e-05,1.3847531135979807e-05,False,True,RELEASE,RELEASED,
9.44199999999173,LOWERING,0.23739246189230154,1360.1586154649106,43.539228100221926,-0.04132807341308668,323.66298122803784,1.6865876158642563,-0.8611799734214189,1.4501540743536738,0.9513699909931834,-4.170383049625733,-594.0104995107463,482.77812005299637,812.9574298182895,85.04538294625206,26.189431354355296,-0.0024348428571556724,482.7781200529996,461.3099622630931,432.54658358327066,0.010284675243667607,400.0,0.8136381780939975,461.29967758784943,23.989399736597804,5.085879121370334,599.6183315529798,8.107970988380231e-05,1.3825433256897668e-05,False,True,RELEASE,RELEASED,
9.451999999991706,LOWERING,0.2373956243108285,1360.1767347883754,43.53979002921322,-0.04132850577656181,323.66356140387006,1.6865809258267446,-0.8611946654319791,1.4501375685065534,0.9513599336162664,-4.170393419716548,-594.0198896972287,482.7872218141807,812.9496338629467,85.04555962527989,26.1895252451592,-0.0024169873914843265,482.7872218141802,461.31843725501955,432.54710117706196,0.010210102417545386,400.0,0.813651310512014,461.308227152602,23.989399821157214,5.085838568707423,599.6183344858055,8.048614110922614e-05,1.3803305932924559e-05,False,True,RELEASE,RELEASED,
9.461999999991683,LOWERING,0.2373987636611917,1360.1947219409979,43.540347860407444,-0.04132893494699902,323.66413734830513,1.6865742856096648,-0.8612092503347671,1.4501211839076003,0.9513499498692101,-4.170403714988494,-594.0292115437854,482.7962572481842,812.9418952185537,85.04573510710885,26.189618451355642,-0.002399262861331408,482.79625724818897,461.3268504813425,432.54761499626176,0.01013606800557909,400.0,0.8136643471745896,461.3167144133369,23.989399905094512,5.085798314394896,599.6183373970529,7.989694222310106e-05,1.3780994549961179e-05,False,True,RELEASE,RELEASED,
9.47199999999166,LOWERING,0.23740188011012042,1360.2125778780662,43.54090161514906,-0.04132936114549927,323.6647090919173,1.686567694838028,-0.8612237289030376,1.4501049196680933,0.9513400392159411,-4.170413935970373,-594.0384655420884,482.8052268334625,812.9342134644062,85.04590939905447,26.18971097788887,-0.0023816683166160146,482.805226833467,461.3352023876796,432.5481250681384,0.010062568183400344,400.0,0.8136772887732673,461.3251398194962,23.98939998841427,5.085758356237309,599.6183402868834,7.931207937428297e-05,1.3758571981270507e-05,False,True,RELEASE,RELEASED,
9.481999999991636,LOWERING,0.23740497382316142,1360.2303035480938,43.54145133203042,-0.0413297841754659,323.6652766650635,1.686561153139685,-0.861238101904555,1.450088774905765,0.9513302011242436,-4.170424083187317,-594.0476521803402,482.81413104507965,812.926588182859,85.04608250839668,26.189802829668032,-0.0023642028048698194,482.81413104508147,461.3434934165203,432.5486314197659,0.009989599175810326,400.0,0.8136901359946934,461.3335038173445,23.989400071121047,5.085718692052064,599.6183431554535,7.873151607906692e-05,1.3736074947701127e-05,False,True,RELEASE,RELEASED,
9.491999999991613,LOWERING,0.2374080449646863,1360.2478998928598,43.54199703972953,-0.041330204072260734,323.6658400978853,1.6865546601453594,-0.86125237010163,1.4500727487448188,0.9513204350657344,-4.170434157160843,-594.0567719433029,482.8229703547314,812.9190189593401,85.04625444238391,26.189894011567464,-0.002346865379877272,482.82297035472857,461.35172400719614,432.54913407802707,0.00991715720351749,400.0,0.813702889520648,461.3418068499926,23.98940015321935,5.085679319675767,599.6183460029207,7.815521892329258e-05,1.3713680459659372e-05,False,True,RELEASE,RELEASED,
9.50199999999159,LOWERING,0.23741109369790112,1360.265367847467,43.54253876833693,-0.04133062083234838,323.6663994203114,1.6865482154886189,-0.8612665342512276,1.4500568403158287,0.951310740515838,-4.170444158409141,-594.0658253123621,482.83174523081016,812.911505382305,85.04642520823477,26.189984528427146,-0.002329655106905193,482.8317452308136,461.35989459597965,432.5496330696139,0.009845238561126735,400.0,0.8137155500280793,461.3500493574185,23.98940023471366,5.085640236960166,599.6183488294391,7.758315409933658e-05,1.3691442745766835e-05,False,True,RELEASE,RELEASED,
9.511999999991566,LOWERING,0.23741412018485297,1360.282708340376,43.5430765420794,-0.041331034587338555,323.6669546620572,1.6865418188058239,-0.8612805951049304,1.4500410487557076,0.9513011169537556,-4.17045408744681,-594.0748127655049,482.8404561383831,812.9040470432137,85.0465948131329,26.19007438505256,-0.002312571062589086,482.840456138378,461.3680056160062,432.55012842102906,0.009773839517947636,400.0,0.8137281181891368,461.35823177648825,23.989400315608407,5.085601441780265,599.6183516351572,7.701529482506686e-05,1.3669724808096362e-05,False,True,RELEASE,RELEASED,
9.521999999991543,LOWERING,0.23741712458643768,1360.2999222934527,43.54361038477077,-0.041331445473657136,323.667505852628,1.6865354697361412,-0.861294553408972,1.450025373207705,0.9512915638624415,-4.170463944784859,-594.0837347773398,482.84910353921475,812.8966435365392,85.04676326423028,26.19016358621524,-0.0022956123214044055,482.8491035392139,461.3760574973881,432.5506201585875,0.009702956409228136,400.0,0.8137405946712065,461.3663545409789,23.989400395907982,5.08556293203055,599.6183544202314,7.645161788971677e-05,1.364774880130426e-05,False,True,RELEASE,RELEASED,
9.53199999999152,LOWERING,0.23742010706240893,1360.317010622018,43.54414034206735,-0.04133185310036294,323.6680530213189,1.6865291679214824,-0.8613084099043234,1.4500098128212835,0.9512820807285758,-4.17047373093093,-594.0925918191513,482.8576878918163,812.8892944596986,85.04693056864598,26.190252136652823,-0.002278777963624634,482.85768789181475,461.3840506671614,432.551108308417,0.009632585563508655,400.0,0.8137529801369406,461.37441808159787,23.989400475616765,5.085524705610433,599.6183571848164,7.589209088365578e-05,1.3625419342133682e-05,False,True,RELEASE,RELEASED,
9.541999999991496,LOWERING,0.23742306777138525,1360.333974234889,43.54466642207618,-0.04133225796950857,323.6685961972174,1.6865229130065245,-0.8613221653266967,1.4499943667521416,0.9512726670425373,-4.170483446389204,-594.1013843589025,482.86620965145113,812.8819994130731,85.04709673346696,26.19034004106936,-0.0022620670863489067,482.8662096514501,461.3919855493625,432.55159289646014,0.009562723360033942,400.0,0.8137652752442883,461.3824228260025,23.989400554739102,5.085486760433465,599.618359929061,7.533668041315167e-05,1.3602830676973099e-05,False,True,RELEASE,RELEASED,
9.551999999991473,LOWERING,0.23742600687085794,1360.3508140344245,43.54518866551736,-0.04133265979827327,323.6691354092045,1.6865167046386678,-0.8613358204065865,1.4499790341621444,0.951263322298379,-4.1704930916604335,-594.1101128612613,482.87466927015873,812.87475799997,85.04726176574852,26.190427304135497,-0.0022454787816741373,482.8746692701656,461.3998625650061,432.5520739484753,0.009493366181743568,400.0,0.8137774806465324,461.3903691988244,23.989400633279317,5.085449094431174,599.6183626531157,7.47853557188094e-05,1.3580215977526677e-05,False,True,RELEASE,RELEASED,
9.56199999999145,LOWERING,0.23742892451719846,1360.3675309165667,43.545707093775725,-0.041333058761310146,323.6696706859558,1.6865105424679894,-0.8613493758693156,1.4499638142192417,0.9512540459938015,-4.170502667241996,-594.1187777876247,482.8830671967834,812.8675698265827,85.04742567251103,26.19051393048877,-0.0022290121586365785,482.8830671967871,461.4076821321404,432.55255149003807,0.009424510453015955,400.0,0.8137895969923185,461.3982576216874,23.989400711241686,5.08541170554661,599.6183653571302,7.42380830427436e-05,1.3557686997955898e-05,False,True,RELEASE,RELEASED,
9.571999999991426,LOWERING,0.23743182086566725,1360.384125770893,43.54622174437124,-0.041333454642545356,323.6702020559432,1.686504426147264,-0.8613628324350322,1.4499487060974987,0.9512448376301259,-4.170512173627779,-594.1273795961253,482.8914038769726,812.8604345020085,85.04758846074265,26.19059992473378,-0.002212666324339807,482.8914038769778,461.4154446658319,432.55302554654236,0.009356152601867507,400.0,0.8138016249256887,461.40608851323003,23.98940078863047,5.085374591740993,599.6183680412475,7.369483153585321e-05,1.353541642856726e-05,False,True,RELEASE,RELEASED,
9.581999999991403,LOWERING,0.23743469607041914,1360.4005994806446,43.54673262658434,-0.04133384789635532,323.67072954743605,1.686498355331929,-0.8613761908187979,1.4499337089770001,0.9512356967122706,-4.170521611308405,-594.1359187416754,482.89967975323066,812.853351638202,85.0477501374002,26.190685291442378,-0.00219644039736977,482.8996797532298,461.42315057822026,432.55349614320136,0.009288289096616609,400.0,0.8138135650861118,461.41386228912364,23.98940086544986,5.08533775100277,599.6183707056133,7.31555816422258e-05,1.3512673490367888e-05,False,True,RELEASE,RELEASED,
9.59199999999138,LOWERING,0.2374375502845133,1360.416952922787,43.547239778738465,-0.04133423827779013,323.67125318850276,1.6864923296800574,-0.8613894517305891,1.4499188220438215,0.9512266227487239,-4.170530980771124,-594.1443956759786,482.9078952649199,812.84632084996,85.04791070940688,26.190770035153967,-0.0021803335019967562,482.9078952649253,461.4308002785216,432.55396330504874,0.009220916430990655,400.0,0.8138254181085101,461.4215793620906,23.98940094170404,5.08530118132545,599.6183733503759,7.262030519772367e-05,1.349034505437885e-05,False,True,RELEASE,RELEASED,
9.601999999991357,LOWERING,0.2374403836599197,1360.4331869680432,43.547743229598574,-0.041334625765698865,323.67177300701195,1.686486348852335,-0.8614026158753565,1.44990404448997,0.9512176152515209,-4.170540282499919,-594.1528108475584,482.916050848296,812.8393417548939,85.0480701836539,26.19085416037568,-0.002164344764537418,482.9160508482961,461.43839417304036,432.55442705694077,0.009154031113439487,400.0,0.8138371846232921,461.4292401419269,23.989401017397174,5.08526488071173,599.6183759756799,7.20889692775728e-05,1.346811245639401e-05,False,True,RELEASE,RELEASED,
9.611999999991333,LOWERING,0.23744319634752648,1360.4493024809392,43.548243003143526,-0.0413350104486306,323.6722890306348,1.6864804125120263,-0.8614156839530339,1.4498893755133393,0.9512086737362163,-4.170549516975433,-594.1611647017677,482.92414693651676,812.8324139734075,85.04822856699711,26.1909376715827,-0.0021484733294983016,482.9241469365171,461.44593266521946,432.554887423557,0.009087629694874977,400.0,0.8138488652563901,461.4368450355246,23.98940109253339,5.0852288471819,599.6183785816687,7.156154386933622e-05,1.3445568129100138e-05,False,True,RELEASE,RELEASED,
9.62199999999131,LOWERING,0.2374459884971474,1360.465300319844,43.548739138159014,-0.041335392056356134,323.6728012868444,1.6864745203250116,-0.8614286566585638,1.4498748143177393,0.9511997977218606,-4.170558684674967,-594.1694576808062,482.93218395965516,812.8255371287157,85.04838586626326,26.19102057321827,-0.0021327183270614114,482.9321839596545,461.45341615560756,432.55534442940115,0.009021708718876198,400.0,0.8138604606292865,461.4443944468887,23.989401167116796,5.0851930787679045,599.618381168485,7.103799643992659e-05,1.342241432666924e-05,False,True,RELEASE,RELEASED,
9.631999999991287,LOWERING,0.23744876025752956,1360.4811813370159,43.5492316373742,-0.04133577117615013,323.6733098029193,1.6864686719596904,-0.8614415346819836,1.4498603601127356,0.9511909867309755,-4.170567786072684,-594.1776902237691,482.9401623447518,812.8187108467602,85.04854208824295,26.191102869694145,-0.0021170789193547535,482.9401623447535,461.46084504194357,432.55579809880265,0.008956264786888823,400.0,0.8138719713590431,461.4518887771567,23.98940124115146,5.085157573517825,599.6183837362693,7.051829636850471e-05,1.3399831232163706e-05,False,True,RELEASE,RELEASED,
9.641999999991263,LOWERING,0.23745151177636048,1360.496946378642,43.54972053884461,-0.0413361475459092,323.6738146059433,1.6864628670870359,-0.8614543187084015,1.449846012113724,0.9511822402895278,-4.1705768216394326,-594.185862766639,482.948082515803,812.811934756254,85.04869723969772,26.191184565390646,-0.002101554251566995,482.94808251580093,461.4682197191152,432.5562484559181,0.008891294494787871,400.0,0.8138833980583337,461.4593284246204,23.98940131464141,5.085122329497605,599.6183862851585,7.000241629029347e-05,1.3377393997870968e-05,False,True,RELEASE,RELEASED,
9.65199999999124,LOWERING,0.23745424320027503,1360.5125962848786,43.55020587796579,-0.041336520962525436,323.6743157228075,1.6864571053804724,-0.8614670094180551,1.449831769541761,0.951173557926909,-4.170585791842813,-594.1939757423129,482.95594489379465,812.8052084885887,85.04885132735009,26.191265664656918,-0.002086143490600989,482.9559448937985,461.47554057921417,432.55669552473177,0.008826794470337518,400.0,0.8138947413354747,461.46671378474383,23.98940138759064,5.085087344792403,599.6183888152927,6.949033371483893e-05,1.3355152645999624e-05,False,True,RELEASE,RELEASED,
9.661999999991217,LOWERING,0.23745695467486452,1360.528131889902,43.55068766808447,-0.041336891745528355,323.67481318021134,1.6864513865160005,-0.8614796074863716,1.44981763162367,0.9511649391759063,-4.170594697147377,-594.202029580653,482.96374989673876,812.7985316778999,85.04900435789851,26.191346171811183,-0.002070845793582521,482.96374989673825,461.4828080115579,432.5571393290571,0.008762761378761752,400.0,0.8139060017944484,461.47404525017913,23.989401460003133,5.085052617494643,599.6183913268105,6.89820200250324e-05,1.3332186654224643e-05,False,True,RELEASE,RELEASED,
9.671999999991193,LOWERING,0.23745964634468053,1360.5435540219319,43.55116593990148,-0.04133725979492467,323.67530700466443,1.6864457101720312,-0.8614921135839472,1.4498035975918637,0.9511563835726806,-4.170603538014356,-594.2100247084574,482.9714979396632,812.7919039609683,85.04915633800037,26.191426091140954,-0.0020556603470822665,482.9714979396606,461.490022402685,432.5575798925384,0.008699191891764713,400.0,0.8139171800349422,461.4813232107932,23.98940153188284,5.085018145708113,599.618393819851,6.847744456717209e-05,1.3309834912433871e-05,False,True,RELEASE,RELEASED,
9.68199999999117,LOWERING,0.23746231835324472,1360.5588635032868,43.55164071993708,-0.04133762510616515,323.6757972224867,1.686440076029456,-0.8615045283765886,1.4497896666844017,0.9511478906567434,-4.170612314901776,-594.2179615495011,482.9791894346366,812.7853249772575,85.04930727428325,26.191505426903095,-0.0020405863226642396,482.9791894346364,461.49718413638556,432.55801723865096,0.008636082705038461,400.0,0.8139282766523723,461.4885480536805,23.98940160323368,5.084983927553512,599.6183962945478,6.797657950841085e-05,1.3287227375258226e-05,False,True,RELEASE,RELEASED,
9.691999999991147,LOWERING,0.23746497084305565,1360.5740611504239,43.552112024401865,-0.04133798791671774,323.676283859811,1.6864344837715979,-0.8615168525254022,1.4497758381448833,0.9511394599709324,-4.170621028264668,-594.2258405245824,482.9868247908211,812.7787943688566,85.04945717334236,26.191584183324245,-0.002025622905421187,482.9868247908225,461.5042935937219,432.55845139070294,0.008573430538945104,400.0,0.8139392922379121,461.49572016318297,23.989401674059547,5.084949961162345,599.618398751037,6.747939457962815e-05,1.326475705809571e-05,False,True,RELEASE,RELEASED,
9.701999999991124,LOWERING,0.23746760395559488,1360.589147773972,43.55257988916793,-0.04133834798947426,323.67676694258364,1.6864289330842182,-0.8615290866867814,1.4497621112224635,0.951131091061388,-4.170629678554929,-594.233662051519,482.99440441446507,812.7723117804917,85.04960604174131,26.19166236460091,-0.0020107692887449957,482.99440441446586,461.5113511530576,432.55888237183655,0.008511232147498049,400.0,0.8139502273785222,461.5028399209101,23.989401744364304,5.084916244683838,599.6184011894524,6.698586329356715e-05,1.3242393379186979e-05,False,True,RELEASE,RELEASED,
9.7119999999911,LOWERING,0.23747021783133468,1360.6041241787782,43.55304433440725,-0.04133870545829263,323.67724649656606,1.6864234236554458,-0.8615412315124221,1.4497484851717606,0.9511227834775287,-4.170638266221253,-594.2414265451566,483.0019287089165,812.7658768594806,85.0497538860079,26.191739974899697,-0.001996024667960228,483.00192870891345,461.5183571900564,432.5593102050287,0.008449484298125753,400.0,0.813961082656984,461.5099077057583,23.989401814151776,5.084882776282553,599.6184036099229,6.64959609375515e-05,1.3219207289694168e-05,False,True,RELEASE,RELEASED,
9.721999999991077,LOWERING,0.2374728126097451,1360.618991163947,43.553505380295,-0.041339060452552145,323.67772254733615,1.6864179551758134,-0.8615532876494061,1.4497349592528532,0.9511145367720298,-4.17064679170938,-594.2491344174217,483.0093980746699,812.7594892557306,85.04990071263985,26.191817018357586,-0.0019813882463495247,483.0093980746746,461.52531207770954,432.55973491309305,0.00838818377997086,400.0,0.8139718586519235,461.5169238939296,23.98940188342575,5.084849554141038,599.6184060125823,6.600966702485778e-05,1.3197729685998638e-05,False,True,RELEASE,RELEASED,
9.731999999991054,LOWERING,0.23747538842930033,1360.6337495228772,43.55396306569569,-0.04133941265041084,323.67819512028893,1.6864125273382087,-0.8615652557401914,1.4497215327312287,0.9511063505008003,-4.170655255461922,-594.2567860773136,483.01681290936216,812.7531486217151,85.0500465281014,26.191893499081967,-0.0019668592315156275,483.01681290936125,461.53221618635285,432.5601565186804,0.008327327401786988,400.0,0.8139825559378465,461.52388885895107,23.989401952190008,5.08481657644827,599.6184083975636,6.552695499717487e-05,1.3175107142160414e-05,False,True,RELEASE,RELEASED,
9.74199999999103,LOWERING,0.2374779454274857,1360.6484000433018,43.55441740521955,-0.04133976230559641,323.6786642406385,1.686407139837849,-0.8615771364226541,1.4497082048777312,0.9510982242229572,-4.170663657918443,-594.2643819309322,483.0241736077986,812.7468546124474,85.05019133882271,26.191969421151008,-0.0019524368379961743,483.0241736077993,461.5390698836934,432.5605750442795,0.00826691200455798,400.0,0.813993175085158,461.53080297168884,23.989402020448306,5.084783841401854,599.6184107649979,6.504779430738239e-05,1.3152346014067007e-05,False,True,RELEASE,RELEASED,
9.751999999991007,LOWERING,0.23748048374080455,1360.6629435073269,43.55486842494199,-0.04134010939339967,323.6791299334181,1.6864017923722852,-0.8615889303301223,1.4496949749685457,0.951090157500806,-4.170671999515477,-594.2719223814984,483.0314805619727,812.7406068854723,85.05033515120161,26.19204478861365,-0.0019381202886279425,483.03148056197284,461.54587353479224,432.5609905122187,0.00820693442352649,400.0,0.814003716660195,461.5376666003687,23.989402088204365,5.0847513472155095,599.6184131150123,6.457215717148301e-05,1.3129876606399193e-05,False,True,RELEASE,RELEASED,
9.761999999990984,LOWERING,0.2374830035047856,1360.6773806914753,43.55531615164196,-0.04134045386801767,323.67959222348367,1.686396484641388,-0.8616006380914241,1.4496818422851552,0.951082149899817,-4.170680280686627,-594.2794078293854,483.0387341610971,812.7344051008529,85.05047797160562,26.19211960549017,-0.0019239088084077594,483.0387341610965,461.5526275021574,432.5614029446675,0.008147391561010409,400.0,0.8140141812252546,461.5444801105964,23.989402155461885,5.084719092118586,599.6184154477351,6.410001826839817e-05,1.310750496941182e-05,False,True,RELEASE,RELEASED,
9.77199999999096,LOWERING,0.23748550485398906,1360.6917123667197,43.555760587290145,-0.041340796272520595,323.6800511355125,1.6863912163472856,-0.8616122603308913,1.449668806114269,0.9510742009886015,-4.170688501862456,-594.2868386721195,483.04593479160474,812.7282489211236,85.05061980636654,26.192193875772,-0.0019098016254019967,483.045934791607,461.5593321456741,432.5618123636366,0.008088280301535633,400.0,0.814024569338622,461.55124386537256,23.989402222224527,5.084687074350877,599.6184177632954,6.363135022802169e-05,1.3084857869216648e-05,False,True,RELEASE,RELEASED,
9.781999999990937,LOWERING,0.23748798792201342,1360.7059392985238,43.55620179329146,-0.04134113572478686,323.6805066940061,1.6863859871943947,-0.8616237976684006,1.4496558657478318,0.9510663103388916,-4.170696663470551,-594.2942153044055,483.05308283717534,812.7221380113074,85.05076066178509,26.19226760342214,-0.001895797976430913,483.05308283717596,461.5659878226789,432.5622187909799,0.008029597566746816,400.0,0.8140348815545967,461.55795822511215,23.989402288495942,5.084655292165419,599.6184200618159,6.31661260577232e-05,1.3062033190180955e-05,False,True,RELEASE,RELEASED,
9.791999999990914,LOWERING,0.23749045284150253,1360.7200622468802,43.556639761350326,-0.04134147300492298,323.68095892329114,1.6863807968893907,-0.8616352507194127,1.4496430204829707,0.9510584775255159,-4.170704765935604,-594.3015381181556,483.0601786787587,812.7160720388831,85.05090054412972,26.19234079237533,-0.0018818971083192082,483.060178678758,461.57259488796535,432.56262224839526,0.007971340301310192,400.0,0.8140451184235243,461.56462354766404,23.989402354279722,5.084623743837064,599.6184223434208,6.270432711552587e-05,1.3040050589552266e-05,False,True,RELEASE,RELEASED,
9.80199999999089,LOWERING,0.23749289974415108,1360.7340819663443,43.55707454380943,-0.04134180743913131,323.6814078475193,1.6863756451411693,-0.8616466200949805,1.449630269621944,0.9510507021263791,-4.1707128096793,-594.3088075024875,483.0672226945789,812.7100506737606,85.05103945963518,26.19241344653804,-0.0018680982628893616,483.06722269457754,461.5791536937795,432.5630227574246,0.007913505457622705,400.0,0.8140552804918162,461.5712401883219,23.98940241957945,5.084592427649925,599.6184246082364,6.224593179116056e-05,1.3017546052651596e-05,False,True,RELEASE,RELEASED,
9.811999999990867,LOWERING,0.23749532876071325,1360.7479992060823,43.557506129387825,-0.04134213987058294,323.6818534906716,1.6863705316608475,-0.8616579064018486,1.4496176124720868,0.9510429837224412,-4.17072079512063,-594.3160238437904,483.0742152601971,812.7040735882597,85.05117741450599,26.192485569789156,-0.0018544007015179886,483.07421526020033,461.5856645898958,432.56342033945714,0.007856090047084763,400.0,0.8140653683019807,461.57780849984874,23.98940248439868,5.084561341893903,599.6184268563889,6.179091256264257e-05,1.2994699659429898e-05,False,True,RELEASE,RELEASED,
9.821999999990844,LOWERING,0.2374977400210069,1360.7618147098958,43.55793457184757,-0.041342469583322515,323.68229587655566,1.6863654561617496,-0.861669110242353,1.4496050483458514,0.9510353218976917,-4.170728722675403,-594.3231875256654,483.0811567484507,812.6981404571272,85.05131441491187,26.19255716597953,-0.0018408036767141311,483.0811567484507,461.59212792353685,432.56381501572884,0.0077990910415906,400.0,0.8140753823926569,461.58432883249526,23.989402548740973,5.084530484868923,599.6184290879996,6.133923969819932e-05,1.2972032095603936e-05,False,True,RELEASE,RELEASED,
9.83199999999082,LOWERING,0.23750013365392128,1360.7755292162653,43.558359878887295,-0.04134279695857903,323.6827350288101,1.6863604183593697,-0.8616802322145773,1.4495925765606765,0.9510277162391326,-4.1707365927567395,-594.3302989290155,483.088047529547,812.6922509574725,85.05145046699117,26.192628238932727,-0.00182730645576612,483.0880475295473,461.5985440394989,432.5642068073235,0.0077425054884656674,400.0,0.8140853232986309,461.59080153401044,23.98940261260983,5.084499854891639,599.6184313031906,6.08908876147396e-05,1.2949461847711063e-05,False,True,RELEASE,RELEASED,
9.841999999990797,LOWERING,0.23750250978742374,1360.7891434583905,43.55878208064222,-0.04134312183714115,323.68317097090386,1.6863554179713576,-0.8616912729123088,1.449580196438996,0.9510201663367542,-4.1707444057748075,-594.3373584320244,483.0948879710377,812.6864047687724,85.05158557684813,26.19269879244485,-0.001813908305507539,483.094887971038,461.6049132800834,432.5645957351747,0.007686330419232945,400.0,0.8140951915508672,461.59722694966416,23.989402676008734,5.084469450292415,599.6184335020814,6.044583208897336e-05,1.2926717431582802e-05,False,True,RELEASE,RELEASED,
9.851999999990774,LOWERING,0.23750486854856542,1360.8026581642205,43.559201183119974,-0.04134344463258716,323.68360372613785,1.6863504547175312,-0.8617022329251129,1.4495679073082084,0.9510126717835147,-4.17075216213704,-594.3443664102016,483.1016784378635,812.680601572859,85.05171975055704,26.192768830284866,-0.001800608504140655,483.1016784378611,461.6112359851642,432.5649818200653,0.007630562904751059,400.0,0.8141049876765333,461.6036054222595,23.989402738941138,5.084439269414441,599.6184356847915,6.0004049565520745e-05,1.290424791022815e-05,False,True,RELEASE,RELEASED,
9.86199999999075,LOWERING,0.23750721006348807,1360.8160740564938,43.55961723011023,-0.04134376485126757,323.6840333176467,1.6863455283198414,-0.8617131128383303,1.4495557085006432,0.9510052321753186,-4.170759862247998,-594.3513232363798,483.108419292354,812.6748410539028,85.05185299415987,26.19283835619486,-0.0017874063285034936,483.10841929235755,461.6175124921914,432.5653650826304,0.0075752000392981245,400.0,0.8141147121990233,461.6099372921521,23.98940280141048,5.0844093106106225,599.6184378514411,5.956551446040237e-05,1.2881563520750205e-05,False,True,RELEASE,RELEASED,
9.871999999990727,LOWERING,0.23750953445743028,1360.8293918527754,43.560030229004724,-0.041344082865717335,323.6844597683996,1.6863406385023465,-0.8617239132331276,1.4495435993534953,0.9509978471109971,-4.17076750650949,-594.3582292807478,483.1151108942589,812.6691228983818,85.05198531366614,26.192907373890183,-0.0017743010669164505,483.1151108942601,461.6237431361978,432.56574554335776,0.007520238923973466,400.0,0.8141243656379967,461.6162228972738,23.989402863420146,5.08437957225516,599.6184400021441,5.9130209629998376e-05,1.2859048524660466e-05,False,True,RELEASE,RELEASED,
9.881999999990704,LOWERING,0.2375118418547336,1360.8426122654892,43.56044021526937,-0.04134439837338868,323.68488310120074,1.6863357849911993,-0.8617346346865034,1.449531579208816,0.9509905161922857,-4.170775095320482,-594.3650849108518,483.12175360074934,812.6634467950729,85.05211671505222,26.192975887059504,-0.0017612920092915374,483.12175360075025,461.6299282498136,432.5661232225877,0.007465676673973576,400.0,0.814133948509393,461.6224625731396,23.989402924973525,5.084350052725885,599.6184421370226,5.869811059433516e-05,1.283656627037999e-05,False,True,RELEASE,RELEASED,
9.89199999999068,LOWERING,0.23751413237884839,1360.8557360019545,43.56084720474705,-0.04134471153693497,323.6853033386912,1.6863309675146267,-0.86174527777132,1.449519647413462,0.9509832390238043,-4.170782629077151,-594.3718904916191,483.12834776644223,812.657812435034,85.05224720426187,26.19304389936514,-0.0017483784505429867,483.12834776643854,461.6360681633129,432.5664981405152,0.007411510444626401,400.0,0.8141434613254594,461.6286566528683,23.989402986073966,5.084320750412713,599.6184442561919,5.8269193210946924e-05,1.2813626540264522e-05,False,True,RELEASE,RELEASED,
9.901999999990657,LOWERING,0.23751640615234143,1360.8687637644264,43.56125120491622,-0.0413450227150822,323.68572050334996,1.6863261858029366,-0.8617558430563805,1.449507803319067,0.9509760152130369,-4.1707901081730645,-594.378646385401,483.1348937434401,812.6522195115848,85.05237678720931,26.193111414443205,-0.00173555969172412,483.13489374344005,461.6421632046116,432.56687031719014,0.007357737416270993,400.0,0.8141529045947729,461.63480546719535,23.989403046724814,5.084291663715678,599.6184463597687,5.784343195891495e-05,1.279169646295486e-05,False,True,RELEASE,RELEASED,
9.911999999990634,LOWERING,0.23751866329690122,1360.881696250129,43.56165226117622,-0.04134533135618903,323.68613461749555,1.686321439588496,-0.8617663311063954,1.4494960462820312,0.9509688443703098,-4.170797532998997,-594.3853529519611,483.14139188131907,812.6466677203098,85.05250546977697,26.193178435903867,-0.0017228350362756828,483.14139188132106,461.6482136992609,432.56723977252034,0.007304354761913601,400.0,0.8141622788222749,461.640909344499,23.989403106929373,5.0842627910451395,599.6184484478674,5.742080019111029e-05,1.2768596548085043e-05,False,True,RELEASE,RELEASED,
9.92199999999061,LOWERING,0.23752090393334319,1360.894534151284,43.562050378343585,-0.04134563787493204,323.6865457032861,1.6863167286056762,-0.8617767424820392,1.449484375663427,0.9509617261087742,-4.170804903943007,-594.3920105484982,483.147842527158,812.6411567590027,85.05263325781257,26.193244967331374,-0.0017102038040093248,483.1478425271592,461.65421997050004,432.56760652626997,0.007251359690769732,400.0,0.8141715845092945,461.64696861080927,23.989403166690938,5.084234130826384,599.6184505206014,5.700127445518177e-05,1.2746130664709199e-05,False,True,RELEASE,RELEASED,
9.931999999990587,LOWERING,0.23752312818161642,1360.9072781551483,43.5624455842621,-0.04134594213171419,323.6869537827204,1.6863120525908712,-0.8617870777399443,1.4494727908290264,0.9509546600443818,-4.170812221390357,-594.3986195296525,483.154246025538,812.635686327686,85.05276015713218,26.193311012284255,-0.0016976653055280622,483.1542460255405,461.66018233924166,432.56797059806155,0.007198749416659211,400.0,0.8141808221535697,461.652983589825,23.989403226012758,5.084205681497831,599.6184525780819,5.6584832782924366e-05,1.2723788927360147e-05,False,True,RELEASE,RELEASED,
9.941999999990564,LOWERING,0.23752533616081167,1360.9199289440623,43.56283789738763,-0.04134624420759164,323.6873588776403,1.6863074112824932,-0.8617973374328105,1.4494612911492262,0.9509476457958697,-4.170819485723842,-594.4051802475716,483.1606027186061,812.6302561285756,85.0528861735238,26.19337657429558,-0.0016852188540497082,483.16060271860533,461.6661011241267,432.5683320073768,0.00714652119955872,400.0,0.8141899922492685,461.65895460292717,23.989403284898067,5.084177441508454,599.6184546204238,5.6171452622599816e-05,1.2701257105618424e-05,False,True,RELEASE,RELEASED,
9.95199999999054,LOWERING,0.23752752798916396,1360.9324871954627,43.56322734054977,-0.04134654407531454,323.6877610097314,1.6863028044209536,-0.8618075221093547,1.4494498759990657,0.9509406829847359,-4.17082669732351,-594.4116930518774,483.16691294604857,812.6248658660895,85.05301131274254,26.193441656873247,-0.0016728637865526252,483.1669129460511,461.67197664151024,432.5686907735587,0.007094672308312511,400.0,0.8141990952870217,461.66488196920193,23.98940334335007,5.0841494093235005,599.6184566477325,5.576111586691468e-05,1.267864456622192e-05,False,True,RELEASE,RELEASED,
9.961999999990518,LOWERING,0.23752970378406038,1360.9449535819278,43.56361394723239,-0.041346841449234395,323.68816020052265,1.6862982317485804,-0.8618176323143485,1.4494385447581004,0.9509337712352229,-4.170833856566679,-594.418158289688,483.1731770451119,812.6195152467814,85.05313558050761,26.193506263499806,-0.0016605994346718944,483.1731770451129,461.67780920544885,432.5690469158112,0.007043199995905525,400.0,0.8142081317539471,461.67076600545295,23.98940340137194,5.084121583417954,599.6184586601236,5.535380328502981e-05,1.2655968589569966e-05,False,True,RELEASE,RELEASED,
9.971999999990494,LOWERING,0.23753186366204643,1360.9573287712142,43.563997705254316,-0.04134713713159158,323.6885564713893,1.6862936930097143,-0.8618276685886772,1.4494272968104842,0.9509269101742972,-4.170840963828143,-594.4245763056628,483.1793953506385,812.6142039793887,85.05325898251289,26.19357039763295,-0.001648425122084518,483.179395350641,461.6835991277984,432.5694004531998,0.006992101583932708,400.0,0.8142171021336686,461.67660702621447,23.989403458966855,5.084093962272582,599.6184606577074,5.494949081530365e-05,1.263313606614247e-05,False,True,RELEASE,RELEASED,
9.981999999990471,LOWERING,0.23753400773883065,1360.969613426283,43.5643786647293,-0.0413474304318532,323.68894984355364,1.6862891879505824,-0.8618376314693631,1.4494161315448069,0.9509200994316304,-4.170848019480105,-594.4309474420041,483.18556819508353,812.6089317747472,85.0533815244157,26.193634062705648,-0.0016363402006618344,483.18556819509047,461.6893467181737,432.5697514046543,0.006941374403140799,400.0,0.8142260069063417,461.68240534377054,23.98940351613795,5.08406654437842,599.6184626405918,5.454815384275946e-05,1.2610850149030739e-05,False,True,RELEASE,RELEASED,
9.991999999990448,LOWERING,0.23753613612929192,1360.9818082053418,43.564756838568925,-0.04134772154513051,323.68934033808495,1.6862847163194001,-0.8618475214895738,1.4494050483542131,0.950913338639577,-4.170855023892188,-594.4372720384775,483.1916959085161,812.603698345856,85.05350321184733,26.19369726212615,-0.0016243440139760423,483.1916959085188,461.69505228394837,432.57009978896826,0.006891015778307974,400.0,0.814234846548681,461.68816126817006,23.989403572888357,5.084039328238748,599.6184646088858,5.4149768856426306e-05,1.2588700997184787e-05,False,True,RELEASE,RELEASED,
10.0,LOWERING,0.23753782762418127,1360.9914997571645,43.56505578834475,-0.0413479910514882,323.68964839583566,1.6862811675673715,-0.8618552198689631,1.4493963419565399,0.9509079657250157,-4.170860590775802,-594.4422984337159,483.1964718386125,812.5995904923238,85.05359995033565,26.193747119654937,-0.001520474887115597,483.1964718386271,461.6994995246121,432.5703766606223,0.006763833051650181,400.0,0.8142418716868927,461.6927356915605,23.98940361798786,5.08401769959151,599.6184661730879,5.3612574636652255e-05,1.2570422654789581e-05,False,True,RELEASE,RELEASED,
