time,sequence_state,velocity,rpm,bus_frequency,slip,line_voltage,machine_line_current,machine_active_current,machine_reactive_current,flux_magnitude,motor_torque,motor_shaft_power,electrical_export,machine_reactive_demand,machine_copper_loss,machine_core_loss,magnetic_storage_power,rectifier_power,dc_input_power,dc_voltage,dc_capacitor_power,chopper_target_voltage,chopper_duty,dc_brake_power,battery_voltage,battery_power,aux_voltage,aux_power,energy_residual,k_precharge,k_main,brake_command,brake_physical_state,fault
0.0,AUXILIARY_START,0.0,0.0,0,0,0.0,0.0,0.0,-0.0,0.0,0.0,0.0,-0.0,0.0,0.0,0.0,0.0,0.0,0.0,0.0,0.0,80.0,0.0,0.0,24.0,0.0,0.0,0.0,0.0,True,False,APPLY,APPLIED,
0.009999999999999995,AUXILIARY_START,0.0,0.0,0,0,0.0,0.0,0.0,-0.0,0.0,0.0,0.0,-0.0,0.0,0.0,0.0,0.0,0.0,0.0,0.0,0.0,80.0,0.0,0.0,23.99916008225351,0.40314640907913923,1.9926268781812204,0.3628317681712253,-1.5190770216481967e-09,True,False,APPLY,APPLIED,
0.019999999999999934,AUXILIARY_START,0.0,0.0,0,0,0.0,0.0,0.0,-0.0,0.0,0.0,0.0,-0.0,0.0,0.0,0.0,0.0,0.0,0.0,0.0,0.0,80.0,0.0,0.0,23.994278047970862,2.7458821592857805,7.480844270460465,2.4712939433572023,-2.428481338490087e-10,True,False,APPLY,APPLIED,
0.029999999999999874,AUXILIARY_START,0.0,0.0,0,0,0.0,0.0,0.0,-0.0,0.0,0.0,0.0,-0.0,0.0,0.0,0.0,0.0,0.0,0.0,0.0,0.0,80.0,0.0,0.0,23.983434291039835,7.946051846612134,15.831009116799436,7.151446661950921,2.8855906937318805e-10,True,False,APPLY,APPLIED,
0.04000000000000012,AUXILIARY_START,0.0,0.0,0,0,0.0,0.0,0.0,-0.0,0.0,0.0,0.0,-0.0,0.0,0.0,0.0,0.0,0.0,0.0,0.0,0.0,80.0,0.0,0.0,23.966113981845478,16.24232346964389,26.52433835747033,14.618091122679497,1.0700825642251388e-11,True,False,APPLY,APPLIED,
0.050000000000000405,AUXILIARY_START,0.0,0.0,0,0,0.0,0.0,0.0,-0.0,0.0,0.0,0.0,-0.0,0.0,0.0,0.0,0.0,0.0,0.0,0.0,0.0,80.0,0.0,0.0,23.942563681101586,27.503454456666386,39.13608834729808,24.75310901099975,-3.4477624910860677e-10,True,False,APPLY,APPLIED,
0.06000000000000069,AUXILIARY_START,0.0,0.0,0,0,0.0,0.0,0.0,-0.0,0.0,0.0,0.0,-0.0,0.0,0.0,0.0,0.0,0.0,0.0,0.0,0.0,80.0,0.0,0.0,23.913402057577887,41.41702828997908,53.3185084018035,37.27532546098118,-6.135307572315701e-10,True,False,APPLY,APPLIED,
0.07000000000000098,AUXILIARY_START,0.0,0.0,0,0,0.0,0.0,0.0,-0.0,0.0,0.0,0.0,-0.0,0.0,0.0,0.0,0.0,0.0,0.0,0.0,0.0,80.0,0.0,0.0,23.879391133880276,57.60132576573409,68.78688434119952,51.841193189160684,-7.823009557858529e-10,True,False,APPLY,APPLIED,
0.08000000000000126,AUXILIARY_START,0.0,0.0,0,0,0.0,0.0,0.0,-0.0,0.0,0.0,0.0,-0.0,0.0,0.0,0.0,0.0,0.0,0.0,0.0,0.0,80.0,0.0,0.0,23.841307389909804,75.66878595334892,85.3081119106569,68.10190735801403,-1.441222148568233e-09,True,False,APPLY,APPLIED,
0.09000000000000155,AUXILIARY_START,0.0,0.0,0,0,0.0,0.0,0.0,-0.0,0.0,0.0,0.0,-0.0,0.0,0.0,0.0,0.0,0.0,0.0,0.0,0.0,80.0,0.0,0.0,23.799873975995496,95.25948301248476,102.69134148807412,85.73353471123629,-2.2219403105622204e-09,True,False,APPLY,APPLIED,
0.10000000000000184,AUXILIARY_START,0.0,0.0,0,0,0.0,0.0,0.0,-0.0,0.0,0.0,0.0,-0.0,0.0,0.0,0.0,0.0,0.0,0.0,0.0,0.0,80.0,0.0,0.0,23.755729549900703,116.05645499182887,120.78031861862291,104.45080949264597,-2.5739381841194398e-09,True,False,APPLY,APPLIED,
0.11000000000000212,AUXILIARY_START,0.0,0.0,0,0,0.0,0.0,0.0,-0.0,0.0,0.0,0.0,-0.0,0.0,0.0,0.0,0.0,0.0,0.0,0.0,0.0,80.0,0.0,0.0,23.709418411944277,137.79040908040756,139.44711297483,124.0113681723668,-2.6134832770141614e-09,True,False,APPLY,APPLIED,
0.12000000000000241,AUXILIARY_START,0.0,0.0,0,0,0.0,0.0,0.0,-0.0,0.0,0.0,0.0,-0.0,0.0,0.0,0.0,0.0,0.0,0.0,0.0,0.0,80.0,0.0,0.0,23.66139245125582,160.23852195587463,158.586984063342,144.21466976028717,-3.530529653350545e-09,True,False,APPLY,APPLIED,
0.130000000000002,AUXILIARY_START,0.0,0.0,0,0,0.0,0.0,0.0,-0.0,0.0,0.0,0.0,-0.0,0.0,0.0,0.0,0.0,0.0,0.0,0.0,0.0,80.0,0.0,0.0,23.612019117478926,183.22024030607884,178.1141776211574,164.89821627547096,-4.0390321642824745e-09,True,False,APPLY,APPLIED,
0.1400000000000009,AUXILIARY_START,0.0,0.0,0,0,0.0,0.0,0.0,-0.0,0.0,0.0,0.0,-0.0,0.0,0.0,0.0,0.0,0.0,0.0,0.0,0.0,80.0,0.0,0.0,23.575836902790225,200.0,197.85317993141894,180.0,-4.048460067185289e-09,True,False,APPLY,APPLIED,
0.1499999999999998,AUXILIARY_START,0.0,0.0,0,0,0.0,0.0,0.0,-0.0,0.0,0.0,0.0,-0.0,0.0,0.0,0.0,0.0,0.0,0.0,0.0,0.0,80.0,0.0,0.0,23.575836902790225,200.0,216.35359995860497,180.0,-4.41284042640433e-09,True,False,APPLY,APPLIED,
0.1599999999999987,AUXILIARY_START,0.0,0.0,0,0,0.0,0.0,0.0,-0.0,0.0,0.0,0.0,-0.0,0.0,0.0,0.0,0.0,0.0,0.0,0.0,0.0,80.0,0.0,0.0,23.575836902790225,200.0,233.390999836741,180.0,-4.506246625846089e-09,True,False,APPLY,APPLIED,
0.1699999999999976,AUXILIARY_START,0.0,0.0,0,0,0.0,0.0,0.0,-0.0,0.0,0.0,0.0,-0.0,0.0,0.0,0.0,0.0,0.0,0.0,0.0,0.0,80.0,0.0,0.0,23.575836902790225,200.0,249.26583056211203,180.0,-4.871028941311195e-09,True,False,APPLY,APPLIED,
0.1799999999999965,AUXILIARY_START,0.0,0.0,0,0,0.0,0.0,0.0,-0.0,0.0,0.0,0.0,-0.0,0.0,0.0,0.0,0.0,0.0,0.0,0.0,0.0,80.0,0.0,0.0,23.575836902790225,200.0,264.1879180976086,180.0,-5.238193434564664e-09,True,False,APPLY,APPLIED,
0.1899999999999954,AUXILIARY_START,0.0,0.0,0,0,0.0,0.0,0.0,-0.0,0.0,0.0,0.0,-0.0,0.0,0.0,0.0,0.0,0.0,0.0,0.0,0.0,80.0,0.0,0.0,23.575836902790225,200.0,278.3106636610072,180.0,-4.912007744994895e-09,True,False,APPLY,APPLIED,
0.1999999999999943,AUXILIARY_START,0.0,0.0,0,0,0.0,0.0,0.0,-0.0,0.0,0.0,0.0,-0.0,0.0,0.0,0.0,0.0,0.0,0.0,0.0,0.0,80.0,0.0,0.0,23.575836902790225,200.0,291.750246845676,180.0,-5.067232022870627e-09,True,False,APPLY,APPLIED,
0.2099999999999932,AUXILIARY_START,0.0,0.0,0,0,0.0,0.0,0.0,-0.0,0.0,0.0,0.0,-0.0,0.0,0.0,0.0,0.0,0.0,0.0,0.0,0.0,80.0,0.0,0.0,23.575836902790225,200.0,304.5971629722082,180.0,-4.768683892208969e-09,True,False,APPLY,APPLIED,
0.2199999999999921,AUXILIARY_START,0.0,0.0,0,0,0.0,0.0,0.0,-0.0,0.0,0.0,0.0,-0.0,0.0,0.0,0.0,0.0,0.0,0.0,0.0,0.0,80.0,0.0,0.0,23.575836902790225,200.0,316.92353297313053,180.0,-3.778283630406776e-09,True,False,APPLY,APPLIED,
0.229999999999991,AUXILIARY_START,0.0,0.0,0,0,0.0,0.0,0.0,-0.0,0.0,0.0,0.0,-0.0,0.0,0.0,0.0,0.0,0.0,0.0,0.0,0.0,80.0,0.0,0.0,23.575836902790225,200.00000000000003,328.7879377650743,180.00000000000003,-3.2810685834938624e-09,True,False,APPLY,APPLIED,
0.2399999999999899,AUXILIARY_START,0.0,0.0,0,0,0.0,0.0,0.0,-0.0,0.0,0.0,0.0,-0.0,0.0,0.0,0.0,0.0,0.0,0.0,0.0,0.0,80.0,0.0,0.0,23.575836902790225,200.0,340.2387306327759,180.0,-3.700288686570019e-09,True,False,APPLY,APPLIED,
0.2499999999999888,AUXILIARY_START,0.0,0.0,0,0,0.0,0.0,0.0,-0.0,0.0,0.0,0.0,-0.0,0.0,0.0,0.0,0.0,0.0,0.0,0.0,0.0,80.0,0.0,0.0,23.575836902790225,199.99999999999994,351.3163752770816,179.99999999999997,-4.6115993246331755e-09,True,False,APPLY,APPLIED,
0.2599999999999877,AUXILIARY_START,0.0,0.0,0,0,0.0,0.0,0.0,-0.0,0.0,0.0,0.0,-0.0,0.0,0.0,0.0,0.0,0.0,0.0,0.0,0.0,80.0,0.0,0.0,23.575836902790225,200.0,362.0551384850512,180.0,-5.634009592192513e-09,True,False,APPLY,APPLIED,
0.2699999999999866,AUXILIARY_START,0.0,0.0,0,0,0.0,0.0,0.0,-0.0,0.0,0.0,0.0,-0.0,0.0,0.0,0.0,0.0,0.0,0.0,0.0,0.0,80.0,0.0,0.0,23.575836902790225,200.0,372.4843426610635,180.0,-4.775992601402379e-09,True,False,APPLY,APPLIED,
0.2799999999999855,AUXILIARY_START,0.0,0.0,0,0,0.0,0.0,0.0,-0.0,0.0,0.0,0.0,-0.0,0.0,0.0,0.0,0.0,0.0,0.0,0.0,0.0,80.0,0.0,0.0,23.575836902790225,200.0,382.6293105100731,180.0,-4.937274367122768e-09,True,False,APPLY,APPLIED,
0.2899999999999844,AUXILIARY_START,0.0,0.0,0,0,0.0,0.0,0.0,-0.0,0.0,0.0,0.0,-0.0,0.0,0.0,0.0,0.0,0.0,0.0,0.0,0.0,80.0,0.0,0.0,23.575836902790225,200.0,392.5120895917365,180.0,-5.178785844606182e-09,True,False,APPLY,APPLIED,
0.2999999999999833,AUXILIARY_START,0.0,0.0,0,0,0.0,0.0,0.0,-0.0,0.0,0.0,0.0,-0.0,0.0,0.0,0.0,0.0,0.0,0.0,0.0,0.0,80.0,0.0,0.0,23.575836902790225,200.0,402.1520163709798,180.0,-5.340116349117352e-09,True,False,APPLY,APPLIED,
0.3099999999999822,AUXILIARY_START,0.0,0.0,0,0,0.0,0.0,0.0,-0.0,0.0,0.0,0.0,-0.0,0.0,0.0,0.0,0.0,0.0,0.0,0.0,0.0,80.0,0.0,0.0,23.575836902790225,200.0,411.56616119418374,180.0,-5.4076330080476964e-09,True,False,APPLY,APPLIED,
0.3199999999999811,AUXILIARY_START,0.0,0.0,0,0,0.0,0.0,0.0,-0.0,0.0,0.0,0.0,-0.0,0.0,0.0,0.0,0.0,0.0,0.0,0.0,0.0,80.0,0.0,0.0,23.575836902790225,200.0,420.76968354549365,180.0,-5.691252802364488e-09,True,False,APPLY,APPLIED,
0.32999999999998,AUXILIARY_START,0.0,0.0,0,0,0.0,0.0,0.0,-0.0,0.0,0.0,0.0,-0.0,0.0,0.0,0.0,0.0,0.0,0.0,0.0,0.0,80.0,0.0,0.0,23.575836902790225,200.0,429.7761187503797,180.0,-5.157200666516815e-09,True,False,APPLY,APPLIED,
0.3399999999999789,AUXILIARY_START,0.0,0.0,0,0,0.0,0.0,0.0,-0.0,0.0,0.0,0.0,-0.0,0.0,0.0,0.0,0.0,0.0,0.0,0.0,0.0,80.0,0.0,0.0,23.575836902790225,200.0,438.5976116332273,180.0,-4.4368585472298605e-09,True,False,APPLY,APPLIED,
0.3499999999999778,AUXILIARY_START,0.0,0.0,0,0,0.0,0.0,0.0,-0.0,0.0,0.0,0.0,-0.0,0.0,0.0,0.0,0.0,0.0,0.0,0.0,0.0,80.0,0.0,0.0,23.575836902790225,200.0,447.2451086532587,180.0,-4.263004393934011e-09,True,False,APPLY,APPLIED,
0.35999999999997667,AUXILIARY_START,0.0,0.0,0,0,0.0,0.0,0.0,-0.0,0.0,0.0,0.0,-0.0,0.0,0.0,0.0,0.0,0.0,0.0,0.0,0.0,80.0,0.0,0.0,23.575836902790225,200.0,455.72851719607894,180.0,-4.331520697675728e-09,True,False,APPLY,APPLIED,
0.36999999999997557,AUXILIARY_START,0.0,0.0,0,0,0.0,0.0,0.0,-0.0,0.0,0.0,0.0,-0.0,0.0,0.0,0.0,0.0,0.0,0.0,0.0,0.0,80.0,0.0,0.0,23.575836902790225,200.0,464.0568386331173,180.0,-2.4960776778826244e-09,True,False,APPLY,APPLIED,
0.37999999999997447,AUXILIARY_START,0.0,0.0,0,0,0.0,0.0,0.0,-0.0,0.0,0.0,0.0,-0.0,0.0,0.0,0.0,0.0,0.0,0.0,0.0,0.0,80.0,0.0,0.0,23.575836902790225,200.0,472.23828024330845,180.0,-2.8405707785950085e-09,True,False,APPLY,APPLIED,
0.38999999999997337,AUXILIARY_START,0.0,0.0,0,0,0.0,0.0,0.0,-0.0,0.0,0.0,0.0,-0.0,0.0,0.0,0.0,0.0,0.0,0.0,0.0,0.0,80.0,0.0,0.0,23.575836902790225,200.0,480.28034996184056,180.0,-2.0751884655112462e-09,True,False,APPLY,APPLIED,
0.39999999999997227,AUXILIARY_START,0.0,0.0,0,0,0.0,0.0,0.0,-0.0,0.0,0.0,0.0,-0.0,0.0,0.0,0.0,0.0,0.0,0.0,0.0,0.0,80.0,0.0,0.0,23.575836902790225,200.0,488.18993707075657,180.0,-2.8765489989979187e-09,True,False,APPLY,APPLIED,
0.40999999999997117,AUXILIARY_START,0.0,0.0,0,0,0.0,0.0,0.0,-0.0,0.0,0.0,0.0,-0.0,0.0,0.0,0.0,0.0,0.0,0.0,0.0,0.0,80.0,0.0,0.0,23.575836902790225,200.0,495.97338129975225,180.0,-2.9171858262344585e-09,True,False,APPLY,APPLIED,
0.4199999999999701,EXCITATION_BUILD,0.0,0.0,0.0,0,0.0064037316469227395,3.837748482243692e-05,-3.8377484822435354e-05,-1.0997042991480843e-11,3.246963189689137e-06,-1.0168813095160747e-16,-0.0,4.2566727202132636e-07,-1.2197467635368633e-13,6.064934876070958e-08,1.0251944751449958e-08,-4.96568565533486e-07,4.256672720216128e-07,3.8708277224077825e-08,0.0007879412293706859,3.8708277224077825e-08,80.0,0.0,0.0,23.575836902790225,200.0,503.58579692083146,177.0,2.824869893558457e-09,True,False,APPLY,APPLIED,
0.42999999999996946,EXCITATION_BUILD,0.0,0.0,0,0,0.0001344468285264462,7.028546344707938e-09,7.028065367176816e-09,-8.222477970258621e-11,5.933609583525964e-06,-2.0698136127801657e-15,-0.0,-1.6366167121039857e-12,-1.91475806754453e-14,9.152172134345285e-10,4.518987425204906e-12,-9.180995841476295e-10,0.0,0.0,0.00352130172608706,0.0,80.0,0.0,0.0,23.575836902790225,200.0,511.0097787209241,177.0,2.047635394575309e-08,True,False,APPLY,APPLIED,
0.43999999999996925,EXCITATION_BUILD,0.0,0.0,0.37807010864656604,1.0,15.909454093765998,0.2541352001451217,0.254134730982185,0.000488325110499521,0.011014699447594246,2.3850491186514527e-06,0.0,-7.002932278645404,0.01345627835114715,2.600435646923066,0.06327768239041193,4.3392189493319275,32.214883238230215,9.765179278779176,6.529241365924111,9.765179278779176,80.0,0.0,0.0,23.575836902790225,200.0,518.0496916285175,136.26304971788272,3.627842426467964e-08,False,True,APPLY,APPLIED,
0.44999999999996815,EXCITATION_BUILD,0.0,0.0,0.7272662413954135,1.0,28.030726442374974,1.0328369858144402,1.0327726492001736,0.011527980322395357,0.10116675589967858,0.0035460958093734085,0.0,-50.14177554213418,0.5596908498955152,40.82461298404789,0.1964304062218149,9.120732151864459,29.176383823147912,23.085854349339762,30.214000008266794,23.085854349339762,80.0,0.0,0.0,23.575836902790225,200.0,522.6620197794743,95.67995998782415,3.6335302100454214e-08,False,True,APPLY,APPLIED,
0.45999999999996705,EXCITATION_BUILD,0.0,0.0,1.2049505255282238,1.0,32.564027973056305,1.3836528579294551,1.3832572179085267,0.03308625636591659,0.21830237369502306,0.03732923099010185,0.0,-78.01923570786605,1.8661492603713496,68.49273821774396,0.2651039794574984,9.261393510664579,13.493140563145479,12.293444727426438,41.038430248763845,12.293444727426438,80.0,0.0,0.0,23.575836902790225,200.0,526.2319908637099,83.51245592384971,3.7216255410754684e-08,False,True,APPLY,APPLIED,
0.46999999999996595,EXCITATION_BUILD,0.0,0.0,1.7109853345297696,1.0,31.84425088158496,1.494759695883837,1.4933650444400683,0.06455534434307936,0.3360835720866674,0.14040343893290338,0.0,-82.36783400081822,3.5606055642678527,73.94346890167657,0.2535140785523312,8.170851020589339,0.9490071438284219,0.9345787533491766,44.18172160958608,0.9345787533491766,80.0,0.0,0.0,23.575836902790225,200.0,529.6952187514585,91.96866502064398,3.709698082055013e-08,False,True,APPLY,APPLIED,
0.47999999999996484,EXCITATION_BUILD,0.0,0.0,2.121401264546485,1.0,28.442162069762173,1.4316208140109972,1.4281443185481906,0.0997093802409524,0.43447585807300576,0.3089464441323265,0.0,-70.35505885217933,4.912010098599719,61.97432863175374,0.20223914580065452,8.17849107462493,0.0,0.0,44.18172160958608,0.0,80.0,0.0,0.0,23.575836902790225,200.0,533.7032152530326,105.10778753149657,3.592213704273206e-08,False,True,APPLY,APPLIED,
0.48999999999996374,EXCITATION_BUILD,0.0,0.0,2.442256152812267,1.0,26.030140607845652,1.3749431379379926,1.3676149292112205,0.14176754904195452,0.5139547957167607,0.5312259025340148,0.0,-61.659638532297436,6.391664526928115,53.021433778913284,0.16939205501605387,8.4688126983681,0.0,0.0,44.18172160958608,0.0,80.0,0.0,0.0,23.575836902790225,200.0,538.0932986253306,113.92250999328651,3.532946246664892e-08,False,True,APPLY,APPLIED,
0.49999999999996264,EXCITATION_BUILD,0.0,0.0,2.65164450463596,1.0,24.41387979727061,1.3397868216372117,1.3261472167767476,0.19068897940895196,0.5780712994344596,0.7896999577642204,0.0,-56.07756759049633,8.063489480118907,47.8088141695571,0.14900938168889452,8.119744039250337,0.0,0.0,44.18172160958608,0.0,80.0,0.0,0.0,23.575836902790225,200.0,542.7179224948305,119.57616086393404,3.506520762641685e-08,False,True,APPLY,APPLIED,
0.5099999999999616,EXCITATION_BUILD,0.0,0.0,2.7515801338705,1.0,23.446477576162785,1.3209016934296567,1.2983833770573605,0.2428618740898986,0.6295008631037453,1.06657808144056,0.0,-52.72798569604433,9.86273981121753,45.20302554171367,0.1374343276823761,7.387525826648277,0.0,0.0,44.18172160958608,0.0,80.0,0.0,0.0,23.575836902790225,200.0,547.4694368879473,122.96342834117684,3.555089556073199e-08,False,True,APPLY,APPLIED,
0.5199999999999605,EXCITATION_BUILD,0.0,0.0,2.764203368592823,1.0,23.002867473250102,1.31418599282538,1.2808551040191045,0.29410036764111436,0.6704451185390199,1.3475648454926705,0.0,-51.03200220473173,11.717586605057477,44.42450655368828,0.1322829779979769,6.475212673045471,0.0,0.0,44.18172160958608,0.0,80.0,0.0,0.0,23.575836902790225,200.0,552.2712079541543,124.6726841774687,3.624907796151433e-08,False,True,APPLY,APPLIED,
0.5299999999999594,EXCITATION_BUILD,0.0,0.0,2.7235951774693987,1.0,22.97456203226412,1.3168829050430697,1.2719119277980089,0.3412046798035263,0.7027821184518506,1.62308899137197,0.0,-50.613329627069795,13.577594919714624,44.956095074242874,0.13195762514358803,5.52527692768334,0.0,0.0,44.18172160958608,0.0,80.0,0.0,0.0,23.575836902790225,200.0,557.0669134664433,125.08603493374505,3.568422624056211e-08,False,True,APPLY,APPLIED,
0.5399999999999583,EXCITATION_BUILD,0.0,0.0,2.6626812669367226,1.0,23.2707895183823,1.3271916330802298,1.2708662715613488,0.3825396067414758,0.7281367064218452,1.8883729308978974,0.0,-51.22377712411197,15.4187139869538,46.458287140389196,0.13538241120221292,4.630107572520551,0.0,0.0,44.18172160958608,0.0,80.0,0.0,0.0,23.575836902790225,200.0,561.8135915356331,124.45514465269738,3.582530583301491e-08,False,True,APPLY,APPLIED,
0.5499999999999572,EXCITATION_BUILD,0.0,0.0,2.605022134989299,1.0,23.818470270573595,1.343879521209868,1.2772788121576455,0.4178169498002907,0.7479032024432656,2.142303027290133,0.0,-52.69388279200457,17.23695497938946,48.711742727238864,0.14182988150754958,3.8403101832581594,0.0,0.0,44.18172160958608,0.0,80.0,0.0,0.0,23.575836902790225,200.00000000000003,566.4772873325768,122.95160808235435,3.589825414707093e-08,False,True,APPLY,APPLIED,
0.5599999999999561,EXCITATION_BUILD,0.0,0.0,2.563546160550983,1.0,24.560230868133942,1.3660061889981727,1.290604870258531,0.4475622607484592,0.7632526044869677,2.38585342523918,0.0,-54.901773264224104,19.039105095204896,51.5760361129693,0.15080123507400986,3.1749359161807824,0.0,0.0,44.18172160958608,0.0,80.0,0.0,0.0,23.575836902790225,200.0,571.0303798139524,120.69874705449757,3.6118326551815017e-08,False,True,APPLY,APPLIED,
0.569999999999955,EXCITATION_BUILD,0.0,0.0,2.5431579128716524,1.0,25.451512523275365,1.3927768270339973,1.3101296646881637,0.4726389230977166,0.7751438921661548,2.6207812556846806,0.0,-57.75485584293293,20.835489497724595,54.960377465201006,0.16194487243061073,2.6325335053013177,0.0,0.0,44.18172160958608,0.0,80.0,0.0,0.0,23.575836902790225,200.0,575.4499265177162,117.79027368962323,3.5706902323795475e-08,False,True,APPLY,APPLIED,
0.5799999999999539,EXCITATION_BUILD,0.0,0.0,2.5440240271745416,1.0,26.457798074407965,1.4234862467002682,1.3350367713852682,0.4939533516375974,0.7843446361926623,2.8488538463811244,0.0,-61.17972954061223,22.636030037966798,58.80409580407469,0.17500376973653647,2.200629966801003,0.0,0.0,44.18172160958608,0.0,80.0,0.0,0.0,23.575836902790225,200.0,579.7165870680653,114.3005356384781,3.61671799176122e-08,False,True,APPLY,APPLIED,
0.5899999999999528,EXCITATION_BUILD,0.0,0.0,2.564066705055277,1.0,27.5523618577306,1.4575071812172853,1.364499588011497,0.512316364775137,0.791458118227479,3.0715248196288734,0.0,-65.11677297108747,24.448807978793134,63.064566992594365,0.189783160984832,1.8624228175082749,0.0,0.0,44.18172160958608,0.0,80.0,0.0,0.0,23.575836902790225,200.0,583.8138650426262,110.28998164142517,3.7284577647511696e-08,False,True,APPLY,APPLIED,
0.5999999999999517,EXCITATION_BUILD,0.0,0.0,2.6004572294842796,1.0,28.714539905379443,1.494291810650578,1.3977489712404991,0.5283993080744042,0.796952290368308,3.2898738057088552,0.0,-69.51710383494452,26.279961796803132,67.71019860486535,0.20613120049440714,1.6007740295847661,0.0,0.0,44.18172160958608,0.0,80.0,0.0,0.0,23.575836902790225,200.0,587.7275301679186,105.8082151535135,3.706290985228122e-08,False,True,APPLY,APPLIED,
0.6099999999999506,EXCITATION_BUILD,0.0,0.0,2.6503705805970137,1.0,29.928398967894008,1.5333724421797716,1.434108965838198,0.5427361426502305,0.8011869988965781,3.504659795202947,0.0,-74.34063441813791,28.134088920285908,72.71650295603683,0.22392726619535983,1.400204195905708,0.0,0.0,44.18172160958608,0.0,80.0,0.0,0.0,23.589089186071668,193.8602367455338,591.4028354236227,95.37015536801427,3.7053350165905385e-08,False,True,APPLY,APPLIED,
0.6199999999999495,EXCITATION_BUILD,0.0,0.0,2.711305026080359,1.0,31.181700308960306,1.574357167941733,1.4730072291605023,0.5557429217636627,0.8044375810899511,3.7164013601819335,0.0,-79.55460042840858,30.014724440301492,78.06384567472276,0.24307460853945387,1.2476801451463686,0.0,0.0,44.181752012699,0.0,80.0,0.0,0.0,23.627118536285845,176.20229086316218,594.4471543345312,74.16851097923994,3.7178500500445466e-08,False,True,APPLY,APPLIED,
0.6299999999999484,EXCITATION_BUILD,0.0,0.0,2.7586744652713806,1.0,32.26992218858158,1.6106487786219241,1.5076647669100396,0.5666890140936149,0.806735917765554,3.9046323307579724,0.0,-84.26812510703715,31.67403111388997,83.01072194263737,0.2603369695142775,0.9970661948854769,1.3349218131318397,1.3098572939974027,44.57012524562398,1.3098572939974027,80.0,0.0,0.0,23.67210898367308,155.23743746516348,596.6390237095202,49.11056484800636,3.6663780011991776e-08,False,True,APPLY,APPLIED,
0.6399999999999473,EXCITATION_BUILD,0.0,0.0,2.824912352440823,1.0,33.403543533163486,1.6466723042313973,1.5424822351997511,0.5764358000817774,0.8081754691884269,4.08342766991668,0.0,-89.24283098533286,33.35063542818136,88.02516740120299,0.27894918014298703,0.9387144039868858,2.5167115339080355,2.4476283479854564,45.62912795012415,2.4476283479854564,80.0,0.0,0.0,23.718151863890633,133.6983378959303,597.9105364454595,23.433250316606674,3.73786430696299e-08,False,True,APPLY,APPLIED,
0.6499999999999462,EXCITATION_BUILD,0.0,0.0,2.9054908897300296,1.0,34.6395100709816,1.687103595775005,1.5820682710790075,0.5859850924059685,0.8090776810137528,4.269446936579028,0.0,-94.91996926916208,35.15757693909527,93.67617473360318,0.29997391448940897,0.9438206210694773,3.255902879665223,3.1546765366227185,47.09754941391374,3.1546765366227185,80.0,0.0,0.0,23.76024915324547,113.93079707178426,598.2827840654489,-0.9038845200305019,3.7109211259434005e-08,False,True,APPLY,APPLIED,
0.6599999999999451,EXCITATION_BUILD,0.0,0.0,2.9943070174842576,1.0,35.939113362545214,1.730914555516476,1.6252447537477122,0.5955205193058746,0.8096475687905504,4.461133062660024,0.0,-101.16883729664755,37.070181820641295,99.88846810777106,0.32290496732146906,0.957464221555,3.7245944170540715,3.6039482848744364,48.783065934483126,3.6039482848744364,80.0,0.0,0.0,23.794595184812728,97.75048852784776,597.834759178972,-22.313594392552304,3.612131416197428e-08,False,True,APPLY,APPLIED,
0.669999999999944,EXCITATION_BUILD,0.0,0.0,3.103189714454164,1.0,37.4324233934378,1.7813469665932231,1.6753534968758,0.6052996579355616,0.8101330439369351,4.669206847563014,0.0,-108.62130802633109,39.24451807660844,107.10736948308094,0.3502965802763975,1.163641962973756,4.4363000603900975,4.283249357933866,50.672723369655486,4.283249357933866,80.0,0.0,0.0,23.818643638758513,86.39325080065832,596.670090976811,-40.85904469189974,3.7003803576851624e-08,False,True,APPLY,APPLIED,
0.6799999999999429,EXCITATION_BUILD,0.0,0.0,3.220438061823023,1.0,39.016869102170205,1.8374988495521276,1.7310621886451594,0.6163000252705032,0.8107900249756342,4.893209749978005,0.0,-116.98379723089953,41.649062444180956,115.307238188199,0.38057901863397103,1.2959800240666013,4.963636995107778,4.788960337342365,52.77066815299989,4.788960337342365,80.0,0.0,0.0,23.830918595528015,80.58730371978857,594.9059410594438,-55.14592613661445,3.748488230925773e-08,False,True,APPLY,APPLIED,
0.6899999999999418,EXCITATION_BUILD,0.0,0.0,3.338851650985535,1.0,40.6191855527524,1.8952473138893229,1.7882427382335366,0.6278138975522247,0.8115792147034809,5.1219074670317255,0.0,-125.81091145869561,44.16952854817986,124.01673233560956,0.41247955874223236,1.3816995643437977,5.315044545588936,5.129521848912428,54.958024939629,5.129521848912428,82.19999999999979,0.0,0.0,23.831014542190392,80.54189804959005,592.709262036656,-64.53914357140353,3.751163668574975e-08,False,True,APPLY,APPLIED,
0.6999999999999407,EXCITATION_BUILD,0.0,0.0,3.4569847371568256,1.0,42.22517016250356,1.9536247632179786,1.8459678482585078,0.6395720590006719,0.8124334842345867,5.352216286836798,0.0,-135.0069631328521,46.77583169813373,133.12061105579107,0.4457412488130954,1.4406108282479195,5.583686989196923,5.392467687272367,57.17935000069172,5.392467687272367,85.19999999999982,0.0,0.0,23.819490985856994,85.99265670490539,590.2488990707965,-69.27551768935244,3.729565301036075e-08,False,True,APPLY,APPLIED,
0.7099999999999396,EXCITATION_BUILD,0.0,0.0,3.5747734107265563,1.0,43.830047740508256,2.01230341009956,1.9039288025344399,0.6514753480969883,0.813292827810105,5.582704265803316,0.0,-144.53841067181526,49.45731756379738,142.57543258181505,0.4802682712338084,1.4827098187664092,5.816709139298985,5.621991361694978,59.41136628780994,5.621991361694978,88.19999999999985,0.0,0.0,23.797627991944974,96.31947527352769,587.6807454724171,-69.92783870918207,3.7916269901572264e-08,False,True,APPLY,APPLIED,
0.7199999999999385,EXCITATION_BUILD,6.710903985140841e-05,0.3845064750660951,3.6870757920755564,0.9965238353576159,45.43599814649091,2.070197608266129,1.9609509775815848,0.6636184150493609,0.8141205992933672,5.808401516527872,0.23387774930739,-154.32185579096534,52.225081870113044,152.18803421302434,0.5161074818919815,1.3838363467416173,6.050604492612741,5.8524557603127345,61.645725017175266,5.8524557603127345,91.19999999999986,0.0,0.0,23.76717537177377,110.67167539841664,585.13872719776,-67.21282415616174,2.3883604078939365e-07,False,True,APPLY,APPLIED,
0.7299999999999374,EXCITATION_BUILD,0.0004785318720055307,2.7417856628411417,3.806101783496219,0.9759878057322771,47.01083239240363,2.116731803767,2.005293869081525,0.6777536629947084,0.8150659958394109,5.984494415242136,1.7182627893194777,-163.2813545046496,55.18619381455096,159.9878539419986,0.5525045905566666,1.022733182774843,6.194712576193561,5.9978569012808185,63.86185565402114,5.9978569012808185,94.1999999999999,0.0,0.0,23.73392287748586,126.30107810427972,582.7359476448336,-62.398692867899086,5.351915656724715e-07,False,True,APPLY,APPLIED,
0.7399999999999363,EXCITATION_BUILD,0.001160721505235673,6.650444344007615,3.9531803029661607,0.9439232564304607,48.49111999528289,2.1480606365506536,2.0327266465135025,0.694396773359704,0.8163936231577411,6.098636498316058,4.247291121726376,-170.72684814375842,58.32174861299556,165.1440355196254,0.587847179599231,0.7476743228073843,6.142868912371213,5.9567097541719045,65.99722051044739,5.9567097541719045,97.19999999999992,0.0,0.0,23.706417807572734,139.19564229087968,580.4926608911013,-58.281281418305,7.311798661396862e-07,False,True,APPLY,APPLIED,
0.7499999999999352,EXCITATION_BUILD,0.0020112415590983037,11.523565291764433,3.987778421975475,0.9036759813579289,49.82583066941607,2.1666803327892765,2.0463965177290397,0.7118742562575989,0.8182174025489056,6.164764611631642,7.439298473383243,-176.6058003540323,61.43536782271404,168.0393139080757,0.620653350474331,0.506534622099025,5.800892937335826,5.637827863379647,68.00448024974615,5.637827863379647,100.0,0.0,0.0,23.683874298863444,149.74162736716502,578.3881695608591,-54.369824224921985,8.458698843583079e-07,False,True,APPLY,APPLIED,
0.7599999999999341,READY_TO_RELEASE,0.0028757293411761213,16.476715427132852,4.040408271016079,0.8640672400581498,50.17711472306001,2.1544894662110963,2.0298005431974593,0.7223119927357379,0.820799987068065,6.108802090804155,10.540356847178126,-176.40856886393323,62.7756383940289,165.28338488577631,0.6294357104827816,-0.044608579504000545,3.161398397299942,3.1028590487704513,69.32571883207598,3.1028590487704513,100.0,0.0,0.0,23.665299883288668,158.4155726589079,576.5784827738153,-43.589065600478904,7.49179453363169e-07,False,True,APPLY,APPLIED,
0.769999999999933,READY_TO_RELEASE,0.003579077651015811,20.506604395280252,4.106037143260771,0.8335247695056559,50.237303479259,2.129701661185698,1.999653749683519,0.7328124228162092,0.8240169982285265,6.012471878007561,12.911462235562755,-173.99699564926482,63.76461923203426,160.42520606529706,0.6309466652167922,0.029380683188193757,1.6305873273941114,1.611245508383613,69.99574397155533,1.611245508383613,100.0,0.0,0.0,23.649899834581888,165.596676884178,575.1730823964978,-33.048767480354684,5.83095464246064e-07,False,True,APPLY,APPLIED,
0.7799999999999319,READY_TO_RELEASE,0.004109878730706746,23.547870558008036,4.153179389047183,0.8110052696807915,50.210822347354075,2.106292137819852,1.9715034088126138,0.7413776897654573,0.8274256735709715,5.930091490839278,14.623174133607241,-171.45710792867138,64.4759090964914,156.0280204602421,0.630281670199388,0.17563166462264235,0.8442823753326427,0.8378299735610032,70.33167457241885,0.8378299735610032,100.0,0.0,0.0,23.637106141786735,171.5552128957898,574.1234914732179,-24.25782829248726,4.427553260688555e-07,False,True,APPLY,APPLIED,
0.7899999999999308,READY_TO_RELEASE,0.004505959756895527,25.817247672590813,4.1836043876879465,0.7942982073179995,50.17600947949655,2.087492647361371,1.9488166882757183,0.7481571147064285,0.8307304792673789,5.87005185159073,15.87013044849474,-169.36658704944196,65.02038793946247,152.58582566655082,0.629407981821632,0.281222952574808,0.462271836038113,0.45990729219432414,70.50642902797694,0.45990729219432414,100.0,0.0,0.0,23.62647113391614,176.50337944429447,573.3627681424911,-17.25960677399695,3.4283694616554783e-07,False,True,APPLY,APPLIED,
0.7999999999999297,READY_TO_RELEASE,0.004807412537814269,27.54444487950339,4.203239342584864,0.7815617699073306,50.15971392762393,2.0733043900723005,1.931485561563882,0.7536276397288847,0.8337918766943287,5.829212007388453,16.81405613393804,-167.80586828056036,65.47454610146833,150.02491803695025,0.6289992253252676,0.33789488434678105,0.28673563141720937,0.2856689709452732,70.60697625066572,0.2856689709452732,100.0,0.0,0.0,23.617630575295617,180.6131963191285,572.8303988907427,-11.774240709481404,2.755315671176817e-07,False,True,APPLY,APPLIED,
0.8099999999999286,BRAKE_RELEASE,0.004583853239146183,26.263544451044787,0.9364448194559177,0.06513286900328255,15.663116338883952,1.456733025829818,1.2901174315785393,0.6765117303347302,0.8287172915704607,3.6383418086031893,10.006574930692025,-34.99999999999986,18.353298685952993,68.161523359341,0.06133330336135336,-43.229431593394494,0.0,0.0,70.66348293544375,0.0,100.0,0.0,0.0,23.60961425469161,184.33713714522793,573.4654076573142,126.31187009929764,-2.6759946551990765e-06,False,True,RELEASE,APPLIED,
0.8199999999999275,BRAKE_RELEASE,0.0,0.0,1.6421877519835417,1.0,20.745309188378553,1.1237231679887303,0.9740640275569598,0.5603151153539784,0.8011035868068904,2.6041685755999557,0.0,-34.99999999880406,20.133203241172314,40.4631618133235,0.10759196333035591,-5.570753777849813,0.0,0.0,70.66348293544375,0.0,100.0,0.0,0.0,23.600485605069178,188.57467453165637,578.2253233233723,130.77014175973147,-3.4350801902949257e-06,False,True,RELEASE,APPLIED,
0.8299999999999264,BRAKE_RELEASE,0.0,0.0,1.3754792410418417,1.0,20.55342993039336,1.1101107911780435,0.9831575308739295,0.5155067780115213,0.7755358659981262,2.5641282783346124,0.0,-34.99999999951322,18.3518273151141,40.151873376073084,0.10561087047589743,-5.257484247035759,0.0,0.0,70.66348293544375,0.0,100.0,0.0,0.0,23.59291126737739,192.0881669342879,583.0769381333103,133.9550907643222,-3.4348054642752146e-06,False,True,RELEASE,APPLIED,
0.8399999999999253,BRAKE_RELEASE,0.0,0.0,1.403983763630118,1.0,20.521789100505238,1.10119672489104,0.9846733792253327,0.4930036137349469,0.7531132229916961,2.4730412279685408,0.0,-34.99999999949286,17.523705671872797,39.29161547168215,0.10528595697140392,-4.396901429160696,0.0,0.0,70.66348293544375,0.0,100.0,0.0,0.0,23.592741750230168,192.16677424940806,587.972711459405,134.04062115426385,-3.4347442674498296e-06,False,True,RELEASE,APPLIED,
0.8499999999999241,BRAKE_RELEASE,0.0,0.0,1.4591626530507147,1.0,20.49617172950308,1.0946495924929378,0.9859040843329581,0.4756583509626912,0.7337164262058398,2.3900227632651805,0.0,-34.99999999942824,16.886066857797775,38.564311962772386,0.10502326389132031,-3.669335227235468,0.0,0.0,70.66348293544375,0.0,100.0,0.0,0.0,23.615845368072122,181.44272770074843,592.6596488638846,124.39976163289182,-3.434816365777138e-06,False,True,RELEASE,APPLIED,
0.859999999999923,BRAKE_RELEASE,0.0,0.0,1.5134250809540575,1.0,20.475100289547328,1.0893325615404816,0.9869187029858779,0.4611256914649406,0.716986449994656,2.3176611491892927,0.0,-34.99999999935728,16.353321861413228,37.963903265461404,0.1048074329667553,-3.0687106990708806,0.0,0.0,70.66348293544375,0.0,100.0,0.0,0.0,23.657735475943284,161.94407145866816,596.8192763592003,106.85968024055111,-3.434491627318792e-06,False,True,RELEASE,APPLIED,
0.869999999999922,BRAKE_RELEASE,0.0,0.0,1.5634358298094897,1.0,20.457811851668687,1.084931838785377,0.9877527258408353,0.44880023106524725,0.7025799547378305,2.255037942882784,0.0,-34.99999999928603,15.902773716561107,37.46782168617988,0.104630516439569,-2.572452203333407,0.0,0.0,70.66348293544375,0.0,100.0,0.0,0.0,24.0,0.0,600.0087938883228,-38.8828078211366,-3.434650365230496e-06,False,True,RELEASE,APPLIED,
0.8799999999999208,BRAKE_RELEASE,0.0,0.0,1.6087782996039652,1.0,20.44363808799263,1.0812669610446441,0.9884375439542243,0.43832574958409665,0.6901907033304231,2.2009775039213832,0.0,-34.99999999921638,15.520860502452123,37.05658330931029,0.10448558456820575,-2.16106889466211,0.0,0.0,70.66348293544375,0.0,100.0,0.0,0.0,24.0,0.0,600.0088814731224,-38.87685368081687,-3.434700900362131e-06,False,True,RELEASE,APPLIED,
0.8899999999999197,BRAKE_RELEASE,0.0,0.0,1.6494994571884234,1.0,20.43201543691357,1.0782029015029655,0.9889998117678777,0.4294192230589077,0.6795487028140602,2.1543899400695423,0.0,-34.99999999914955,15.196840917320714,36.71455417912695,0.10436681370356862,-1.8189209936809725,0.0,0.0,70.66348293544375,0.0,100.0,0.0,0.0,23.807701820295016,91.5635544600357,599.9869622775176,43.53530789139046,-3.4344839574540487e-06,False,True,RELEASE,MOVING,
0.8999999999999186,BRAKE_RELEASE,0.0,0.0,1.6857924867913439,1.0,20.422475680832925,1.0756330954334639,0.9894617938056588,0.4218434716700772,0.6704170093563531,2.114301811372588,0.0,-34.99999999908633,14.921770199211133,36.42923530990529,0.10426937823355308,-1.533504689052517,0.0,0.0,70.66348293544375,0.0,100.0,0.0,0.0,24.0,0.0,600.0096584899562,-38.86773991703108,-3.43408856751104e-06,False,True,RELEASE,MOVING,
0.9099999999999175,BRAKE_RELEASE,0.0,0.0,1.7179294967831567,1.0,20.4146335398808,1.0734721484163865,0.9898418887412184,0.41539798834239666,0.6625884246568046,2.07985134371914,0.0,-34.99999999902753,14.688133283659138,36.19058588754956,0.10418931564190656,-1.294775204163944,0.0,0.0,70.66348293544375,0.0,100.0,0.0,0.0,23.87140577836904,61.39449690612332,599.9936615616597,16.390790375402005,-3.4334504512845143e-06,False,True,RELEASE,MOVING,
0.9199999999999164,BRAKE_RELEASE,0.0,0.0,1.7462283127644378,1.0,20.408174209606806,1.0716510062943891,0.9901551806399204,0.4099129145851632,0.6558823447339397,2.050279513338094,0.0,-34.99999999897341,14.489599499734691,35.9904950761337,0.10412339364241512,-1.0946184708027058,0.0,0.0,70.66348293544375,0.0,100.0,0.0,0.0,23.89479085446249,50.27901057191052,599.9975637044618,6.389782605208673,-3.433091776861019e-06,False,True,RELEASE,MOVING,
0.9299999999999153,BRAKE_RELEASE,0.0,0.0,1.7710286646814728,1.0,20.40284174853981,1.070113406279549,0.990413966351619,0.40524421964399854,0.6501418056351036,2.0249206876494688,0.0,-34.99999999892408,14.320827622566522,35.822376515040176,0.10406898785398977,-0.9264455039700739,0.0,0.0,70.66348293544375,0.0,100.0,0.0,0.0,23.913891822762096,41.18363271044927,599.9840037598548,-1.7935875873640938,-3.43291461279982e-06,False,True,RELEASE,MOVING,
0.9399999999999142,BRAKE_RELEASE,0.0,0.0,1.7926744685624003,1.0,20.39842873451797,1.068813203610639,0.990628233379348,0.4012696941511403,0.6452307451857032,2.003193391090628,0.0,-34.999999998879645,14.177305695124698,35.68085556146602,0.10402397370930211,-0.7848795362956782,0.0,0.0,70.66348293544375,0.0,100.0,0.0,0.0,23.929105401830263,33.92888624048144,599.8006601631233,-8.320773631771907,-3.433525466833842e-06,False,True,RELEASE,MOVING,
0.9499999999999131,BRAKE_RELEASE,0.0,0.0,1.8115011613508378,1.0,20.394767342929413,1.0677123325163071,0.9908060769309364,0.3978855902444081,0.6410314919875545,1.984591408244262,0.0,-34.99999999883981,14.055218253433626,35.56152640906672,0.10398663374305503,-0.6655130439699537,0.0,0.0,70.66348293544375,0.0,100.0,0.0,0.0,23.94008586723282,28.686989662141087,599.4170669600575,-13.03671652287612,-3.4342219652483408e-06,False,True,RELEASE,MOVING,
0.959999999999912,BRAKE_RELEASE,0.0,0.0,1.8278272013786305,1.0,20.39172183304058,1.0667792340891642,0.9909540541203813,0.39500379353399145,0.6374424856534557,1.9686753700331416,0.0,-34.99999999880446,13.951335801829199,35.46076222560863,0.103955579829026,-0.5647178066331886,0.0,0.0,70.66348293544375,0.0,100.0,0.0,0.0,23.946759157505262,25.498912651283536,598.8983372179733,-15.904492064606732,-3.4352579170171538e-06,False,True,RELEASE,MOVING,
0.9699999999999109,BRAKE_RELEASE,0.0,0.0,1.841948807314445,1.0,20.38918233247809,1.0659876313153351,0.9910774788030773,0.39254943781212387,0.6343762254940641,1.9550649249480827,0.0,-34.99999999877325,13.862922543185647,35.37556581976213,0.10392968904675917,-0.47949551003564217,0.0,0.0,70.66348293544375,0.0,100.0,0.0,0.0,23.949397686836924,24.23789843632668,598.3082330917921,-17.03813862994427,-3.4352630968736975e-06,False,True,RELEASE,MOVING,
0.9799999999999098,BRAKE_RELEASE,0.0,0.0,1.8541372061991515,1.0,20.387059763805645,1.0653155647902712,0.991180663372945,0.39045889046093385,0.6317574392944745,1.943431555936024,0.0,-34.99999999874574,13.787659173190416,35.303451497125636,0.10390805145324579,-0.4073595498331297,0.0,0.0,70.66348293544375,0.0,100.0,0.0,0.0,23.948533328849837,24.651025787292426,597.7045443484342,-16.6652497309266,-3.4361206620037166e-06,False,True,RELEASE,MOVING,
0.9899999999999087,BRAKE_RELEASE,0.00019031384674468802,1.0904180201370184,1.8560667748698636,0.9804170475814649,20.42964031909411,1.0631542112689105,0.9891147913174964,0.3898061140307643,0.6295574644010888,1.9258488936774092,0.21990942672284963,-34.99999999874491,13.793357566127195,35.07896996851771,0.10434255089188892,-0.4032219473875305,0.0,0.0,70.66348293544375,0.0,100.0,0.0,0.0,23.944867441672454,26.40283601746754,597.1357723227944,-15.085170242033957,-3.4437985021451567e-06,False,True,RELEASE,MOVING,
0.9999999999999076,BRAKE_RELEASE,0.0008779674307387564,5.030382833127517,1.8952923590857622,0.9115284631592135,20.644013397887758,1.0557903557283512,0.9788435529162584,0.3956748338766003,0.6281009691579206,1.878193126446458,0.9893954361944334,-34.99999999861849,14.147939314587436,34.245432207587626,0.10654382229304234,-0.34137146745660907,0.0,0.0,70.66348293544375,0.0,100.0,0.0,0.0,23.939186202746296,29.11665632304926,596.6392716110182,-12.63102926574593,-3.4697969433228337e-06,False,True,RELEASE,MOVING,
1.0099999999999065,BRAKE_RELEASE,0.0019858881932644503,11.378301205891335,1.9932211406346922,0.8097166946853307,21.020681672808912,1.044906473198257,0.9613037167473498,0.40954206365079393,0.6278804201535535,1.802457202211337,2.1476870860415804,-34.9999999982631,14.910971399930325,32.91664104390352,0.11046726449739114,-0.17479539617939643,0.0,0.0,70.66348293544375,0.0,100.0,0.0,0.0,23.93228634785357,32.41085025654593,596.2402754052113,-9.649106922471095,-3.5095516366379087e-06,False,True,RELEASE,MOVING,
1.0199999999999054,BRAKE_RELEASE,0.0034402102577994077,19.710952840951894,2.1400165827470827,0.6929781915420259,21.539717589544903,1.0325115288583053,0.9381394782102961,0.43124746567212263,0.6292702340505515,1.704583843165301,3.5184760935218433,-34.99999999760266,16.088930961827625,31.288728437269032,0.11598985845933753,0.07680560835244954,0.0,0.0,70.66348293544375,0.0,100.0,0.0,0.0,23.9249132521011,35.928878597271904,595.9519913142294,-6.463569305456481,-3.5589242075584337e-06,False,True,RELEASE,MOVING,
1.0299999999999043,BRAKE_RELEASE,0.005177998588562014,29.66774654493006,2.324927612448702,0.5746427202568132,22.18841949531653,1.0205506767984995,0.9107119785562856,0.46057287808551056,0.6325329964906505,1.5886756504806887,4.935696165523107,-34.99999999650071,17.700492703451253,29.543254480787144,0.12308148992503572,0.3979678602654264,0.0,0.0,70.66348293544375,0.0,100.0,0.0,0.0,23.917714136397766,39.36179526209688,595.7767304947419,-3.355527027159006,-3.6147320030543995e-06,False,True,RELEASE,MOVING,
1.0399999999999032,BRAKE_RELEASE,0.007143602181663736,40.92982555297792,2.5390529476674892,0.462662832736142,22.95944381805303,1.0109455414087887,0.8801284377242738,0.4973779456342405,0.6378493959909584,1.4570603788184249,6.245195820565853,-34.99999999474211,19.779190568589375,27.844022981467283,0.1317840151085834,0.7789971776003597,0.0,0.0,70.66348293544375,0.0,100.0,0.0,0.0,23.911207033903416,42.46293990979539,595.7076680808813,-0.5498622471066668,-3.672201905224881e-06,False,True,RELEASE,MOVING,
1.0499999999999021,BRAKE_RELEASE,0.009285673562679134,53.20299050777212,2.7750639373458097,0.3609397632034651,23.848903675890277,1.0055912630398907,0.8473034941833667,0.541563086857681,0.6453407155060142,1.3107568831027683,7.302756321916248,-34.99999999201086,22.370624181080256,26.340520930926644,0.14219255163547323,1.2145301875325192,0.0,0.0,70.66348293544375,0.0,100.0,0.0,0.0,23.90576474408194,45.05531717151095,595.7309852789086,1.7913751129256923,-3.729839681110292e-06,False,True,RELEASE,MOVING,
1.059999999999901,BRAKE_RELEASE,0.011555060715972456,66.2056211042637,3.0267543655396016,0.27088433011465807,24.8547097717291,1.006312322335927,0.8130153037479461,0.5930182172216649,0.655083309755839,1.1499122205559953,7.972383315937941,-34.99999998786262,25.529208982756515,25.171352923618116,0.15443914945922155,1.701824598847315,0.0,0.0,70.66348293544375,0.0,100.0,0.0,0.0,23.90161222023782,47.03253118171639,595.8281613689339,3.569779695701193,-3.786009870943019e-06,False,True,RELEASE,MOVING,
1.0699999999999,BRAKE_RELEASE,0.013903476557870173,79.6610527325038,3.288714718620737,0.19258170695619467,25.97510699115921,1.0147629143192294,0.777947109821132,0.6515689269744248,0.6671164979879229,0.9741869614500758,8.12675134890234,-34.999999981692376,29.31421962274474,24.4655307882415,0.16867654580054203,2.239041298747944,0.0,0.0,70.66348293544375,0.0,100.0,0.0,0.0,23.89883526818284,48.35438521296404,595.9782145602427,4.746638862091004,-3.839860927445926e-06,False,True,RELEASE,MOVING,
1.0799999999998988,BRAKE_RELEASE,0.016282871141804066,93.29397947807368,3.5561311550956813,0.1255105111970718,27.207397132132726,1.0322750478839198,0.7427119657106455,0.7169175060451364,0.6814449839065113,0.7831160361680258,7.650826503602602,-34.99999997270215,33.78444652901304,24.340611355390987,0.1850606146763961,2.823501499032229,0.0,0.0,70.66348293544375,0.0,100.0,0.0,0.0,23.89739805364681,49.03839106162182,596.1597315308518,5.335358124125868,-3.887341646802156e-06,False,True,RELEASE,MOVING,
1.0899999999998977,BRAKE_RELEASE,0.018645487686754867,106.83077514141982,3.8246846462750574,0.06893609084464342,28.546911113799432,1.0596809947969925,0.7078615027003182,0.7885784068364988,0.6980367109595014,0.5764738702672747,6.4491818698826355,-34.99999995986766,38.991023105991495,24.897172984693693,0.20373153353479143,3.4499135717565226,0.0,0.0,70.66348293544375,0.0,100.0,0.0,0.0,23.897166717387368,49.148481973806526,596.3525711453616,5.391440917794405,-3.927983755147579e-06,False,True,RELEASE,MOVING,
1.0999999999998966,BRAKE_RELEASE,0.02094462785575089,120.00387796066651,4.090523616895459,0.02209847931608186,29.986358550987877,1.0971546200549709,0.6738817370486098,0.8658127192299246,0.7168172038387389,0.3546600057326976,4.456933101233897,-34.999999941916094,44.9684914380929,26.209598090256623,0.22479542478710096,4.108673325638446,0.0,0.0,70.66348293544375,0.0,100.0,0.0,0.0,23.897936382358616,48.782196826942894,596.5391738807795,5.001165948330403,-3.957336660143085e-06,False,True,RELEASE,MOVING,
1.1099999999998955,BRAKE_RELEASE,0.02313615967596496,132.56043035735547,4.350274401684672,-0.015724665598263358,31.515704551444433,1.144118316741931,0.6411806323705714,0.9475727514957698,0.7376619007080536,0.11909482474463562,1.6532381291237717,-34.99999991731594,51.72496571112115,28.313931213936826,0.24830990834348385,4.784520665911867,0.0,0.0,70.66348293544375,0.0,100.0,0.0,0.0,23.899459004400644,48.05750805176819,596.7054511080986,4.270002203790369,-3.9748032998332405e-06,False,True,RELEASE,MOVING,
1.1199999999998944,BRAKE_RELEASE,0.025180743647522087,144.27503360038736,4.601042532504338,-0.045234368668606674,33.12266204111315,1.1992474296655575,0.6100735300124138,1.0324750290140865,0.7603886136527738,-0.1274282504368195,-1.9252428646210773,-34.999999884287206,59.23323028830172,31.194927291701916,0.27427768517244955,5.456037772034086,0.0,0.0,70.66348293544375,0.0,100.0,0.0,0.0,23.90146984760829,47.100309329414436,596.8412645195667,3.311632597488277,-3.974640578441324e-06,False,True,RELEASE,MOVING,
1.1299999999998933,BRAKE_RELEASE,0.027046601043315507,154.96560899561075,4.8403594283289655,-0.06717700954637204,34.793718665873165,1.2605821801280608,0.5807732000078334,1.118825242390015,0.784752814694947,-0.3805416413107007,-6.175414771739395,-34.999999840849725,67.4254309686828,34.77618492151208,0.3026507146499828,6.096578976427216,0.0,0.0,70.66348293544375,0.0,100.0,0.0,0.0,23.90371081822124,46.03337512325343,596.9405335376833,2.2382370354980594,-3.957667177090229e-06,False,True,RELEASE,MOVING,
1.1399999999998922,BRAKE_RELEASE,0.028712286917544568,164.50928605439918,5.044100595622357,-0.08713987053293148,36.3721170804411,1.3254300241651287,0.5527293196153868,1.204680475560173,0.8104346012514966,-0.6363420063695457,-10.962500558741022,-34.82103776458175,75.89288797439676,38.90284231144285,0.3307327252283288,6.549963286651513,0.0,0.0,70.66348293544375,0.0,100.0,0.0,0.0,23.90594941341474,44.96737130418519,597.001300517195,1.3320228474939668,-3.921466783296523e-06,False,True,RELEASE,MOVING,
1.149999999999891,BRAKE_RELEASE,0.030043496173606833,172.13655325651092,5.042153375580536,-0.1379830562749837,35.99696400064688,1.3682328082835247,0.47612487063756787,1.2827182563695658,0.8347650131830437,-1.0399761362577238,-18.746711442180803,-29.685705095815948,79.97564972528377,42.288854560373714,0.32394535431596694,5.819616623307091,0.0,0.0,70.66348293544375,0.0,100.0,0.0,0.0,23.908128447436393,43.92953758712308,597.1113759019651,5.446832969360393,-3.825208226615473e-06,False,True,RELEASE,MOVING,
1.15999999999989,BRAKE_RELEASE,0.030823269854371362,176.60432734482984,5.087447231893793,-0.15712471170005107,35.422274306957135,1.3981422376093837,0.3891457914196037,1.3428951074480036,0.8553104062031256,-1.4485523712040658,-26.789472381487457,-23.87533132774162,82.3908836628089,45.345277173130995,0.31368437926932896,5.005842156828745,0.0,0.0,70.66348293544375,0.0,100.0,0.0,0.0,23.910880670367067,42.61843312552279,597.3920606928921,10.015157197790813,-3.680263839456188e-06,False,True,RELEASE,MOVING,
1.169999999999889,BRAKE_RELEASE,0.031184079545549852,178.67161459602448,5.135287944468154,-0.1597636882172854,35.09006300691863,1.4193761427206197,0.32395004269933314,1.3819135299864336,0.8722661215096705,-1.7346549249322347,-32.456170297899966,-19.688961824455394,83.98962540608206,47.696969054442114,0.30782813045737994,4.1403349374560605,0.0,0.0,70.66348293544375,0.0,100.0,0.0,0.0,23.914889983991333,40.70793338765975,597.798830658595,12.437206748546785,-3.5524606047943053e-06,False,True,RELEASE,MOVING,
1.1799999999998878,BRAKE_RELEASE,0.03134495732855356,179.59337639437786,5.149471486790386,-0.16253597969602251,34.977789198496616,1.432129790560818,0.27877081543082216,1.4047357650020187,0.8861907134640415,-1.9117846318757261,-35.95488462451746,-16.88885818052636,85.10353954938864,49.14598397579806,0.3058614343036166,3.391897394942063,0.0,0.0,70.66348293544375,0.0,100.0,0.0,0.0,23.920371915665296,38.094667844362185,598.2541965895028,12.858096076637082,-3.4605482692739997e-06,False,True,RELEASE,MOVING,
1.1899999999998867,BRAKE_RELEASE,0.03145401349931099,180.21822222580374,5.132238326153655,-0.17049787878724562,34.96326435430865,1.4400461145257943,0.2456217090187588,1.4189442512021186,0.8976070782185331,-2.029640827176969,-38.30420998606626,-14.874396361906571,85.92863917503766,50.06501318033937,0.30560746357731744,2.8079857040561897,0.0,0.0,70.66348293544375,0.0,100.0,0.0,0.0,23.927148958449493,34.86235445914337,598.6986267049449,11.946423042336633,-3.3949109230491104e-06,False,True,RELEASE,MOVING,
1.1999999999998856,BRAKE_RELEASE,0.031573120314439124,180.90065400761245,5.10099790845771,-0.18212591113900853,34.9569014163699,1.4466419905167107,0.21851920928788038,1.4300427979254156,0.9069539810172969,-2.1263881473664807,-40.282025287199524,-13.230710825477514,86.58498623103577,50.85221277362482,0.3054962391584511,2.355027099893775,0.0,0.0,70.66348293544375,0.0,100.0,0.0,0.0,23.934832473087873,31.19547678654407,599.0955354280471,10.2756384958546,-3.3376077173130625e-06,False,True,RELEASE,MOVING,
1.2099999999998845,BRAKE_RELEASE,0.03171251857684381,181.699347218337,5.069479157227918,-0.19472725292548246,34.921958872841586,1.4536623926910885,0.1945466227279414,1.4405852850524097,0.9145984118854675,-2.2195358535798584,-42.23224319317328,-11.76746512527213,87.13611608432066,51.70457139697753,0.30488580287910977,1.9902511185889438,0.0,0.0,70.66348293544375,0.0,100.0,0.0,0.0,23.942963297666253,27.31255341193602,599.4253538007728,8.228982181522017,-3.27939719291237e-06,False,True,RELEASE,MOVING,
1.2199999999998834,BRAKE_RELEASE,0.03186428428014943,182.56890064576172,5.0435371812272445,-0.20661944243753405,34.85512796891503,1.4614716877639045,0.17275654664491172,1.4512252305299822,0.9208473519168658,-2.312927872185483,-44.21987474327962,-10.429460003938338,87.61170440405098,52.65936158088053,0.30371998643236076,1.686253179904952,0.0,0.0,70.66348293544375,0.0,100.0,0.0,0.0,23.951095150649977,23.426494002211626,599.6794832412196,6.052459977442183,-3.219036656787466e-06,False,True,RELEASE,MOVING,
1.2299999999998823,BRAKE_RELEASE,0.032019722589950006,183.45949655838368,5.023801927181704,-0.21726864247148894,34.76499033435836,1.469849274177766,0.1529664532640092,1.4618680354179496,0.9259554946855414,-2.405190797754361,-46.20812527199711,-9.210833618677587,88.02598843981914,53.687429041628135,0.3021511382370076,1.4293787108096723,0.0,0.0,70.66348293544375,0.0,100.0,0.0,0.0,23.958838260402413,19.723749230707323,599.856615507742,3.92019802235869,-3.157317486568445e-06,False,True,RELEASE,MOVING,
1.2399999999998812,BRAKE_RELEASE,0.03217405754581907,184.3437707186472,5.008943716699842,-0.2267641053345186,34.66033809014489,1.478497112053354,0.13510127093510424,1.4723115692481086,0.9301321144990549,-2.4944885286642675,-48.15469048117781,-8.110597633550253,88.38796738728216,54.75220585268886,0.30033475913078717,1.2127475029085133,0.0,0.0,70.66348293544375,0.0,100.0,0.0,0.0,23.965881406752867,16.353643190520838,599.9608697043168,1.9682159551407423,-3.094913408219213e-06,False,True,RELEASE,MOVING,
1.24999999999988,BRAKE_RELEASE,0.03232556938910534,185.21186963530224,4.997522214855224,-0.2353579879028628,34.54694581148902,1.4872169879618835,0.11900808497675877,1.4824477882855036,0.9335480743125318,-2.579924189793134,-50.03851104947359,-7.1210945629105105,88.70532524761018,55.82980453368401,0.29837286622548975,1.0314282124746512,0.0,0.0,70.66348293544375,0.0,100.0,0.0,0.0,23.972001789792802,13.423462903958098,599.9962895524733,0.3011612736796181,-3.032320924134524e-06,False,True,RELEASE,MOVING,
1.259999999999879,BRAKE_RELEASE,0.0324738337279992,186.06136172239383,4.988554069202213,-0.24325512056408646,34.42814478990053,1.4959097302947946,0.10447989824616374,1.492256637463247,0.9363425699083427,-2.661375740841794,-51.855043977496265,-6.230271736950693,88.98519723630871,56.908377434993085,0.29632428841858877,0.8806139910350765,0.0,0.0,70.66348293544375,0.0,100.0,0.0,0.0,23.977048782519574,11.006049222926906,599.983123038925,-1.0031368772117482,-2.9723631289613195e-06,False,True,RELEASE,MOVING,
1.269999999999878,BRAKE_RELEASE,0.03261868107800689,186.8912759053033,4.981467429019963,-0.25057712122169884,34.30603677925376,1.504527915274715,0.09131125190169083,1.5017544749781924,0.9386290610282662,-2.7390381171959994,-53.60628648319245,-5.425696207773411,89.23394861203353,57.98223433168357,0.294226039874878,0.7555223194072411,0.0,0.0,70.66348293544375,0.0,100.0,0.0,0.0,23.98100524970955,9.110264128643754,599.9303741479672,-1.9241616778696553,-2.9126687284275476e-06,False,True,RELEASE,MOVING,
1.2799999999998768,BRAKE_RELEASE,0.03275988055160462,187.70028929596523,4.975911376048516,-0.25739303557172183,34.182231016171826,1.5130411843068987,0.07932642460408246,1.510960272068182,0.9405001627593409,-2.813143282600908,-55.29494274753281,-4.6965495925197125,89.45694811675773,59.04762763439521,0.2921062293107349,0.6517584763469273,0.0,0.0,70.66348293544375,0.0,100.0,0.0,0.0,23.98390482147564,7.720504596257592,599.8516687771557,-2.465065674962222,-2.8536037230963984e-06,False,True,RELEASE,MOVING,
1.2899999999998757,BRAKE_RELEASE,0.03289715509101001,188.4868144702183,4.971626470738436,-0.2637501736410105,34.058096115737705,1.521422672299626,0.06838233562647858,1.519885128541497,0.9420315624964734,-2.8838753077547974,-56.922775957406266,-4.033898109468639,89.65856007204025,60.10113408799739,0.28998847775720704,0.565551501120197,0.0,0.0,70.66348293544375,0.0,100.0,0.0,0.0,23.985842779729786,6.7914571919874325,599.7599988943089,-2.6576318475152174,-2.7962270401360456e-06,False,True,RELEASE,MOVING,
1.2999999999998746,BRAKE_RELEASE,0.03303025532858416,189.24942265673707,4.968396117761501,-0.269688233191861,33.934790088509516,1.5296472939981447,0.058361545564433334,1.5285335370986062,0.9432851482237689,-2.951377187230137,-58.490845239101986,-3.4303037578034896,89.84228031536915,61.139476649400905,0.2878924945878009,0.4937798529167523,0.0,0.0,70.66348293544375,0.0,100.0,0.0,0.0,23.98695906330055,6.256248295135763,599.666843786349,-2.554545925208137,-2.740298551628939e-06,False,True,RELEASE,MOVING,
1.3099999999998735,BRAKE_RELEASE,0.03315899804272072,189.98706407304547,4.966030664244739,-0.2752442672907506,33.81324984366396,1.5376932231233278,0.04916502549991667,1.5369070397089741,0.9443115308376605,-3.01577436594427,-60.00003377858002,-2.8794119956542032,90.0109075780081,62.15972617260122,0.2858339662475103,0.4338856353853515,0.0,0.0,70.66348293544375,0.0,100.0,0.0,0.0,23.987420711947227,6.034893495573682,599.5815701826324,-2.2213831859601854,-2.685628277987462e-06,False,True,RELEASE,MOVING,
1.3199999999998724,BRAKE_RELEASE,0.03328326887974744,190.69908352086438,4.96436861548461,-0.28045207955244184,33.69420090940555,1.5455428276572267,0.04070743394639345,1.5450066462459624,0.9451520975832373,-3.077188450630095,-61.451334357584926,-2.3756886089640776,90.16669277395002,63.15942968152763,0.28382479373084657,0.38376849129019774,0.0,0.0,70.66348293544375,0.0,100.0,0.0,0.0,23.98740527648599,6.042294745517324,599.5111063798843,-1.7291503120858582,-2.6335353116024862e-06,False,True,RELEASE,MOVING,
1.3299999999998713,BRAKE_RELEASE,0.0334030104073585,191.38515193732067,4.96327770936678,-0.28534114714916065,33.57818628134313,1.553182578169103,0.032914403841952856,1.55283378477793,0.9458406919042426,-3.135740718888761,-62.84590792069147,-1.9142729163281125,90.31145367338702,64.13660960806297,0.281873648486145,0.34169758047067944,0.0,0.0,70.66348293544375,0.0,100.0,0.0,0.0,23.987086326712053,6.195227919059344,599.4598631520781,-1.1478498799998746,-2.5824653651085328e-06,False,True,RELEASE,MOVING,
1.3399999999998702,BRAKE_RELEASE,0.03351820929086464,192.04519292027277,4.962649236426364,-0.2899373148696533,33.46560018219671,1.560602466854902,0.02572082581663804,1.5603904955724757,0.9464049887643244,-3.191551211780011,-64.18504888737303,-1.490885029539701,90.44666165346021,65.08970185417486,0.2799865988886612,0.30624546384927953,0.0,0.0,70.66348293544375,0.0,100.0,0.0,0.0,23.986621792468565,6.417960086353835,599.42986130218,-0.5413309965081803,-2.5313290983319803e-06,False,True,RELEASE,MOVING,
1.349999999999869,BRAKE_RELEASE,0.03362888676102195,192.6793281129927,4.962394248726077,-0.29426320209884205,33.356718033793555,1.5677953903553483,0.01906952637833452,1.5676794121194502,0.9468676196898898,-3.2447372750112327,-65.47014143437181,-1.1017520011429536,90.57350954534097,66.0174888193048,0.27816765949650213,0.2762369567134897,0.0,0.0,70.66348293544375,0.0,100.0,0.0,0.0,23.98614551238043,6.646315120850764,599.4210183055317,0.03644481810059652,-2.482946594994928e-06,False,True,RELEASE,MOVING,
1.359999999999868,BRAKE_RELEASE,0.03373509191975676,193.28783884879482,4.962438481291882,-0.29833911007984804,33.25172051981432,1.574756658318584,0.012910134497382774,1.5747037376427266,0.9472470923549166,-3.2954127543268754,-66.70263130845356,-0.7435420178858374,90.69296643629906,66.9190470871185,0.27641922938196023,0.2507070098391466,0.0,0.0,70.66348293544375,0.0,100.0,0.0,0.0,23.9857620535448,6.830159916111367,599.4315434155784,0.5437080069183411,-2.4360887813656973e-06,False,True,RELEASE,MOVING,
1.3699999999998669,BRAKE_RELEASE,0.033836896600804835,193.8711367046678,4.96272284287275,-0.30218257760856204,33.150712632426874,1.5814836215330543,0.007198102701502249,1.5814672404115122,0.9475585420801002,-3.343687755679772,-67.88401011258817,-0.4133058333741282,90.80582243092375,67.79370866872645,0.2747424370094368,0.22886484022637887,0.0,0.0,70.66348293544375,0.0,100.0,0.0,0.0,23.98554461073735,6.934407680497082,599.4583915195838,0.9518432451980523,-2.3908598869581965e-06,False,True,RELEASE,MOVING,
1.3799999999998658,BRAKE_RELEASE,0.0339343910072731,194.4297385063443,4.963196018051213,-0.30581005867456273,33.053739047684864,1.5879753732552675,0.0018938804380880946,1.5879742438975804,0.9478143461082071,-3.389668640444039,-69.0158046179519,-0.10842608573811496,90.91272503589309,68.6410299138109,0.2731374162581118,0.21006337362098293,0.0,0.0,70.66348293544375,0.0,100.0,0.0,0.0,23.98553559951159,6.938727856806625,599.4977304543361,1.2451796458071964,-2.346347351078748e-06,False,True,RELEASE,MOVING,
1.3899999999998647,BRAKE_RELEASE,0.034034423497624776,195.0028824574777,4.962084962398688,-0.30995259677572234,33.005503575484425,1.5943279470368026,3.209787112686158e-05,1.5943279467136964,0.9481487334946771,-3.4222599281214268,-69.88478622758133,-0.0018349457110833356,91.14327913904646,69.35994857610683,0.27234081656782894,0.254331780617882,0.0,0.0,70.66348293544375,0.0,100.0,0.0,0.0,23.98574723125571,6.8372661689214365,599.5434075680059,1.2452934042928367,-2.2340748238036667e-06,False,True,RELEASE,MOVING,
1.3999999999998676,BRAKE_RELEASE,0.03415832255046592,195.7127717388243,4.954340628784158,-0.31677644852647163,32.98904481637596,1.6015096055965412,1.1189597128150365e-05,1.6015096055574514,0.9487781789167223,-3.4507249225183223,-70.72258496178742,-0.000639359052607702,91.50817964586248,70.09145264717203,0.2720692694742154,0.35970240419379707,0.0,0.0,70.66348293544375,0.0,100.0,0.0,0.0,23.98614108559822,6.648437522685869,599.5844657964989,1.0593296487619002,-1.8018469454261776e-06,False,True,RELEASE,MOVING,
1.4099999999998887,BRAKE_RELEASE,0.03429678924360539,196.50612745082677,4.946924860411002,-0.32409616745557074,32.97894080694753,1.6099371012442332,1.7829694106336252e-05,1.6099371011455033,0.9497176575967665,-3.483444015505513,-71.68256714501462,-0.0010184535418398255,91.9615408443639,70.94137883810282,0.2719026341870373,0.4703041262665195,0.0,0.0,70.66348293544375,0.0,100.0,0.0,0.0,23.986651794086256,6.403575346575299,599.6179278620162,0.8182762559060617,-1.373969759299598e-06,False,True,RELEASE,MOVING,
1.4199999999999098,BRAKE_RELEASE,0.03443974466649846,197.32520168985485,4.941487204305763,-0.3310783679180338,32.97803531501563,1.6192184987065485,2.5078993231399944e-05,1.6192184985123326,0.9509845763496949,-3.5188212414257967,-72.71238304905334,-0.0014325028818484853,92.48916589511101,71.86868612412778,0.2718877033096046,0.5732417244975778,0.0,0.0,70.66348293544375,0.0,100.0,0.0,0.0,23.98721521771446,6.133426483897336,599.6423119726225,0.5522499227095894,-4.424269590685981e-07,False,True,RELEASE,MOVING,
1.4299999999999309,BRAKE_RELEASE,0.03458070188646201,198.13282706943576,4.9374923849804855,-0.33760764655990333,32.98899635255821,1.6288848255644393,3.271381656513194e-05,1.6288848252359343,0.9525723004642853,-3.5548828130765444,-73.75820568018447,-0.00186922226062336,93.07222742594195,72.82317079145443,0.27206847008727475,0.6648356409035756,0.0,0.0,70.66348293544375,0.0,100.0,0.0,0.0,23.987774606177666,5.8651998296376,599.6571948929789,0.2868612931921284,1.2507686264484619e-06,False,True,RELEASE,MOVING,
1.4399999999999487,BRAKE_RELEASE,0.034716471966876154,198.91073232862394,5.041885961807997,-0.3150550794905025,33.64924975481084,1.6386029572681342,-3.232892514415559e-15,1.6386029572681344,0.9544567181886705,-3.590752557261842,-74.79495629650175,1.9184653865522705e-13,95.5014020093538,73.77389546800657,0.28306800226540935,0.7379928262295365,0.0,0.0,70.66348293544375,0.0,100.0,0.0,0.0,23.988283600011002,5.621126514144432,599.663004811453,0.045249124054072,3.3282718945315537e-06,False,True,RELEASE,MOVING,
1.4499999999999567,BRAKE_RELEASE,0.03484587101836913,199.6521342809783,5.0182684121516,-0.32616882879046555,33.569099708459945,1.6481806854657413,-2.3514526674228477e-14,1.6481806854657413,0.9566145536799135,-3.62465432209547,-75.78254219634776,1.3749001936957939e-12,95.83080622031432,74.69073048312806,0.2817211138091314,0.8100905994091931,0.0,0.0,70.66348293544375,0.0,100.0,0.0,0.0,23.988708366340855,5.417434136575373,599.6608468035254,-0.161683956039,3.81384282022168e-06,False,True,RELEASE,MOVING,
1.4599999999999647,BRAKE_RELEASE,0.03496922980419242,200.35892806033158,4.981954353393067,-0.34056445755986525,33.42986614475533,1.6575479245205087,-1.0375201218212484e-13,1.6575479245205091,0.9590169068909505,-3.656834422322712,-76.72600996205048,6.008527009271347e-12,95.97571561370168,75.5711865490615,0.2793889876140647,0.8754344253691215,0.0,0.0,70.66348293544375,0.0,100.0,0.0,0.0,23.98902754190728,5.264371987773825,599.6521339366716,-0.32266405256571673,4.288898665549823e-06,False,True,RELEASE,MOVING,
1.4699999999999727,BRAKE_RELEASE,0.03508697328611417,201.03354851826066,5.003905555525089,-0.33917761028541943,33.65146250437917,1.6666896216875553,-1.0869380607661576e-13,1.666689621687555,0.9616358631856246,-3.687520707671422,-77.63036433723599,6.333600310881593e-12,97.14474263496973,76.41661289959411,0.2831052321709093,0.930646205464754,0.0,0.0,70.66348293544375,0.0,100.0,0.0,0.0,23.98923167430461,5.166477197021321,599.6385838059948,-0.4335612439620613,4.779782123875975e-06,False,True,RELEASE,MOVING,
1.4799999999999807,BRAKE_RELEASE,0.035199575305654,201.67871056668884,5.080987744326151,-0.3230938596660323,34.21651351488621,1.6756093628166067,-3.1886997878267644e-14,1.6756093628166067,0.9644468831508454,-3.7167824301093826,-78.49749782602012,1.8918200339612667e-12,99.30455300377388,77.22822157737893,0.2926924492785977,0.9765837993609807,0.0,0.0,70.66348293544375,0.0,100.0,0.0,0.0,23.98932190922785,5.1232031381816,599.6219769597535,-0.49486722820569984,5.284132363669869e-06,False,True,RELEASE,MOVING,
1.4899999999999887,BRAKE_RELEASE,0.03530746924532627,202.29689730451486,5.144454942824522,-0.31077635728075387,34.71632392112494,1.684316390200371,-8.050394809698473e-15,1.6843163902003715,0.9674286158193822,-3.744495703429374,-79.32520013285338,4.902744876744691e-13,101.27868039263166,78.0058187968063,0.301305786649118,1.0180755493976363,0.0,0.0,70.66348293544375,0.0,100.0,0.0,0.0,23.98930798293609,5.129881806098633,599.6040083542489,-0.5107976512344647,5.761087610522964e-06,False,True,RELEASE,MOVING,
1.4999999999999967,BRAKE_RELEASE,0.03541103131436757,202.8902642518858,5.189836971413248,-0.30312548267861167,35.122322994139175,1.6928197377700818,-2.6497553316249682e-15,1.6928197377700822,0.9705603146321296,-3.7707380106679156,-80.11543306442258,1.5987211554602254e-13,102.98039989531392,78.75119460307312,0.30839439312615946,1.0558440682231165,0.0,0.0,70.66348293544375,0.0,100.0,0.0,0.0,23.989205917948247,5.178829140694781,599.5861728112143,-0.4882827718126821,6.210862224520497e-06,False,True,RELEASE,MOVING,
1.5100000000000047,BRAKE_RELEASE,0.03551058734055664,203.46067826445852,5.223604230298577,-0.298341587495734,35.471195343277316,1.7011268672303677,-1.1528470232564525e-15,1.7011268672303674,0.973822530128355,-3.7956129515579637,-80.87066713634822,7.194245199571014e-14,104.51368368792994,79.4663197528551,0.3145514247702346,1.089795958723002,0.0,0.0,70.66348293544375,0.0,100.0,0.0,0.0,23.989035655124333,5.260481203148715,599.5696867522017,-0.4359413809759136,6.631953269220503e-06,False,True,RELEASE,MOVING,
1.5200000000000127,BRAKE_RELEASE,0.035606424297203725,204.00978357818417,5.255507244144754,-0.29394286856880636,35.81292098868966,1.7092437901744642,1.2355589059658835e-09,1.7092437901744642,0.9771970562917466,-3.8192233290896276,-81.59333180480652,-7.664146650654402e-08,106.02404826769322,80.15307962102068,0.3206413274355322,1.1196109329916197,0.0,0.0,70.66348293544375,0.0,100.0,0.0,0.0,23.988818815838393,5.364468019985624,599.555445471715,-0.36311452547317913,7.092461334679001e-06,False,True,RELEASE,MOVING,
1.530000000000021,BRAKE_RELEASE,0.03569879857891133,204.53904922592403,5.236210806100604,-0.3020805616892512,35.86846002543203,1.7171756427926093,-8.609051906236813e-15,1.7171756427926093,0.9806678017049121,-3.841483737381222,-82.28181251096146,5.329070518200751e-13,106.68124566150112,80.81149678496448,0.3216366061490039,1.1486791198475856,0.0,0.0,70.66348293544375,0.0,100.0,0.0,0.0,23.988576742173276,5.480553940440803,599.5440127244607,-0.2790205947534652,7.558262346663014e-06,False,True,RELEASE,MOVING,
1.540000000000029,BRAKE_RELEASE,0.035787942821009444,205.04980810993544,5.288948263404139,-0.2923162154861563,36.36138055624235,1.7249261655576649,-1.3522623019143877e-15,1.7249261655576646,0.9842166785664066,-3.8628591673325863,-82.94626980366645,8.526512829121202e-14,108.63543343505759,81.4468048489108,0.33053749898896995,1.1689274557665996,0.0,0.0,70.66348293544375,0.0,100.0,0.0,0.0,23.988328912198913,5.5993978587128295,599.5356375568565,-0.19206963462755677,8.014238208176039e-06,False,True,RELEASE,MOVING,
1.550000000000037,BRAKE_RELEASE,0.03587406476772347,205.54325051695187,5.3224635329603,-0.2872688824394243,36.739001785600635,1.732499555803574,1.2238474109001139e-09,1.7324995558035743,0.9878303755780292,-3.8831057569629563,-83.58167245512537,-7.78780773202925e-08,110.24556092016721,82.05743348026232,0.3374385630505917,1.186800489690249,0.0,0.0,70.66348293544375,0.0,100.0,0.0,0.0,23.98809178846923,5.713105424732537,599.5302921719519,-0.10937114365608647,8.489631937891318e-06,False,True,RELEASE,MOVING,
1.5600000000000451,BRAKE_RELEASE,0.03595735105535807,206.0204457942294,5.304629664044364,-0.2945952173982993,36.82255216451669,1.7398992866034142,-7.792791526335093e-15,1.7398992866034142,0.9914953306634183,-3.9021805577809134,-84.18724571851277,4.97019092549067e-13,110.96822095863124,82.64370053051724,0.3389750869771383,1.2045701010177225,0.0,0.0,70.66348293544375,0.0,100.0,0.0,0.0,23.987878102074422,5.815572196091438,599.5277241356454,-0.03642216916003438,8.954464906452131e-06,False,True,RELEASE,MOVING,
1.5700000000000531,BRAKE_RELEASE,0.03603796906177181,206.48235294625596,5.354021159424064,-0.28552818400682506,37.3167435420072,1.74712778970439,-1.4831135459374047e-15,1.7471277897043898,0.9951961930732821,-3.9205344138923777,-84.77285874807912,9.592326932761353e-14,112.92472376435175,83.21055707084264,0.34813483714498406,1.2141668400913375,0.0,0.0,70.66348293544375,0.0,100.0,0.0,0.0,23.987696553129354,5.902627001812942,599.527516337643,0.023022666463632824,9.410998856651531e-06,False,True,RELEASE,MOVING,
1.5800000000000611,BRAKE_RELEASE,0.03611606500896942,206.92980976340593,5.385801097448163,-0.28071204276649436,37.69903945573575,1.7541880401884042,1.6170538187564472e-09,1.754188040188404,0.9989220773379318,-3.937927115424678,-85.33345902075665,-1.0558821017525588e-07,114.54260553591637,83.75635528831614,0.3553043939712802,1.2217994440573676,0.0,0.0,70.66348293544375,0.0,100.0,0.0,0.0,23.98755187409124,5.972001319433091,599.5291487187646,0.06691943690600954,9.873143380190186e-06,False,True,RELEASE,MOVING,
1.5900000000000694,BRAKE_RELEASE,0.036191767248703266,207.3635516470496,5.316789601388088,-0.30005490276132,37.47741051272716,1.761082610312543,-4.3389320419491744e-14,1.7610826103125432,1.002662767207193,-3.954126932927825,-85.86410497701164,2.8244073746463982e-12,114.31676653783785,84.27950810624927,0.3511390746848681,1.2334577960746742,0.0,0.0,70.66348293544375,0.0,100.0,0.0,0.0,23.987445184243338,6.023159095224102,599.5320567173972,0.09478421544257554,1.0289411619623934e-05,False,True,RELEASE,MOVING,
1.6000000000000774,BRAKE_RELEASE,0.03626519052095672,207.7842360088659,5.381032370483416,-0.28713985039144196,38.07683282310765,1.7678123335821376,-1.0729002239060186e-14,1.7678123335821376,1.0064031630092964,-3.969992357211756,-86.38351752061583,7.087663789206999e-13,116.58900719474089,84.7886130936468,0.3624612994597221,1.2324431275083185,0.0,0.0,70.66348293544375,0.0,100.0,0.0,0.0,23.987374557661333,6.057024286676008,599.535682552647,0.10745152293452431,1.0717239295132686e-05,False,True,RELEASE,MOVING,
1.6100000000000854,BRAKE_RELEASE,0.03633643114658229,208.1924147266876,5.422820140174645,-0.2797302839058856,38.54017238068921,1.7743795107144398,-3.778637652661029e-15,1.7743795107144402,1.010135934377785,-3.9850234485730387,-86.88091809395408,2.531308496145357e-13,118.44610778078129,85.2794480909016,0.37133622178330994,1.2301337812690463,0.0,0.0,70.66348293544375,0.0,100.0,0.0,0.0,23.987335720557734,6.075646452812588,599.5395167183124,0.10676482149890454,1.1163306592010258e-05,False,True,RELEASE,MOVING,
1.6200000000000934,BRAKE_RELEASE,0.03640557399400905,208.58857406079466,5.453875775722693,-0.274864473379359,38.93871542846255,1.780785420165348,-1.8233223864981953e-15,1.7807854201653475,1.0138514418610516,-3.9993018391112485,-87.35812741688463,1.2789769243681803e-13,120.1029953832047,85.75321247272836,0.379055889804697,1.225859054351261,0.0,0.0,70.66348293544375,0.0,100.0,0.0,0.0,23.98732280330236,6.081840188546475,599.5431282766473,0.09525863518671684,1.1628510375061296e-05,False,True,RELEASE,MOVING,
1.6300000000001014,BRAKE_RELEASE,0.03647269239296486,208.973134159579,5.4825555293107575,-0.2705336227626569,39.30707263106968,1.7870311944792734,2.93805123449029e-09,1.7870311944792732,1.0175408696605213,-4.012886218777322,-87.8164587992599,-2.0002796219387164e-07,121.66438417700525,86.21084301591206,0.38626148970604673,1.2193544936699823,0.0,0.0,70.66348293544375,0.0,100.0,0.0,0.0,23.98732907840141,6.0788313222410855,599.546183656784,0.07583784048015385,1.213585420245522e-05,False,True,RELEASE,MOVING,
1.6400000000001094,BRAKE_RELEASE,0.036537849640526046,209.34645768857345,5.503432517842053,-0.2679750744035658,39.65171827931641,1.7931178179074323,1.482940661086615e-09,1.7931178179074325,1.021196183642727,-4.025816711990226,-88.25681142180947,-1.0184656318301677e-07,123.1491632576616,86.65305720597064,0.39306469062556887,1.210689627059807,0.0,0.0,70.66348293544375,0.0,100.0,0.0,0.0,23.987347630909944,6.06993551435467,599.5484545981849,0.05148834031126803,1.2671099973715627e-05,False,True,RELEASE,MOVING,
1.6500000000001174,BRAKE_RELEASE,0.036601100616912866,209.70885908827807,5.521884871039249,-0.2659255790726024,39.97385382643219,1.7990461651772736,1.226223934288448e-09,1.7990461651772736,1.024810047979632,-4.038128073388461,-88.67995915084293,-8.489975522607551e-08,124.56010202392393,87.08048147563301,0.39947724743424196,1.2000005126759845,0.0,0.0,70.66348293544375,0.0,100.0,0.0,0.0,23.987371922061712,6.058288043329854,599.5498165956215,0.025033918183305026,1.3160819580804173e-05,False,True,RELEASE,MOVING,
1.6600000000001254,BRAKE_RELEASE,0.036662492977567775,210.06061140426525,5.539232820511584,-0.26407764523165356,40.285815856005435,1.804817108366793,1.3710224864506092e-09,1.804817108366793,1.0283757633588873,-4.049859767393993,-89.08677316932993,-9.566593917043065e-08,125.93486755187143,87.49375367984914,0.4057367397959947,1.1872828453502393,0.0,0.0,70.66348293544375,0.0,100.0,0.0,0.0,23.987396222216823,6.046636231637143,599.5502396770544,-0.0010509790787294193,1.3641574533096446e-05,False,True,RELEASE,MOVING,
1.6700000000001334,BRAKE_RELEASE,0.03672206828970484,210.40195279912805,5.555408675151684,-0.262445093914915,40.58633646534197,1.8104314735339953,1.9613362972321637e-09,1.8104314735339948,1.0318873185029929,-4.061041100794991,-89.47789717841506,-1.3787722963343185e-07,127.26898185295923,87.89338237428215,0.411812676919487,1.1727022650902654,0.0,0.0,70.66348293544375,0.0,100.0,0.0,0.0,23.98741590354603,6.0371991082344465,599.5497736102802,-0.024767380719324272,1.4116776611672321e-05,False,True,RELEASE,MOVING,
1.6800000000001414,BRAKE_RELEASE,0.036779863341997183,210.73309405643695,5.569637904950638,-0.261201641547316,40.867064672204876,1.8158901067791693,3.4735976322960843e-09,1.8158901067791695,1.0353393506155713,-4.071695204529092,-89.85383591570717,-2.4587455271785075e-07,128.53566091780527,88.27979105384426,0.4175292437305441,1.1565158640069058,0.0,0.0,70.66348293544375,0.0,100.0,0.0,0.0,23.987427595398977,6.031592901342656,599.5485296797243,-0.044659027011146435,1.4593033743182104e-05,False,True,RELEASE,MOVING,
1.6900000000001494,BRAKE_RELEASE,0.03683591124159087,211.0542248661661,5.570658673469283,-0.2628920997040505,41.08829428010131,1.821193929190933,-2.819914258496194e-15,1.8211939291909334,1.038727191334714,-4.081824558894446,-90.21463629310898,2.0250467969162855e-13,129.6089325614463,88.65319201884466,0.4220619817120516,1.1393822925520993,0.0,0.0,70.66348293544375,0.0,100.0,0.0,0.0,23.98742921526957,6.030816178030365,599.5466610456918,-0.05982593556411331,1.5043011561743924e-05,False,True,RELEASE,MOVING,
1.7000000000001574,BRAKE_RELEASE,0.03689024214860423,211.3655180330644,5.5543707269219995,-0.2684636323641914,41.17317568786076,1.82634401604033,-1.3889854525593081e-14,1.8263440160403295,1.0420468594650758,-4.091407445017115,-90.5598068251701,9.912071163853398e-13,130.24395596878836,89.01356478540285,0.42380759905586224,1.122434440709938,0.0,0.0,70.66348293544375,0.0,100.0,0.0,0.0,23.987419895470687,6.0352849934712065,599.5443434430767,-0.06989285457070604,1.5511475119467377e-05,False,True,RELEASE,MOVING,
1.7100000000001652,BRAKE_RELEASE,0.03694288523516145,211.66714070109145,5.620122208566482,-0.25541244386974027,41.783757055858,1.831340919481874,1.3382228818671871e-09,1.831340919481874,1.0452928580355407,-4.100865505733246,-90.89868224588136,-9.68493125697023e-08,132.53705445307375,89.36485999139649,0.4364705884257408,1.0973517629081897,0.0,0.0,70.66348293544375,0.0,100.0,0.0,0.0,23.98739982989214,6.0449063660383215,599.5417576386081,-0.07494143471265957,1.600370531207318e-05,False,True,RELEASE,MOVING,
1.7200000000001732,BRAKE_RELEASE,0.03699386590866633,211.95923844394787,5.62233481712203,-0.25665016011056374,41.99085027775441,1.8361865737740604,-2.173493246494094e-15,1.8361865737740608,1.048464693249985,-4.109661396859333,-91.21935758726191,1.4921397450962104e-13,133.54637490615875,89.70237234445133,0.44080787676219707,1.0761773660484266,0.0,0.0,70.66348293544375,0.0,100.0,0.0,0.0,23.987370067578023,6.05917725868839,599.539074675526,-0.07542631746154616,1.646880575378873e-05,False,True,RELEASE,MOVING,
1.7300000000001807,BRAKE_RELEASE,0.03711878573076904,212.67497630234885,5.933079674959861,-0.19485431936204753,43.253857493521814,1.8318328875305767,-2.383533709864899e-13,1.8318328875305767,1.0517323230756568,-4.033407734957457,-89.82911848722738,1.7852386235972517e-11,137.23703425375987,88.56072803242016,0.4677240470174734,0.8006664077718852,0.0,0.0,70.66348293544375,0.0,100.0,0.0,0.0,23.98733280671995,6.07704361871206,599.5367942569972,-0.04736953903858865,1.6710317623847004e-05,False,True,RELEASE,MOVING,
1.7400000000001876,BRAKE_RELEASE,0.037415959032092674,214.37765389733028,5.893459827632659,-0.21251726584655736,44.10068198347293,1.8265339398968283,-2.987596469740212e-15,1.8265339398968283,1.0549090518502744,-3.9540233788747647,-88.7661460535489,2.2815083156046967e-13,139.51910428390823,87.34320054813382,0.4862175378518535,0.9367279675629447,0.0,0.0,70.66348293544375,0.0,100.0,0.0,0.0,23.98729390547839,6.095696473612995,599.5357130066384,-0.016042848944586297,1.6922635829530464e-05,False,True,RELEASE,MOVING,
1.7500000000001958,BRAKE_RELEASE,0.03786181713814235,216.93223267116454,5.9386676150587405,-0.21762571861005356,45.27229886564653,1.8264729849079946,-5.473092587070198e-09,1.8264729849079948,1.0583338752473996,-3.889849324024751,-88.36605828069105,4.291666542144412e-07,143.22090982800924,86.68120006417911,0.5123952611451053,1.17246252620032,0.0,0.0,70.66348676651154,0.0,100.0,0.0,0.0,23.987259007935375,6.112429533444552,599.5354635305926,-0.0008161270598829873,1.7342011695120618e-05,False,True,RELEASE,MOVING,
1.7600000000002052,BRAKE_RELEASE,0.03843682780062449,220.22680108468938,5.8052222454911,-0.2645327016017859,46.25732772096373,1.8301180930340464,-1.0404873895196438e-11,1.8301180930340464,1.0622787247766132,-3.8294621154051196,-88.31542553930507,8.336371593031799e-10,146.62913817701263,86.34367632660766,0.53493509197116,1.4368141198925741,0.0,0.0,70.66354389906881,0.0,100.0,0.0,0.0,23.987230150020856,6.126266608619203,599.5355153852189,0.0016407718773026048,1.7831454815819825e-05,False,True,RELEASE,MOVING,
1.7700000000002127,BRAKE_RELEASE,0.03913975538352281,224.25427946502995,6.147047366501736,-0.2160541806738038,48.40760562372458,1.835920558758549,-4.06601417837124e-12,1.8359205587585488,1.0668866794216318,-3.765975106342803,-88.43960666561617,3.4091129919033847e-10,153.93171720455626,86.14988410141513,0.585824070555513,1.7038984933045924,0.0,0.0,70.66388589949283,0.0,100.0,0.0,0.0,23.987206721663274,6.137500242217329,599.5354957881258,-0.004203005572681384,1.8166580247225284e-05,False,True,RELEASE,MOVING,
1.7800000000002154,BRAKE_RELEASE,0.039966122555612875,228.98901459392215,6.337387149909074,-0.20443441004551102,50.32500660969479,1.8442624314610108,-0.005679668231078974,1.8442536857675695,1.0720482504862399,-3.7358171138101124,-89.58367476953455,0.4950709413734504,160.75523625628307,86.41832346927598,0.6331515725664563,2.037128786318604,0.49507138909599446,0.49243091686585705,70.69640870911327,0.49243091686585705,100.0,0.0,0.0,23.98718672497389,6.14708841219529,599.5351549512465,-0.01857417212468615,1.8337323481887324e-05,False,True,RELEASE,MOVING,
1.7900000000002143,BRAKE_RELEASE,0.040721142050746666,233.31495764604858,6.479702968161425,-0.20023483994282656,51.45484566212015,1.8563507131435433,-0.03254933791699807,1.856065330420701,1.076738539232748,-3.817614185799638,-93.27456573293559,2.900875340846607,165.41700976368978,87.87721283300026,0.6619002855281513,1.8345772735605834,2.9008753408502472,2.85185388923753,71.2370325223762,2.85185388923753,100.0,0.0,0.0,23.987166841417494,6.156622320418354,599.5340526287797,-0.04277379471576204,1.8426679687877368e-05,False,True,RELEASE,MOVING,
1.8000000000002132,BRAKE_RELEASE,0.04137253218434629,237.04714819322075,6.669201614208197,-0.1847852357030306,52.72517630484384,1.8624701719361239,-0.05335910055806699,1.8617056555050284,1.0809418512275002,-3.848924753036405,-95.54385793207547,4.87289628935455,170.01595764734657,88.48171091919227,0.6949860540942168,1.49426466943423,4.872896289365706,4.7600038419483734,72.41689193716252,4.7600038419483734,100.0,0.0,0.0,23.98714329131837,6.167914268019849,599.5323936947829,-0.04833811958669365,1.8461425515425844e-05,False,True,RELEASE,MOVING,
1.810000000000212,BRAKE_RELEASE,0.04201954401513426,240.75425291313906,6.835493104644146,-0.17403991795689014,54.138463168483845,1.8640957507301,-0.06714559796086006,1.8628860503435236,1.084751052362893,-3.8364542237280173,-96.7236342695923,6.29628091666466,174.68388464625562,88.39479171350933,0.7327432985613206,1.2998183408570299,6.296280916683292,6.129030042269109,74.03672826270854,6.129030042269109,100.0,0.0,0.0,23.987115673267212,6.181156714231205,599.5308214207859,-0.039717284615285564,1.8449459911806798e-05,False,True,RELEASE,RELEASED,
1.820000000000211,LOWERING,0.04277597792224216,245.08829994892636,7.4240380432725965,-0.10042674224986767,55.9963685240271,1.847675222795615,-0.08726354014865188,1.8456133949160507,1.0875081239544342,-3.73909350377563,-95.96602870002324,8.463564691385354,179.00337685762176,86.25084404525134,0.7838983219696634,0.46772164141712835,8.4635646914184,8.201367074692053,76.14614908524804,8.201367074692053,103.00000000000003,0.0,0.0,23.987087379669624,6.194723043304089,599.5304227677219,0.020534136353517418,1.834620783824903e-05,False,True,RELEASE,RELEASED,
1.83000000000021,LOWERING,0.04373758499481632,250.59790262976938,7.57921775191723,-0.10212738232507981,58.022305603145035,1.831742514453971,-0.10068698519741476,1.8289731464048373,1.089176210724233,-3.639621524812587,-95.51295347427211,10.118798478406799,183.80737743415276,84.20464789609841,0.8416469868761892,0.34786011289102703,10.118798478451858,9.781742597958383,78.66562287457428,9.781742597958383,106.00000000000004,0.0,0.0,23.98706799034167,6.204019898521923,599.5322180232013,0.07476083096722164,1.8243166259424015e-05,False,True,RELEASE,RELEASED,
1.8400000000002088,LOWERING,0.044872308448290994,257.0993891096302,7.7741045313854995,-0.10237514846746384,60.24961709598627,1.822541773779838,-0.11234195160350183,1.8190760850174668,1.0903856888229453,-3.562724605109147,-95.92060643806403,11.723489065705696,189.83040874753868,82.89658921422411,0.9075040900532405,0.3930240680808339,11.723489065762424,11.313575612134944,81.51184637768061,11.313575612134944,109.00000000000007,0.0,0.0,23.987065318074922,6.205301204106929,599.5354767658333,0.10299273138438014,1.8164311352819595e-05,False,True,RELEASE,RELEASED,
1.8500000000002077,LOWERING,0.04614290108788587,264.3793486825475,8.00736564412799,-0.10056732110734319,62.673505692061205,1.8181609716816682,-0.1231691810404749,1.81398419832926,1.091539589140716,-3.5013565527233617,-96.93764945144108,13.370469853355754,196.91468948108837,82.09301026888333,0.9819920789332073,0.49217725026892367,13.370469853424751,12.88607704647849,84.6534487012431,12.88607704647849,112.00000000000009,0.0,0.0,23.987081416442663,6.197582311499822,599.5393431347583,0.1099200765086561,1.8105244596000603e-05,False,True,RELEASE,RELEASED,
1.8600000000002066,LOWERING,0.04752627732811619,272.30551068693484,8.270181098247503,-0.09753949138484966,65.28718200635653,1.8166551040749364,-0.1334707585908488,1.8117453804998926,1.0928437820493204,-3.4488376128944678,-98.34624771003642,15.092968988960852,204.87346541276645,81.58111009121374,1.0656040335827814,0.6065645962790285,15.092968989042559,14.531399012969343,88.07269530472809,14.531399012969343,115.00000000000011,0.0,0.0,23.987114189019348,6.181868388220211,599.5431747185505,0.10186555657616658,1.805492150452892e-05,False,True,RELEASE,RELEASED,
1.8700000000002055,LOWERING,0.04900929899628613,280.8025989381936,8.55639568721293,-0.0939286790185807,68.08436761556287,1.8167810060042804,-0.14337093983045215,1.8111151253827178,1.094381552271476,-3.4012634336695555,-100.01612195150763,16.907101795425366,213.5768086914385,81.23207309330112,1.158870278402777,0.7180767843782121,16.907101795520152,16.265323545095328,91.75720282042367,16.265323545095328,118.00000000000016,0.0,0.0,23.98715923734445,6.160268370953166,599.5465367331972,0.08413803581530566,1.8009195120072263e-05,False,True,RELEASE,RELEASED,
1.8800000000002044,LOWERING,0.05058429597305169,289.82666688964673,8.86236167298543,-0.09010320869325691,71.05894024873766,1.8178133463173518,-0.1529166569847867,1.811370160421686,1.0961676711406534,-3.3566098628212218,-101.87504806020786,18.82062964475695,222.9392638517606,80.97430064274667,1.2623432473184175,0.8177745253857864,18.82062964486514,18.095662588371333,95.69683467723179,18.095662588371333,121.00000000000018,0.0,0.0,23.987211224531507,6.135341169317216,599.5491638395732,0.0610106588359276,1.7967840506116772e-05,False,True,RELEASE,RELEASED,
1.8900000000002033,LOWERING,0.052246354454735584,299.3495605200876,9.18593211840922,-0.08626087754401177,74.20459092710831,1.8193366150350905,-0.1621173888035057,1.8120992442619892,1.0981812915815043,-3.313898073467579,-103.88345602395151,20.836319233418475,232.9020878928851,80.76895719926196,1.376580328664872,0.9015992626068652,20.836319233540202,20.025467459310672,99.88220439931237,20.025467459310672,124.0000000000002,0.0,0.0,23.987264809504143,6.109647736472313,599.5509268382915,0.03590520953392495,1.7930193028092845e-05,False,True,RELEASE,RELEASED,
1.9000000000002022,LOWERING,0.05399185898826737,309.3505648093199,9.52576489162465,-0.08250472386845838,77.51469300097949,1.8211108668631777,-0.17096637750462987,1.8130679212787646,1.100384840330403,-3.2726936150604944,-106.0192873056895,22.953840974842127,243.4213869946054,80.59508539779561,1.5021319077590252,0.9682290252928851,22.953840974977787,22.054826793823537,104.30396923942884,22.054826793823537,127.00000000000023,0.0,0.0,23.98731525908777,6.085457584831402,599.5518046341766,0.011500360970686074,1.7893339588681556e-05,False,True,RELEASE,RELEASED,
1.910000000000201,LOWERING,0.05581774725770754,319.81213397945663,9.88092915513668,-0.07888684339366912,80.98230683387902,1.8229947977709673,-0.17945209873616608,1.814140837134536,1.102734616403358,-3.2328337162124123,-108.2696971786439,25.17093296281587,254.46131707690733,80.44133830636486,1.6395335050341326,1.0178924044284514,25.170932962965402,24.181960593723744,108.95255702427761,24.181960593723744,130.00000000000026,0.0,0.0,23.987358815880444,6.0645723866677255,599.5518589215994,-0.010215084718442569,1.785825287115017e-05,False,True,RELEASE,RELEASED,
1.9200000000002,LOWERING,0.0577211463290816,330.71780733134204,10.250696947379355,-0.07543194064117356,84.60025063642418,1.8249032785738428,-0.1875640259054332,1.8152387480261947,1.1051866421605423,-3.1942835195114134,-110.62662386777524,27.484119171276788,265.9904415798,80.30151804469311,1.789300601936448,1.0516860498701135,27.484119171440465,26.403892049532907,113.81812020635539,26.403892049532907,133.00000000000028,0.0,0.0,23.987392876177815,6.048240643226985,599.5512104158915,-0.027902205347494657,1.7824560952561797e-05,False,True,RELEASE,RELEASED,
1.930000000000199,LOWERING,0.05969920841594566,342.05126825055714,10.634436661712403,-0.07214978135468848,88.36119645576072,1.826784053775338,-0.1952951845225643,1.8163148873557562,1.1076998058640621,-3.1570615403873767,-113.08444492893148,29.889162761946494,277.97987660494664,80.17218796838893,1.9519252597733854,1.0711689388227796,29.88916276212381,28.716871231079978,118.89059833250035,28.716871231079978,136.00000000000028,0.0,0.0,23.9874160198397,6.037143345810035,599.5500166479903,-0.04082081629358392,1.7793143165079073e-05,False,True,RELEASE,RELEASED,
1.9400000000001978,LOWERING,0.06174904924468986,353.79599106662124,11.031560496053817,-0.06904183741179151,92.25776962254612,1.8286047853481093,-0.2026429965371845,1.8173418162119188,1.1102374390639402,-3.121201785974732,-115.63874567086059,32.38136688910009,290.40239790800376,80.05139254046463,2.1278740139316987,1.0781122273634054,32.38136688929075,31.1166575338031,124.15982399719748,31.1166575338031,139.0000000000003,0.0,0.0,23.987427928202973,6.031433322787528,599.5484519104543,-0.048758467205549216,1.7763084390054473e-05,False,True,RELEASE,RELEASED,
1.9500000000001967,LOWERING,0.06386773778136734,365.93518219205805,11.441500003560494,-0.06610491654119433,96.28264074650916,1.8303456301554015,-0.20960925384120477,1.8183039037886672,1.1127679717913352,-3.0867352411383333,-118.28567818891723,34.95578604832703,303.2320427981975,79.93796546440882,2.3175867272803368,1.0743399489009704,34.955786048530776,33.59872020619346,129.61563854277986,33.59872020619346,142.00000000000034,0.0,0.0,23.987429223024577,6.030812459527042,599.5466900637145,-0.051940601325493496,1.7737757342928262e-05,False,True,RELEASE,RELEASED,
1.9600000000001956,LOWERING,0.0660523102476995,378.4518604281899,11.863696084378114,-0.06333320784272829,100.42860512787756,1.8319948019508085,-0.21619967019204733,1.8191928586556272,1.1152650361149978,-3.053681594489225,-121.02163444613518,37.60738058885907,316.44395266294555,79.83115152093943,2.5214761819827896,1.0616261543537036,37.60738058907535,36.15838724088843,135.24800075518723,36.15838724088843,145.00000000000037,0.0,0.0,23.987421256749382,6.034632264661159,599.5448907745836,-0.050927954542681064,1.77136564403213e-05,False,True,RELEASE,RELEASED,
1.9700000000001945,LOWERING,0.0682997941170547,391.3289944519683,12.29759616625656,-0.06071948035323637,104.68864760948976,1.8335457901601087,-0.22242325029233598,1.8200049621754468,1.1177072407188784,-3.0220463753443743,-123.8430871489273,40.33113087951795,330.0143228479711,79.73039824811013,2.7399282345759817,1.041629786723405,40.33113087974582,38.79095761960029,141.04708080027996,38.79095761960029,148.0000000000004,0.0,0.0,23.987405881145452,6.042004813588964,599.5431895018902,-0.046509214527371334,1.76891885885766e-05,False,True,RELEASE,RELEASED,
1.9800000000001934,LOWERING,0.07060723455471166,404.5496543075246,12.742654888146205,-0.0582558026790659,109.05599269813737,1.8349955457454221,-0.22829160424171135,1.8207392993886535,1.1200777570210514,-2.991820909885853,-126.74652043800074,43.122119887767944,343.920393452046,79.63524190185389,2.9733023858440486,1.0158562625345269,43.12211988800825,41.49178463681719,147.00333646493527,41.49178463681719,151.00000000000043,0.0,0.0,23.98738521727953,6.051913050963693,599.5416912551655,-0.039596951386388746,1.7664428153096878e-05,False,True,RELEASE,RELEASED,
1.9900000000001923,LOWERING,0.07297171946386263,418.0971549091971,13.198336266075565,-0.055933986628946095,113.52414093734897,1.8363432694307213,-0.23381828068598356,1.8213966110654105,1.1223638092656343,-2.9629837014661415,-129.72840926363074,45.97559032505805,358.1404506273588,79.54524750921324,3.2219326438907694,0.9856387854686233,45.97559032530891,44.25633563648716,153.10757146419456,44.25633563648716,154.00000000000045,0.0,0.0,23.987361445060586,6.0633117094993025,599.5404678859081,-0.031133672551050928,1.7643225593388934e-05,False,True,RELEASE,RELEASED,
2.0000000000001914,LOWERING,0.07539025278761984,431.95433011550057,13.662105875936115,-0.053898849947985376,118.07756753525607,1.837618248640838,-0.23911378282417264,1.8219949030118976,1.124555463575468,-2.9360715466810645,-132.81070566409403,48.90267719050563,372.62774036850726,79.46547829315804,3.4855779887607405,0.9569721916690099,48.90267719075579,47.09476336047949,159.33593870221807,46.543260560806615,157.00000000000048,0.007168597142091095,0.5515027996728733,23.98733662538058,6.0752125961866215,599.5395582729744,-0.022057733383039846,1.7623388334442325e-05,False,True,RELEASE,RELEASED,
2.0100000000002125,LOWERING,0.07785115011721261,446.0542331955686,14.120878088846226,-0.05294262483553132,122.6113528620594,1.8394017551348412,-0.24613017075668595,1.8228600483406339,1.1266295411949845,-2.9218596192563817,-136.48207910409013,52.27044105999221,387.11913466145177,79.50240316868269,3.7583859626661114,0.9508489127492794,52.27044106020109,50.34941984048646,165.5003682467746,46.9351085554356,160.0000000000005,0.04113572201937238,3.4143112850508617,23.987312542331072,6.086760249444349,599.5389587844844,-0.014029842377399682,1.7615069726417687e-05,False,True,RELEASE,RELEASED,
2.0200000000002336,LOWERING,0.08031809885034866,460.18880826395275,14.57294785366415,-0.05260974623434461,127.0269473741497,1.8421434332463271,-0.25690216227556917,1.8241419099595022,1.1285379985289279,-2.930706262760266,-141.23325318822893,56.52287560805801,401.3424618726589,79.7493864027922,4.03396133979875,0.9270298375811592,56.522875608216175,54.43508260805549,171.41956155437018,46.2734016018958,163.00000000000043,0.09165851074774506,8.16168100615969,23.987290484235885,6.097336930955808,599.538609663172,-0.008017042892801918,1.7624573693808543e-05,False,True,RELEASE,RELEASED,
2.0300000000002547,LOWERING,0.08274895182514283,474.11656987120546,15.015805281496496,-0.05248339107381386,131.2712749805276,1.8453952095528583,-0.27099858070938126,1.8253885199305213,1.1302209288384697,-2.9595971231990674,-146.94213586165856,61.61654563280338,415.0358822598838,80.15542946437068,4.308036908753323,0.8621238557312836,61.616545632916846,59.308785302158874,177.0293774834451,45.11973151069429,166.00000000000037,0.14940897648480142,14.189053791464586,23.98727118028764,6.1065930049082295,599.5384528002562,-0.0030987321031972215,1.7651836646592756e-05,False,True,RELEASE,RELEASED,
2.040000000000276,LOWERING,0.0851122676982203,487.65737238956694,15.445429453078525,-0.05243080457558686,135.31552539082273,1.848600776042481,-0.2871570732167457,1.826161450826968,1.1316224616882655,-3.001548185397751,-153.28114359880848,67.30196954191202,428.0036043179842,80.63996403930282,4.577572852948598,0.7616371646456628,67.30196954199236,64.73386237363313,182.31779429590642,43.74140910374927,169.00000000000028,0.20841022327806835,20.99245326988386,23.987255032503104,6.114335714580998,599.5384684467625,0.0017529097580535336,1.7688307028862482e-05,False,True,RELEASE,RELEASED,
2.050000000000297,LOWERING,0.08738945782839375,500.7047107503454,15.859042858266958,-0.05240632578978832,139.14831604518355,1.8514439197537957,-0.30419048054578235,1.8262838606138496,1.132707387764151,-3.0503236746192015,-159.93967927565146,73.31354185446588,440.15624030383697,81.14482500600214,4.840563464552572,0.6407489506304387,73.31354185452237,70.45932861989893,187.29499583772318,42.284131145653085,172.00000000000026,0.26505045888098894,28.17519747424584,23.987242345087388,6.120419202875589,599.5386617880946,0.006892727934061149,1.7732127290059907e-05,False,True,RELEASE,RELEASED,
2.060000000000318,LOWERING,0.08957213012707643,513.210501827809,16.255501696853834,-0.052383189803646854,142.77096342845192,1.8538153899669678,-0.32121974202685244,1.8257736380533547,1.133466827205423,-3.101395765300378,-166.67917503902953,79.43332581412534,451.48928686397335,81.63631747054333,5.095886999572089,0.5136447547887144,79.43332581416492,76.28011487422695,191.9815992645749,40.84159560131521,175.00000000000017,0.3173001643412247,35.43851927291174,23.987233407242343,6.124704805862673,599.5390404082195,0.012147292218469552,1.777849179518398e-05,False,True,RELEASE,RELEASED,
2.070000000000339,LOWERING,0.09165898143524047,525.1672790707244,16.634886837156635,-0.05234115148428228,146.19350264559188,1.8557057309133,-0.33766476125155637,1.8247263544853498,1.1339140009405209,-3.1517316533725426,-173.33070786320016,85.50163878271137,462.0473070989755,82.09578335076964,5.3431350539466695,0.3901506757738957,85.50163878273976,82.04677025465301,196.4035349460159,39.4791392087027,178.0000000000001,0.3641621641608633,42.567631045950314,23.98722847012264,6.127072101624341,599.539601542186,0.01714518989686642,1.7825590894915422e-05,False,True,RELEASE,RELEASED,
2.0800000000003602,LOWERING,0.0936533435996377,536.5941325547781,16.9980416299149,-0.05226657720856616,149.43139436264354,1.8571361390690246,-0.35317557281782186,1.8232448145548108,1.134076277298113,-3.19939908416647,-179.78065304508513,91.40987909310009,471.8972683355605,82.51241034975685,5.582435405290976,0.2759281969374001,91.40987909312024,87.65834415264004,200.5891992463616,38.24098925588815,181.00000000000006,0.4053016262013634,49.41735489675189,23.987227691321074,6.127445528505184,599.5403293230293,0.0215347353039137,1.787071258263495e-05,False,True,RELEASE,RELEASED,
2.0900000000003813,LOWERING,0.09556141677368965,547.5265865423089,17.34623718292794,-0.05215246543725181,152.50296451425106,1.8581323393910973,-0.36756569705086745,1.8214146285353436,1.133987857614008,-3.2432489678862484,-185.95767979260992,97.08986285341743,481.11371083475103,82.87983391889564,5.81428854640873,0.17369447388813342,97.08986285343397,93.05204841448614,204.56749249054351,37.15360195698952,183.99999999999997,0.44079883126361596,55.89844645749662,23.987231091080737,6.125815380545617,599.541197285205,0.025070405709146648,1.7914497362880866e-05,False,True,RELEASE,RELEASED,
2.1000000000004024,LOWERING,0.09739101149608129,558.0093921235539,17.68095550952865,-0.05199705189920399,155.42754012555892,1.858720475021304,-0.38076125053679366,1.8193027989735742,1.133684646143689,-3.2826914888955514,-191.8227867198689,102.50412566557247,489.7715890648239,83.19488119761616,6.039430057370558,0.08434979931075759,102.50412566558559,98.19392891014738,208.36640199404502,36.22890911939507,186.99999999999994,0.4709829087760886,61.96501979075231,23.987238534221625,6.1222464734443625,599.542172449094,0.027624820335116596,1.7953311555629625e-05,False,True,RELEASE,RELEASED,
2.1100000000004235,LOWERING,0.09915065125091187,568.0913852650766,18.00374942021223,-0.05180199228815198,158.2241757827636,1.858929123726454,-0.3927641818671629,1.8169627911656914,1.1332012127570592,-3.3175344498094903,-197.3614207475679,107.6379318921083,497.94285272207685,83.45702173109075,6.258722450533719,0.007744673836413085,107.63793189211793,103.07123372915127,212.0120468544243,35.46783760426557,189.99999999999986,0.49631954243792653,67.6033961248857,23.987249735884816,6.11687539058847,599.5432192401526,0.02917251316915337,1.7988418768766223e-05,False,True,RELEASE,RELEASED,
2.1200000000004446,LOWERING,0.10084894212149362,577.8218751920699,18.316149909061114,-0.051570841508596296,160.9108426844789,1.8587907589272397,-0.4036256486361983,1.8144391478460533,1.1325692405108205,-3.347860230637386,-202.57689757824,112.49279114787863,505.6946326350868,83.66788665204038,6.47307482335728,-0.05685504503583161,112.49279114788638,107.68626697882151,215.52811620454287,34.86364739418599,192.9999999999998,0.5173356073134348,72.82261958463552,23.98726428420292,6.109899613461557,599.5443026932788,0.029767586188165218,1.8019337531427482e-05,False,True,RELEASE,RELEASED,
2.1300000000004657,LOWERING,0.1024941484411641,587.2482130466068,18.619605464729435,-0.051308013586384524,163.50396084541816,1.8583414130784248,-0.4134265805699744,1.8117702034310355,1.1318168823525538,-3.3739301045685526,-207.4848557806569,117.08123655480031,513.0881896330919,83.83072493643151,6.68338630303501,-0.11049201361007022,117.08123655480789,112.05147469452982,218.9356147712389,34.40474428632608,195.99999999999972,0.5345696310045059,77.64673040820374,23.98728167295945,6.101561862608974,599.545390876143,0.02952222381767111,1.8046682534134106e-05,False,True,RELEASE,RELEASED,
2.140000000000487,LOWERING,0.10409392782724182,596.4142737440352,18.915444774095317,-0.051018150981790834,166.01817586286194,1.8576192018634636,-0.4222635904951349,1.8089893751136321,1.1309686297625348,-3.3961108997411387,-212.108713734578,121.42270432419245,520.178360067629,83.949849381257,6.8905086792080406,-0.15434865008040788,121.42270432419862,116.1855928306202,222.2528284594379,34.07686368393202,198.99999999999966,0.54854047327884,82.10872914668818,23.987301338628786,6.092132338171202,599.5464565889415,0.028587184898577256,1.807217952176643e-05,False,True,RELEASE,RELEASED,
2.150000000000508,LOWERING,0.10565518641479768,605.3596265235858,19.204857195064488,-0.05070576742630677,168.4663035970199,1.8566625397107293,-0.43023901220190797,1.806125737246613,1.1300454541811322,-3.4148207339381313,-216.47611273040968,125.54038668869642,527.0133972786701,84.03014253690189,7.095223861910822,-0.189640357099222,125.54038668870278,120.11072265167203,225.495435556895,33.86466846073432,201.9999999999996,0.5597288136999182,86.24605419093771,23.98732269753836,6.081890901633299,599.5474784086632,0.02713417741150348,1.8091682953524924e-05,False,True,RELEASE,RELEASED,
2.160000000000529,LOWERING,0.10718402113717974,614.1192042401406,19.488886369568185,-0.05037505751497619,170.85938502014744,1.8555085568656458,-0.43745413503020264,1.8032043379347245,1.12906508506685,-3.4304906540609297,-220.61626966545853,129.4589237668342,533.6351270393159,84.07666099833787,7.298232362365749,-0.21754746207903963,129.45892376683992,123.85019764938278,228.67670618221553,33.752858442242655,204.99999999999955,0.5685675233426328,90.09733920714012,23.987345180003143,6.071110709108664,599.5484411448689,0.02534022493783894,1.8109782537578667e-05,False,True,RELEASE,RELEASED,
2.17000000000055,LOWERING,0.10868572197908519,622.7233162733829,19.768433026131987,-0.050029805009839015,173.20680867255757,1.8541919226114063,-0.444004870395153,1.8002464722761622,1.1280423478096486,-3.443538978758255,-224.55811204167756,133.20278995307496,540.0793295284166,84.09434574763912,7.5001496426329926,-0.23917330166972306,133.20278995307947,127.42710074943935,231.8077482340094,33.72689585434179,207.99999999999946,0.5754380609966399,93.70020489509756,23.987368259210143,6.060044361623281,599.5493357832764,0.0233744047538762,1.8125919424960557e-05,False,True,RELEASE,RELEASED,
2.1800000000005713,LOWERING,0.11016481303487304,631.1978837746024,20.04426375783347,-0.049673348612309355,175.51647005874307,1.8527440981273124,-0.4499792182280432,1.7972699842562518,1.126989517791263,-3.454355360772253,-228.329047485292,136.7952319378569,546.3762644849189,84.08782838600315,7.701507815470415,-0.2555206540392021,136.79523193786176,130.86329488825945,234.89777068874972,33.773440208516234,210.9999999999994,0.5806708178791538,97.08985467974321,23.98739147345544,6.04891324255696,599.5501590082712,0.021387371069914174,1.8139892240753852e-05,False,True,RELEASE,RELEASED,
2.1900000000005924,LOWERING,0.1116251164868988,639.5648062355484,20.317023272321087,-0.049308581713444204,177.79494651156756,1.8511929606789284,-0.4554560240157473,1.7942896053466353,1.1259166656498047,-3.463292000165849,-231.95422376799456,140.25762825383663,552.551269884467,84.0613158300823,7.902760751262792,-0.267481067185372,140.25762825384172,134.17884390661374,237.95434471212175,33.88057076581504,213.99999999999937,0.5845479179592182,100.2982731407987,23.98741444108257,6.037900354500015,599.5509124079852,0.019503928158775885,1.815224153745021e-05,False,True,RELEASE,RELEASED,
2.2000000000006135,LOWERING,0.11306982803151042,647.8423936475556,20.58724821751879,-0.04893797494229429,180.0476730528545,1.849562715136714,-0.46050462822764754,1.7913173154426911,1.1248319798951776,-3.4706599205968764,-235.45615222664665,143.6091592350602,558.6253814299565,84.01853490237626,8.1042911429369,-0.2758330537263305,143.6091592350626,137.3917195969185,240.98365021224257,34.037859465096076,216.99999999999926,0.5873074158498475,103.35386013182243,23.98743686812888,6.027146652488604,599.5516014711886,0.017818693786137985,1.816364956397365e-05,False,True,RELEASE,RELEASED,
2.2100000000006346,LOWERING,0.11450159579139778,656.0458186360001,20.85538138926357,-0.048563607942033016,182.27911000383062,1.8478740096189261,-0.46518510530315216,1.7883627074028419,1.1237420598063366,-3.4767286802926547,-238.85458921633762,146.86669688526138,564.6159360538295,83.96271998894514,8.306418485947148,-0.2812461438155367,146.86669688526595,140.51771060882578,243.99070068763353,34.23634338864649,219.99999999999923,0.589148157820699,106.28136722017929,23.987458549231878,6.016750608951467,599.5522344827714,0.01639466813440471,1.8174714320196017e-05,False,True,RELEASE,RELEASED,
2.2200000000006557,LOWERING,0.11592259744726091,664.187558392206,21.12178536799883,-0.048187210219616174,184.49289690663136,1.8461441835948367,-0.4695488677038839,1.7854333388449564,1.12265217576247,-3.481728287915387,-242.16659204445378,150.0448435981689,570.5371357660118,83.89662976443111,8.509407252250227,-0.28428857039654076,150.0448435981722,143.57046735760707,246.979542933893,34.468433926375965,222.99999999999915,0.5902348108432323,109.1020334312311,23.987479362762482,6.006770546872494,599.5528214146194,0.015264336590956162,1.818420709298607e-05,False,True,RELEASE,RELEASED,
2.2300000000006768,LOWERING,0.11733461232794147,672.2778077194725,21.386755186126845,-0.047810201327417104,186.69199001665424,1.844387591514287,-0.47363947283700497,1.782535059263227,1.1215664967820729,-3.485852420926349,-245.40668546508562,153.15606565576434,576.4005582874445,83.82258199175584,8.713474784094632,-0.2854369665292893,153.1560656557676,146.56163301824802,249.95343071803495,34.727789925946,225.9999999999991,0.5907027398500577,111.83384309230202,23.987499261425583,5.997229146422496,599.5533728931423,0.014432803653325443,1.819289734328322e-05,False,True,RELEASE,RELEASED,
2.240000000000698,LOWERING,0.11873908664930886,680.3248528243577,21.650529666844875,-0.0474337322505811,188.87878247537105,1.8426159594644058,-0.47749351902673065,1.7796723050495566,1.1204882866404422,-3.4892623037412047,-248.58709141565635,156.21088155070674,582.2156083077782,83.7424981693196,8.918798617344637,-0.2850869217121499,156.21088155071072,149.50102384569092,252.91497319365533,35.00917421790446,228.99999999999903,0.5906625398699121,114.49184962778646,23.987518259704032,5.988119465248561,599.5538993054402,0.013882383703403889,1.8200659127387553e-05,False,True,RELEASE,RELEASED,
2.250000000000719,LOWERING,0.12013719110915072,688.3354013110933,21.913301362297684,-0.047058724638952956,191.0552074880145,1.840838744962808,-0.4811415534893437,1.776848358882127,1.1194200708641249,-3.492090803410562,-251.71798813190543,159.2180765101893,587.9899083747804,83.65795214661334,9.125523077072069,-0.28356360196960395,159.21807651019444,152.39683256655022,255.86625984513307,35.308306782751586,231.99999999999895,0.5902041191870833,117.08852578379863,23.98753641953132,5.979411808204818,599.554410085364,0.013578059537755038,1.8208620517157215e-05,False,True,RELEASE,RELEASED,
2.26000000000074,LOWERING,0.12152987073112208,696.3148677663767,22.17522510278556,-0.04668590666513453,193.22282558074215,1.839063480244714,-0.4846089426669404,1.774065572930446,1.1183637773877504,-3.4944464515739315,-254.80777532196487,162.1849234351836,593.7296318373285,83.57021871559579,9.333765081351478,-0.2811319101653851,162.18492343518645,155.2558367490298,258.8089642988124,35.62172321015389,234.99999999999892,0.5894002913464285,119.63411353887592,23.987553835481524,5.971060828644502,599.5549132002882,0.013473252987286521,1.821693378190048e-05,False,True,RELEASE,RELEASED,
2.270000000000761,LOWERING,0.1229178872900298,704.2676168383451,22.436425231357983,-0.04631584514339129,195.38289743001496,1.8372960872788053,-0.4879166752496012,1.7713255574126918,1.1173208538518562,-3.4964172125256794,-257.8633301088909,165.1173971885276,599.4397823437386,83.4803196346564,9.54361915203694,-0.27800586632949376,165.1173971885299,158.08360024596132,261.7444295656097,35.946643705564625,237.9999999999988,0.5883098748312687,122.1369565403967,23.987570620587434,5.963012328579355,599.5554148408996,0.013515422963886081,1.8225445174380184e-05,False,True,RELEASE,RELEASED,
2.2800000000007823,LOWERING,0.1243018549107395,712.1971672032879,22.69700162447086,-0.04594897450452923,197.53644394405754,1.8355411585161832,-0.4910820824230926,1.7686293373485387,1.1162923645186225,-3.4980738969163436,-260.89024440092425,168.02037415286856,605.1244254988269,83.38906561290675,9.75516167151595,-0.2743570363662684,168.02037415287094,160.88466038863888,264.6737372898634,36.280855465014895,240.99999999999878,0.5869803251246484,124.60380492362398,23.987586893666247,5.955209336023777,599.5559193006997,0.013651102723950537,1.8234628988977875e-05,False,True,RELEASE,RELEASED,
2.2900000000008034,LOWERING,0.12568226956618625,720.1063605767982,22.957034684428223,-0.04558562037812179,199.6842953080167,1.833802201402427,-0.4941194696888034,1.7659774810406965,1.1152790696535575,-3.4994731761479354,-263.89303863855764,170.89781259004315,610.7868786939406,83.29709354377962,9.968454448164808,-0.2703219434300479,170.897812590049,163.66269692030752,267.59776345244575,36.622609541902534,243.99999999999872,0.5854499388863886,127.04008737840499,23.98760276877373,5.9475971617684165,599.5564290201304,0.013830097934441454,1.8243843939558246e-05,False,True,RELEASE,RELEASED,
2.3000000000008245,LOWERING,0.12705953324625352,727.9975001912494,23.216589356998078,-0.045226022072606335,201.82713063646625,1.832081847344655,-0.4970406611197343,1.7633702040591088,1.114281490013448,-3.5006601898783782,-266.87534986781276,173.7529118748884,616.429865070694,83.20489879611438,10.183547665237306,-0.2660084684272306,173.75291187489063,166.42068098443877,270.5172227691555,36.970532188534946,246.99999999999864,0.5837496773798326,129.45014879590383,23.987618347146785,5.940127262995091,599.556944762271,0.014008679272984992,1.825363070651065e-05,False,True,RELEASE,RELEASED,
2.3100000000008456,LOWERING,0.12843397355834377,735.872463098791,23.47571842721512,-0.04487034888170921,203.96550974940965,1.8303820274655889,-0.4998554610125194,1.76080745243908,1.1132999588289547,-3.50167076298933,-269.84009411027824,176.58825040394842,622.055637232826,83.11286270741259,10.400482291834132,-0.26150129291693247,176.5882504039541,169.16100406100577,273.4327037783423,37.32354992582566,249.99999999999858,0.581904658496513,131.8374541351801,23.987633711750846,5.93275985789209,599.5574658830745,0.014151708679128738,1.8263281525321418e-05,False,True,RELEASE,RELEASED,
2.3200000000008667,LOWERING,0.12980585947404563,743.7327903931066,23.73446511530826,-0.0445187154065583,206.09989842933965,1.8287041183767854,-0.5025720402491911,1.758288968550955,1.1123346633992213,-3.5025332626143255,-272.7896042940514,179.4059030996387,627.6660758059828,83.02127562666848,10.619292033146031,-0.2568664654014583,179.40590309964114,171.88558776420317,276.34469635204607,37.68082716484665,252.9999999999985,0.5799353655549346,134.20476059935652,23.987648924338334,5.925465336199333,599.5579906586048,0.01423372988341498,1.827352767946877e-05,False,True,RELEASE,RELEASED,
2.330000000000888,LOWERING,0.13117541386991272,751.5797590627839,23.992865142501838,-0.044171193670693956,208.23068834678736,1.8270490615931372,-0.5051972558097845,1.755814342745447,1.111385678143437,-3.5032701332197567,-275.72574577392345,182.20754010530862,633.2627673530427,82.9303559622702,10.840004892344226,-0.2521551860001523,182.20754010531098,174.5959760271521,279.2536131107332,38.04171498772317,255.99999999999847,0.5778586178017248,136.55426103942892,23.98766402475773,5.918224590586059,599.558516634156,0.014239126884479703,1.8284009144053925e-05,False,True,RELEASE,RELEASED,
2.340000000000909,LOWERING,0.13254282343483004,759.4144387563422,24.250948370762167,-0.043827822244290944,210.35821267310055,1.8254174602563122,-0.5077369121685258,1.7533830534798083,1.1104529906927725,-3.503899150424591,-278.65001185690653,184.99450862272042,638.8470655413762,82.84026573325272,11.062644409755354,-0.24740690882163108,184.99450862272093,177.29341151864267,282.1598059841762,38.4057096267984,258.9999999999984,0.5756883431539452,138.88770189184427,23.987679032134483,5.9110284504643005,599.559040964803,0.014161506245236488,1.8296341437462615e-05,False,True,RELEASE,RELEASED,
2.35000000000093,LOWERING,0.13390824643905605,767.2377362955646,24.508740060232483,-0.04348861455139027,212.48275824012305,1.82380965666619,-0.5101959730507084,1.750994498229988,1.1095365223631752,-3.5044344338321927,-281.563601877069,187.76789997687237,644.420138868922,82.7511231221388,11.287230637332646,-0.24265185927481525,187.76789997687365,179.97889825307354,285.063578946417,38.7724192115721,261.9999999999983,0.5734361888400351,141.20647904150144,23.98769394747575,5.903876433065161,599.5595607230647,0.014002490134872758,1.8308448375137232e-05,False,True,RELEASE,RELEASED,
2.360000000000951,LOWERING,0.13527181878549763,775.0504303467499,24.76626186292621,-0.04315356463081398,214.60457496166444,1.8222257938257922,-0.5125787314354393,1.7486480171161016,1.1086361441298025,-3.50488725679036,-284.46748431848727,190.5286039763887,649.9830077112251,82.66301250078769,11.513780898619165,-0.2379130573079351,190.52860397638986,182.65325233313393,287.9651977638882,39.14153744517344,264.9999999999983,0.5711120006597451,143.5117148879605,23.98770875722738,5.896775037879727,599.5600731562542,0.013770118268698894,1.8321267226895088e-05,False,True,RELEASE,RELEASED,
2.370000000000972,LOWERING,0.1366336586949238,782.8531982650096,25.023532566024667,-0.04282265263633891,216.72388310343183,1.8206658638481348,-0.5148889449126693,1.7463429108249597,1.1077516890293606,-3.5052666875280947,-287.36244733103985,193.27735252488884,655.5365729635241,82.5759923584419,11.742310376857498,-0.23320792914876165,193.2773525248893,185.31714265578495,290.8648974330868,39.51282300018596,267.9999999999982,0.5687241968698008,145.804319655599,23.987723437327507,5.889735802976379,599.5605758830574,0.0134770510372908,1.8334764945393545e-05,False,True,RELEASE,RELEASED,
2.3800000000009933,LOWERING,0.13799387031517632,790.6466367735218,25.280568696857376,-0.042495847639966174,218.8408788770058,1.8191297456990354,-0.5171299426472659,1.7440784541139984,1.106882961747625,-3.505580092129207,-290.249138767645,196.01475426934252,661.0816381266793,82.49010151183728,11.97283256691508,-0.22854958044905516,196.01475426934525,187.97112325139372,293.7628878466329,39.88608356800887,270.9999999999981,0.5662800583766388,148.08503968338485,23.987737957348035,5.882773319143863,599.5610670253956,0.013138746650971811,1.8349899612246645e-05,False,True,RELEASE,RELEASED,
2.3900000000010144,LOWERING,0.13935254649053694,798.4312778308357,25.53738494993927,-0.04217311129806246,220.95573873899536,1.8176172343819978,-0.5193047093400057,1.741853905923156,1.1060297460049167,-3.505833525687613,-293.1280976258796,198.7413218736611,666.6189263215662,82.40536392586158,12.205359620423797,-0.22394779406681664,198.74132187366416,190.6156587399159,296.65935811211705,40.261163643841826,273.99999999999807,0.5637859530650212,150.35449509607406,23.987752284384666,5.875903364604237,599.5615452772817,0.012771755958997488,1.8365135474596173e-05,False,True,RELEASE,RELEASED,
2.4000000000010355,LOWERING,0.14070977088124564,806.2076007748183,25.79399453980075,-0.04185439952029734,223.0686226974763,1.8161280633289834,-0.5214159507510489,1.739668516905868,1.1051918102305853,-3.506032034007144,-295.9997785244717,201.45749329915031,672.1490934109127,82.32179242348127,12.43990260803726,-0.21940980619712036,201.45749329915134,193.2511441941832,299.5544798543399,40.637935271448356,276.999999999998,0.5612475087400196,152.61320892273486,23.987766386438295,5.869141283602485,599.5620099168627,0.012392243707137318,1.8381501114106413e-05,False,True,RELEASE,RELEASED,
2.4100000000010566,LOWERING,0.14206561958431396,813.9760416092282,26.050409452462816,-0.041539664465522944,225.17967686267997,1.8146619214519788,-0.5234661445948238,1.7375215350121045,1.1043689119163076,-3.5061798845227727,-298.8645706012716,204.16364827172293,677.6727381545033,82.2393915175003,12.676471717995245,-0.2149409059477989,204.16364827172796,195.87792051157084,302.4484097557253,41.01629110341591,279.99999999999795,0.5586697463016304,154.86162940815493,23.98778023511723,5.862500690653372,599.5624607710595,0.012014808114920505,1.8398993816504117e-05,False,True,RELEASE,RELEASED,
2.4200000000010777,LOWERING,0.14342016237455502,821.737000114297,26.306640644421165,-0.041228855762397515,227.28903542592954,1.8132184660404935,-0.5254575799396329,1.7354122096131006,1.103560800954928,-3.506280741812873,-301.7228119929465,206.8601209268623,683.1904101179041,82.1581595554345,12.915076406212364,-0.2105448955624638,206.86012092686417,198.49628621881058,305.3412915291958,41.39613925024432,282.99999999999784,0.5560571823748534,157.10014696856626,23.987793807573507,5.8559925420459695,599.5628981441337,0.011651634885703643,1.8418185284474475e-05,False,True,RELEASE,RELEASED,
2.430000000001099,LOWERING,0.14477346365843857,829.4908453119134,26.56269819805871,-0.04092192131863982,229.3968222082802,1.8117973324564438,-0.5273923876561563,1.7333397945407658,1.1027672222040716,-3.506337800176249,-304.5748008528154,209.5472094521951,688.7026158884656,82.07809033251742,13.155725509814333,-0.2062244417115835,209.54720945219924,201.10650647494825,308.23325747013706,41.77739949407842,285.99999999999784,0.5534139086392148,159.32910698086982,23.987807087661494,5.84962458025723,599.563322722194,0.011311989727539107,1.8439077273058047e-05,False,True,RELEASE,RELEASED,
2.44000000000112,LOWERING,0.1461255832121473,837.2379196943756,26.818591446655343,-0.04061880773979634,231.50315188657632,1.8103981413832657,-0.5292725639562874,1.7313035503247607,1.1019879174596308,-3.5063538832736945,-307.42080368492765,212.22518339681716,694.2098240209912,81.9991742970648,13.398427333354807,-0.20198134230952292,212.2251833968194,203.7088198965958,311.12442969698634,42.16000053038192,288.9999999999977,0.5507436534901597,161.54881936621388,23.98782006636927,5.843401127085667,599.5637354653535,0.011002026851759439,1.846163370089471e-05,False,True,RELEASE,RELEASED,
2.450000000001141,LOWERING,0.1474765767583,844.9785425287718,27.074329052781543,-0.04031946138779881,233.6081309781994,1.8090205042226342,-0.5310999886408438,1.7293027458382204,1.1012226269812062,-3.5063315187480777,-310.26106161881853,214.89428918613874,699.7124690316052,81.92139944635913,13.643189714781894,-0.19781672846181664,214.89428918614246,206.3034437082045,314.0149211614743,42.54387797414944,291.99999999999767,0.5480498303692889,163.75956573405506,23.987832741620142,5.837323178802241,599.5641374980321,0.01072487084931062,1.8485403266765843e-05,False,True,RELEASE,RELEASED,
2.460000000001162,LOWERING,0.1488264964225061,852.7130124728443,27.32991909485449,-0.04002382823663749,235.71185864526032,1.8076640271002833,-0.532876439325154,1.727336659509246,1.1004710906777389,-3.5062729940143957,-313.0957951200079,217.55475427057667,705.2109546783521,81.84475198983651,13.8900200765008,-0.19373121690483686,217.5547542705773,208.89057761689727,316.90483648788353,42.928972927205876,294.9999999999976,0.5453355760716532,165.9616046896914,23.987845117572608,5.831388741812161,599.5645300061641,0.01048091616752167,1.8509932012023e-05,False,True,RELEASE,RELEASED,
2.4700000000011832,LOWERING,0.15017539110056255,860.4416096788736,27.585369123228666,-0.0397318542728582,237.81442736329817,1.8063283138347506,-0.5346036026270745,1.7254045802127822,1.0997330490352772,-3.5061803980078774,-315.9252075239754,220.20679024461845,710.7056567051613,81.76921683884648,14.138925465533356,-0.18972502502293764,220.20679024462018,211.470406725876,319.79427268444374,43.31523095200285,297.99999999999756,0.5426037815309521,168.15517577387314,23.987857203562516,5.825593339886475,599.5649141479547,0.010268281833385906,1.8536853346518e-05,False,True,RELEASE,RELEASED,
2.4800000000012044,LOWERING,0.151523306759152,868.1645975165508,27.840686204311904,-0.0394434858698411,239.91592348762782,1.805012968138573,-0.5362830830726533,1.7235058079271193,1.0990082438484972,-3.5060556525492426,-318.7494876935266,222.8505951971932,716.1969251794277,81.69477796830186,14.389912585730324,-0.18579805769991253,222.8505951971973,214.04310372984608,322.6833197579368,43.70260133577321,300.9999999999975,0.5398571169570384,170.34050239407287,23.987869012832732,5.819930623295528,599.5652909825664,0.010083358497092298,1.8565273933290882e-05,False,True,RELEASE,RELEASED,
2.4900000000012255,LOWERING,0.15287028668685418,875.8822240111682,28.095876962561086,-0.039158669886352915,242.0164277415671,1.8037175952537292,-0.5379164102932877,1.7216396542148649,1.098296418802097,-3.5059005360929136,-321.56881202887166,225.48635549348063,721.6850865180049,81.62141868436979,14.642987824197295,-0.18194997317584694,225.48635549347955,216.60883057923468,325.5720612537636,44.091036559403136,303.9999999999974,0.5370980527193858,172.51779401983154,23.98788056118571,5.814393014914761,599.5656614189757,0.009921389199472053,1.8596065686438124e-05,False,True,RELEASE,RELEASED,
2.5000000000012466,LOWERING,0.15421637170774014,883.5947230674226,28.35094763803178,-0.038877352941472564,244.11601564416222,1.8024418031727198,-0.5395050449456601,1.7198054425727078,1.0975973199364626,-3.5057167019249986,-324.383346003659,228.1142471396387,727.1704452710738,81.54912182380394,14.898157273495217,-0.17818023327879473,228.11424713964064,219.16773975465225,328.46057473735783,44.48049190869892,306.9999999999974,0.5343288770054149,174.68724784595332,23.987891865675977,5.808972337194646,599.566026185279,0.00977703324814616,1.863018641756753e-05,False,True,RELEASE,RELEASED,
2.5100000000012677,LOWERING,0.15556160036644015,891.3023155297781,28.60590407371099,-0.038599483091663105,246.21475789017836,1.8011852035554663,-0.5410503836754907,1.7180025086802841,1.0969106960231827,-3.5055056923362153,-327.1932453560924,230.7344368437384,732.6532857136425,81.47786990370287,15.155426750729788,-0.1744881420801221,230.7344368437409,221.71997525721622,331.3489322282761,44.87092518325619,309.9999999999973,0.5315517110086222,176.84905007396003,23.987902943435312,5.803660375500036,599.5663858171131,0.009644873076218197,1.866336490508047e-05,False,True,RELEASE,RELEASED,
2.5200000000012888,LOWERING,0.15690600909072805,899.0052101140045,28.860751781655818,-0.03832500843518234,248.31272069124734,1.7999474124943373,-0.5425537634676886,1.7162302006118257,1.096236298870342,-3.505268950452252,-329.9986570830647,233.34708290174646,738.1338732976992,81.40764524505593,15.414801814272357,-0.17087287800990225,233.3470829017509,224.26567343525497,334.2372005923599,45.262296519985284,312.9999999999972,0.5287685221886558,179.00337691526968,23.9879138106966,5.798449346194864,599.5667406626078,0.009519835456297088,1.870031558581786e-05,False,True,RELEASE,RELEASED,
2.53000000000131,LOWERING,0.15824963233511666,906.7036042299187,29.11549595594434,-0.03805387756618568,250.40996608484673,1.798728051370599,-0.5440164660438148,1.714487879064962,1.0955738835712903,-3.50500783304926,-332.79972054704956,235.95233618378583,743.6124560089706,81.3384301127694,15.676287778653526,-0.16733352815924718,235.952336183788,226.80496390462025,337.12544188753117,45.654568533615475,315.99999999999716,0.5259811359697212,181.15039537100478,23.987924482055167,5.793332250846562,599.5670909005458,0.00939751016640411,1.873550876752006e-05,False,True,RELEASE,RELEASED,
2.540000000001331,LOWERING,0.1595925026858056,914.3976845826916,29.37014148321505,-0.03778603984057199,252.50655217941548,1.797526747284951,-0.5454397210758987,1.7127749174592266,1.0949232087182088,-3.50472361705764,-335.5965679609666,238.55034065177162,749.0892654714703,81.27020677840991,15.939889723383972,-0.1638691925987814,238.55034065177063,229.3379700292131,340.0137136448691,46.047706447251386,318.9999999999971,0.5231912454980547,183.2902635819617,23.987934969981268,5.788303110004886,599.5674365678929,0.009274360596301712,1.873606552749152e-05,False,True,RELEASE,RELEASED,
2.550000000001352,LOWERING,0.1609346510629867,922.0876283319726,29.624692968856372,-0.03752144570897671,254.60253351745735,1.7963431283225477,-0.5468247003312736,1.7110906994602157,1.0942840364846538,-3.50441746245885,-338.3893208999114,241.1412300710994,754.5645172595291,81.20295687020177,16.205612518377002,-0.1604785597675118,241.14123007110308,231.8648058476759,342.90206950413335,46.441673362047766,321.99999999999716,0.5204004232629855,185.42313248562814,23.987945284575748,5.7833570803616015,599.567777593095,0.009147835991003106,1.8737038118388227e-05,False,True,RELEASE,RELEASED,
2.560000000001373,LOWERING,0.16227610676862653,929.773603365663,29.87915477001729,-0.037260045810330884,256.6979612501869,1.7951768341649055,-0.54817253803602,1.7094346242151177,1.0936561328658907,-3.5040905077030433,-341.1780992129698,243.7251360854052,760.0384140158378,81.13666286970934,16.47346082750062,-0.15716056964504332,243.7251360854079,234.38558361928747,345.79055903645866,46.83643815363209,324.9999999999973,0.5176101286643217,187.54914546565539,23.987955433544318,5.778490467105942,599.5681138312707,0.00901636954623708,1.8738276359897554e-05,False,True,RELEASE,RELEASED,
2.5700000000013943,LOWERING,0.16361689758198356,937.4557688471901,30.133531001695385,-0.037001791342725646,258.79288333998153,1.7940275089765783,-0.5494843210318386,1.7078061025493745,1.0930392677623404,-3.5037438115509882,-343.963015420828,246.30218323018806,765.5111447072146,81.07130712655365,16.743439116855328,-0.1539140527693803,246.30218323019042,236.9004091579579,348.6792282385953,47.231970290831896,327.9999999999974,0.5148217154309701,189.668438867126,23.98796542235166,5.773700650018952,599.5684450983694,0.008879322088394481,1.8740052183829903e-05,False,True,RELEASE,RELEASED,
2.5800000000014154,LOWERING,0.16495704986316173,945.1342758088241,30.387825543882556,-0.036746634430918565,260.8873447837976,1.7928948027235192,-0.5507610933904274,1.7062045573847198,1.092433215033349,-3.50337836949447,-346.74417623173287,248.87249029350875,770.9828857599717,81.00687206837597,17.015551667085024,-0.15073779723689995,248.87249029351406,239.409383102504,351.5681197532478,47.628240632512444,330.99999999999756,0.5120364391792372,191.78114246999155,23.98797525451208,5.768985944120786,599.568771202019,0.008736855978415115,1.8739653739885398e-05,False,True,RELEASE,RELEASED,
2.5900000000014365,LOWERING,0.16629658864178745,952.8092676597604,30.642042072692153,-0.03649452757250939,262.98138780397613,1.7917783715722417,-0.5520038587878051,1.7046294238682633,1.0918377525535214,-3.50299511927305,-349.5216830183637,251.4361707337982,776.4538019694464,80.94334026050831,17.289802582826326,-0.14763055876704811,251.43617073380193,241.9126013044771,354.4572730905971,48.0252214212004,333.9999999999976,0.5092554642045861,193.8873798832767,23.987984931969827,5.764345417287824,599.5690919671808,0.008589771020955261,1.8740521113613795e-05,False,True,RELEASE,RELEASED,
2.6000000000014576,LOWERING,0.16763553769781034,960.480880649074,30.896184046242556,-0.0362454245822234,265.0750520256713,1.7906778780698709,-0.5532135825854074,1.703080149332918,1.091252662258407,-3.5025949451609,-352.295632181808,253.99333300903209,781.9240472892868,80.88069444066753,17.566195801603094,-0.1445910694941972,253.99333300903584,244.41015513305797,357.34672483705714,48.42288623446254,336.9999999999978,0.5064798697139152,195.98726889859543,23.98799445552387,5.759778686577438,599.5694072555841,0.008439321630821617,1.874057614514868e-05,False,True,RELEASE,RELEASED,
2.6100000000014787,LOWERING,0.1689739196360618,968.1492442929086,31.150254754378683,-0.035999279328332835,267.1683746417843,1.7895929912104538,-0.5543911937204851,1.7015561931698744,1.0906777301748607,-3.5021786815746556,-355.0661154549148,256.5440808573924,787.3937655367182,80.81891754084472,17.844735102183204,-0.14161804550394663,256.5440808573968,246.90213173450928,360.2365088503791,48.82120991598808,339.99999999999784,0.5037106555873287,198.0809218185212,23.9880038252566,5.755285712660859,599.5697169786192,0.008287032508714098,1.8741060095806006e-05,False,True,RELEASE,RELEASED,
2.6200000000015,LOWERING,0.17031175595551384,975.8144817713006,31.404257308708505,-0.03575604646943202,269.2613905661469,1.7885233864525536,-0.5555375864573853,1.7000570266672859,1.0901127464364675,-3.5017471162810985,-357.83322017159446,259.0885135486908,792.8630910395148,80.75799270335165,18.125424112403774,-0.13871019285159036,259.08851354868904,249.38861426422082,363.1266564410731,49.220168499694836,342.999999999998,0.5009487477194207,200.16844576452598,23.988013040933048,5.750866608383462,599.5700211038549,0.008134527104503242,1.873967175214375e-05,False,True,RELEASE,RELEASED,
2.630000000001521,LOWERING,0.1716490671137875,983.4767102977837,31.658194650756702,-0.035515681534371665,271.35413257588175,1.7874687457167053,-0.5566536220300472,1.6985821328375266,1.0895575052860091,-3.5013009933504833,-360.5970295159127,261.6267261175816,798.3321492375262,80.69790329420874,18.408266316502306,-0.13586621238016505,261.6267261175842,251.86968210163263,366.0171965408158,49.6197391362073,345.99999999999807,0.4981950029740297,202.24994296542533,23.988022102345518,5.746521473507844,599.5703196558691,0.007983379660896794,1.8739873198114765e-05,False,True,RELEASE,RELEASED,
2.640000000001542,LOWERING,0.17298587258727827,991.1360414638847,31.912069572853238,-0.035278140559727375,273.4466314438529,1.7864287573708517,-0.5577401301899795,1.6971310062388316,1.0890118050670308,-3.5008410159099146,-363.35762275590616,264.15880958291297,803.8010572443394,80.63863291481873,18.69326506199758,-0.13308480382369225,264.158809582916,254.34541105215294,368.90815585882626,50.019900025268015,348.99999999999824,0.4954502137816239,204.32551102688493,23.988031009587264,5.74225026348414,599.5706127123512,0.007834997882801176,1.8740058976618457e-05,False,True,RELEASE,RELEASED,
2.650000000001563,LOWERING,0.17432219092721274,998.7925815603021,32.16588471422879,-0.035043380519319524,275.5389160620236,1.7854031162034572,-0.5587979106661347,1.6957031527906579,1.088475448206113,-3.5003678487095113,-366.1150754629298,266.6848511541959,809.2699243713967,80.5801654119413,18.980423566158727,-0.13036466936807756,266.68485115419674,256.81587353703696,371.7995590272208,50.42063035403848,351.9999999999983,0.49271511240697186,206.39524318299848,23.9880397632472,5.7380526960804135,599.5709003966281,0.007690539684237052,1.873918517958373e-05,False,True,RELEASE,RELEASED,
2.660000000001584,LOWERING,0.17565803981193975,1006.4464318765137,32.41964258779071,-0.03481135873219325,277.63101355644005,1.7843915233847454,-0.5598277345418768,1.6942980895831294,1.0879482411871355,-3.499882120510758,-368.8694597170649,269.2049344257234,814.7388526170564,80.52248488602025,19.269744922094056,-0.1277045167736901,269.20493442572564,259.2811387716569,374.69142873625356,50.82191024042211,354.99999999999847,0.4899903749132923,208.4592285312348,23.988048364525127,5.733928196129162,599.5711828678475,0.007550864242464428,1.8739118658572806e-05,False,True,RELEASE,RELEASED,
2.6700000000016053,LOWERING,0.17699343609573778,1014.0976889804217,32.67334556933902,-0.03458203346854967,279.722949394482,1.783393686415532,-0.5608303455535502,1.6929153446800187,1.0874299945185608,-3.4993844263037004,-371.62084429884237,271.71913955865944,820.2079371223751,80.46557569782689,19.561232104486987,-0.1251030621300515,271.719139558662,261.74127293254236,377.5837858602467,51.22372068044865,357.9999999999985,0.48727662484715994,210.5175522520937,23.98805681527317,5.72987587565086,599.5714603099913,0.0074165148959775,1.873865565471533e-05,False,True,RELEASE,RELEASED,
2.6800000000016264,LOWERING,0.1783283958544124,1021.7464449796076,32.92699591447145,-0.0343553636390184,281.8147474849651,1.7824093190658752,-0.5618064613161443,1.6915544569171597,1.0869205226946657,-3.498875329367818,-374.3692948684451,274.22754345201565,825.677266596384,80.40942247366054,19.85488797500366,-0.12255903223353926,274.22754345202003,264.1963393140091,380.4766495749214,51.6260434993348,360.9999999999987,0.48457443666626265,212.5702958146743,23.988065117973715,5.7258945444379,599.5717329207769,0.007287729456873393,1.873931088880454e-05,False,True,RELEASE,RELEASED,
2.6900000000016475,LOWERING,0.17966293442792364,1029.3927877655678,33.18059577301112,-0.03413130855923254,283.9064302716251,1.7814381413043787,-0.562756774480671,1.6902149756969114,1.086419644151524,-3.4983553631868913,-377.1148741330928,276.7302199031384,831.1469237128647,80.35401010920701,20.15071528739428,-0.12007116664699424,276.73021990314095,266.64639847501076,383.370037466778,52.02886130577818,363.99999999999875,0.48188433893008636,214.61753716923258,23.98807327566716,5.721982744697554,599.5720009013318,0.007164472175215764,1.8738988032396264e-05,False,True,RELEASE,RELEASED,
2.7000000000016686,LOWERING,0.18099706646027416,1037.0368012422575,33.43414718075843,-0.03390982841147405,285.99801882047745,1.7804798792201615,-0.5636819538282032,1.6888964607803112,1.0859271812184947,-3.4978250332317122,-379.85764200375047,279.2272397586313,836.6169854810289,80.29932377227627,20.44871669230955,-0.11763821946789221,279.2272397586343,269.091508377058,386.26396563511764,52.43215744938246,366.9999999999989,0.47920681727175546,216.65935092767555,23.988081291844196,5.718138802703827,599.5722644472784,0.007046481006244498,1.8738071887014485e-05,False,True,RELEASE,RELEASED,
2.7100000000016897,LOWERING,0.18233080593685908,1044.6785655400877,33.687652072059215,-0.03369088403220571,288.08953290149975,1.7795342649378796,-0.5645826453045992,1.687598482077079,1.0854429600658781,-3.497284818619571,-382.59765574178897,281.7186710562943,842.0875235916521,80.24534890448345,20.74889474185108,-0.11525896083912812,281.71867105630014,271.53172451372774,389.15844878725295,52.83591598085562,369.999999999999,0.4765423171676953,218.69580853287212,23.988089170317423,5.714360890362761,599.572523741679,0.006933323794841684,1.8737557937242855e-05,False,True,RELEASE,RELEASED,
2.720000000001711,LOWERING,0.18366416621946785,1052.318157216473,33.94111228772995,-0.033474436837962855,290.18099106505446,1.7786010365278189,-0.5654594730000114,1.6863206194352187,1.0849668106493202,-3.496735173661844,-385.3349700965332,284.20457915881605,847.5586047409108,80.1920712220803,21.05125189387431,-0.11293217823788382,284.2045791588157,273.967100032516,392.0535003274084,53.24012161494218,372.99999999999915,0.4738912465203378,220.7269784175738,23.988096915085997,5.710647090112204,599.5727789500397,0.0068244574516986845,1.8737703726401378e-05,False,True,RELEASE,RELEASED,
2.730000000001732,LOWERING,0.1849971600791089,1059.9556494439018,34.194529575993954,-0.03326044895403068,292.27241071342974,1.7776799379111845,-0.56631304007654,1.6850624624301556,1.0844985666515186,-3.496176529306765,-388.06963743419215,286.68502687968555,853.0302909331689,80.13947671597472,21.355790516059947,-0.11065667752581021,286.6850268796893,276.3976858494393,394.949132439774,53.644759695735985,375.9999999999992,0.47125397806784874,222.75292615370333,23.98810453020508,5.706995457528151,599.5730302173976,0.0067192850569526286,1.8736381306894145e-05,False,True,RELEASE,RELEASED,
2.740000000001753,LOWERING,0.18632979972681482,1067.5911121864367,34.447905603601804,-0.03304888302102519,294.36380816784924,1.7767707187618629,-0.5671439296475905,1.6838236101544115,1.0840380654216848,-3.495609294486827,-390.8017078589537,289.16007460197676,858.5026397644139,80.08755165107503,21.662512889769594,-0.10843128386557055,289.16007460197886,278.82353075699683,397.8453561661336,54.04981616430234,378.9999999999994,0.4686308516336788,224.7737145926945,23.98811201966934,5.703404077189066,599.5732776673274,0.006617206885086269,1.873469948066031e-05,False,True,RELEASE,RELEASED,
2.750000000001774,LOWERING,0.1876620968425737,1075.2246123654804,34.701241951691685,-0.03283970245437985,296.4551987312736,1.7758731344051164,-0.5679527056117996,1.682603671008146,1.0835851479131964,-3.495033857377023,-393.53122932669646,291.62978039040297,863.9757046876138,80.03628256502346,21.971421213699728,-0.10625484243081473,291.6297803904061,281.2446815258855,400.74218147846125,54.45527752835565,381.99999999999943,0.466022176227694,226.78940399752983,23.988119387317013,5.699871108678743,599.5735214026162,0.006517662543301661,1.873300847421433e-05,False,True,RELEASE,RELEASED,
2.7600000000017952,LOWERING,0.18899406260251972,1082.8562140155648,34.95454012977638,-0.03263287114751896,298.54659674728646,1.7749869457141687,-0.568739913444475,1.6814022624913065,1.083139658619809,-3.49445058657136,-396.2582477519276,294.09420009714506,869.4495352614051,79.9856562664206,22.282517607346723,-0.10412621898478847,294.09420009714904,283.6611830009269,403.63961734684,54.86113083385669,384.9999999999996,0.4634282320096947,228.8000521670702,23.98812663675828,5.696394820930919,599.5737615072491,0.006420162604658053,1.8729762317093446e-05,False,True,RELEASE,RELEASED,
2.7700000000018163,LOWERING,0.19032570770450313,1090.4859784308562,35.20780157126568,-0.03242835372112534,300.6380156553418,1.7741119190048322,-0.5695060809492023,1.6802190109973432,1.0827014455107633,-3.49385983218358,-398.9828071084058,296.55338746189193,874.9241773830611,79.93565983257757,22.595804114295387,-0.10204430035912537,296.5533874618935,286.0730781916089,406.53767180303674,55.26736363838765,387.99999999999966,0.4608492721252315,230.80571455322124,23.988133771329224,5.692973614314911,599.5739980493281,0.006324309195750999,1.8728018417846215e-05,False,True,RELEASE,RELEASED,
2.7800000000018374,LOWERING,0.19165704239215423,1098.113964303034,35.461027646850155,-0.03222611523364806,302.7294680426191,1.773247825929218,-0.5702517189719456,1.6790535516094294,1.082270359965083,-3.493261926877602,-401.7049495238873,299.0073942064219,880.3996735071175,79.88628060689969,22.911282705341783,-0.1000079947764334,299.00739420642486,288.4804083576168,409.4363520000324,55.67396398618013,390.99999999999983,0.45828552442283943,232.80644437143667,23.988140794070326,5.689606030938779,599.5742310845276,0.006229805965718427,1.872643282752051e-05,False,True,RELEASE,RELEASED,
2.7900000000018585,LOWERING,0.19298807647754299,1105.7402278511172,35.714219659724286,-0.03202612142196194,304.82096569271977,1.7723944433682852,-0.5709773220799906,1.6779055278987363,1.0818462567053333,-3.492657186832779,-404.4247153693947,301.45627012412797,885.8760628502638,79.83750619590245,23.228955281460568,-0.09801623209648369,301.4562701241269,290.88321308961747,412.335664267791,56.080920384588524,393.9999999999999,0.4557371930610892,234.80229270502895,23.988147707726895,5.686290754446972,599.5744606597295,0.006136458587423732,1.8724930228586345e-05,False,True,RELEASE,RELEASED,
2.8000000000018797,LOWERING,0.19431881936253068,1113.364822943803,35.9673788411594,-0.031828338914816706,306.91251963141934,1.771551553324375,-0.5716833692078859,1.6767745917257713,1.081428993731056,-3.4920459126494454,-407.14214334347463,303.9000631648514,891.3533815838189,79.78932446597197,23.548823676626597,-0.09606796397429207,303.9000631648565,293.28153038575385,415.2356141655225,56.48822178206038,397.00000000000006,0.4532044600131526,236.79330860369348,23.988154514767526,5.68302660117891,599.5746868165445,0.006044167468174599,1.8723543831811185e-05,False,True,RELEASE,RELEASED,
2.8100000000019008,LOWERING,0.19564928005889942,1120.9878012147994,36.19740248313434,-0.032291199842408226,309.0041401696702,1.7707189428134888,-0.5723703242721344,1.6756604030444626,1.0810184322521033,-3.491428390197865,-409.8572705516487,306.338819515223,896.8316630143546,79.7417235398607,23.870889660499305,-0.09416216393469767,306.3388195152262,295.6753967239615,418.13620653068125,56.89585754730322,400.0,0.45068748647603335,238.7795391766583,23.98816121741604,5.679812504840689,599.5749095944576,0.005952914608272408,1.8721108588692914e-05,False,True,RELEASE,RELEASED,
2.820000000001922,LOWERING,0.19696748722796467,1128.5405719459322,36.42975492713332,-0.03261795584702258,311.0181842847611,1.7752378510669307,-0.5759298097512496,1.6792183545032562,1.0808753655055652,-3.5107181109061165,-414.89839480253085,310.25298378352295,904.5937475153628,80.24004059396786,24.183077738947404,0.22229268609362407,310.2529837835288,299.45547767561703,420.86533413233406,49.055154755913236,400.0,0.466511671887314,250.4003229197038,23.988167547855102,5.676776891075851,599.5749558474519,-0.005731509607200813,1.8737831410930994e-05,False,True,RELEASE,RELEASED,
2.830000000001943,LOWERING,0.19820427127887702,1135.6268225745691,36.63417015829782,-0.03330380504273936,312.7710327268756,1.7848428467448025,-0.5887042007593586,1.684960341249721,1.0811003950800224,-3.576032702696593,-425.2709735444468,318.9218584770048,912.8025293488051,81.47210577485122,24.456429728259074,0.42057956433086474,318.9218584770045,307.69971083315465,423.02755168933095,36.48242754981686,400.0,0.5001427684249493,271.2172832833378,23.98817164785878,5.674810829498157,599.5744678415366,-0.021988767139933252,1.8801026314463343e-05,False,True,RELEASE,RELEASED,
2.840000000001964,LOWERING,0.1992843875741924,1141.815433085057,36.80534301962997,-0.034102967492223926,314.17136843787307,1.7958617657119298,-0.6078931416606727,1.689847747540555,1.081461747855314,-3.6714009494381235,-438.99173384885097,330.7916015135775,919.5488555702111,83.05959686921472,24.675912186531452,0.4646232795269043,330.7916015135799,318.93276849534516,424.55982480551995,24.82964936870195,400.0,0.5384380955934984,294.1031191266432,23.98817115348932,5.675047892932217,599.5734636460453,-0.034145953761919756,1.889493150031285e-05,False,True,RELEASE,RELEASED,
2.850000000001985,LOWERING,0.20017397043247054,1146.9123674157092,36.942915404115354,-0.034850981006537704,315.2189539458522,1.806114634713065,-0.62877471586454,1.6931309548922004,1.081761021140058,-3.7734206338133727,-453.2043542293394,343.2954287535339,924.4075857859693,84.66683316651897,24.84074723167933,0.40134507760950555,343.29543338108266,330.7326616915077,425.56740045886283,15.793730840183457,400.0,0.5738568679800296,314.93893085132424,23.988164778724855,5.678104762817209,599.5721427549761,-0.03972503627512758,1.899925854331741e-05,False,True,RELEASE,RELEASED,
2.8600000000020063,LOWERING,0.20087738977844927,1150.9426633909527,37.05051639294255,-0.035471544835819796,315.961558651817,1.81452573205199,-0.6479870340264311,1.694879475364677,1.0818907314697879,-3.8659015219880084,-465.94332412649123,354.61833861190144,927.5422379465645,86.08136192608498,24.957926636421394,0.28569695208358326,354.61834024668957,341.3956867091794,426.18982743199416,9.435217797429402,400.0,0.6031066960360513,331.96046891175,23.988152603165947,5.68394326411074,599.5707393005475,-0.03891338930966448,1.9096583017130797e-05,False,True,RELEASE,RELEASED,
2.8700000000020274,LOWERING,0.2014211588408613,1154.058230621552,37.1337368090538,-0.03594765819543933,316.46409979634234,1.820775020259803,-0.6639127942532776,1.695417788047799,1.0818185454002707,-3.941294357247938,-476.3160460618963,363.91178109528295,929.3125728101654,87.20826554739484,25.03738161497734,0.15861780423995242,363.91178160090595,350.13295171448834,426.55096760374767,5.262276521032277,400.0,0.6255014838081296,344.87067519345607,23.988135811343724,5.6919953755621515,599.5694580776072,-0.03303526901572518,1.9181078727115164e-05,False,True,RELEASE,RELEASED,
2.8800000000020485,LOWERING,0.20183971588340696,1156.4563858238864,37.1985008451132,-0.036293004243306864,316.7905379979412,1.8249941316012077,-0.6762012943272768,1.6950974573542843,1.0815575050486166,-3.9982140548968776,-484.1990333288581,371.0298293019164,930.095410240185,88.03637550273035,25.08906124125626,0.043767282954945586,371.02982943444255,356.8161853456779,426.74583602703734,2.694442481949636,400.0,0.6416939556317738,354.1217428637283,23.9881162678843,5.701366953755718,599.5684491241287,-0.023786284066574126,1.9241787825308165e-05,False,True,RELEASE,RELEASED,
2.8900000000020696,LOWERING,0.20216652535163282,1158.328866147312,37.25010983484624,-0.036532841811680414,316.99529447503323,1.827527090225153,-0.6852003289546086,1.6942124349405863,1.0811412348020673,-4.038621895105839,-489.88449344554436,376.210580721175,930.2106509295876,88.60125830278658,25.121504179828268,-0.048849758246205965,376.2105807488869,361.6754538601441,426.84167130252723,1.227326657373169,400.0,0.6528645536087946,360.44812720277093,23.98809609861222,5.711038608769506,599.5678022629554,-0.012832083137926276,1.9282567606637713e-05,False,True,RELEASE,RELEASED,
2.9000000000020907,LOWERING,0.2024298388730269,1159.837541493773,37.29283797694308,-0.03669373210557808,317.12058887282757,1.8287720467703665,-0.6915392305394463,1.6929798261271711,1.0806080741388104,-4.065782600128851,-493.8214299821037,379.84104229334594,929.9012888048599,88.95676984204721,25.141366971762242,-0.11774912505131852,379.84104229753814,365.0779553148981,426.88326446892063,0.4716770912974084,400.0,0.6602673534324089,364.60627822360067,23.988077349817985,5.720029095619907,599.5675519907231,-0.00160933269727348,1.9308594090716724e-05,False,True,RELEASE,RELEASED,
2.910000000002112,LOWERING,0.20265147692562982,1161.1074339931376,37.329880825253305,-0.03679894704946356,317.1969705076169,1.8290956446537017,-0.6958849915334187,1.6915480944536205,1.0799928100358094,-4.083082168365897,-496.46557909683133,382.3200973751021,929.3386695423783,89.15773112835467,25.1534795248025,-0.1657289314260879,382.320097375543,367.4000230657179,426.8987463073366,0.1475265234199128,400.0,0.6650111665793123,367.252496542298,23.9880617481896,5.727510431865771,599.5676872415737,0.008758171791929392,1.932209401900309e-05,False,True,RELEASE,RELEASED,
2.920000000002133,LOWERING,0.20284721001815836,1162.2289020044304,37.36348533240475,-0.036866958622520894,317.2452618212046,1.82879771866521,-0.6988250592416834,1.6900132047918839,1.079323460664759,-4.093469656537689,-498.20933947359543,383.99382613526006,928.6367570037471,89.251496817724,25.16113903700117,-0.19712251638969747,383.99382613534954,368.96720635811727,426.90460877343884,0.06496488707750814,400.0,0.6679801348807473,368.90224147103976,23.988050558945275,5.732875923436754,599.5681629333197,0.01747985681487574,1.932761489342738e-05,False,True,RELEASE,RELEASED,
2.930000000002154,LOWERING,0.20302780683712382,1163.2636455564511,37.39514601783798,-0.036911443891282085,317.27886629357135,1.8281048319891668,-0.7008263573866927,1.6884340951112777,1.0786208812935716,-4.099271167729777,-499.3596208888992,385.13430062552163,927.8673347814281,89.27515543388114,25.166469749133487,-0.21630491963452414,385.1343006257245,370.0349649984997,426.9096636861952,0.10266709770939997,400.0,0.6698294199676218,369.9322979007903,23.98804452849902,5.735767654494123,599.5689115862755,0.024083618894042758,1.9328161044995795e-05,False,True,RELEASE,RELEASED,
2.940000000002175,LOWERING,0.20320022809820468,1164.251546612277,37.425802569684556,-0.036941955080777716,317.3058999331958,1.8271777703608836,-0.7022343158664268,1.6868448565652325,1.0778996746672325,-4.102196841732061,-500.1404003662138,385.94091568143773,927.0729638896505,89.25574915492994,25.17075853310382,-0.22702300325795477,385.9409156820748,370.7902833426118,426.91796176359566,0.18827915403426232,400.0,0.6710159584209185,370.60200418857755,23.988043893978006,5.736071921132972,599.5698540436614,0.028380551429242118,1.9325764924360556e-05,False,True,RELEASE,RELEASED,
2.950000000002196,LOWERING,0.20336871354688033,1165.2168971241254,37.45600912229619,-0.0369648061183988,317.3309258368476,1.8261242851948385,-0.7032898342117363,1.6852635740657271,1.0771695250222175,-4.103432494774847,-500.7058725532957,386.5515028429877,926.2769566004065,89.2118336852301,25.174729123117725,-0.2321930980392608,386.5515028443985,371.36229327123425,426.9308167976448,0.2822931028084099,400.0,0.6718409625086824,371.08000016842584,23.98804844132988,5.7338913665654045,599.5709087112333,0.03041724435426918,1.9320877356676647e-05,False,True,RELEASE,RELEASED,
2.9600000000022173,LOWERING,0.2035356648096005,1166.17345739795,37.48606630524594,-0.03698393593492916,317.3562527188386,1.8250124718382843,-0.7041518996593713,1.68369849574423,1.0764365127290232,-4.103756201300847,-501.1564479889732,387.0562120537506,925.4905970126733,89.15542133940781,25.17874778493585,-0.2339331891208758,387.0562120561133,371.83538932680875,426.9481240528484,0.36583549264128123,400.0,0.6724917249779865,371.46955383416747,23.988057594795553,5.729502077293561,599.5719989749612,0.030421401135665604,1.9314038411266665e-05,False,True,RELEASE,RELEASED,
2.9700000000022384,LOWERING,0.20370230919782434,1167.1282594104264,37.516117335832455,-0.03700164293181186,317.3828460321885,1.823882578065122,-0.7049195784215608,1.6821522067064696,1.0757042249343538,-4.103649668445547,-501.55374816074647,387.51065681024835,924.7181188175307,89.09381737131194,25.18296773887298,-0.23369375968371742,387.51065681353356,372.26159615333046,426.9691623761816,0.43206769590898375,400.0,0.6730770719862734,371.8295284574215,23.988070522428576,5.723302985581278,599.5730586445925,0.028745652127565968,1.930655650994595e-05,False,True,RELEASE,RELEASED,
2.9800000000022595,LOWERING,0.20386916878193725,1168.0842944045241,37.546214030109596,-0.037019154996379776,317.4109316157465,1.8227564152703541,-0.7056506025195316,1.6806243413008914,1.0749746136907543,-4.1033913941493125,-501.93299562730493,387.946844565119,923.9599708114274,89.0311399811889,25.18742487729403,-0.23241379629712355,387.94684456917156,372.67083068992895,426.99304390185296,0.4805275462971963,400.0,0.6736547771131961,372.19030314363175,23.988086244782398,5.715763753181797,599.5740354336087,0.025813745433826973,1.930056021137716e-05,False,True,RELEASE,RELEASED,
2.9900000000022806,LOWERING,0.20403637362221574,1169.0423075707358,37.576359738252975,-0.03703704112015872,317.44037328369916,1.8216443110309433,-0.7063757470684436,1.6791132480761675,1.0742486172094237,-4.103128169410278,-502.3124353161801,388.3815298859963,923.2148397593248,88.96947340979042,25.192097647623573,-0.23066562722880235,388.38152989063116,373.0787349566423,427.018938816099,0.513652014973843,400.0,0.67425133663358,372.56508294166844,23.988103736632862,5.707375994584942,599.5748926203386,0.02207242022777134,1.929373043196847e-05,False,True,RELEASE,RELEASED,
3.0000000000023017,LOWERING,0.2042038592765903,1170.0019296832008,37.60653561703754,-0.03705549269219277,317.47089408071633,1.8205499246464225,-0.7071092220656511,1.6776169336889173,1.0735265851534548,-4.1029264144344575,-502.70004489322747,388.82219152161053,922.4808167331856,88.90968492363432,25.196942147102355,-0.22877369911964252,388.8221915266305,373.49227603059944,427.0461663737156,0.5347990831580773,400.0,0.6748754079730486,372.95747694744136,23.98812201444169,5.698611337170217,599.5756091353712,0.01795127130334162,1.928686478436248e-05,False,True,RELEASE,RELEASED,
3.010000000002323,LOWERING,0.2043714835370309,1170.9623459499257,37.636715598120006,-0.03707450498896734,317.5021953304683,1.81947338693845,-0.7078557530949889,1.676133538411424,1.0728085543431507,-4.102806934679556,-503.09804394388743,389.2710674586091,921.7560058638587,88.85196970163118,25.20191100991671,-0.22690422626698137,389.2710674638621,373.9135239792204,427.0742129597154,0.5472333692101756,400.0,0.6755264316485883,373.3662906100102,23.988140205003933,5.689888503364404,599.5761783849816,0.013831924087268632,1.928041068310904e-05,False,True,RELEASE,RELEASED,
3.020000000002344,LOWERING,0.20453908992849687,1171.9226598349674,37.66687414679458,-0.03709398632139751,317.53401266393985,1.8184132233248183,-0.708615138226171,1.6746615289780975,1.0720944172643079,-4.102767140358338,-503.50575424646166,389.72772731394724,921.0387931345913,88.79619318358945,25.206962299615785,-0.22512855069066973,389.72772731932616,374.34205879296337,427.10271513864956,0.553691090872519,400.0,0.6761998300778714,373.78836770209085,23.98815759319994,5.681550412052129,599.5766061510166,0.01002694336747112,1.92730882986325e-05,False,True,RELEASE,RELEASED,
3.030000000002365,LOWERING,0.2047065381226093,1172.8820673159403,37.69698965028215,-0.03711381925263955,317.5661357804482,1.8173674486360156,-0.7093850057998294,1.673199736106887,1.0713840180094254,-4.1027943920172545,-503.92130197122464,390.1906123446398,920.3279238617829,88.74209234503243,25.212062648631523,-0.22346536707487985,390.19061235006274,374.7764103097288,427.1314297502399,0.55626673773736,400.0,0.6768899126364297,374.22014357199146,23.988173648877815,5.67385128703129,599.5769079089438,0.006768140647047893,1.9266905837866943e-05,False,True,RELEASE,RELEASED,
3.040000000002386,LOWERING,0.20487371513639213,1173.839921048076,37.72704532742466,-0.037133892375773934,317.5984092046883,1.816334130969645,-0.7101623629307251,1.6717473175100066,1.0706772018064932,-4.102873421744594,-504.34255238830576,390.65788790645234,919.6224839015346,88.68938436486812,25.217187382337162,-0.22190726535177419,390.6578879118794,375.21485452174153,427.16020275717636,0.5564591108415584,400.0,0.6775913304400337,374.65839541089997,23.988188034557727,5.666952961738362,599.5771058828525,0.004203345363098521,1.926084819103835e-05,False,True,RELEASE,RELEASED,
3.0500000000024072,LOWERING,0.2050405363298562,1174.7957360799585,37.75702893911953,-0.037154113277143165,317.6307245216052,1.8153116359252561,-0.7109443767470937,1.6703036935531566,1.069973836656606,-4.102990021982449,-504.7675647979978,391.1278638489255,918.921841153851,88.63781802208699,25.222319290029972,-0.2204363630437456,391.12786385432923,375.6558056840376,427.1889422105913,0.5552809336439282,400.0,0.6782996714273992,375.1005247503937,23.988200596847367,5.660928994967953,599.5772261148519,0.0024002739481749913,1.9253658720685962e-05,False,True,RELEASE,RELEASED,
3.0600000000024283,LOWERING,0.2052069417184808,1175.749168725601,37.78693200847587,-0.0371744112152073,317.66300999889546,1.8142986925192144,-0.711728698798969,1.668868480433032,1.0692738194461284,-4.1031325301021795,-505.19476678072834,391.5991605588401,918.2255782624751,88.58719201921691,25.227446980389594,-0.21903277771821195,391.599160564209,376.0979706558539,427.2175970857157,0.553380062630481,400.0,0.6790115858744622,375.5445905932234,23.988211345196515,5.655774858030957,599.5772957727618,0.0013558684907204466,1.924662353758322e-05,False,True,RELEASE,RELEASED,
3.0700000000024494,LOWERING,0.205372890744146,1176.6999866040933,37.81674890786707,-0.037194735654376324,317.69522059823834,1.8132943699202584,-0.7125135383855279,1.6674414321354265,1.0685770743159069,-4.103292114455968,-505.6229778680888,392.07073736078047,917.5334314132255,88.53735588017095,25.232563297740835,-0.21767867060242452,392.07073736609914,376.54037470918945,427.2461418775018,0.5511475563653789,400.0,0.6797246852679895,375.98922715282407,23.988220421934347,5.651422302324654,599.5773408599134,0.001009374890806214,1.9239652246483274e-05,False,True,RELEASE,RELEASED,
3.0800000000024705,LOWERING,0.20553835712833263,1177.6480391506118,37.84647606267887,-0.037215052026039676,317.7273296410207,1.8122980177957615,-0.7132976134516829,1.6660223947926325,1.067883547874446,-4.103462486095677,-506.0513627579093,392.54185553498064,916.8452408666742,88.48820295369158,25.23766400020346,-0.2163597309665306,392.5418555402479,376.98232639185596,427.2745660393733,0.5488036624844881,400.0,0.6804373558981985,376.4335227293715,23.988228067484474,5.647756039549806,599.5773844298172,0.0012574706318906337,1.9232202433272505e-05,False,True,RELEASE,RELEASED,
3.0900000000024916,LOWERING,0.20570332451615367,1178.593232658556,37.8761112821239,-0.03723533802057064,317.7593224389379,1.8113091991224357,-0.7140800543384315,1.664611273187101,1.0671932037434693,-4.1036393982453445,-506.47936010072135,393.01201773444535,916.1609139536462,88.43966092641115,25.24274674921323,-0.215065309348347,393.0120177396663,377.4233604925023,427.30286713123553,0.5464611284944567,400.0,0.6811485624061893,376.87689936400784,23.98823458431271,5.6446310297738425,599.5774453508938,0.0019699086802678067,1.922614924865229e-05,False,True,RELEASE,RELEASED,
3.1000000000025127,LOWERING,0.20586778310879522,1179.5355109848583,37.90565325444323,-0.03725558038109218,317.7911917326217,1.8103276294210862,-0.71486030078668,1.6632080074977231,1.066506017627102,-4.103820125513398,-506.90661091002056,393.4809058428365,915.4803990025371,88.39168261627859,25.247810385709982,-0.213787934804202,393.48090584801446,377.86317968204287,427.3310466193424,0.54416901604759,400.0,0.6818576760157219,377.3190106659953,23.988240302611878,5.641888936645443,599.5775376161115,0.0030043858274888535,1.9218796580844355e-05,False,True,RELEASE,RELEASED,
3.110000000002534,LOWERING,0.20603172722622243,1180.474841585316,37.93510124384515,-0.03727577088149915,317.8229345995944,1.8093531276918202,-0.7156380111087997,1.6618125579452134,1.0658219733475431,-4.10400301087608,-507.3328973234496,393.94832727948915,914.803667904996,88.34423823696139,25.25285443937452,-0.21252263237551006,393.94832728461665,378.3016041512525,427.3591074646875,0.5419413732970497,400.0,0.6825643390891043,377.75966277795544,23.988245550047576,5.639372635290356,599.5776701516035,0.004219638453018426,1.921094106194232e-05,False,True,RELEASE,RELEASED,
3.120000000002555,LOWERING,0.20619515363741756,1181.411205947561,37.96445481804803,-0.03729590534944849,317.8545504638838,1.80838557968479,-0.7164129901043523,1.66042489514631,1.0651410598956037,-4.104187109329736,-507.75809493897214,394.4141729347919,914.1307050338087,88.29730944560643,25.25787881264942,-0.21126625407566735,394.4141729398786,378.7385321899378,427.38705285272397,0.5397749702431724,400.0,0.6832683657215063,378.19875721969464,23.9882506271544,5.636938010643143,599.577847048433,0.005486085262604412,1.9203785768695525e-05,False,True,RELEASE,RELEASED,
3.130000000002576,LOWERING,0.20635806047329266,1182.3445933625085,37.99371371199763,-0.037315981906017745,317.88603988207683,1.807424911983961,-0.7171851358553865,1.6590449943772834,1.0644632693647496,-4.104371926656627,-508.1821381475358,394.87838642451374,913.4615005705682,88.25088505027576,25.26288358797734,-0.21001691522980082,394.8783864295591,379.1739113922874,427.41488560994344,0.5376595932559667,400.0,0.6839696728800967,378.6362517990314,23.988255789249823,5.634462630362382,599.5780681231313,0.00669364729990285,1.919711459663631e-05,False,True,RELEASE,RELEASED,
3.140000000002597,LOWERING,0.20652044655502655,1183.2749970760103,38.02287775775398,-0.03733599949546668,317.9174038479478,1.806471074646751,-0.7179544026685774,1.6576728323840606,1.063788595578652,-4.104557238532056,-508.6049962873841,395.3409428525466,912.7960467404323,88.20495807828493,25.26786891735479,-0.2087735608021717,395.34094285755043,379.6077187786606,427.44260800590604,0.5355835519068819,400.0,0.6846682351275413,379.07213522675374,23.98826123507544,5.63185119174965,599.5783297044964,0.007756658156540475,1.9190256978163234e-05,False,True,RELEASE,RELEASED,
3.1500000000026183,LOWERING,0.20668231100310008,1184.202412048793,38.05194679849024,-0.03735595826403089,317.9486434258769,1.8055240301493243,-0.7187207765719935,1.6563083857695127,1.0631170332253532,-4.104742971574707,-509.02665806327565,395.8018348788609,912.1343358677059,88.15952387340795,25.27283496408886,-0.20753565308268662,395.80183488382,380.03994776217667,427.47022175168587,0.5335362782630568,400.0,0.6853640563677136,379.5064114839136,23.988267101821243,5.629037907809299,599.5786255454358,0.008616015450565229,1.918351615870506e-05,False,True,RELEASE,RELEASED,
3.1600000000026394,LOWERING,0.20684365302655117,1185.1268337489778,38.080920693244714,-0.03737585836889601,317.9797595814247,1.804583746720132,-0.7194842599293577,1.6549516303023402,1.0624485773407315,-4.104929129083078,-509.44712188478576,396.26106404362844,911.4763595088679,88.11457892417121,25.277781875865166,-0.20630295887997363,396.26106404855375,380.47060003717763,427.4977280832009,0.5315092760010316,400.0,0.6860571532083132,379.9390907611766,23.988273465761395,5.625986202425985,599.5789477673707,0.009238908203110796,1.917576233267937e-05,False,True,RELEASE,RELEASED,
3.1700000000026605,LOWERING,0.20700447182188858,1186.048257572899,38.109799298740235,-0.03739569996642597,318.0107531224726,1.8036501945755452,-0.7202448623141913,1.6536025407280959,1.061783223020542,-4.105115747274071,-509.8663902193119,396.7186356708867,910.8221081810228,88.07012018478139,25.282709775380557,-0.20507541173725485,396.71863567576827,380.89968081748503,427.5251278684251,0.5294962141430233,400.0,0.6867475458502595,380.370184603342,23.988280347439282,5.622686224021413,599.5792877589693,0.009616579592465868,1.916919219979718e-05,False,True,RELEASE,RELEASED,
3.1800000000026816,LOWERING,0.20716476653465352,1186.9666786248683,38.13858246551643,-0.037415483124892394,318.04162469690266,1.8027233439775288,-0.7210025954652045,1.652261090824922,1.0611209652744242,-4.105302871295375,-510.2844665315695,397.1745560875852,910.171571387703,88.02614471135212,25.287618759961372,-0.20385302732859145,397.1745560924251,381.32719624047496,427.55242170859583,0.527492638971296,400.0,0.6874352536002772,380.79970360150367,23.988287720183166,5.61915076211026,599.579636968628,0.00976065170875895,1.9162211259526885e-05,False,True,RELEASE,RELEASED,
3.1900000000027027,LOWERING,0.2073245362538893,1187.8820916854881,38.167270024305246,-0.03743520816748196,318.0723748150077,1.8018031643736667,-0.7217574707663776,1.650927253557794,1.0604617989631098,-4.105490543397678,-510.70135380279083,397.62883126280224,909.5247377696755,87.98264948941771,25.292508905114694,-0.20263585454461008,397.62883126760835,381.75315209851135,427.5796100215008,0.5254955659225402,400.0,0.6881202930550011,381.2276565325888,23.988295520698554,5.615410167979973,599.5799875491929,0.009698553777066188,1.9154547757693763e-05,False,True,RELEASE,RELEASED,
3.2000000000027238,LOWERING,0.20748378002171255,1188.7944912664916,38.19586180766458,-0.03745487513164927,318.10300387921563,1.800889624135811,-0.722509498198226,1.6496010012525368,1.0598057187809884,-4.105678798142826,-511.1170539562051,398.08146626607686,908.8815952872558,87.93963137022152,25.297380269245075,-0.20142394933958485,398.08146627084204,382.17755333561144,427.6066931044681,0.5235030824997011,400.0,0.6888026777112911,381.65405025311173,23.988303660551132,5.6115068483269885,599.5803328322617,0.009468565994263933,1.9148308666672165e-05,False,True,RELEASE,RELEASED,
3.210000000002745,LOWERING,0.20764249684802732,1189.7038716950462,38.224357637565035,-0.037474484180616996,318.13351221253856,1.7999826905988252,-0.723258686083573,1.648282305753492,1.0591527192609118,-4.105867661376488,-511.53156776147074,398.53246516183924,908.2421313895913,87.89708706379707,25.30223289817136,-0.20021736233701404,398.53246516656264,382.6004039510137,427.63367117914675,0.5215140164329455,400.0,0.6894824182507587,382.07888993458073,23.988312037500066,5.6074898306200165,599.5806676265343,0.009114927962976083,1.9140416156915308e-05,False,True,RELEASE,RELEASED,
3.220000000002766,LOWERING,0.2078006857253039,1190.6102271984325,38.25275734594059,-0.03749403511934549,318.16390008224954,1.7990823302247272,-0.7240050412159367,1.6469711385512331,1.0585027947879775,-4.106057150986173,-511.9448949613286,398.98183110886373,907.6063331534667,87.8550131577936,25.307066828886917,-0.1990161342165493,398.98183111355206,383.0217070937547,427.6605444217422,0.5195276824496773,400.0,0.6901595230728805,382.502179411305,23.988320545840924,5.603409803368015,599.5809883491593,0.008683374615650052,1.9132291626533515e-05,False,True,RELEASE,RELEASED,
3.230000000002787,LOWERING,0.2079583456412167,1191.5135519764515,38.28106075292911,-0.03751352804862039,318.1941677180051,1.7981885087980385,-0.7247485691348884,1.645667470879292,1.0578559396152403,-4.106247278321179,-512.3570344760527,399.4295665339833,906.9741873889122,87.81340614476345,25.311882092438488,-0.19782029513271482,399.42956653862984,383.44146522611294,427.68731298249963,0.517543701067666,400.0,0.6908339988561069,382.9239215250453,23.988329085145146,5.599314925258114,599.5812930101947,0.008217364199625266,1.9124379875279374e-05,False,True,RELEASE,RELEASED,
3.240000000002808,LOWERING,0.20811547558850707,1192.4138402579367,38.30926768935056,-0.037532962804377276,318.2243153249164,1.7973011916067085,-0.7254892744249947,1.644371273783749,1.0572121478780656,-4.106438049692307,-512.7679846118735,399.87567331268997,906.3456807152327,87.77226244916939,25.316678716002965,-0.19662986599217902,399.8756733173022,383.859680293136,427.7139769976821,0.5155618758840887,400.0,0.6915058510478599,383.34411841725193,23.988337567016654,5.595247585144199,599.5815810779047,0.007755162095888224,1.9116835105137397e-05,False,True,RELEASE,RELEASED,
3.2500000000028293,LOWERING,0.20827207457220923,1193.3110863421539,38.33737799070231,-0.03755233915715286,318.2543430925383,1.7964203435909154,-0.7262271609810079,1.6430825181714905,1.0565714136059128,-4.106629467685867,-513.1777432405817,400.3201529261934,905.7207996135076,87.73157845034974,25.32145672431578,-0.19544486027763242,400.3201529307621,384.27635386985514,427.74053659657795,0.5135821142100667,400.0,0.6921750842515704,383.7627717556451,23.98834591970638,5.591242189187742,599.5818532567461,0.0073278491283916836,1.910903421276089e-05,False,True,RELEASE,RELEASED,
3.2600000000028504,LOWERING,0.2084281416146881,1194.2052846276665,38.3653914801228,-0.037571657298120724,318.2842512008062,1.7955459294569454,-0.726962232220106,1.6418011748427297,1.0559337307314272,-4.106821532207654,-513.5863079407362,400.7630065856055,905.0995304616233,87.69135050043518,25.32621614061448,-0.19426528592191517,400.763006590144,384.6914872776401,427.7669919053613,0.5116043783764326,400.0,0.6928417025125044,384.17988289926365,23.988354090618508,5.587323959009994,599.5821112108124,0.0069582398227723274,1.909985660120128e-05,False,True,RELEASE,RELEASED,
3.2700000000028715,LOWERING,0.20858367577416798,1195.0964297184978,38.393308000442495,-0.037590917063570886,318.3140398324173,1.7946779106853836,-0.7276944871404895,1.6405272129676463,1.0552990930485135,-4.10701422074351,-513.9936735716768,401.2042330743066,904.4818587297391,87.65157451338874,25.33095698860844,-0.19309100462686501,401.2042330788078,385.1050795725296,427.79334314548726,0.5096261746707,400.0,0.6935057098996826,384.5954533978589,23.988362046897343,5.583508650225969,599.5823572637784,0.006660632837826697,1.91218088474443e-05,False,True,RELEASE,RELEASED,
3.2800000000028926,LOWERING,0.2087386761325845,1195.984516354526,38.421127402374324,-0.03761011819469007,318.34370918183896,1.793816257218207,-0.7284239357819591,1.6392606060173156,1.0546674943444876,-4.107207565951402,-514.3998419510582,401.643837282945,903.8677722757325,87.61224757534784,25.33567929391282,-0.19192220114797465,401.6438372874106,385.51713550697883,427.81959032770976,0.5076511339829608,400.0,0.6941671103814185,385.00948437299587,23.988369774397007,5.579803046484671,599.5825941025946,0.006441241006003295,1.9165095963558088e-05,False,True,RELEASE,RELEASED,
3.2900000000029137,LOWERING,0.20889314174657278,1196.8695391306685,38.44884953169199,-0.03762926044044787,318.373259386493,1.792960932695632,-0.729150579839216,1.6380013242036542,1.0540389283658993,-4.107401557895625,-514.8048095061508,402.08181943484556,903.2572569821184,87.57336590779188,25.34038307309479,-0.19075890958140462,402.08181943927025,385.92765547487966,427.8457335557971,0.5056791809836341,400.0,0.6948259064382987,385.421976293896,23.988377275403998,5.576206051539816,599.5828245066261,0.006299192816141996,1.920574754876725e-05,False,True,RELEASE,RELEASED,
3.300000000002935,LOWERING,0.20904707172276873,1197.7514929283263,38.476474228975015,-0.03764834393822049,318.4026906069006,1.7921118998705383,-0.7298744202360519,1.6367493370527686,1.0534133886919743,-4.107596182589432,-515.2085722739663,402.5181793618992,902.6502984022973,87.5349256443231,25.34506834642842,-0.1896010786836655,402.51817936628896,386.3366395058,427.8717729818777,0.5037094815368732,400.0,0.6954821010947067,385.83293002426313,23.98838456551322,5.572710187289288,599.5830511190966,0.006227874303344372,1.9246171518716437e-05,False,True,RELEASE,RELEASED,
3.310000000002956,LOWERING,0.20920046520247695,1198.630372827537,38.50400135860642,-0.03766736835488128,318.43200300624034,1.7912691227970265,-0.7305954591803352,1.6355046148852972,1.0527908688183631,-4.107791432269076,-515.6111271512639,402.95291761204277,902.0468825187704,87.49692309047418,25.349735134641566,-0.18844868589479802,402.95291761639936,386.7440882964274,427.8977087357003,0.5017418088667682,400.0,0.6961356975446167,386.2423464875606,23.98839167005001,5.569303309510556,599.5832762700004,0.0062164695761710576,1.928418367924678e-05,False,True,RELEASE,RELEASED,
3.320000000002977,LOWERING,0.2093533213543673,1199.5061740651297,38.53143077601782,-0.037686333734336844,318.46119674942634,1.7904325659153717,-0.7313136992588014,1.6342671282157977,1.0521713621770452,-4.10798730076683,-516.0124712982588,403.3860349491162,901.4469954094948,87.45935460994848,25.354383458769217,-0.18730171957355424,403.3860349534315,387.1500027439799,427.9235409420054,0.49977614829981576,400.0,0.6967866989667659,386.65022659568007,23.988398620393305,5.565970371037308,599.5835018549835,0.006251549158537095,1.93214808916764e-05,False,True,RELEASE,RELEASED,
3.330000000002998,LOWERING,0.20950563937252326,1200.3788920235431,38.55876235486378,-0.03770523975521037,318.49027200279704,1.789602193713791,-0.7320291431300527,1.6330368475186021,1.0515548621352082,-4.108183781912011,-516.4126019335839,403.81753218320716,900.8506231179487,87.42221658386613,25.359013340103914,-0.1861601735914178,403.81753218749054,387.5543837879765,427.9492697264133,0.4978125315210491,400.0,0.6974351085191198,387.05657125645547,23.988405450499414,5.562695088718908,599.5837292693825,0.006318570831900239,1.935825100929378e-05,False,True,RELEASE,RELEASED,
3.340000000003019,LOWERING,0.20965741847632968,1201.2485222301816,38.58599595633463,-0.03772408655682568,318.5192289331061,1.7887779706523987,-0.7327417934345497,1.631813743184446,1.0509413619913464,-4.1083808690794426,-516.8115162772414,404.2474101197281,900.2577516264107,87.38550540080539,25.363624800035122,-0.1850240433267345,404.2474101239753,387.9572323626279,427.9748952158721,0.49585097619916496,400.0,0.6980809293604362,387.46138138642874,23.988412193856465,5.55946140387154,599.5839593924965,0.006403194150160552,1.9393595650285533e-05,False,True,RELEASE,RELEASED,
3.3500000000030403,LOWERING,0.20980865791072467,1202.1150603588594,38.61313146387896,-0.03774287380567253,318.5480677068509,1.7879598611782246,-0.733451652793951,1.6305977855370333,1.0503308549733588,-4.1085785551982985,-517.2092115521635,404.6756695581835,899.6683668632566,87.34921745801498,25.368217859942117,-0.18389332397833869,404.67566956239534,388.35854939569197,428.0004175377318,0.4938914820921241,400.0,0.6987241646582479,387.86465791359984,23.98841888102494,5.55625466169386,599.5841926142091,0.0064923418757665274,1.9427072516009503e-05,False,True,RELEASE,RELEASED,
3.3600000000030614,LOWERING,0.2099593569463514,1202.9785022306698,38.640168747649476,-0.0377616016526397,318.57678849005646,1.787147829750569,-0.7341587238270648,1.6293889448534942,1.0497233342385208,-4.10877683284182,-517.6056849957209,405.10231130067575,899.0824547137067,87.31334916410626,25.372792541159548,-0.18276801022028621,405.1023113048504,388.7583358163527,428.0258368191149,0.4919340418953766,400.0,0.6993648175855869,388.26640177445734,23.98842553784665,5.553062470126796,599.5844288942701,0.006574972906026488,1.9459643496588797e-05,False,True,RELEASE,RELEASED,
3.3700000000030825,LOWERING,0.21010951487959775,1203.8388438142122,38.66710770665334,-0.03778026960027929,318.6053914483378,1.786341840855695,-0.73486300915968,1.6281871913758852,1.0491187928743262,-4.108975694282639,-518.0009338666703,405.5273361573941,898.5000010264216,87.27789694058023,25.37734886498714,-0.18164809629240608,405.52733616153466,389.15659256038884,428.05115318679714,0.48997864962677795,400.0,0.70000289131561,388.66661391076207,23.98843218433854,5.54987523031872,599.5846678437963,0.006642559666477865,1.949087841524033e-05,False,True,RELEASE,RELEASED,
3.3800000000031036,LOWERING,0.2102591310325915,1204.6960812255647,38.693948220622154,-0.03779887779584385,318.6338767470639,1.7855418590130177,-0.7355645114278593,1.626992495316299,1.0485172238996054,-4.109175131513355,-518.3949554476397,405.9507449486267,897.9209916168631,87.24285722237447,25.381886852715777,-0.18053357607709586,405.950744952731,389.553320572028,428.07636676736695,0.4880253037273974,400.0,0.7006383890188642,389.0652952683006,23.988438834232305,5.546686357415031,599.5849088187384,0.006689286811860207,1.9520701314945654e-05,False,True,RELEASE,RELEASED,
3.3900000000031247,LOWERING,0.21040820475319985,1205.5502107282816,38.720690189613286,-0.037817425967669654,318.66224455153895,1.784747848778035,-0.7362632332788865,1.6258048268594678,1.0479186202656385,-4.1093751362544975,-518.7877470460469,406.37253850550235,897.345412269314,87.20822645804087,25.38640652565621,-0.17942444314928707,406.37253850957484,389.94852080466956,428.1014776874548,0.4860740071705436,400.0,0.7012713138636735,389.462446797499,23.988445495078324,5.543492230724232,599.5851510159874,0.006712006372149304,1.954980885443547e-05,False,True,RELEASE,RELEASED,
3.400000000003146,LOWERING,0.21055673541503492,1206.4012287334253,38.747333500563165,-0.037835914322457864,318.69049502716956,1.7839597747450324,-0.7369591773725188,1.6246241561649781,1.0473229748572466,-4.109575699963675,-519.179305995185,406.79271767088295,896.7732487386497,87.17400110991953,25.390907905165605,-0.17832069078252744,406.792717674919,390.3421942217173,428.12648607393896,0.48412476659672166,400.0,0.701901669018548,389.8580694551206,23.988452168804006,5.5402919259704,599.5853935643037,0.006709996777285454,1.9577366344947222e-05,False,True,RELEASE,RELEASED,
3.410000000003167,SLOWDOWN_1,0.21070465020734958,1207.2487180661435,38.76840535525542,-0.038000494649775264,318.71634270050714,1.7832796297310098,-0.7376844321620789,1.623547940887266,1.0467341192367479,-4.110066307068156,-519.6060501358852,407.22607545641864,896.2518760835219,87.15046728175841,25.39502677609678,-0.16551937839221864,407.2260754564698,390.747970684938,428.1475548432064,0.04517286541079102,399.76,0.7033532926485412,390.70279781952723,23.988458851536713,5.537087300220682,599.5856340488884,0.006447632929145186,1.960449245075324e-05,False,True,RELEASE,RELEASED,
3.420000000003188,SLOWDOWN_1,0.21084766468949373,1208.0681306897545,38.78954238386032,-0.0381390244607194,318.7042402227174,1.7834231778014478,-0.7394390856852577,1.6229072893053271,1.0461731669734908,-4.115781558583233,-520.6817579996156,408.179201726326,895.864195778326,87.23782203923915,25.393098183984886,-0.12836394993411204,408.17920181926957,391.635540526141,428.0947389096288,-2.3529582923343355,399.15999999999997,0.7094433185634109,393.98849881847536,23.988465475310374,5.533910945823664,599.5858458891779,0.005148798981029046,1.9635360217762354e-05,False,True,RELEASE,RELEASED,
3.430000000003209,SLOWDOWN_1,0.21097192752372065,1208.7801042849082,38.80465980094943,-0.03834617670954137,318.6231102879905,1.784426376054718,-0.7429025935019666,1.6224281888970702,1.045624383005895,-4.12952032097682,-522.7277171189119,409.986705842978,895.3717411284524,87.4664381410416,25.380171602398253,-0.1055984675085142,409.98670626430516,393.3143049497747,427.9109638268832,-4.9933996326800525,398.55999999999995,0.7178369657843511,398.30770458245473,23.9884718332194,5.5308620821019865,599.5860052681234,0.003570952795921123,1.96750049781258e-05,False,True,RELEASE,RELEASED,
3.4400000000032303,SLOWDOWN_1,0.21106521380406168,1209.3145952999096,38.81358410153287,-0.03856645664436338,318.4710197555572,1.7858276389746623,-0.7473489982976442,1.6219278130882786,1.0450660200033934,-4.147724724516675,-525.2642434683029,412.24367650372216,894.6683359637834,87.76898018961077,25.355947606036136,-0.10436083106583283,412.2436773495671,395.4062466527646,427.60854941582704,-7.068299894244035,397.9599999999999,0.7263728453560876,402.47454654700863,23.988477701888115,5.52804782662976,599.5861123436079,0.0022556708147973836,1.971903643038786e-05,False,True,RELEASE,RELEASED,
3.4500000000032514,SLOWDOWN_1,0.21112324235865998,1209.6470744268825,38.816653499034935,-0.03876984523061035,318.257874940865,1.7871654901069807,-0.7519001930439818,1.6212978100058446,1.0444850289779377,-4.166224449082048,-527.7520884504743,414.4765671308771,893.7222743188256,88.07138856302474,25.322018740468828,-0.11788598389466642,414.4765683510832,397.4705619090677,427.2193082037932,-8.485886905635255,397.3599999999999,0.7339925295952688,405.956448814703,23.988482941730332,5.525535116816479,599.5861825390472,0.0015266635875166301,1.9763312224085894e-05,False,True,RELEASE,RELEASED,
3.4600000000032725,SLOWDOWN_1,0.21114820400396056,1209.7900941194248,38.814655707474316,-0.038946133506011886,317.996785677819,1.788172696569401,-0.7560064514028944,1.6204986387508897,1.0438767047319082,-4.18244750094983,-529.8697668998458,416.39821496100296,892.5489184258331,88.3286775657126,25.280488925356188,-0.13761455222805807,416.3982164541298,399.240769391571,426.7726784774427,-9.383578041657927,396.7599999999999,0.7403634367486183,408.62434743322893,23.988487539041664,5.523330524854484,599.5862388845669,0.0014855937239035555,1.9804800274414447e-05,False,True,RELEASE,RELEASED,
3.4700000000032936,SLOWDOWN_1,0.21114555350504552,1209.7749078792813,38.808583944394584,-0.039095637202894495,317.700168329266,1.7887646477762635,-0.7594529531641578,1.619540112829682,1.0432420538420517,-4.195421761532131,-531.506790015489,417.90632815859186,891.1889262374209,88.52461750447733,25.23334923911099,-0.157504886691072,417.9063298303781,400.6227563465835,426.2902412236881,-9.924979282499578,396.15999999999985,0.7455329104595853,410.5477356290831,23.988491602238774,5.521382061008213,599.5863048469871,0.00206122210910209,1.984160232382237e-05,False,True,RELEASE,RELEASED,
3.4800000000033147,SLOWDOWN_1,0.21112152705200865,1209.6372464437131,38.79941903027767,-0.03922281714214662,317.3783171520129,1.78896654574909,-0.7622376035871938,1.6184545521846085,1.0425851301574034,-4.205179970217237,-532.68241010447,419.0137266863054,889.6893438368828,88.66092938264464,25.18224904956093,-0.1744950140405308,419.01372846725286,401.6294677809266,425.7862871146224,-10.238571285834837,395.55999999999983,0.7497020373517866,411.8680390667614,23.98849532842038,5.519595208854077,599.5863995663535,0.003089334853353165,1.987250067259083e-05,False,True,RELEASE,RELEASED,
3.4900000000033358,SLOWDOWN_1,0.21108178857026955,1209.4095617149221,38.788005251597696,-0.03933295346513187,317.0391477135882,1.7888492868796788,-0.7644574758112458,1.61727750829789,1.041911002301859,-4.212214849112046,-533.4731065156911,419.78493737373907,888.0922209784468,88.7473518221643,25.128455295739602,-0.18763797595124743,419.7849392177382,402.3217457015368,425.26979899213745,-10.411947810602783,394.9599999999998,0.753103697791656,412.7336935121396,23.98849895911837,5.517854144354219,599.5865357632845,0.0043788257841210765,1.9898501335546825e-05,False,True,RELEASE,RELEASED,
3.500000000003357,SLOWDOWN_1,0.21103091585135866,1209.1180825063275,38.77500777721061,-0.03943076723848494,316.6884384535937,1.7884912287064578,-0.7662371254463695,1.616038843205082,1.041224510630586,-4.217138760433601,-533.9679929319396,420.29674478783693,886.4303786561145,88.79548095026334,25.072891762543907,-0.1971245687057035,420.2967466661439,402.77160671209776,424.74624957494785,-10.501291817356616,394.3599999999998,0.7559477181252028,413.2728985294544,23.988502738809185,5.516041631293803,599.5867195336191,0.0057513111037010844,1.9920782222015987e-05,False,True,RELEASE,RELEASED,
3.510000000003378,SLOWDOWN_1,0.21097235480274068,1208.7825524133605,38.760919548110245,-0.0395200169877408,316.3302410794309,1.7879610424582262,-0.7676930583704997,1.6147606811778814,1.040529690998812,-4.220517463890114,-534.2475047057931,420.61906469742297,884.7274571804488,88.81583352624357,25.016205355342716,-0.20359887321501446,420.61906659287587,403.0444873201256,424.21888942350836,-10.54157035696079,393.75999999999976,0.758402619613695,413.5860576770864,23.9885068828647,5.514054390113347,599.586951165243,0.007059907993475889,1.9941418202051864e-05,False,True,RELEASE,RELEASED,
3.520000000003399,SLOWDOWN_1,0.21090857675019395,1208.4171310897113,38.74608996366126,-0.03960350771139968,315.9673035882836,1.7873127276661953,-0.7689205707435209,1.6134583794957438,1.0398296360346928,-4.222810415931134,-534.376160825958,420.8082551904007,882.9996638552747,88.81685545924786,24.95883423421264,-0.2077840579019039,420.80825709321675,403.1930721143528,423.68959665712964,-10.554074279448457,393.15999999999974,0.7605947976188107,413.74714639380124,23.98851155673342,5.511813081383404,599.5872263912258,0.008195816471289419,1.995799553355937e-05,False,True,RELEASE,RELEASED,
3.53000000000342,SLOWDOWN_1,0.21084129139738458,1208.0316144158087,38.73075835219061,-0.039683243853897154,315.6014376636329,1.7865861733698956,-0.7699919252669651,1.6121422362496922,1.0391265827515703,-4.224364316240378,-534.4022566614905,420.9066342772036,881.2577643599537,88.80487426732206,24.901066863838,-0.21031874687389518,420.9066361820263,403.25688902285304,423.1594204783528,-10.551452303126098,392.5599999999997,0.7626146662962452,413.80834132597914,23.988516865592164,5.5092672682451225,599.587537757234,0.009088598995497854,1.9973659732386295e-05,False,True,RELEASE,RELEASED,
3.5400000000034413,SLOWDOWN_1,0.21077164779081647,1207.6325859431665,38.71508418043547,-0.03976060968456616,315.23380861510583,1.7858096398608898,-0.7709592443674912,1.6108190194259524,1.0384220832175013,-4.225428326085205,-534.360294546582,420.94449740208995,879.508751586839,88.78441637283004,24.843088523496295,-0.211707751834183,420.94449930613615,403.2642191245558,422.62892284397236,-10.540989039207432,391.9599999999997,0.7645245969130279,413.8052081637632,23.98852285267145,5.506396219487213,599.5878759370776,0.009703162530203535,1.9987379715757925e-05,False,True,RELEASE,RELEASED,
3.5500000000034624,SLOWDOWN_1,0.2107003992390682,1207.224361812007,38.699171230401376,-0.03983653347045765,314.86514977598,1.7850025234117997,-0.7718587549845058,1.6094931099387353,1.0377171808911247,-4.226175126163975,-534.2740718021813,420.9427715955153,877.757084682024,88.75860950249248,24.785015635862585,-0.21232493168668043,420.94277349744664,403.2345886605284,422.098388855546,-10.526721962669285,391.3599999999997,0.7663663545076056,413.7613106231977,23.98852950416625,5.503206554705497,599.588230905793,0.010034846029744138,2.0000362638938896e-05,False,True,RELEASE,RELEASED,
3.5600000000034835,SLOWDOWN_1,0.21062802868841873,1206.8097091006816,38.683085598330926,-0.039911622383395004,314.49591355954163,1.784177787645628,-0.7727148935174315,1.6081673020131926,1.0370125601493225,-4.226720923961517,-534.1595376180636,420.915498487474,876.0055581391083,88.72955429078246,24.726919911412676,-0.2124350716042045,420.9155003867166,403.1810941298181,421.56795266680217,-10.510786678025795,390.75999999999965,0.7681672012720809,413.6918808078439,23.98853675867225,5.499727719284575,599.5885929170992,0.010103393907829883,2.0012140709013693e-05,False,True,RELEASE,RELEASED,
3.5700000000035046,SLOWDOWN_1,0.2105548393381849,1206.3903650133113,38.66686855625701,-0.039986263914903335,314.1263739515488,1.7833438955120158,-0.7735437262033332,1.6068433505825743,1.0363086610285912,-4.227141974466789,-534.0271195761314,420.87186717048996,874.2558931082442,88.69862709660316,24.668844702987084,-0.21221939395286427,420.87186906682973,403.1123031666022,421.03767019262705,-10.4942478919383,390.1599999999996,0.7699445355379646,413.6065510585405,23.98854451925871,5.496006195038871,599.588953256137,0.00994641055141976,2.0024345644742425e-05,False,True,RELEASE,RELEASED,
3.5800000000035257,SLOWDOWN_1,0.21048101769361716,1205.9673981462668,38.650545337797524,-0.04006070083131548,313.7566939636722,1.7825062549243786,-0.7743555782814489,1.6055223409311177,1.0356057620654187,-4.227487206990634,-533.8834857684815,420.81775857649626,872.5091312114956,88.66670990126912,24.610815751753375,-0.21179846103700584,420.81776046989853,403.0336973150244,420.5075593897057,-10.477594132416925,389.5599999999996,0.7717092359794107,413.51129144744135,23.988552666537554,5.492099233106031,599.589304758388,0.009612819373730375,2.003512844339639e-05,False,True,RELEASE,RELEASED,
3.590000000003547,SLOWDOWN_1,0.21040667610280658,1205.5414522066933,38.63413105653178,-0.04013508197598012,313.38696890441315,1.781668254177607,-0.7751569489759134,1.6042049346634721,1.0349040376362406,-4.227787384429094,-533.7328144962624,420.75686048561977,870.7658917026818,88.63435646809582,24.552848069773912,-0.21125052722720739,420.756862376139,402.9487129838638,419.9776215238509,-10.461020319259376,388.9599999999996,0.7734679772778535,413.4097333031232,23.988561071385963,5.488068752981535,599.58964210304,0.009156773384417782,2.004339489758422e-05,False,True,RELEASE,RELEASED,
3.600000000003568,SLOWDOWN_1,0.21033188070249528,1205.1129061302104,38.61763452058543,-0.04020949763060147,313.0172535231611,1.7808319775795185,-0.7759518506058218,1.602891530301155,1.0342035963845786,-4.228061487451035,-533.5776746288195,420.6914417547014,869.0265360309631,88.60190790299903,24.49495025079574,-0.2106252796758099,420.69144364235996,402.85946387430494,419.44785175303866,-10.444582085060517,388.35999999999956,0.7752247822528516,413.30404595936545,23.988569606302782,5.483975896662296,599.5899619032467,0.008632363562679934,2.0051692274591915e-05,False,True,RELEASE,RELEASED,
3.610000000003589,SLOWDOWN_1,0.21025666935386483,1204.681976845409,38.60106074913356,-0.04028400037551605,312.6475786958639,1.779998685231162,-0.7767427145299869,1.601582365927289,1.0335045062902333,-4.228321021765089,-533.4196169971549,420.6228730235373,867.2912710199141,88.56957049894041,24.437127116096608,-0.20995364142504513,420.6228749083952,402.76722663737434,418.918243977577,-10.428275912995957,387.75999999999954,0.7769820341033741,413.1955025503703,23.988578154705426,5.479876570397034,599.5902626260777,0.008089357220400828,2.0060172801095177e-05,False,True,RELEASE,RELEASED,
3.62000000000361,SLOWDOWN_1,0.21018106291429187,1204.248783856255,38.584412421241474,-0.04035862177450396,312.277961488773,1.779169126287186,-0.7775309871358946,1.6002775834138872,1.03280681064146,-4.228572844862768,-533.2595610862605,420.55196752216824,865.5602122886271,88.53746676117262,24.379381307895898,-0.20925450497782094,420.5519694042622,402.67275862271936,418.388792774917,-10.412078225223127,387.1599999999995,0.7787411210090143,413.0848368479425,23.98858661778218,5.4758181586816566,599.5905443811208,0.007570084830748058,2.00665606939765e-05,False,True,RELEASE,RELEASED,
3.630000000003631,SLOWDOWN_1,0.21010507218577598,1203.8133890536465,38.56769089630548,-0.04043337923294717,311.9084111184329,1.7783437387895016,-0.7783175125006412,1.5989772678267304,1.0321105379942295,-4.2288209769657925,-533.0980419756729,420.47919889337123,863.8334225120516,88.50566806544255,24.321714231606347,-0.20853921474736126,420.47920077273614,402.5765008961961,417.8594939526444,-10.395962795641935,386.5599999999995,0.7805028379495703,412.972463691838,23.98859491878857,5.471837463936203,599.5908086190807,0.007107490272607819,2.0072528826631242e-05,False,True,RELEASE,RELEASED,
3.6400000000036523,SLOWDOWN_1,0.21002870212170882,1203.3758208184272,38.55089672038519,-0.04050828315501382,311.5389324186662,1.7775227745237725,-0.7791027728219205,1.59768147117374,1.0314157082590238,-4.229067736551391,-532.9353647356089,420.40483748288364,862.1109341010329,88.47421512158908,24.26412660314057,-0.20781447200454295,420.40483935953574,402.4787052279601,417.33034451452767,-10.37990733405826,385.95999999999947,0.7822676323151686,412.8586125620184,23.98860300490316,5.467959816537548,599.5910577806412,0.006724272384880159,2.0078393333733402e-05,False,True,RELEASE,RELEASED,
3.6500000000036734,SLOWDOWN_1,0.2099519543359103,1202.9360883971044,38.53403001276155,-0.040583338933336585,311.1695278281475,1.7767063749577776,-0.7798870354789537,1.5963902263254606,1.0307223363530116,-4.2293144336013055,-532.7716985014006,420.3290334131197,860.3927623562095,88.4431304547494,24.206618762198076,-0.20708412866554227,420.32903528741224,402.37951147668355,416.80134245739356,-10.363895719863535,385.35999999999945,0.7840357514421424,412.7434071965471,23.988610846931063,5.464199216936934,599.5912949320573,0.006432979212638301,2.0095086000537776e-05,False,True,RELEASE,RELEASED,
3.6600000000036945,SLOWDOWN_1,0.20987482855354317,1202.4941902149762,38.51709064487265,-0.04065854930214877,310.8001984896823,1.7758946200733619,-0.7806704470702132,1.5951035560980686,1.0300304343591002,-4.2295618121729985,-532.6071361118528,420.25186936348473,858.6789134830215,88.41242641391888,24.14919084530648,-0.2063505108566801,420.2518712350496,402.2789967309328,416.27248640521543,-10.347914931536877,384.7599999999994,0.785807329152548,412.6269116624697,23.988618437260556,5.460559315525473,599.5915234181209,0.006236867965403903,2.01109662896215e-05,False,True,RELEASE,RELEASED,
3.6700000000037156,SLOWDOWN_1,0.2097973234596142,1202.0501187376867,38.50007832062982,-0.04073391637195902,310.4309448570212,1.7750875511815152,-0.7814530797676738,1.5938214763521057,1.0293400127396495,-4.229810267651215,-532.4417237371315,420.17338669332537,856.9693879797833,88.38210900854915,24.091842881205736,-0.2056148459491851,420.17338856216566,402.17719964015237,415.743775518484,-10.331957646743149,384.1599999999994,0.787582436049705,412.5091572868955,23.988625786541014,5.457035005677282,599.591746556199,0.006131331248668381,2.01258245056124e-05,False,True,RELEASE,RELEASED,
3.6800000000037367,SLOWDOWN_1,0.20971943718544733,1201.6038632585107,38.482992683699266,-0.040809441142631936,310.061767045391,1.7742851898753738,-0.7822349668005166,1.5925439999339688,1.0286510810616663,-4.2300600136999424,-532.2754832002905,420.09360520658277,855.2641837513052,88.35218097767496,24.034574845827585,-0.2048778297962599,420.09360707270844,402.0741388051661,415.21520926831676,-10.316018954835954,383.5599999999994,0.7893611084653666,412.39015776000207,23.988632919565802,5.453614398063109,599.5919673874872,0.00610566446255234,2.0138322838647582e-05,False,True,RELEASE,RELEASED,
3.690000000003758,SLOWDOWN_1,0.20964116756895726,1201.1554113896118,38.4658333692066,-0.0408851233947126,309.6926649980166,1.773487546585729,-0.7830161195958313,1.591271137910744,1.0279636483960426,-4.230311162325986,-532.1084227500074,420.0125326942449,853.5632972436481,88.32264321935922,23.97738668839344,-0.20413985199041917,420.0125345576655,401.9698216578633,414.68678732343074,-10.300095764865546,382.95999999999935,0.7911433643494872,412.26991742272884,23.988639870817543,5.450280956878429,599.5921884942105,0.006144985429816785,2.0149268664226838e-05,False,True,RELEASE,RELEASED,
3.700000000003779,SLOWDOWN_1,0.2095625122988162,1200.7047498880574,38.448599952120205,-0.04096096380040489,309.3236385751484,1.7726946255619542,-0.7837965377009111,1.5900029003068834,1.0272777235325936,-4.2305637702170324,-531.9405432762198,419.93017043977466,851.8667240915902,88.29349562143263,23.92027834534226,-0.20340113032835916,419.9301723004848,401.8642495826937,414.1585094746755,-10.284186208732649,382.35999999999933,0.7929292120244406,412.1484357914263,23.988646680077228,5.447015605466079,599.5924118849506,0.006232127681293775,2.0160426629445283e-05,False,True,RELEASE,RELEASED,
3.7100000000038,SLOWDOWN_1,0.2094834689920186,1200.2518651002315,38.431292011825036,-0.04103696256245425,308.9546875986585,1.7719064276782805,-0.784576214337594,1.5887392965314655,1.0265933150946156,-4.2308178646494055,-531.7718417760972,419.84651628939616,850.1744594742303,88.26473752811812,23.86324974729617,-0.20266178871298735,419.846518147432,401.75742077214954,413.63037558560364,-10.268289194841884,381.7599999999993,0.7947186548957883,412.0257099669914,23.988653388421437,5.443798645824824,599.5926389445759,0.00634936698492794,2.016862708842382e-05,False,True,RELEASE,RELEASED,
3.720000000003821,SLOWDOWN_1,0.2094040352346488,1199.7967431954157,38.41390913647329,-0.041113119497846316,308.58581187355725,1.7711229519704597,-0.7853551394370525,1.5874803356124962,1.0259104315989307,-4.231073457622658,-531.6023132402414,419.76156632336483,848.4864983017691,88.23636799530507,23.806300822415626,-0.201921900844809,419.76156817872726,401.6493317804722,413.10238556156565,-10.252404105743437,381.1599999999993,0.7965116939267439,411.90173588621565,23.988660034843893,5.440611378736397,599.5928704409698,0.006479878895541802,2.0176236148472526e-05,False,True,RELEASE,RELEASED,
3.7300000000038422,SLOWDOWN_1,0.20932420860278148,1199.3393702855417,38.396450885879105,-0.041189435147001664,308.21701119793073,1.7703441964544044,-0.7861333012600874,1.5862260263183512,1.0252290814865883,-4.231330553391481,-531.4319516552647,419.6753157448783,846.80283530904,88.2083859267129,23.749431497946347,-0.20118151427192288,419.67531759756474,401.53997834999586,412.57453933107735,-10.23653060415836,380.55999999999926,0.798308328904144,411.7765089541542,23.988666653647066,5.437437354617245,599.593106577766,0.006608864228320854,2.0182760863463045e-05,False,True,RELEASE,RELEASED,
3.7400000000038633,SLOWDOWN_1,0.20924398667291866,1198.8797324849882,38.37891685482074,-0.041265909110197715,307.8482853672322,1.7695701585501684,-0.7869106872407243,1.5849763772175278,1.0245492731379615,-4.231589152377428,-531.2607505231977,419.5877593410159,845.1234651000507,88.18079014461209,23.692641700886217,-0.20044066331598742,419.5877611910547,401.4293558394249,412.0468368349111,-10.220668514135355,379.95999999999924,0.8001085590667832,411.65002435356024,23.98867327266436,5.4342632260649495,599.5933470807602,0.006724316205345637,2.0188487013683698e-05,False,True,RELEASE,RELEASED,
3.7500000000038844,SLOWDOWN_1,0.20916336702705923,1198.41781593963,38.361306620408236,-0.04134254149906956,307.4796341759328,1.7688008352946631,-0.7876872844133178,1.5837313967061049,1.023871014879743,-4.231849253142719,-531.0887031229662,419.49889171506254,843.448382167798,88.1535794254831,23.635931358241372,-0.19969937582084185,419.4988935624361,401.31745943956736,411.51927801985886,-10.204817750691518,379.3599999999992,0.8019123834058401,411.5222771902589,23.988679912298927,5.431079208803246,599.5935913052933,0.006817435238517078,2.0194303886000853e-05,False,True,RELEASE,RELEASED,
3.7600000000039056,SLOWDOWN_1,0.20908234725510408,1197.9536068406155,38.34361976212046,-0.04141933240574404,307.11105741802186,1.7680362234452385,-0.7884630796221227,1.5824910930198945,1.0231943149878273,-4.2321108533543885,-530.9158026378823,419.40870739992556,841.777580902657,88.12675251745867,23.579300397103882,-0.19895767660540287,419.4087092446574,401.20428427874873,410.9918628352399,-10.188978278924651,378.7599999999992,0.8037198008014215,411.3932625576734,23.988686585305118,5.427879186503172,599.5938383525934,0.006882723237520594,2.019924048113353e-05,False,True,RELEASE,RELEASED,
3.7700000000039267,SLOWDOWN_1,0.20900092495598102,1197.487091430815,38.32585585278137,-0.04149628215361515,306.7425548870419,1.7672763195274233,-0.7892380596200155,1.5812554742386278,1.0225191816881967,-4.232373950234575,-530.7420422151752,419.31720091122315,840.1110555952146,88.10030814846436,23.522748744657477,-0.19821558917033144,419.3172027533181,401.08982547197616,410.464591230985,-10.173150091059483,378.1599999999992,0.8055308100800731,411.26297556303564,23.98869329719508,5.42466051579455,599.5940871845598,0.006917808107993473,2.020509438693807e-05,False,True,RELEASE,RELEASED,
3.7800000000039478,SLOWDOWN_1,0.2089190977381902,1197.018256007944,38.30801450663225,-0.0415733899936308,306.37412637598044,1.7665211198560706,-0.7900122111126375,1.5800245482872937,1.0218456231568733,-4.232638540759083,-530.5674149923666,419.22436677083334,838.4488004371768,88.07424502985434,23.466276328161317,-0.19747313648213094,419.2243686102943,400.9740781428515,409.93746315660576,-10.157333193513296,377.55999999999915,0.8073454100359044,411.1314113363648,23.98870004712654,5.421423600562671,599.5943367284777,0.006923060613716281,2.0209809633797704e-05,False,True,RELEASE,RELEASED,
3.790000000003969,SLOWDOWN_1,0.2088368632201046,1196.5470869262842,38.2900952794828,-0.04165065681919499,306.0057716771454,1.7657706205434236,-0.7907855207765997,1.5787983229356397,1.0211736475194517,-4.232904621736008,-530.3919141079388,419.13019951650676,836.7908095212587,88.0485618578659,23.40988307493131,-0.19673034136650358,419.13020135334114,400.8570374324304,409.41047856065984,-10.141527599909466,376.9599999999991,0.8091635994361145,410.99856503233985,23.98870682911668,5.418171309820989,599.5945859654605,0.006901070460759051,2.0219284806444193e-05,False,True,RELEASE,RELEASED,
3.80000000000399,SLOWDOWN_1,0.2087542190301828,1196.0735705979048,38.27209777188386,-0.04172808236342696,305.6374905820631,1.7650248175018608,-0.7915579752660323,1.5775768057974913,1.020503262850472,-4.233172189831304,-530.2155327051136,419.0346937052682,835.1370768410408,88.02325731414501,23.35356891232518,-0.1959872266244247,419.0346955394919,400.73869850240385,408.8836373904801,-10.125733327256796,376.3599999999991,0.8109853770206139,410.86443182966065,23.988713633430404,5.4149083119999935,599.5948339987942,0.006856047157485001,2.0225733948109337e-05,False,True,RELEASE,RELEASED,
3.810000000004011,SLOWDOWN_1,0.2086711628071595,1195.5976934937514,38.254021584755165,-0.04180566640538192,305.2692828814131,1.7642837064443229,-0.7923295612143956,1.5763600043298234,1.019834477172746,-4.233441241572514,-530.0382639328329,418.937843914336,833.4875962907985,87.99833006587404,23.29733376773306,-0.19524381511297406,418.9378457459402,400.6190565358814,408.3569395920494,-10.109950393970962,375.7599999999991,0.8128107414999665,410.72900692985235,23.988720448005083,5.411640391696671,599.5950801005862,0.00679320508913861,2.0232152905919065e-05,False,True,RELEASE,RELEASED,
3.820000000004032,SLOWDOWN_1,0.20858769220024123,1195.1194421447701,38.235866302388615,-0.041883409234286066,304.9011483649954,1.7635472828839636,-0.7931002652344697,1.5751479258318637,1.0191672984566649,-4.233711773344308,-529.8601009457279,418.83964474111906,831.8423616654404,87.9737787657632,23.241177568573235,-0.19450012972743025,418.8396465701303,400.4981067374834,407.83038510995306,-10.094178818772889,375.15999999999906,0.8146396915533654,410.5922855562563,23.988727259796168,5.408373804405575,599.5953237370502,0.006718182775874659,2.023791438432454e-05,False,True,RELEASE,RELEASED,
3.8300000000040533,SLOWDOWN_1,0.2085038048693135,1194.6388031430924,38.21763151985402,-0.04196131090478403,304.5330868217163,1.762815542133889,-0.7938700739182304,1.5739405774443516,1.0185017346195264,-4.233983781383712,-529.6810369040804,418.7400908031775,830.2013666605835,87.9496020520387,23.185100242290762,-0.19375619342650907,418.7400926295974,400.3758443331763,407.30397388736714,-10.07841862020149,374.55999999999904,0.8164722258271421,410.4542629533778,23.988734055954893,5.405114711746803,599.5955645743761,0.006636534577914688,2.0248654664101196e-05,False,True,RELEASE,RELEASED,
3.8400000000040744,SLOWDOWN_1,0.20841949848989724,1194.1557631704345,38.19931682754845,-0.04203937168254749,304.16509801246127,1.7620884761031392,-0.7946389727148964,1.5727379631261207,1.0178377933278013,-4.23425725447787,-529.5010640732921,418.63917610985516,828.5646032063389,87.9257982413757,23.129101712232544,-0.1930119901713283,418.63917793360895,400.25226398599193,406.7777058505071,-10.062670345501772,373.959999999999,0.8183083428866104,410.3149343314937,23.98874082477819,5.4018687259345795,599.5958024682088,0.006553327847555579,2.025396702265425e-05,False,True,RELEASE,RELEASED,
3.8500000000040955,SLOWDOWN_1,0.2083347707524799,1193.670308994264,38.18092184256431,-0.04211759118533846,303.79718173616646,1.7613660859554705,-0.7954069498459784,1.5715400958584578,1.01717548257846,-4.234532200526935,-529.3201771444639,418.536896216815,826.9320680794154,87.90236652724613,23.073181907709348,-0.19226750730609865,418.5368980379924,400.12736179761214,406.251580923154,-10.046933001414573,373.359999999999,0.8201480410216155,410.1742947990267,23.988747556399833,5.39864057834143,599.5960374406606,0.0064728158391629265,2.025884313638926e-05,False,True,RELEASE,RELEASED,
3.8600000000041166,SLOWDOWN_1,0.20824961933486422,1193.1824273093705,38.162446173780666,-0.042195969196143955,303.4293378229153,1.760648364601718,-0.7961739924222245,1.5703469799904604,1.0165148102434403,-4.234808616317277,-529.1383693824456,418.43324616716626,825.3037535767066,87.8793053748483,23.01734076291321,-0.19152292248207914,418.4332479857399,400.00113339975246,405.7255990937443,-10.031206404263912,372.75999999999897,0.8219913188563243,410.0323398040164,23.98875424321499,5.395433915890296,599.5962696482635,0.006398296127400727,2.0263871022052626e-05,False,True,RELEASE,RELEASED,
3.8700000000041377,SLOWDOWN_1,0.20816404193887414,1192.6921049481755,38.143889405873246,-0.04227450628437954,303.06156604639943,1.7599353048476432,-0.7969400856537415,1.5691586207669936,1.0158557839685818,-4.235086490758041,-528.9556331261497,418.32821995974314,823.6796523059429,87.8566131698186,22.96157820362404,-0.19077820703500947,418.32822177570927,399.8735734553065,405.1997603092448,-10.015491416188297,372.15999999999894,0.8238381752561709,409.8890648714948,23.988760880055587,5.392251216975414,599.5964993461387,0.006332012432327616,2.0269256509664046e-05,False,True,RELEASE,RELEASED,
3.880000000004159,SLOWDOWN_1,0.20807803628404542,1192.199328844581,38.12525115846155,-0.04235320215937177,302.6938661799992,1.7592269010360102,-0.7977052159383271,1.567975024607711,1.015198411359124,-4.2353658189201395,-528.7719615272823,418.22181225140787,822.0597574819935,87.83428847821203,22.90589415574882,-0.1900333580864526,418.22181406479774,399.744677239497,404.6740644921865,-9.999788159393574,371.5599999999989,0.8256886088501417,409.74446539889055,23.988767464148015,5.389093811719428,599.5967268506305,0.006275172202321322,2.027496569212417e-05,False,True,RELEASE,RELEASED,
3.89000000000418,SLOWDOWN_1,0.2079916001009122,1191.7040859955055,38.106531034937824,-0.04243205703408714,302.3262380021146,1.7585231475541856,-0.7984693699377672,1.5667961979003728,1.0145426999852842,-4.235646597069163,-528.5873479118393,418.1140178769342,820.4440623057183,87.81232988323214,22.85028854612782,-0.18928839445715084,418.1140196877456,399.61444019546576,404.1485115663052,-9.984096518967135,370.9599999999989,0.8275426180412977,409.5985367144329,23.988773994894775,5.385961986696497,599.5969525040592,0.006228043710536646,2.0281919177023155e-05,False,True,RELEASE,RELEASED,
3.900000000004201,SLOWDOWN_1,0.20790473113085442,1191.2063634600095,38.087728649951586,-0.042511070873500166,301.95868129409104,1.757824038460972,-0.7992325342128958,1.5656221467668605,1.0138886573702672,-4.235928820869859,-528.401785555431,418.00483165444945,818.8325598360004,87.79073593925973,22.794761302216617,-0.18854334049484578,418.0048334626693,399.48285775393754,403.6231014608455,-9.96841639956665,370.3599999999989,0.8294002011409303,409.4512741535042,23.988780473528873,5.382855150655352,599.5971766438955,0.00619010575466028,2.02874506101125e-05,False,True,RELEASE,RELEASED,
3.910000000004222,SLOWDOWN_1,0.20781742712732265,1190.706148366313,38.06884361809035,-0.04259024371002829,301.5911958382654,1.7571295675082714,-0.7999946952165248,1.5644528770906534,1.0132362909825958,-4.236212485368707,-528.2152676843793,417.894248379361,817.2252429996153,87.76950517363488,22.739312351788744,-0.1877982204040336,417.8942501850014,399.34992532752784,403.0978341079792,-9.952747764948356,369.75999999999885,0.8312613564467747,409.3026730924762,23.988786902690624,5.379772037475306,599.5973995778814,0.006160230249874665,2.0293392765324825e-05,False,True,RELEASE,RELEASED,
3.920000000004243,SLOWDOWN_1,0.2077296858566791,1190.2034279166141,38.04987555958377,-0.04266957549162777,301.2237814169367,1.7564397282092543,-0.8007558393517747,1.563288394563151,1.01258560823288,-4.236497585281356,-528.0277875138453,417.7822628537,815.6221046133462,87.74863609489765,22.683941622779617,-0.1870530575322391,417.78226465676397,399.2156383377229,402.5727094402296,-9.937090615378054,369.15999999999883,0.8331260822625407,409.15272895310096,23.98879328597321,5.376710924074812,599.5976215659322,0.006136878235460941,2.0299961931868893e-05,False,True,RELEASE,RELEASED,
3.9300000000042643,SLOWDOWN_1,0.207641505098591,1189.6981893893428,38.03082409372044,-0.04274906626401758,300.85643781195165,1.7557545138752502,-0.8015159530076691,1.5621287047063457,1.0119366164725117,-4.236784115162223,-527.8393382700516,417.6688699042387,814.0231373952811,87.72812719739218,22.628649043224186,-0.18630787480310573,417.66887170471676,399.0799922316839,402.04772738919473,-9.921444964883051,368.5599999999988,0.8349943768913077,409.00143719656694,23.988799627477515,5.373669843900287,599.5978428089605,0.00611829195960123,2.030738190228476e-05,False,True,RELEASE,RELEASED,
3.9400000000042854,SLOWDOWN_1,0.20755288264622732,1189.190420140289,38.01168883604453,-0.04282871624884755,300.48916480458604,1.7550739176268806,-0.8022750225701624,1.560973812879067,1.0112893229929405,-4.23707206945336,-527.6499131969164,417.5540643880943,812.428333968272,87.70797696266854,22.573434541239422,-0.1855626950855367,417.55406618601444,398.9429824874375,401.52288788516694,-9.905810829660652,367.9599999999988,0.83686623862418,408.84879331709817,23.98880593140856,5.370646780458758,599.5980634442428,0.006102669042216569,2.0312559485091697e-05,False,True,RELEASE,RELEASED,
3.9500000000043065,SLOWDOWN_1,0.20746381630642688,1188.6801076035647,37.99246941916413,-0.042908525273846,300.12196217554003,1.754397932394949,-0.8030330344219533,1.5598237242774398,1.0106437350250452,-4.23736144247951,-527.459505555903,417.43784119261863,810.8376868606744,87.68818385955745,22.518298045024075,-0.1848175412983437,417.43784298798,398.8046046136559,400.99819085713557,-9.89018822425379,367.35999999999876,0.8387416657320023,408.6947928379097,23.988812201736938,5.367639829671058,599.5982835464989,0.006088308589878189,2.032057145129329e-05,False,True,RELEASE,RELEASED,
3.9600000000043276,SLOWDOWN_1,0.2073743038998906,1188.1672392927057,37.973165474152275,-0.0429884932834761,299.75482970498393,1.7537265509188888,-0.8037899749400536,1.5586784439337475,1.0099998597385322,-4.237652228432388,-527.268108624592,417.32019523419405,809.2511885063918,87.66874634394804,22.46323948286598,-0.1840724364156472,417.3201970269848,398.6648541486428,400.4736362328967,-9.87457716074016,366.75999999999874,0.8406206564610655,408.53943130938296,23.988818441939415,5.364647324266788,599.5985031335636,0.006073723152300481,2.0329249821315898e-05,False,True,RELEASE,RELEASED,
3.9700000000043487,SLOWDOWN_1,0.20728434326140205,1187.6518028019361,37.95377662328671,-0.043068620539901,299.3877671726153,1.7530597657457083,-0.8045458304939634,1.5575379767155528,1.0093577042413342,-4.2379444213578825,-527.0757156956947,417.201121457368,807.6688312450885,87.64966285863099,22.408258783151037,-0.18332740345550746,417.2011232476201,398.5237266595383,399.9492239391684,-9.858977649127553,366.1599999999987,0.8425032090316563,408.38270430866584,23.988824654824306,5.361667917537462,599.5987221753923,0.00605771410033995,2.033831114545137e-05,False,True,RELEASE,RELEASED,
3.98000000000437,SLOWDOWN_1,0.20719393224006763,1187.1337858075433,37.93430250411398,-0.043148906963381764,299.02077435771093,1.7523975692298326,-0.8053005874452155,1.556402327325109,1.0087172755790192,-4.238238015149633,-526.882320076915,417.08061483469874,806.0906073225408,87.63093183327675,22.353355874371278,-0.18258246543092582,417.0806166223904,398.3812177420339,399.4249539016794,-9.843389697951181,365.5599999999987,0.8443893216381716,408.2246074399851,23.988830842439587,5.358700627385835,599.5989406051137,0.006039411269971318,2.0348068403563957e-05,False,True,RELEASE,RELEASED,
3.990000000004391,SLOWDOWN_1,0.20710306869956624,1186.6131760693088,37.91474276010119,-0.04322935238973148,298.6538510391894,1.751739953533477,-0.8060542321478434,1.5552715002989088,1.0080785807342125,-4.238533003546877,-526.6879150913686,416.95867036709416,804.5165088910869,87.6125516844944,22.298530685134587,-0.1818376453553583,416.9586721522509,398.23732302088564,398.9008260452396,-9.827813314387186,364.9599999999987,0.8462789924499601,408.0651363352728,23.988837006055938,5.355744844474287,599.599158330897,0.006018280295344347,2.03577155275525e-05,False,True,RELEASE,RELEASED,
4.000000000004412,SLOWDOWN_1,0.20701175051840037,1186.0899614319474,37.89509701884441,-0.043309957171267226,298.2869969956559,1.7510869106274345,-0.8068067509492919,1.5541455000074413,1.0074416266260215,-4.238829380134303,-526.4924940782568,416.8352830843551,802.9465280101437,87.59452081594473,22.243783144171612,-0.18109296621662452,416.8352848669606,398.09203815021243,398.37684029379494,-9.81224850467305,364.35999999999865,0.8481722196124373,407.9042866548855,23.98884314621237,5.352800310333797,599.5993752475927,0.005994102905375165,2.0368960718997187e-05,False,True,RELEASE,RELEASED,
4.010000000004388,SLOWDOWN_1,0.2069199755901479,1185.564129826549,37.87536493823201,-0.04339072090789838,297.9202120054585,1.7504384322918758,-0.807558130191592,1.5530243306548352,1.00680642010947,-4.239127138343084,-526.2960503936907,416.7104480458669,801.3806566466872,87.57683761846425,22.189113180344336,-0.18034845098463848,416.7104498259297,397.9453588142921,397.85299657047676,-9.796695274045248,363.7599999999986,0.8500690012482703,407.74205408833734,23.988849262809712,5.349867072540658,599.5995912472931,0.005966936582170845,2.0380095975269796e-05,False,True,RELEASE,RELEASED,
4.020000000004365,SLOWDOWN_1,0.2068277418237125,1185.0356692720145,37.855546147954854,-0.043471644058366656,297.55349584673286,1.7497945101173762,-0.8083083562125589,1.5519079962787288,1.0061729679749296,-4.239426271452049,-526.0985774115292,416.58416034128163,799.8188866758251,87.55950047020754,22.134520722652923,-0.17960412261442116,416.5841621188287,397.797280728123,397.32929479764545,-9.781153626883395,363.1599999999986,0.851969335458549,407.5784343550064,23.98885535523612,5.346945424524369,599.5998062281992,0.005937060386555615,2.0391655851881296e-05,False,True,RELEASE,RELEASED,
4.030000000004342,SLOWDOWN_1,0.20673504714357221,1184.5045678764793,37.83564030186524,-0.04355272649994409,297.1868482974463,1.7491551355057648,-0.8090574153470609,1.5507965007498965,1.0055412769475605,-4.239726772589025,-525.9000685242344,416.45641509123504,798.2612098812397,87.54250773678041,22.080005700242346,-0.178860004023079,416.4564168662328,397.64779963799634,396.80573489693137,-9.765623566805743,362.5599999999986,0.8538732203239083,407.4134232048021,23.988861422509224,5.34403583740166,599.6000201014137,0.0059049136078890285,2.040504728029191e-05,False,True,RELEASE,RELEASED,
4.040000000004318,SLOWDOWN_1,0.20664188949002618,1183.9708138387261,37.81564706049956,-0.04363396801024759,296.82026913544917,1.7485202996711604,-0.8098052939282043,1.5496898477721208,1.004911353686756,-4.24002863473199,-525.7005171437007,416.3272074480229,796.7076179557785,87.52585777138096,22.02556804241012,-0.1781161181150992,416.3272092204934,397.49691132230754,396.28231678927756,-9.750105096508719,361.95999999999856,0.8557806539056235,407.24701641881626,23.988867463421006,5.341138890503129,599.6002327955244,0.005871033236831913,2.041808019725977e-05,False,True,RELEASE,RELEASED,
4.050000000004295,SLOWDOWN_1,0.2065482668194404,1183.4343954495955,37.79556606660779,-0.043715368943902204,296.4537581385148,1.7478899936409222,-0.8105519782885535,1.548588040881943,1.0042832047855836,-4.24033185071014,-525.4999167020696,416.1965325962774,795.1581025019486,87.50954891493745,21.971207678612256,-0.1773724877570544,416.19653436623247,397.34461159200885,395.75904039498,-9.73459821793773,361.35999999999854,0.8576916342466778,407.0792098099466,23.98887347667383,5.338255206134462,599.6004442590263,0.005835995249078962,2.0431388747965684e-05,False,True,RELEASE,RELEASED,
4.060000000004272,SLOWDOWN_1,0.20645417710449188,1182.8953010933815,37.77539698379462,-0.04379692916779954,296.08731508438586,1.747264208256669,-0.811297454761338,1.5474910834484894,1.0036568367702412,-4.24063641320509,-525.2982606525605,416.0643857536405,793.6126550324707,87.49357949624813,21.916924538470102,-0.17662913579755468,416.0643875210838,397.1908962912968,395.2359056337277,-9.719102932205601,360.7599999999985,0.8596061593728085,406.9099992235024,23.988879460998835,5.335385392805844,599.6006544607743,0.0058003635108274665,2.0445482761033418e-05,False,True,RELEASE,RELEASED,
4.070000000004248,SLOWDOWN_1,0.20635961833441174,1182.3535192492275,37.75513946835579,-0.04387864883950335,295.7209397508194,1.7466429341752507,-0.8120417096815932,1.5463989786732673,1.003032256099512,-4.240942314751615,-525.0955424702399,415.930762171398,792.0712669708116,87.47794783211621,21.86271855177694,-0.17588608505099046,415.930763936326,397.035761298156,394.71291242464576,-9.703619239649697,360.1599999999985,0.8615242272935475,406.7393805378057,23.988885415250742,5.332529999761065,599.6008633888052,0.005764648853659793,2.0459623499391455e-05,False,True,RELEASE,RELEASED,
4.080000000004225,SLOWDOWN_1,0.2062645885152254,1181.8090384925006,37.734793199197426,-0.04396052758159912,295.35463191563144,1.7460261618697228,-0.8127847293873179,1.5453117295899559,1.002409469164221,-4.24124954773853,-524.8917556528041,415.7956571351174,790.5339296517129,87.46265222748445,21.808589648504537,-0.17514335830122718,415.7956588975376,396.87920252500345,394.1900606863351,-9.688147139774742,359.55999999999847,0.8634458360032626,406.5673496647782,23.988891338476158,5.3296894842273135,599.6010710479021,0.005729279598336134,2.0475086841997836e-05,False,True,RELEASE,RELEASED,
4.090000000004202,SLOWDOWN_1,0.2061690856699948,1181.2618474961803,37.71435782427689,-0.044042565963916175,294.98839135673967,1.745413881630398,-0.813526500220654,1.5442293390642556,1.0017884822867036,-4.241558104409635,-524.6868937213744,415.6590659652909,789.000634321747,87.44769097557571,21.754537758809256,-0.17440097830137802,415.65906772520225,396.7212159192061,393.6673503369132,-9.67268663130801,358.95999999999844,0.8653709834821803,406.3939025505141,23.988897229954894,5.3268641915981325,599.6012774563229,0.005694583718197421,2.0490958831942407e-05,False,True,RELEASE,RELEASED,
4.1000000000041785,SLOWDOWN_1,0.20607310783905677,1180.7119350322234,37.6938330320613,-0.04412476352824388,294.62221785221,1.7448060835659402,-0.8142670085290536,1.5431518097937935,1.001169301720276,-4.241867976864641,-524.4809502212812,415.52098401797184,787.4713721399069,87.43306235803735,21.700562813038776,-0.17365896776760792,415.52098577537515,396.5617974637002,393.1447812940572,-9.657237712157894,358.3599999999984,0.8672996676974266,406.2190351758581,23.988903089216,5.3240543477413835,599.6014826420819,0.005660781914874846,2.0507379531409242e-05,False,True,RELEASE,RELEASED,
4.110000000004155,SLOWDOWN_1,0.2059766530802618,1180.1592899729328,37.6732184834963,-0.044207120671971446,294.25611118030133,1.7442027576043275,-0.8150062406664046,1.5420791443078907,1.0005519336487079,-4.242179157059796,-524.2739187228138,415.38140668538597,785.9461341781257,87.41876464507206,21.64666474173847,-0.1729173493830558,415.38140844028123,396.40094317753983,392.6223534750464,-9.641800379435892,357.7599999999984,0.8692318866040687,406.0427435569757,23.9889089160319,5.321260061816968,599.6016866391678,0.005627990153254991,2.0527391853875088e-05,False,True,RELEASE,RELEASED,
4.120000000004132,SLOWDOWN_1,0.20587971946920983,1179.6039012923086,37.652513864664,-0.044289637191475044,293.89007111951025,1.7436038934940772,-0.8157441829941989,1.5410113449675942,0.9999363841857062,-4.242491636808923,-524.0657928220139,415.2403293965585,784.4249114219276,87.40479609559085,21.592843475657702,-0.17217614579396923,415.2403311489812,396.23864911649156,392.10006679680293,-9.626374629425811,357.1599999999984,0.8711676381461665,405.86502374591737,23.988914710394976,5.318481337499427,599.6018894839816,0.005596229760365112,2.054437709375634e-05,False,True,RELEASE,RELEASED,
4.130000000004109,SLOWDOWN_1,0.20578230509948772,1179.0457580674085,37.63171885684165,-0.04437231311235696,293.5240974486134,1.7430094808051462,-0.8164808218826738,1.5399484139653572,0.9993226593743977,-4.24280540778397,-523.8565661414144,415.09774761792085,782.9076947708944,87.3911549573396,21.539098945755782,-0.17143537960123467,415.09774936783987,396.0749113734759,391.5779211759359,-9.610960457703243,356.55999999999835,0.8731069202578224,405.68587183117916,23.98892047248162,5.315718090222119,599.6020912122405,0.005565442944096333,2.056349794088419e-05,False,True,RELEASE,RELEASED,
4.140000000004085,SLOWDOWN_1,0.2056844080829025,1178.484849479683,37.610833146646925,-0.044455148409589716,293.1581899467184,1.7424195089302235,-0.8172161437119979,1.5388903533251264,0.9987107651868253,-4.243120461516132,-523.6462323308386,414.9536568539483,781.3944750393587,87.37783946705667,21.485431083209058,-0.17069507337708956,414.9536586013789,395.9097260793245,391.05591652878365,-9.595557858933887,355.95999999999833,0.8750497308642395,405.5052839382584,23.988926202608724,5.31297016803881,599.6022918564917,0.005535511567077656,2.0582661960588666e-05,False,True,RELEASE,RELEASED,
4.150000000004062,SLOWDOWN_1,0.20558602654971544,1177.9211648163184,37.58985641331808,-0.04453814336197803,292.79234839330513,1.7418339670858134,-0.81795013487337,1.537837164902233,0.9981007075234378,-4.243436789396375,-523.4347850681294,414.8080526477359,779.885242956977,87.36484785061286,21.431839819416645,-0.16995524963601838,414.80805439269704,395.74308940318633,390.53405277145777,-9.58016682702521,355.3599999999983,0.876996067882795,405.32325623021154,23.988931901187343,5.310237373848605,599.6024914443221,0.005506277147841132,2.0602388786983283e-05,False,True,RELEASE,RELEASED,
4.160000000004039,SLOWDOWN_1,0.20548715864887357,1177.3546934715625,37.56878836006897,-0.044621297682437104,292.4265725682711,1.7412528443133524,-0.8186827817702348,1.5367888503832563,0.9974924922126023,-4.24375438267648,-523.2222180599366,414.66093058163494,778.379989169293,87.35217832315381,21.37832508600659,-0.16921593085987752,414.66093232410486,395.57499755306475,390.01232981988596,-9.56478735513872,354.7599999999983,0.878945929224118,405.13978490820347,23.98893756867756,5.307519487036593,599.6026899972749,0.005477560336240472,2.0623130382091404e-05,False,True,RELEASE,RELEASED,
4.170000000004015,SLOWDOWN_1,0.20538780254824177,1176.7854249480547,37.54762867002508,-0.044704611743344655,292.06086225198237,1.7406761294804458,-0.8194140708194283,1.5357454112860498,0.9968861250101045,-4.244073232469846,-523.0085250424769,414.5122862778593,776.8787042384022,87.33982908925391,21.32488681484286,-0.1684771394790232,414.5122880178544,395.40544677652537,389.4907475898576,-9.549419435531547,354.15999999999826,0.8808993127931697,404.9548662120569,23.988943205547812,5.3048162829796075,599.6028875304218,0.005449178467022975,2.0643552431920398e-05,False,True,RELEASE,RELEASED,
4.180000000003992,SLOWDOWN_1,0.20528795643483014,1176.2133488581276,37.52637705552839,-0.04478808520707588,291.6952172253141,1.7401038112820426,-0.8201439884523228,1.5347068489596987,0.9962816115986682,-4.244393329752291,-522.7936997822832,414.36211539907003,775.3813786435499,87.32779834306073,21.271524938030794,-0.16773889787793905,414.36211713660043,395.2344333610648,388.9693059970667,-9.534063059732489,353.55999999999824,0.8828562164903438,404.7684964207973,23.988948812240988,5.302127549308659,599.6030840525136,0.005420960194940427,2.066559628133291e-05,False,True,RELEASE,RELEASED,
4.190000000003969,SLOWDOWN_1,0.20518761851502337,1175.6384549251227,37.505033215011295,-0.04487171822632092,291.3296372696997,1.7395358782416386,-0.820872521115963,1.5336731645844992,0.9956789575874727,-4.244714665362717,-522.5777360769421,414.2104136489672,773.8880027817661,87.316084268443,21.2182393879237,-0.16700122839199594,414.2104153840328,395.0619536347388,388.44800495715765,-9.518718218459014,352.9599999999982,0.88481663821257,404.5806718531978,23.98895438914863,5.299453098276077,599.6032795665867,0.005392756623495032,2.0689322383304898e-05,False,True,RELEASE,RELEASED,
4.2000000000039455,SLOWDOWN_1,0.20508678701480756,1175.0607329846887,37.48359684309081,-0.044955511165397276,290.9641221671775,1.7389723187125334,-0.821599655274309,1.5326443591719447,0.9950781685116805,-4.245037230004366,-522.3606277559004,414.05717677292546,772.3985669684942,87.30468503914734,21.16503009712905,-0.16626415329909605,414.0571785055308,394.88800396668944,387.9268443857698,-9.50338490162602,352.3599999999982,0.8867805758544189,404.39138886831546,23.98895993659381,5.296792774970112,599.6034740709025,0.005364448696906443,2.071288454885689e-05,False,True,RELEASE,RELEASED,
4.210000000003922,SLOWDOWN_1,0.2049854601799942,1174.4801729860662,37.46206767895184,-0.045039463252363486,290.59867170043765,1.7384131208790974,-0.8223253774093491,1.5316204335647836,0.9944792498319708,-4.245361014245455,-522.1423686811869,413.9024005585617,770.9130614382541,87.29359881894771,21.111896998514688,-0.16552769483729435,413.90240228872494,394.71258076771755,387.4058241985832,-9.488063098310022,351.7599999999982,0.888748027309224,404.2006438660276,23.988965454822385,5.294146461510207,599.6036675600847,0.0053359509742962885,2.0736722603942326e-05,False,True,RELEASE,RELEASED,
4.220000000003899,SLOWDOWN_1,0.20488363627644465,1173.8967649933727,37.44044541246309,-0.04512357519711243,290.23328565286766,1.737858272758015,-0.823049674022261,1.5306013884370158,0.9938822069340764,-4.24568600851999,-521.9229527481598,413.74608083632097,769.431476345276,87.28282376179784,21.05884002521477,-0.16479187517467153,413.74608256401893,394.53568049069855,386.88494431136525,-9.472752796873237,351.15999999999815,0.8907189904702171,404.0084332875718,23.988970944001775,5.291514077623324,599.6038600263254,0.005307212146981044,2.0761934990787267e-05,False,True,RELEASE,RELEASED,
4.2300000000038755,SLOWDOWN_1,0.20478131359029159,1173.3104991868715,37.4187297683893,-0.04520784684507036,289.86796380860267,1.737307762199569,-0.8237725316345792,1.529587224293937,0.9932870451283304,-4.246012203128675,-521.7023738862588,413.5882134800672,767.953801764163,87.27235801198407,21.005859110636354,-0.16405671642905872,413.58821520529875,394.35729963126255,386.3642046400164,-9.457453984812162,350.5599999999981,0.892693463231666,403.8147536160747,23.98897640422606,5.288895578214461,599.6040514605651,0.005278212850591046,2.0786799240113396e-05,False,True,RELEASE,RELEASED,
4.240000000003852,SLOWDOWN_1,0.20467849042816053,1172.7213658642415,37.396920467767146,-0.04529227825503625,289.50270595257103,1.7367615768890656,-0.8244939367894479,1.5285779414722798,0.9926937696492151,-4.246339588240195,-521.4806260598039,413.428794407709,766.480027690593,87.26219970429368,20.952954188465203,-0.1633222406661048,413.4287961304869,394.1774347282693,385.8436051006153,-9.442166648805824,349.9599999999981,0.8946714434900168,403.6196013770751,23.988981835525774,5.286290948660688,599.6042418535628,0.005248961427880339,2.0812847935758327e-05,False,True,RELEASE,RELEASED,
4.250000000003829,SLOWDOWN_1,0.20457516511738752,1172.1293554418246,37.37501724000449,-0.04537686936255685,289.1375118705435,1.7362197043479912,-0.8252138760526935,1.5275735401401518,0.9921023856549237,-4.246668153891633,-521.2577032686793,413.26781958173245,765.0101440419278,87.25234696415518,20.900125192672174,-0.16258846988057485,413.2678213020887,393.9960823643192,385.32314560946884,-9.426890774736705,349.3599999999981,0.8966529291450505,403.4229731390559,23.98898723788088,5.2837001985876775,599.604431196778,0.005219488326670962,2.0839298457531186e-05,False,True,RELEASE,RELEASED,
4.260000000003806,SLOWDOWN_1,0.2044713360062364,1171.534458455869,37.35301980931182,-0.045461620360356815,288.7723813491779,1.7356821319355058,-0.8259323360140202,1.5265740202972817,0.9915128982269203,-4.246997889989557,-521.033599549099,413.10528500978785,763.5441406579596,87.2427979078074,20.847372057518765,-0.1618554260118117,413.10528672771034,393.8132391661841,384.8028260831576,-9.411626347783795,348.75999999999806,0.8986379181010604,403.22486551396787,23.988992611235304,5.281123354905567,599.6046194830467,0.005189839830058496,2.0866803225771946e-05,False,True,RELEASE,RELEASED,
4.270000000003782,SLOWDOWN_1,0.20436700146411516,1170.9366655637714,37.33092792022896,-0.045546530985336994,288.4073141760722,1.735148846849772,-0.8266493032882504,1.5255793817750498,0.9909253123695133,-4.247328786311222,-520.8083089743864,412.9411867453056,762.0820073015755,87.23355064245932,20.794694717563907,-0.16112313094276942,412.9411884607944,393.6289018055184,384.2826464385832,-9.396373352224543,348.15999999999804,0.900626408268014,403.02527515774295,23.988997955511667,5.278560454741319,599.6048067070348,0.005160071694320756,2.089700379315218e-05,False,True,RELEASE,RELEASED,
4.280000000003759,SLOWDOWN_1,0.2042621598817886,1170.335967545293,37.30874131027304,-0.04563160128467299,288.04231013980996,1.734619836129303,-0.8273647645164269,1.5245896242366102,0.9903396330094333,-4.247660832505196,-520.5818256556726,412.77552088802884,760.6237336594437,87.22460326644656,20.742093107669618,-0.1603916064713644,412.77552260107797,393.4430669992346,383.7626065930175,-9.381131771581295,347.559999999998,0.902618397562743,402.8241987708159,23.98900327062502,5.276011538851553,599.604992865463,0.00513024321896971,2.0926741797211434e-05,False,True,RELEASE,RELEASED,
4.290000000003736,SLOWDOWN_1,0.20415680967159083,1169.732355303778,37.28645970067262,-0.045716831877781104,287.6773690300109,1.7340950866544063,-0.8280787063670305,1.5236047471770553,0.9897558649954158,-4.247994018092483,-520.354143742658,412.608283584607,759.1693093427349,87.21595386939444,20.689567163007272,-0.15966087435094778,412.6082852952237,393.25573151008916,383.24270646415107,-9.365901588549207,346.959999999998,0.9046138839101362,402.62163309863837,23.98900855649473,5.2734766459231714,599.6051779571444,0.0051004121155093785,2.0956928068471825e-05,False,True,RELEASE,RELEASED,
4.300000000003712,SLOWDOWN_1,0.20405094926763517,1169.125819867357,37.264082858477536,-0.045802222216221995,287.31249063737806,1.7335745851486346,-0.828791115537177,1.5226247499235992,0.9891740130977918,-4.248328332467662,-520.1252574243696,412.43947102916843,757.7187238878402,87.20760053238787,20.637116819063365,-0.15893095625136766,412.43947273736893,393.06689214714237,382.72294597014024,-9.350682785042636,346.35999999999797,0.9066128652443405,402.417574932185,23.989013813053948,5.270955808032067,599.605361982849,0.005070630418929412,2.0987686838225272e-05,False,True,RELEASE,RELEASED,
4.310000000003689,SLOWDOWN_1,0.20394457712602282,1168.5163523901415,37.241610530496644,-0.04588777243603132,286.94767475374795,1.733058318180171,-0.829501978753751,1.521649631635711,0.9885940820080871,-4.248663764899608,-519.8951609298639,412.26907946386495,756.2719667570739,87.19954132812714,20.58474201164568,-0.15820187377369166,412.2690811696395,392.8765457662683,382.2033250296588,-9.33547534219639,345.75999999999794,0.9086153395099668,402.2120211084647,23.98901904025635,5.268449047414357,599.6055449450505,0.005040941580102931,2.101908924601048e-05,False,True,RELEASE,RELEASED,
4.320000000003666,SLOWDOWN_1,0.20383769172504773,1167.9039441533978,37.219042467315084,-0.045973482686113766,286.5829211721415,1.732546272163328,-0.8302112827746442,1.520679391305322,0.9880160763386278,-4.249000304532787,-519.6638485289928,412.0971051794627,754.8290273394126,87.19177432109927,20.532442676889463,-0.1574736484579944,412.09710688283906,392.6846892707267,381.6838435619461,-9.320279240301716,345.1599999999979,0.9106213046633257,402.00496851102844,23.989024238080123,5.2659563745461195,599.6057268475865,0.005011378735958694,2.1051422436357825e-05,False,True,RELEASE,RELEASED,
4.3300000000036425,SLOWDOWN_1,0.20373029156540232,1167.2885865667265,37.196378432213706,-0.04605935287847191,286.2182296868096,1.732038433360003,-0.830919014389876,1.5197140277570416,0.9874400006221501,-4.249337940388037,-519.4313145331085,411.92354451586436,753.3898949512214,87.18429756774103,20.480218751262832,-0.15674630175914217,411.9235462168273,392.49131961153904,381.1645014868565,-9.30509445892369,344.5599999999979,0.9126307586736392,401.79641407046273,23.989029406529443,5.263477787445494,599.6059076952793,0.004981964079788348,2.1083613177097504e-05,False,True,RELEASE,RELEASED,
4.340000000003619,SLOWDOWN_1,0.2036223751703792,1166.6702711692174,37.17361817981479,-0.046145383289339904,285.8536000932874,1.7315347878811904,-0.8316251604228676,1.5187535396483522,0.9868658593114202,-4.249676661363986,-519.1975532958372,411.74839386271475,751.9545588369941,87.17710911661189,20.42807017157327,-0.15601985506378924,411.74839556127694,392.2964337881259,380.64529872491005,-9.289920976765245,343.9599999999979,0.9146436995242848,401.58635476489115,23.98903454563369,5.261013272040185,599.6060874935495,0.00495270919037516,2.111746866262365e-05,False,True,RELEASE,RELEASED,
4.350000000003596,SLOWDOWN_1,0.2035139410860716,1166.0489896305983,37.15076148824276,-0.04623157365573977,285.48903218844197,1.7310353216884562,-0.8323297077315354,1.5177979254698548,0.9862936567788594,-4.2500164562377165,-518.9625592137584,411.57164965990563,750.5230081700983,87.17020700855633,20.375996874973318,-0.15529432967650791,411.5716513560645,392.10002884869533,380.1262351973436,-9.27475877177369,343.35999999999785,0.9166601252140384,401.374787620469,23.989039655444966,5.258562803361351,599.6062662480572,0.004923616104779427,2.1152386665335143e-05,False,True,RELEASE,RELEASED,
4.360000000003573,SLOWDOWN_1,0.2034049878815712,1165.4247337523684,37.127808128179225,-0.04631792404665324,285.1245257705225,1.7305400205955284,-0.8330326432095142,1.5168471835455746,0.9857233973161765,-4.250357313666088,-518.7263267271588,411.3933083981414,749.0952320535544,87.16358927687989,20.32399879896634,-0.15456974682808777,411.39331009189954,391.90210189076157,379.60731082616087,-9.259607821113093,342.75999999999783,0.9186800337583352,401.16170971187466,23.989044736034344,5.25612634734409,599.6064439643901,0.004894678937081842,2.1188459697896178e-05,False,True,RELEASE,RELEASED,
4.370000000003549,SLOWDOWN_1,0.20329551414916508,1164.7974954689269,37.10475786155407,-0.046404434902068366,284.7600806392121,1.7300488702698038,-0.8337339537874018,1.5159013120331581,0.9851550851340121,-4.250699222187017,-518.4888503207794,411.2133666195158,747.6712195207656,87.15725394752036,20.27207588141265,-0.1538461276702492,411.213368310871,391.70265006168154,379.0885255341834,-9.244468101112943,342.1599999999978,0.9207034231905257,400.9471181627945,23.9890497874874,5.253703862967502,599.6066206478163,0.004865885802853853,2.122446053931526e-05,False,True,RELEASE,RELEASED,
4.380000000003526,SLOWDOWN_1,0.20318551850452862,1164.1672668486779,37.08161048597581,-0.04649110578136265,284.3956965956775,1.7295618562338728,-0.8344336264338217,1.514960308924185,0.9845887243615808,-4.251042170220107,-518.2501245244734,411.0318209179909,746.2509595362949,87.15119903921216,20.22022806053517,-0.1531234932668326,411.03182260695274,391.5016705590468,378.569879245104,-9.229339587365644,341.5599999999978,0.9227302915631534,400.7310101464124,23.989054809899482,5.251295304521825,599.6067963031072,0.004837220857891289,2.1261429282048994e-05,False,True,RELEASE,RELEASED,
4.390000000003503,SLOWDOWN_1,0.20307499958691805,1163.534040095134,37.05836577543317,-0.046577937035805275,284.03137344261995,1.7290789638671555,-0.8351316481567338,1.5140241720444667,0.98402431904633,-4.251386146068311,-518.0101439139909,410.8486679399963,744.8344409966417,87.14542256366938,20.16845527492526,-0.1524018645981755,410.8486696265751,391.2991606312546,378.0513718835358,-9.214222254629874,340.95999999999776,0.9247606369492324,400.5133828858845,23.989059803371145,5.248900623804763,599.6069709344309,0.004808666273098616,2.1298818268178366e-05,False,True,RELEASE,RELEASED,
4.400000000003479,SLOWDOWN_1,0.20296395605935935,1162.8978075479981,37.03502352080584,-0.046664928667405875,283.6671109843264,1.7286001784074663,-0.8358280060045692,1.5130928990543675,0.9834618731536009,-4.251731137918849,-517.7689031116628,410.66390438493744,743.421652731021,87.13992252575372,20.11675746354854,-0.1516812625767443,410.66390606913717,391.0951175779098,377.5330033750667,-9.199116076908467,340.35999999999774,0.9267944574435323,400.29423365481824,23.989064768004035,5.246519772087296,599.6071445453154,0.0047802040019933045,2.1336705884777984e-05,False,True,RELEASE,RELEASED,
4.410000000003456,SLOWDOWN_1,0.20285238660883587,1162.2585616842393,37.01158352585448,-0.046752080442007404,283.30290902672004,1.7281254849526073,-0.836522687067388,1.5121664874491305,0.982901390566296,-4.252077133844323,-517.5263967871076,410.4775270057118,742.0125835021497,87.1346969236512,20.0651345657505,-0.15096170800529762,410.47752868753525,390.88953875032695,377.0147736463104,-9.184021027418169,339.7599999999977,0.9288317511638807,400.0735597777451,23.989069703897503,5.24415270174026,599.6073171386649,0.004751817243066725,2.1375920738364584e-05,False,True,RELEASE,RELEASED,
4.420000000003433,SLOWDOWN_1,0.20274028994647345,1161.6162951191523,36.98804556951286,-0.0468393929565595,282.93876737741226,1.7276548684620379,-0.8372156784781232,1.511244934559252,0.9823428750845599,-4.25242412180409,-517.2826196579633,410.28953260926363,740.6072220070528,87.12974374905096,20.013586521262358,-0.15024322161252712,410.28953428869755,390.6824215519807,376.49668262496033,-9.168937078607712,339.1599999999977,0.9308725162524589,399.85135863058844,23.989074611146037,5.241799367469422,599.6074887168301,0.004723491549219361,2.1415609978703287e-05,False,True,RELEASE,RELEASED,
4.430000000003409,SLOWDOWN_1,0.20262766480772257,1160.9710006074022,36.964409478410666,-0.04692686558898028,282.5746858457561,1.727188313758422,-0.8379069674137398,1.5103282375507558,0.9817863304254618,-4.252772089645379,-517.0375664905811,410.0999180570959,739.2055568778248,87.12506098731535,19.962113270206945,-0.14952582403844872,410.0999197341791,390.4737634390562,375.9787302398418,-9.153864202073805,338.5599999999977,0.9329167508771216,399.62762764113,23.98907948983758,5.239459727117803,599.6076592816955,0.004695215548633946,2.1456178757262023e-05,False,True,RELEASE,RELEASED,
4.440000000003386,SLOWDOWN_1,0.20251450995253822,1160.3226710440545,36.94067503188709,-0.04701449918684229,282.2106642428929,1.7267258055294095,-0.8385965410964222,1.5094163934257188,0.9812317602226905,-4.253121025104583,-516.7912321007349,409.90868026578255,737.807576682495,87.12064661766928,19.91071475310371,-0.1488095358196233,409.9086819405021,390.2635619207314,375.460916420966,-9.138802368737913,337.95999999999765,0.9349644532327125,399.4023642894693,23.989084340052685,5.237133742070086,599.6078288348073,0.004666981306344908,2.1492225130259612e-05,False,True,RELEASE,RELEASED,
4.450000000003363,SLOWDOWN_1,0.20240082416555874,1159.6712994655998,36.9168420680002,-0.04710229306676594,281.84670238180894,1.7262673283291154,-0.8392843867947432,1.5085093990224632,0.9806791680262504,-4.25347091580831,-516.5436113543016,409.7158162074821,736.4132699257524,87.11649861336087,19.859390910874996,-0.14809437741752163,409.71581787982603,390.05181455977794,374.94324109958404,-9.123751548706934,337.3599999999976,0.9370156215423963,399.1755661084849,23.98908916186446,5.234821377283322,599.60799737749,0.004638784350650127,2.1534350850060946e-05,False,True,RELEASE,RELEASED,
4.4600000000033395,SLOWDOWN_1,0.20228660625628062,1159.0168790509554,36.892910381637776,-0.04719024790177361,281.4828000773866,1.7258128665799948,-0.8399704918248878,1.5076072510161642,0.9801285573021702,-4.253821749274962,-516.2946991679923,409.52132291046564,735.022625049859,87.11261494186137,19.808141684851506,-0.14738036918731723,409.52132458046816,389.8385189730216,374.4257042082396,-9.108711711258138,336.7599999999976,0.9390702540589875,398.94723068427976,23.989093955339115,5.232522601021597,599.6081649109666,0.004610623432056649,2.1576732251560315e-05,False,True,RELEASE,RELEASED,
4.470000000003316,SLOWDOWN_1,0.20217185505923127,1158.3594031224552,36.868879806350684,-0.04727836340259262,281.1189571464529,1.7253624045744007,-0.8406548435518109,1.5067099459191338,0.9795799314322214,-4.254173512915827,-516.0444905100236,409.32519745960496,733.6356304353935,87.10899356503184,19.756967016777313,-0.1466675313901078,409.32519912721676,389.6236728316167,373.9083056808249,-9.09368282502038,336.1599999999976,0.9411283490662982,398.7173556566371,23.98909872053699,5.230237384365584,599.6083314364666,0.004582500080287488,2.1620810258582424e-05,False,True,RELEASE,RELEASED,
4.480000000003293,SLOWDOWN_1,0.2020565694341391,1157.6988651468243,36.844750171127956,-0.04736663954368255,280.75517340783904,1.7249159264763532,-0.8413374293904009,1.5058174800813435,0.9790332937136372,-4.254526194036344,-515.7929804008008,409.1274369968753,732.2522744021429,87.10563243930903,19.70586684881645,-0.14595588419916794,409.127438662166,389.4072738617733,373.3910454526341,-9.078664857686988,335.55999999999756,0.9431899048804856,398.4859387194603,23.98910345751389,5.227965700569506,599.6084969553161,0.0045544180236607446,2.1665227279754617e-05,False,True,RELEASE,RELEASED,
4.49000000000327,SLOWDOWN_1,0.201940748266102,1157.0352587361442,36.82052129208644,-0.047455076801440337,280.3914486824223,1.7244734163231918,-0.8420182368067075,1.5049298496907768,0.9784886473588459,-4.254879779837548,-515.5401639136211,408.9280387218602,730.8725452098556,87.10252951588437,19.65484112355687,-0.14524544767971292,408.9280403847799,389.1893198448199,372.8739234604183,-9.063657776393597,334.95999999999754,0.945254919851408,398.2529776212135,23.989108166322566,5.225707524351391,599.6086614690022,0.0045263825484891385,2.1710205459157805e-05,False,True,RELEASE,RELEASED,
4.500000000003246,SLOWDOWN_1,0.20182439046575204,1156.3685776487962,36.79619302274314,-0.04754367472568262,280.0277827931905,1.7240348580274076,-0.8426972533190783,1.5040470507740322,0.9779459954952079,-4.2552342574173965,-515.2860361753518,408.7269998922404,729.4964310591812,87.09968274089356,19.60388978401757,-0.14453624180021052,408.72700155281086,388.9698086180293,372.3569396424418,-9.048661547330312,334.3599999999975,0.9473233923639922,398.0184701653596,23.9891128470142,5.223462831180881,599.6088249792169,0.004498399856238677,2.1755414024937636e-05,False,True,RELEASE,RELEASED,
4.510000000003223,SLOWDOWN_1,0.20170749496941817,1155.6988157903945,36.771765183115654,-0.047632433956920905,279.6641755652856,1.7236002353782551,-0.8433744664993609,1.503169079196647,0.977405341164764,-4.2555896137719875,-515.0305923670928,408.52431782428005,728.1239200924124,87.09709005558929,19.55301277365272,-0.14382828642891354,408.5243194825234,388.7487380747774,371.8400939385351,-9.033676136008864,333.7599999999975,0.9493953208396009,397.78241421078627,23.989117499639804,5.221231596611757,599.6089874878793,0.0044704764609209136,2.1801571847390733e-05,False,True,RELEASE,RELEASED,
4.5200000000032,SLOWDOWN_1,0.2015900607392857,1155.0259672146985,36.74723763982716,-0.04772135394731049,279.3006268260594,1.723169532043613,-0.8440498639740465,1.502295930663728,0.9768666873239878,-4.255945835796998,-514.7738277248561,408.31998989329884,726.7550003944073,87.0947493965329,19.502210036357425,-0.14312160133306406,408.31999154920703,388.52610616501227,371.32338629015317,-9.018701507224478,333.15999999999747,0.9514707037374117,397.54480767223674,23.98912212425139,5.219013795715836,599.6091489971385,0.004442618677652277,2.184878599109652e-05,False,True,RELEASE,RELEASED,
4.530000000003176,SLOWDOWN_1,0.2014720867627005,1154.350026119628,36.722610221299696,-0.04781043537230787,278.9371363985663,1.7227427312372985,-0.8447234340469724,1.5014275999870381,0.9763300368000104,-4.256302912594375,-514.5157378167293,408.11401382483234,725.3896596220412,87.09265869880795,19.451481515558097,-0.1424162224667498,408.1140154784026,388.3019111621091,370.80681661965235,-9.003737293993254,332.55999999999744,0.953549539507555,397.30564845610235,23.989126720902917,5.2168094026342295,599.6093095093468,0.004414833868670698,2.1892572760862095e-05,False,True,RELEASE,RELEASED,
4.540000000003153,SLOWDOWN_1,0.2013535720495063,1153.6709868320047,36.69788280452869,-0.04789967764356188,278.5737040678817,1.7223198159990663,-0.8453951641788815,1.500564082259075,0.9757953922411217,-4.256660829218759,-514.2563177798463,407.9063869095321,724.0278854859903,87.09081584973222,19.400827149524936,-0.1417121289429133,407.90638856076976,388.0761509383227,370.29038481220533,-8.988783288941988,331.9599999999974,0.9556318261237372,397.0649342272647,23.98913128965092,5.214618390265405,599.6094690270808,0.004387127514350553,2.191393824091392e-05,False,True,RELEASE,RELEASED,
4.55000000000313,SLOWDOWN_1,0.20123451564079337,1152.988843857681,36.67305522374236,-0.047989081559830664,278.2103296906307,1.7219007715132126,-0.8460650411685713,1.4997053754155247,0.9752627564892008,-4.2570195696497235,-513.9955627031044,407.69710625338837,722.6696672693982,87.08921887477074,19.35024688664236,-0.14100931169895148,407.69710790231323,387.84882320540055,369.7740908641837,-8.973839815272754,331.3599999999974,0.9577175617849011,396.8226630206733,23.989135830555078,5.212440730007657,599.6096275530447,0.004359497219232011,2.1919943321790925e-05,False,True,RELEASE,RELEASED,
4.5600000000031065,SLOWDOWN_1,0.20111491660625355,1152.3035918663843,36.648127353504336,-0.04807864692182294,277.8470131729315,1.7214855808989504,-0.8467330534935805,1.4988514740842185,0.9747321323355473,-4.257379123153089,-513.733468388483,407.48616987431876,721.3149928009575,87.0878657095538,19.299740682279793,-0.14030787766978392,407.48617152091214,387.61992651943444,369.25793480862717,-8.958906902378885,330.7599999999974,0.95980674574052,396.57883342181333,23.989140343677946,5.210276391877591,599.6097850899689,0.004331946666504827,2.1925436186620573e-05,False,True,RELEASE,RELEASED,
4.570000000003083,SLOWDOWN_1,0.20099477404035568,1151.615225669802,36.6230990649268,-0.04816837376157554,277.4837543449828,1.7210742254617353,-0.8473991887227709,1.4980023713267951,0.974203522234203,-4.257739473366357,-513.4700300231842,407.2735752695346,719.9638489766124,87.0867541109746,19.249308481346695,-0.1396078386727595,407.27357691381474,387.38945895307285,368.7419165900005,-8.943984942014993,330.15999999999735,0.9618993773281542,396.33344389508784,23.989144829084836,5.208125344566413,599.6099416407527,0.004304481734227039,2.1930735584874128e-05,False,True,RELEASE,RELEASED,
4.58000000000306,SLOWDOWN_1,0.20087408706737048,1150.9237402503759,36.59797023031027,-0.04825826223661841,277.1205530327989,1.720666688402217,-0.8480634349256009,1.4971580621027438,0.9736769285805525,-4.2581006071320875,-513.2052432592044,407.0593201997602,718.6162236137413,87.08588201565209,19.19895022830108,-0.13890918450971412,407.05932184171746,387.1574188224893,368.2260361371891,-8.929073919529799,329.55999999999733,0.9639954554926975,396.0864927420191,23.989149286844114,5.2059875553059705,599.610097208378,0.004277102585922954,2.1936076421980033e-05,False,True,RELEASE,RELEASED,
4.5900000000030365,SLOWDOWN_1,0.2007528548360809,1150.2291307309913,36.572740733749015,-0.04834831229877325,276.7574090725088,1.7202629529535995,-0.8487257804327115,1.496318541265035,0.973152353708279,-4.258462512063028,-512.9391039054489,406.84340259388057,717.2721045214472,87.08524737568162,19.148665869131996,-0.1382119332458842,406.84340423351887,386.92380460117727,367.710293387831,-8.91417361412573,328.9599999999973,0.9660949789318155,395.837978215303,23.989153717026728,5.203862990083644,599.6102517958105,0.004249808375129227,2.194120011722589e-05,False,True,RELEASE,RELEASED,
4.600000000003013,SLOWDOWN_1,0.20063107652044473,1149.5313923787749,36.54741044923434,-0.04843852432492225,276.3943223072447,1.7198630020323682,-0.849386213470755,1.4954838033645175,0.9726297998742331,-4.258825174874714,-512.671607728491,406.62582036877734,715.9314793990987,87.08484811498904,19.09845535092027,-0.1375161061944823,406.6258220061224,386.68861475422295,367.1946882908517,-8.899283856627562,328.3599999999973,0.9681979463043388,395.5878986108505,23.9891581197056,5.201751613945906,599.6104054059786,0.004222597957133978,2.1946776371351007e-05,False,True,RELEASE,RELEASED,
4.61000000000299,SLOWDOWN_1,0.20050875132109083,1148.8305206136674,36.52197927387672,-0.04852889817264807,276.03129258506823,1.7194668183276942,-0.8500447222147322,1.4946538427224019,0.9721092692520621,-4.259188581655369,-512.4027504892596,406.40657145165824,714.594335866497,87.08468213924411,19.048318621545885,-0.13682172319016672,406.40657308668693,386.4518477585387,366.679220802608,-8.884404544569861,327.75999999999726,0.9703043563367421,395.33625230310855,23.98916249495507,5.199653391254561,599.6105580417709,0.00419546995547293,2.1952589690954483e-05,False,True,RELEASE,RELEASED,
4.620000000002967,SLOWDOWN_1,0.20038587846610148,1148.126511012906,36.49644709549865,-0.04861943411336611,275.66831975787295,1.7190743843820149,-0.8507012948669087,1.493828653477422,0.9715907639297084,-4.259552718227751,-512.132527988843,406.18565381630464,713.2606614842233,87.08474734598704,18.998255629532224,-0.1361288029793286,406.18565544905493,386.2135021361659,366.1638908838834,-8.869535613923688,327.15999999999724,0.9724142078524397,395.0830377500896,23.9891668428504,5.197568285931711,599.6107097060193,0.004168422875929778,2.195908447788497e-05,False,True,RELEASE,RELEASED,
4.630000000002943,SLOWDOWN_1,0.20026245721129113,1147.419359312622,36.470813815143565,-0.0487101321881166,275.30540368080534,1.7186856826281376,-0.8513559196959949,1.4930082296054283,0.9710742859082173,-4.259917570323207,-511.8609360902871,405.96306550082886,711.9304437620112,87.08504162939145,18.9482663239628,-0.1354373638952211,405.963067131266,385.97357647027354,365.6486984983662,-8.854677017756785,326.5599999999972,0.9745274997681493,394.8282534880303,23.989171163467326,5.195496261670264,599.610860401507,0.004141455251079229,2.196411128352338e-05,False,True,RELEASE,RELEASED,
4.64000000000292,SLOWDOWN_1,0.20013848684028399,1146.7090614082838,36.44507933555973,-0.04880099253840956,274.9425442120109,1.7183006954025284,-0.8520085850496276,1.4921925649267067,0.9705598371010746,-4.260283123634694,-511.5879707252676,405.7388046130478,710.6036701620491,87.08556288190239,18.898350654443394,-0.13474742412819296,405.73880624119425,385.7320694102808,365.13364361205845,-8.83982871450371,325.9599999999972,0.9766442310821064,394.5718981247845,23.98917545688173,5.193437282095533,599.611010130965,0.004114565769081757,2.1969655335851712e-05,False,True,RELEASE,RELEASED,
4.650000000002897,SLOWDOWN_1,0.20001396666454818,1145.9956133548949,36.41924356979923,-0.048892015159091536,274.5797412125458,1.7179194049493267,-0.8526592793556473,1.4913816531090078,0.9700474193338177,-4.260649363819631,-511.3136278946088,405.5128693307214,709.2803281006393,87.08630899461161,18.848508571087162,-0.13405900181129482,405.51287095658887,385.4889796718505,364.61872619314414,-8.824990663053711,325.35999999999717,0.9787644008638184,394.3139703349042,23.989179723169375,5.19139131088567,599.6111588970848,0.004087753374482972,2.1974549099468277e-05,False,True,RELEASE,RELEASED,
4.660000000002873,SLOWDOWN_1,0.19988889602343912,1145.2790113672404,36.393306436467135,-0.04898320003486328,274.2169945463894,1.7175417934212562,-0.853307991120132,1.49057548766885,0.9695370343438102,-4.261016276488363,-511.03790366709836,405.28525790039464,707.9604049492931,87.08727785723336,18.798740024513645,-0.13337211504386914,405.28525952396774,385.24430603583863,364.1039462120466,-8.810162820923495,324.75999999999715,0.9808880082477008,394.0544688567621,23.98918396240575,5.189358311854438,599.6113067025261,0.004061017339564543,2.1979722504283927e-05,False,True,RELEASE,RELEASED,
4.67000000000285,SLOWDOWN_1,0.19976327428426896,1144.5592518202861,36.36726783237721,-0.049074547929335986,273.8543040804946,1.7171678428797807,-0.8539547089254113,1.4897740619719875,0.9690286837800883,-4.2613838471922,-510.7607941783252,405.0559686362957,706.6438880355186,87.0884673580196,18.749044965853006,-0.13268678184294913,405.0559702575892,384.998047347329,363.589303641538,-8.795345143874272,324.1599999999971,0.9830150524301334,393.7933924912033,23.989188174665987,5.187338248984799,599.6114535499274,0.004034357292930224,2.1983884153087274e-05,False,True,RELEASE,RELEASED,
4.680000000002827,SLOWDOWN_1,0.1996371008423925,1143.8363312496701,36.34112770293889,-0.049166058356492605,273.4916696848499,1.7167975352959042,-0.8545994214290515,1.4889773692340733,0.9685223692032502,-4.261752061415854,-510.48229563009056,404.82499991971565,705.3307646437299,87.08987538376533,18.69942334675177,-0.13200302014189447,404.8250015387296,384.75020251495044,363.0747984568536,-8.780537586187279,323.5599999999971,0.9851455326687931,393.5307401011377,23.989192360024852,5.185331086434437,599.6115994419222,0.004007773222555855,2.198920549290051e-05,False,True,RELEASE,RELEASED,
4.6900000000028035,SLOWDOWN_1,0.19951037512130557,1143.1102463522668,36.3148859727609,-0.04925773158119592,273.1290912325434,1.716430852551117,-0.855242117363611,1.488185402521058,0.9680180920853578,-4.262120904573125,-510.2024042902454,404.59235019876326,704.0210220160352,87.09149981986236,18.649875119378756,-0.13132084775975272,404.5923518155025,384.5007705106733,362.5604306357885,-8.765740100950836,322.9599999999971,0.9872794482832927,393.26651061162414,23.989196518556827,5.1833367884963275,599.6117443811494,0.003981265439128023,2.1994661949520378e-05,False,True,RELEASE,RELEASED,
4.70000000000278,SLOWDOWN_1,0.1993830965727474,1142.3809939867733,36.28854256950427,-0.049349567932950165,272.76656859982575,1.7160677764389185,-0.855882785537162,1.4873981547498176,0.967515853809847,-4.26249036200596,-509.92111649294355,404.3580179884797,702.7146473531263,87.0933385504329,18.60040023643087,-0.13064028239847403,404.358019602942,384.24975036987826,362.0462001587809,-8.7509526402892,322.35999999999706,0.9894167986564383,393.00070301016746,23.989200650336212,5.181355319555144,599.6118883702654,0.003954834534772189,2.2001489668355134e-05,False,True,RELEASE,RELEASED,
4.710000000002757,SLOWDOWN_1,0.19925526467680307,1141.6485711742969,36.26209744414212,-0.049441567220322655,272.40410166616726,1.7157082886664925,-0.8565214148340714,1.4866156186888206,0.9670156556714408,-4.262860418984743,-509.6384286390435,404.122001871065,701.4116278151694,87.09538945848568,18.5509986511379,-0.12996134164603745,404.1220034832642,383.997141191558,361.5321070089811,-8.736175155521664,321.75999999999704,0.99155758323574,392.73331634707966,23.989204755437267,5.179386644008658,599.6120314119516,0.0039284813106181815,2.2006535374430314e-05,False,True,RELEASE,RELEASED,
4.720000000002734,SLOWDOWN_1,0.19912687894200481,1140.9129750989343,36.23555052748622,-0.04953372998845697,272.0416903143138,1.7153523708565173,-0.8571579942160231,1.4858377869588049,0.9665174988760749,-4.263231060709641,-509.35433719663405,403.88430049621564,700.1119505226964,87.09765042609759,18.501670317267262,-0.12928404294586926,403.8843021061422,383.7429421385564,361.01815117231774,-8.721407597294672,321.159999999997,0.9937018015349823,392.46434973585104,23.989208833934356,5.177430726207874,599.6121735089181,0.0039022067211096356,2.201214911679017e-05,False,True,RELEASE,RELEASED,
4.73000000000271,SLOWDOWN_1,0.19899794101200544,1140.1742151781225,36.20892473136227,-0.049625401874622437,271.6794821481881,1.7149988274186843,-0.8577907307063051,1.485064321961108,0.9660213882757818,-4.263594254970578,-509.0678868298562,403.6442935012532,698.8158271987058,87.09994244170845,18.452435255076914,-0.12878436818340333,403.6442951034972,383.4866001310287,360.50457034314616,-8.691996912880882,320.559999999997,0.9958095309511011,392.1785970439096,23.989212885904045,5.175487529448146,599.6123146671115,0.0038767462319375667,2.2018146069058275e-05,False,True,RELEASE,RELEASED,
4.740000000002687,SLOWDOWN_1,0.19886861788964186,1139.4332482676339,36.182560547598406,-0.04970758566474001,271.3202560595644,1.714612742378644,-0.8583649063535578,1.4842865437198651,0.9655275498066486,-4.263708942477675,-508.750742684545,403.3804063368333,697.5263139187532,87.0969621602315,18.403670337056894,-0.13029614957679314,403.3804078748753,383.2086329828693,359.99622835757646,-8.50724949308119,319.95999999999697,0.9974456006847027,391.7158824759505,23.98921691178962,5.173556841156574,599.6124551267027,0.0038712491400154647,2.2023114922831155e-05,False,True,RELEASE,RELEASED,
4.750000000002664,SLOWDOWN_1,0.1987399322065162,1138.695933614948,36.15690279239823,-0.0497727457031635,270.96943096876237,1.7141120076226641,-0.8587451823201407,1.4834880136078448,0.9650372817674003,-4.262991834710515,-508.3360249363799,403.0372995704422,696.2496154379907,87.07599316999715,18.356108129883722,-0.13337593394362557,403.0373009949964,382.8589104672116,359.5031367072528,-8.178262593189402,319.35999999999694,0.9984506784981233,391.037173060401,23.98922091562716,5.171636725764804,599.6125961892391,0.0039205382997149485,2.2027016086667572e-05,False,True,RELEASE,RELEASED,
4.76000000000264,SLOWDOWN_1,0.19861368681372574,1137.9726007959616,36.13210233437955,-0.049825987856773654,270.62993110573115,1.7134772689529936,-0.8588951794249171,1.4826676707810318,0.9645526223300773,-4.261297728547117,-507.81123148661874,402.6026411333778,694.9927470534824,87.03385270274129,18.3101399025732,-0.135402252073618,402.6026424387903,382.4264618277651,359.03001314624765,-7.820263009389805,318.7599999999969,0.9990602890073599,390.2467248371549,23.989224909557585,5.1697213608778,599.6127398251392,0.0040216583055814326,2.2028819813613154e-05,False,True,RELEASE,RELEASED,
4.770000000002617,SLOWDOWN_1,0.1984915193374162,1137.2726327173316,36.10830279488202,-0.049871769730966374,270.30280979594636,1.7127396187090038,-0.8588689708516686,1.4818303183575572,0.9640748753230766,-4.258864488355145,-507.20908976746824,402.10372880506895,693.7606511469637,86.97546172622864,18.26590224589589,-0.1360030097237086,402.10372999896356,381.9364196732286,358.57730947784376,-7.470859964038823,318.1599999999969,0.9994300364716949,389.40727963726744,23.98922891259538,5.16780162774046,599.6128875785266,0.004155645663670882,2.202849924515249e-05,False,True,RELEASE,RELEASED,
4.780000000002594,SLOWDOWN_1,0.19837456342680657,1136.6025247106274,36.08562390561105,-0.0499125890905398,269.9883371480971,1.7119339639814801,-0.8587274756349403,1.4809811003598208,0.9636043939107521,-4.255955433564924,-506.5639806584322,401.5697499119252,692.5564011516565,86.9063648372992,18.223425548998645,-0.13555963979126773,401.5697510043143,381.4155555952102,358.1442684092141,-7.138913911979159,317.5599999999969,0.999654299645165,388.55446950718937,23.98923294630917,5.165867182694475,599.6130402927394,0.004301699707792039,2.2027128323998113e-05,False,True,RELEASE,RELEASED,
4.79000000000257,SLOWDOWN_1,0.19826351102775186,1135.9662413335636,36.06413923296489,-0.04994995536102987,269.68641717746317,1.7110884491212497,-0.8585170744351934,1.4801257087218638,0.9631410231563489,-4.252770934328689,-505.90157822206714,401.0224057140963,691.3823733341832,86.83092021413569,18.18269090250418,-0.13443860866811974,401.02240671448754,380.88373971070934,357.72989644350383,-6.824885110068294,316.95999999999685,0.9997903221357192,387.70862482077763,23.98923703063394,5.163908465517343,599.6131980458626,0.004438533751063289,2.2024825398148096e-05,False,True,RELEASE,RELEASED,
4.800000000002547,SLOWDOWN_1,0.19815873658260746,1135.3659279828037,36.04388468740582,-0.04998479661610433,269.3967916359395,1.7102235278291193,-0.8582695682239254,1.4792693681006839,0.962684434464082,-4.249448552809882,-505.23921383855753,400.4762453178106,690.2402977849144,86.7522138792799,18.14365783593446,-0.13290319446662124,400.47624623452765,380.354271138764,357.3332461623082,-6.526971521723624,316.35999999999683,0.9998728239466506,386.8812426604876,23.989241180378635,5.161918374262869,599.6133601982917,0.0045481392858306435,2.2023757196620863e-05,False,True,RELEASE,RELEASED,
4.810000000002524,SLOWDOWN_1,0.198060402232785,1134.8025136602046,36.02486986214273,-0.05001768500740541,269.11913514084597,1.7093531001926974,-0.85800570990567,1.4784161196725547,0.9622342771027275,-4.246078007331135,-504.587950826272,399.9404987198204,689.1311717287629,86.67230547889153,18.106277224739234,-0.1311305971805723,399.9404995600782,379.835568759498,356.9534821354626,-6.243098034474713,315.7599999999968,0.9999228638244619,386.07866679397273,23.989245402945507,5.15989335900046,599.6135255633014,0.004618355919677519,2.2021258786253384e-05,False,True,RELEASE,RELEASED,
4.8200000000025005,SLOWDOWN_1,0.19796853414158383,1134.2761482704295,36.00708706793554,-0.05004897705310109,268.8530981859845,1.708486145699235,-0.8577386021863197,1.477568746409346,0.9617902288599003,-4.242715730550955,-503.9545283739669,399.4207553677736,688.055339114185,86.59251171950127,18.070497101050663,-0.12923581435995857,399.4207561378696,379.3327140695641,356.5898773490859,-5.971502780521291,315.1599999999968,0.9999532145445633,385.30421685008537,23.989249697490294,5.157833824578231,599.6136926309085,0.004643391846131273,2.2017891950554258e-05,False,True,RELEASE,RELEASED,
4.830000000002477,SLOWDOWN_1,0.19788307426811186,1133.786499263663,35.99051779629799,-0.050078899189279415,268.5983265182356,1.7076282249351196,-0.8574762958802977,1.4767290058092821,0.9613520052914033,-4.23939611239945,-503.342841457131,398.9202229450384,687.0126521947385,86.51364464068463,18.036265252099174,-0.12729138069164492,398.9202236505554,378.84860656929663,356.24179182627455,-5.710826742557288,314.55999999999676,0.999971623186849,384.5594333118539,23.989254055362917,5.155743919277223,599.6138597852624,0.004623109900645517,2.2012082553146683e-05,False,True,RELEASE,RELEASED,
4.840000000002454,SLOWDOWN_1,0.19780391411921952,1133.3329450199474,35.975137055162634,-0.05010760003697952,268.3544698778869,1.706782636077649,-0.8572236027837162,1.4758979170818947,0.9609193553541299,-4.236139393253266,-502.75497164406704,398.4405962341067,686.0026300642558,86.43618699408822,18.003530375860432,-0.1253419599892709,398.4405968800641,378.3847606473614,355.9086511200548,-5.460050735932612,313.95999999999674,0.9999827885927985,383.84481138329403,23.989258461475636,5.153630878696854,599.6140254854937,0.004561794592163437,2.200782688532854e-05,False,True,RELEASE,RELEASED,
4.850000000002431,SLOWDOWN_1,0.1977309161901175,1132.9146976948732,35.96091624216136,-0.05013518015485515,268.1211858957012,1.7059512266167418,-0.8569832982043106,1.4750760028534216,0.9604920542487653,-4.232956918597277,-502.19186982452175,397.9826293834834,685.0245826099233,86.3604122776708,17.972242581529294,-0.12341441816175802,397.9826299744527,377.94183018458267,355.58992942765985,-5.218405961660039,313.3599999999967,0.9999895607538357,383.1602361462427,23.989262896213276,5.1515041096723815,599.6141883993566,0.004466788059621862,2.200426217768836e-05,False,True,RELEASE,RELEASED,
4.860000000002407,SLOWDOWN_1,0.19766392734176064,1132.530879866344,35.9478248789793,-0.05016171231415107,267.8981417497563,1.7051349338078776,-0.8567568945946143,1.4742634656182008,0.9600698970272004,-4.229854526325778,-501.6537946547256,397.5465020833028,684.0776976566248,86.28646345006095,17.942353588243133,-0.12152446687929341,397.5465026234572,377.5199441119355,355.2851375557889,-4.985297495048542,312.7599999999967,0.9999936682771372,382.50524160698404,23.989267337544906,5.14937417757781,599.6143474888873,0.004347185277575605,2.1999989542109688e-05,False,True,RELEASE,RELEASED,
4.870000000002384,SLOWDOWN_1,0.19760278703317974,1132.1805717023628,35.935831805037,-0.0501872502861884,267.6850147714676,1.7043341332867536,-0.8565451297432796,1.473460307778726,0.9596526937547389,-4.226834686399607,-501.1405886166471,397.1320495434844,683.1610987322058,86.21440320846618,17.913816783300213,-0.11968091860421737,397.1320500366686,377.1189170952977,354.9938147205362,-4.760248123805866,312.15999999999667,0.9999961596159548,381.8791652191036,23.98927176306795,5.147251826029631,599.6145020521221,0.00421268447712464,2.199505752287223e-05,False,True,RELEASE,RELEASED,
4.880000000002361,SLOWDOWN_1,0.19754733232527422,1131.862839630651,35.92490578232155,-0.05021183770474406,267.48149255407765,1.7035488594939356,-0.8563482709868487,1.4726664101081832,0.9592402661025105,-4.223897834578124,-500.65184954124646,396.7389051211029,682.2738819588488,86.14424556628943,17.88658721473928,-0.11788836088612697,396.73890557086776,376.73838015790676,354.7155230663081,-4.542859912123504,311.55999999999665,0.9999976706893313,381.28124007003026,23.98927615179208,5.145147121394207,599.6146517274295,0.004072642659092907,2.198966512878542e-05,False,True,RELEASE,RELEASED,
4.890000000002337,SLOWDOWN_1,0.19749740088115025,1131.5767535293214,35.915015924241416,-0.050235511442021936,267.28727282547624,1.7027789432197251,-0.8561663031684232,1.471881581782787,0.9588324450280937,-4.2210431962888135,-500.1870361644621,396.3665879642926,681.4151389744229,86.07597546319808,17.860621553620145,-0.11614881664991117,396.3665883739558,376.37786091915956,354.4498440110249,-4.332788847374047,310.9599999999966,0.9999985872016633,380.7106497665336,23.98928048554155,5.143068780251396,599.6147964682301,0.003935359132716698,2.1984409670494642e-05,False,True,RELEASE,RELEASED,
4.900000000002314,SLOWDOWN_1,0.19745283273289976,1131.3213968497748,35.90613195427643,-0.050258303410330676,267.10206321126805,1.702024096642304,-0.8559990440675527,1.4711055917596425,0.9584290692184197,-4.21826929220907,-499.74553258613093,396.0145564636812,680.5839708227064,86.00956084598006,17.835878042929064,-0.11446276645983744,396.0145568362913,376.03683250725857,354.1963757819341,-4.129728443997237,310.3599999999966,0.9999991430944927,380.1665609512558,23.98928474991744,5.141023707941338,599.6149364963358,0.0038075905673382593,2.197910310997031e-05,False,True,RELEASE,RELEASED,
4.910000000002291,SLOWDOWN_1,0.19741347129334075,1131.0958724135457,35.89822431341948,-0.050280242775795785,266.9255809494492,1.7012839655332368,-0.8558462149586534,1.4703381882143456,0.9580299840437435,-4.21557424689211,-499.3266873442692,395.6822406125773,679.7794961317859,85.94496006478005,17.812316441300247,-0.11282977438685293,395.6822409509975,375.714743152324,353.9547317148047,-3.933399236419689,309.7599999999966,0.9999994802605371,379.6481423887437,23.989288934812876,5.13901675146979,599.6150722419698,0.003694285531727459,2.1973734249058907e-05,False,True,RELEASE,RELEASED,
4.9200000000022674,SLOWDOWN_1,0.19737916390796137,1130.8993055747092,35.89126424222496,-0.05030135647347952,266.7575525868485,1.7005581611095615,-0.8557074835657754,1.4695791104550522,0.95763504084572,-4.212955976240222,-498.9298369028065,395.36906143068757,679.0008557335436,85.88212637616303,17.789897965531313,-0.1112488695752063,395.36906173756114,375.4110339313843,353.72453903859804,-3.743542053977478,309.15999999999656,0.9999996847620809,379.15457598536176,23.98929303451475,5.13705065072281,599.6152042778618,0.003598514236131223,2.1968593841847905e-05,False,True,RELEASE,RELEASED,
4.930000000002244,SLOWDOWN_1,0.19734976212830999,1130.7308457862891,35.88522378304751,-0.05032167057801317,266.597713672203,1.6998462793430513,-0.8555824901025623,1.468828096145466,0.9572440964406393,-4.210412300761249,-498.5543196104056,395.0744424861385,678.2472150909534,85.82101066851074,17.768585233811486,-0.10971877805712893,395.0744427639377,375.1251492781142,353.505437968367,-3.5599136900881376,308.55999999999653,0.9999998087985364,378.6850629682023,23.989297047454034,5.135126158199532,599.6153332538019,0.003521560359839526,2.196374157392711e-05,False,True,RELEASE,RELEASED,
4.940000000002221,SLOWDOWN_1,0.1973251218176858,1130.5896672058236,35.880075858582146,-0.05034120855070428,266.4458084531165,1.6991479125718179,-0.8554708629761072,1.468084885623471,0.9568570127600794,-4.207941013496607,-498.19948385391257,394.79781660739184,677.5177653884007,85.76156309911946,17.748342210558718,-0.10823806315750062,394.79781685841107,374.85654308898546,353.2970809947064,-3.382284075247526,307.9599999999965,0.99999988403045,378.238827164233,23.989300975684458,5.133242289034308,599.6154598367377,0.0034631365838153627,2.1958528066079452e-05,False,True,RELEASE,RELEASED,
4.9500000000021975,SLOWDOWN_1,0.1973051031567709,1130.4749687276308,35.87579415095208,-0.05035999479297007,266.3015895803477,1.6984626564029088,-0.8553722281882825,1.4673492244314021,0.9564736565790233,-4.20553992033071,-497.8646926864613,394.5386296764831,676.8117238154989,85.70373406694704,17.72913415325499,-0.10680521022555922,394.53862990285967,374.6046821583539,353.0991322999063,-3.2104343905545534,307.3599999999965,0.9999999296609123,377.81511654890846,23.989304824176738,5.131396659447633,599.615584660098,0.0034216836732925415,2.1953848943212506e-05,False,True,RELEASE,RELEASED,
4.960000000002174,SLOWDOWN_1,0.1972895705903632,1130.385973677614,35.87235319924083,-0.050378051493925526,266.1648178209449,1.697790113741528,-0.8552862149004589,1.4666208647498906,0.9560938992997088,-4.203206863505915,-497.5493263221296,394.29634265741976,676.128333371124,85.64747478076632,17.710927561414195,-0.10541867747053857,394.2963428611333,374.36904799907984,352.91126725730766,-3.0441557695887695,306.75999999999647,0.9999999573371869,377.4132037686686,23.989308600014777,5.129585872234113,599.6157082846264,0.003394714320919867,2.194824764956138e-05,False,True,RELEASE,RELEASED,
4.970000000002151,SLOWDOWN_1,0.19727839274021977,1130.3219293138893,35.86972830267234,-0.050395400987447395,266.0352617807907,1.6971298970713065,-0.8552124586669245,1.4658995661620677,0.9557176167712157,-4.200939734947973,-497.2527833454365,394.07043256252985,675.4668623878085,85.59273758151602,17.693690127693458,-0.10407692630207066,394.0704327454401,374.1491376922862,352.7331719868016,-2.8832483692984283,306.15999999999644,0.9999999741236958,377.03238606158465,23.98931231157247,5.127805911535662,599.615831171679,0.003379166826492863,2.1943500144061545e-05,False,True,RELEASE,RELEASED,
4.980000000002128,SLOWDOWN_1,0.19727144229916366,1130.2821062200624,35.86789555601097,-0.05041206413966518,265.9126976366273,1.6964816296731342,-0.8551506032542349,1.4651850960108523,0.9553446891322381,-4.198736483424955,-496.97448115161563,393.86039278391104,674.8266038986847,85.53947611576137,17.677390691097095,-0.10277843915548601,393.8603929477246,373.9444641571787,352.56454294962106,-2.727520674298489,305.5599999999964,0.9999999843052282,376.6719848314772,23.989315967737408,5.126052515136551,599.6159536688115,0.0033717394436569847,2.1938094164397626e-05,False,True,RELEASE,RELEASED,
4.990000000002104,SLOWDOWN_1,0.19726859591560436,1130.26579764358,35.86683176746396,-0.0504280621266388,265.7969088774218,1.6958449462022889,-0.855100301605197,1.4644772295104305,0.9549750006692218,-4.196595117988689,-496.71385593114525,393.6657330494174,674.206874921186,85.48764541932468,17.661999192198124,-0.10152172979468332,393.6657331957312,373.75455607868383,352.40508657189065,-2.5767889502211005,304.9599999999964,0.9999999904806397,376.33134502890493,23.989319577232273,5.124321499899143,599.6160760065584,0.003369183093318462,2.1932429888238403e-05,False,True,RELEASE,RELEASED,
5.000000000002081,SLOWDOWN_1,0.1972697340739803,1130.2723188107157,35.866514508021396,-0.05044341434212036,265.68768605480324,1.6952194928796613,-0.855061216287245,1.4637757497105055,0.9546084396849739,-4.194513709187079,-496.4703623885999,393.4859791603367,673.6070157022581,85.4372019470245,17.647486630288928,-0.10030534905064314,393.4859792906381,373.578957636445,352.25451889029574,-2.4308767944756937,304.3599999999964,0.9999999942262158,376.0098344309207,23.98932314806822,5.122609023910955,599.6161983046262,0.0033685374394423206,2.1927929026333004e-05,False,True,RELEASE,RELEASED,
5.010000000002058,SLOWDOWN_1,0.19727474097440406,1130.301006236988,35.866921990238204,-0.05045814129670677,265.584826542278,1.6946049274530561,-0.8550330196318873,1.4630804473737435,0.9542448983747177,-4.192490388951846,-496.24347331089234,393.3206726058896,673.0263889519919,85.38810357040313,17.633825022372974,-0.09912788777353398,393.3206727215684,373.41722812240374,352.1125652156361,-2.289614751987301,303.75999999999635,0.999999996498023,375.70684287439104,23.989326687148235,5.1209117767021795,599.6163205853466,0.0033673024164411203,2.19226469653222e-05,False,True,RELEASE,RELEASED,
5.020000000002034,SLOWDOWN_1,0.19728350441345394,1130.3512170441459,35.86803317713895,-0.05047226078419129,265.48813430290875,1.6940009190235017,-0.855015393690785,1.462391120803275,0.95388427270771,-4.190523349710759,-496.0326790544065,393.1693701119218,672.4643790816089,85.34030955672075,17.620987363909833,-0.09798797814306681,393.169370214249,373.26894149929336,351.9789598115129,-2.1528399760005072,303.15999999999633,0.9999999978759436,375.42178147529387,23.989330200023847,5.11922709592353,599.616442792063,0.0033635436779846373,2.1917149354067078e-05,False,True,RELEASE,RELEASED,
5.030000000002011,SLOWDOWN_1,0.19729591566722998,1130.4223282901294,35.869827608979506,-0.05048579232381925,265.39741966515174,1.6934071477940589,-0.8550080300846653,1.4617075756425257,0.953526462313245,-4.188610843056811,-495.83748699274895,393.03164315824665,671.9203914549794,85.29378053726204,17.608947591230173,-0.09688429399068355,393.0316432484254,373.1336859317455,351.8534455863107,-2.020395921180693,302.5599999999963,0.9999999987116948,375.1540818529262,23.989333690796133,5.117553014814547,599.6165648101255,0.0033559358150263563,2.1912216539021756e-05,False,True,RELEASE,RELEASED,
5.040000000001988,SLOWDOWN_1,0.19731186937730455,1130.513736315614,35.872285524167445,-0.05049875300341808,265.312499106543,1.6928233047762844,-0.8550106297911451,1.4610296246612697,0.9531713703703163,-4.186751178175271,-495.65742095003696,392.9070774851283,671.3938516589874,85.24847846984154,17.597680545539845,-0.09581555047412849,392.9070775642657,373.01106330837274,351.7357737972047,-1.8921320614619503,301.9599999999963,0.9999999992186033,374.9031953698347,23.98933716214268,5.115888249290442,599.6166864884622,0.003343751258005234,2.190764575971116e-05,False,True,RELEASE,RELEASED,
5.0500000000019645,SLOWDOWN_1,0.19733126343989574,1130.6248561090229,35.87538773455224,-0.05051116053406662,265.2331950449576,1.6922490914754895,-0.8550229028996892,1.4603570875359932,0.9528189035004933,-4.184942720150958,-495.4920206345895,392.79527260117203,670.8842047954488,85.20436659844827,17.58716193843913,-0.09478050347092903,392.7952726702873,372.9006887663798,351.6257037652766,-1.7679036270374695,301.35999999999626,0.9999999995260589,374.66859239341727,23.989340615445677,5.11423213649275,599.6168076599299,0.0033268055060249324,2.190250472722255e-05,False,True,RELEASE,RELEASED,
5.060000000001941,SLOWDOWN_1,0.19735399889841151,1130.7551206908477,35.888501381482136,-0.05024829417396468,265.15933563715413,1.6916842195674067,-0.8550445683502008,1.4596897906295723,0.9524689716637024,-4.183183888227003,-495.3408410814028,392.6958412994717,670.3909147958684,85.16140941177432,17.57736831888424,-0.09377794872648337,392.6958413595325,372.80219022466406,351.5230026010431,-1.6475713575542272,300.75999999999624,0.9999999997125404,374.4497615822183,23.98934405099326,5.112584538250706,599.6169281591534,0.0033053707744787886,2.1897030137552065e-05,False,True,RELEASE,RELEASED,
5.070000000001918,SLOWDOWN_1,0.1973799798394084,1130.9039805175375,35.89287685086939,-0.05025850970960822,265.09075458434313,1.6911284105740478,-0.8550753536656834,1.4590275667732304,0.9521214880567552,-4.181473154059979,-495.20345210843163,392.6084091861078,669.913463759451,85.11957260169848,17.568277041524112,-0.09280672089914788,392.60840923798605,372.7152079291572,351.4274449398408,-1.5310012690611075,300.1599999999962,0.9999999998256469,374.2462091982183,23.98934746822545,5.110945723119969,599.6170478369094,0.0032800703548145904,2.189199915392237e-05,False,True,RELEASE,RELEASED,
5.0800000000018946,SLOWDOWN_1,0.19740730707920373,1131.0605540681393,35.89438396931267,-0.05035981398011212,265.03256857581783,1.6920654993037427,-0.8554496104062036,1.4598943859025895,0.9518548714869545,-4.183127876477421,-495.46800555801343,392.6940362414103,670.1643345351921,85.22030249378012,17.560565601473904,-0.006898778650906934,392.69403627724705,372.7876176315545,351.339961825116,-1.2722877085064965,300.0,0.9999999998942493,374.059905340061,23.989350813016408,5.109341648456008,599.6171251472059,-6.122988201795465e-05,2.1888680748816114e-05,False,True,RELEASE,RELEASED,
5.090000000001871,SLOWDOWN_1,0.1974263389191286,1131.1695984785456,35.89670674367674,-0.050393105748066866,265.00523654143433,1.6938293611086204,-0.8566034381039551,1.4612626233439765,0.9517382895318935,-4.188617435068337,-496.16604320302355,393.18314868991075,670.7232468982205,85.41761141513399,17.556943848595395,0.008339249381322134,393.18314870081434,373.2322915681736,351.280867959771,-0.7017938459329116,300.0,0.9999999999358588,373.9340854141065,23.989353535532985,5.108036000054079,599.6170428123284,-0.004233940737917941,2.189225062920741e-05,False,True,RELEASE,RELEASED,
5.100000000001848,SLOWDOWN_1,0.19743688116821628,1131.2300011164755,35.89866741245385,-0.05039182292324031,264.99301701009927,1.694715410524631,-0.8573354250823284,1.4618605581821307,0.9516803892419682,-4.1918996361550445,-496.58135419957955,393.5009871928963,670.9667604459332,85.52284945327852,17.555324766028694,0.0021927873769982398,393.50098719557377,373.52179439696124,351.25047562625167,-0.34758930869992355,300.0,0.9999999999610962,373.86938370566116,23.989355039927638,5.107314531235418,599.6168532654563,-0.006194140564558914,2.1893061784794554e-05,False,True,RELEASE,RELEASED,
5.110000000001825,SLOWDOWN_1,0.19744308343942488,1131.2655375128402,35.899846953420656,-0.050390306659370956,264.98670613051667,1.6950933388040825,-0.8576850356556504,1.4620936382018552,0.9516455270764809,-4.193399318483279,-496.77461492047286,393.6520767797183,671.0577580318807,85.56944584260684,17.554488606475203,-0.0013963083291628209,393.6520767804184,373.65935623385354,351.23530381085334,-0.17773055460537535,300.0,0.9999999999764035,373.8370867884589,23.98935518551264,5.107244712423078,599.616620568445,-0.006768113971980405,2.1890804418944754e-05,False,True,RELEASE,RELEASED,
5.120000000001801,SLOWDOWN_1,0.19744735476302347,1131.2900103943537,35.90063623501121,-0.05038993644267777,264.98311462901387,1.6952502386687855,-0.8578484006514081,1.4621797061942816,0.9516207617324756,-4.194050135541918,-496.86246300375103,393.7217200975592,671.0881649687801,85.58966705279028,17.55401275962328,-0.002936906221350455,393.7217200977663,373.72269267915783,351.2273247248223,-0.0974092347519786,300.0,0.999999999985688,373.8201019139098,23.9893541094373,5.107760770378289,599.6163834578376,-0.006492426564329357,2.1887639945816773e-05,False,True,RELEASE,RELEASED,
5.130000000001778,SLOWDOWN_1,0.19745080188444658,1131.3097609452552,35.90126144220887,-0.05038998213322002,264.9808915242256,1.6953100665915972,-0.8579271366260557,1.462202875844328,0.9516006722326261,-4.194317847663231,-496.90285342761064,393.754553618009,671.0931687523993,85.59817076283453,17.553718218243354,-0.003589171476505726,393.7545536180849,373.75249816627775,351.2227975635074,-0.0579670678608295,300.0,0.9999999999913196,373.8104652341386,23.989352078791306,5.10873461565095,599.616166469127,-0.005666783509714612,2.188442107353694e-05,False,True,RELEASE,RELEASED,
5.140000000001755,SLOWDOWN_1,0.1974539252377246,1131.3276564413306,35.901822894474506,-0.0503901707782537,264.9794122562923,1.6953262427274105,-0.857967297667302,1.4621980664101921,0.951582836975471,-4.194411751779044,-496.92183867120764,393.77078768856006,671.0872150167897,85.60137951386963,17.553522229922528,-0.0038507611464524416,393.7707876885911,373.7671960224349,351.2200101264253,-0.03733583379789707,300.0,0.9999999999947351,373.8045318562328,23.989349411443964,5.110013806165915,599.6159852243632,-0.004504963510962412,2.1880328802126314e-05,False,True,RELEASE,RELEASED,
5.150000000001731,SLOWDOWN_1,0.19745695177567377,1131.3449972264332,35.90236507444255,-0.05039040824619868,264.9783842167919,1.695322723819457,-0.8579898773341087,1.4621807372178117,0.9515661532415598,-4.194427016169661,-496.93126383503756,393.77962305181643,671.076658065331,85.60219001264211,17.553386025535445,-0.003935254956275003,393.7796230518334,373.77517242242675,351.21817100545627,-0.025444680676628195,300.0,0.9999999999968076,373.8006171031034,23.989346428061392,5.111444558630616,599.61584853637,-0.0031792784505624283,2.187819535492963e-05,False,True,RELEASE,RELEASED,
5.160000000001708,SLOWDOWN_1,0.19745998352810712,1131.3623678883291,35.90290784880876,-0.050390656055516174,264.9776686542015,1.6953104297153083,-0.8580045154729706,1.4621578931597974,0.9515501143488959,-4.194407283605565,-496.9365558785564,393.785277910962,671.0643614622982,85.60192597163143,17.553291221353952,-0.003939225391150103,393.78527791097235,373.7802716082856,351.21691072794744,-0.017662879726970004,300.0,0.9999999999980638,373.7979344880126,23.989343420698003,5.1128868113101955,599.6157596530425,-0.0018311482179509397,2.18744125959347e-05,False,True,RELEASE,RELEASED,
5.170000000001685,SLOWDOWN_1,0.1974630651939932,1131.3800245332434,35.903459926148535,-0.05039089720083673,264.97719786542507,1.6952943596110563,-0.8580156415797915,1.4621327315033612,0.9515344854977641,-4.194372588195371,-496.9402006984323,393.78968463916203,671.051621132668,85.60119417576608,17.553228847153157,-0.003906963648944384,393.789684639164,373.78425420667077,351.2160540572058,-0.01185678535716761,300.0,0.9999999999988255,373.79611099202793,23.98934063273534,5.114223844827585,599.6157173173632,-0.0005726330552837666,2.1869566921850492e-05,False,True,RELEASE,RELEASED,
5.1800000000016615,SLOWDOWN_1,0.1974662151729486,1131.3980725832134,35.90402487501528,-0.05039112515630087,264.97693696566233,1.6952768029155458,-0.8580252877071521,1.4621067143538504,0.9515191565122354,-4.194332110317431,-496.94333220164964,393.79372403314676,671.039019744816,85.60027269636012,17.553194280926153,-0.0038588087823541173,393.7937240331454,373.78792231556776,351.2155153044437,-0.007041898002114522,300.0,0.9999999999992875,373.79496421356987,23.989338247733528,5.115367628678638,599.6157168147771,0.0005138326918201486,2.1865155815703474e-05,False,True,RELEASE,RELEASED,
5.190000000001638,SLOWDOWN_1,0.1974694398346911,1131.4165485340336,35.90460395186208,-0.05039133704686202,264.97686628849857,1.6952588054453566,-0.8580343828287532,1.4620805091798805,0.9515040745089958,-4.194290038780219,-496.94646267729274,393.7977932336855,671.0268138053524,85.5992886194013,17.553184917018214,-0.003804092812572435,393.7977932336876,373.7916371872929,351.2152501461497,-0.0027626162501519502,300.0,0.999999999999568,373.79439980354306,23.989336385587865,5.116260664377321,599.6157510215681,0.0013750364468112508,2.1861148354673787e-05,False,True,RELEASE,RELEASED,
5.200000000001615,SLOWDOWN_1,0.19747274008195054,1131.4354575579653,35.90519737274653,-0.0503915313541485,264.97697328516983,1.695240841620081,-0.8580433484833639,1.4620544186931679,0.951489213005124,-4.194248266846806,-496.9498187029265,393.80206706705286,671.0151104411841,85.59829962917843,17.55319909284241,-0.003747086146120182,393.80206706704894,373.795557450581,351.2152334493985,0.0011931872987247516,300.0,0.9999999999997378,373.79436426328226,23.989335104579624,5.116875001893774,599.6158114144049,0.0019851592892319303,2.185766834372771e-05,False,True,RELEASE,RELEASED,
5.210000000001592,SLOWDOWN_1,0.19747611436518236,1131.4547907767717,35.905804837314776,-0.05039170862322315,264.97724878730565,1.6952231232994945,-0.8580523730377839,1.462028578001648,0.9514745577145108,-4.194207633129127,-496.953495738677,393.8066183672203,671.0039484194883,85.59733151827993,17.553235593722423,-0.0036897405461786548,393.80661836721674,373.79974878752734,351.21544905153246,0.0049255982850695545,300.0,0.9999999999998408,373.79482318924227,23.98933440792307,5.117209099838307,599.6158889891108,0.0023425176843359097,2.185362353657183e-05,False,True,RELEASE,RELEASED,
5.220000000001568,SLOWDOWN_1,0.19747956007257436,1131.4745332258715,35.90642587670643,-0.050391868678388796,264.97768529374326,1.6952057416347555,-0.8580615374845242,1.4620030452639747,0.9514601000217989,-4.194168490923595,-496.9575290747067,393.8114731658036,670.9933354152713,85.59639540947298,17.553293425907512,-0.0036329264770529335,393.81147316580785,373.80423424067146,351.21588507376276,0.008482943293870449,300.0,0.9999999999999034,373.7957512973776,23.989334253414334,5.117283198114568,599.6159750431405,0.0024652000322591405,2.1851487133517367e-05,False,True,RELEASE,RELEASED,
5.230000000001545,SLOWDOWN_1,0.19748307416400823,1131.49466748667,35.90705991500094,-0.05039201219773107,264.9782761706703,1.6951887324800456,-0.8580708737852906,1.4619778432960784,0.9514458339710139,-4.19413097194247,-496.96192667140724,393.81663628047835,670.9832650811037,85.59549571101104,17.553371710595005,-0.0035770306779454586,393.81663628048045,373.80901753694667,351.21653174033577,0.011889756028324427,300.0,0.9999999999999415,373.79712778091834,23.9893345648458,5.117133843874958,599.6160617902817,0.002386048770967264,2.184696273843656e-05,False,True,RELEASE,RELEASED,
5.240000000001522,SLOWDOWN_1,0.19748665346233424,1131.5151753554399,35.907706360790996,-0.05039213958351906,264.9790152832254,1.6951721063880008,-0.8580803914290596,1.4619529787653511,0.9514317548807111,-4.194095106540705,-496.9666841360856,393.8221029564257,670.9737249232788,85.59463375670683,17.553469635116958,-0.003522212163829863,393.82210295643097,373.81409369844283,351.21738037985426,0.015159513949242864,300.0,0.9999999999999647,373.7989341844936,23.989335243976008,5.116808151095312,599.6161427926245,0.002147451895117669,2.1843440720203944e-05,False,True,RELEASE,RELEASED,
5.250000000001498,SLOWDOWN_1,0.19749029478549188,1131.5360386003174,35.908364611580716,-0.05039225153627914,264.9798968228306,1.6951558624426992,-0.8580900897426771,1.4619284510054706,0.9514178587051896,-4.194060879380377,-496.97179165027796,393.827864259691,670.9646999100264,85.59380948713834,17.55358643005949,-0.0034685266140854765,393.82786425969914,373.81945395801137,351.21842295972465,0.018300544941155295,300.0,0.9999999999999768,373.8011534130702,23.98933618203036,5.116358285152839,599.6162132105417,0.0017963597431140954,2.1840988722487964e-05,False,True,RELEASE,RELEASED,
5.260000000001475,SLOWDOWN_1,0.19749399500554013,1131.557239299521,35.909034081764474,-0.05039234855030034,264.9809152247182,1.6951399946144223,-0.858099963539736,1.4619042560696265,0.9514041417389232,-4.194028254974346,-496.9772371445986,393.83390954716197,670.9561741228009,85.59302222175727,17.553721358332332,-0.0034159826528821213,393.8339095471711,373.8250880101252,351.21965186803976,0.021318742532685064,300.0,0.9999999999999879,373.80376926759254,23.989337269933205,5.115836555811141,599.6162698847954,0.00137985979416122,2.1836690393683966e-05,False,True,RELEASE,RELEASED,
5.270000000001452,SLOWDOWN_1,0.197497751074126,1131.578759987274,35.90971420554283,-0.05039243096381043,264.982065127152,1.695124494680528,-0.8581100057156702,1.4618803885942813,0.9513906004791626,-4.193997189417581,-496.98300775270644,393.8402275969638,670.9481315083049,85.59227101373057,17.553873709762563,-0.003364567751134473,393.84022759697467,373.83098504069403,351.22105980937226,0.024218817611370014,300.0,0.9999999999999889,373.80676622308266,23.989338406715405,5.115291385178038,599.6163112750091,0.0009415437428073048,2.1832861250459246e-05,False,True,RELEASE,RELEASED,
5.280000000001428,SLOWDOWN_1,0.19750156003255362,1131.6005837114983,35.91040442685255,-0.05039249930708732,264.9833413499301,1.695109353565358,-0.8581202084375846,1.4618568426545067,0.9513772315613844,-4.193967635762094,-496.9890904734325,393.84680712256863,670.9405562165289,85.59155481271402,17.554042798243394,-0.003314260092395216,393.8468071225836,373.83713419509246,351.2226397531195,0.027004876461603544,300.0,0.9999999999999889,373.81012931863086,23.989339505782596,5.114764301614181,599.6163372852195,0.000518800140915765,2.1830087860053027e-05,False,True,RELEASE,RELEASED,
5.290000000001405,SLOWDOWN_1,0.19750541901481355,1131.6226940511692,35.911104201387204,-0.050392554259448295,264.9847388818458,1.6950945619525395,-0.8581305636872993,1.461833612155224,0.9513640317283161,-4.193939546466511,-496.99547246859913,393.8536370033722,670.933432748485,85.59087253921723,17.554227960069998,-0.003265034060234484,393.8536370033918,373.84352478778175,351.2243849061489,0.029680688687051315,300.0,0.9999999999999889,373.8138440990947,23.989340498950366,5.114288004572077,599.6163490103322,0.00014107189477741144,2.1825402086506074e-05,False,True,RELEASE,RELEASED,
5.300000000001382,SLOWDOWN_1,0.19750932524741974,1131.6450751153823,35.91181301853092,-0.050392596006816386,264.98625287235205,1.6950801105623579,-0.8581410635068367,1.4618106910087405,0.9513509978144554,-4.193912874499833,-497.00214119335703,393.8607063849581,670.9267460165067,85.59022311828937,17.55442855283253,-0.0032168627245710013,393.8607063849764,373.8501463931795,351.2262886967381,0.0322498123217656,300.0,0.9999999999999889,373.81789658085773,23.989341338340733,5.113885455081242,599.6163484371915,-0.00017096268747174292,2.1821819416345534e-05,False,True,RELEASE,RELEASED,
5.3100000000013585,SLOWDOWN_1,0.19751327604782137,1131.6677115342536,35.91253035074976,-0.050392625713555274,264.98787862523574,1.6950659902752125,-0.8581517001069868,1.4617880732141626,0.9513381267377576,-4.193887573826207,-497.00908444959805,393.8680047195101,670.9204813646114,85.58960549449685,17.554643954575667,-0.0031697189843384876,393.86800471953654,373.85698888198215,351.22834476381644,0.03471565310661617,300.0,0.9999999999999889,373.82227322887553,23.989341996381118,5.113569876240582,599.6163381313588,-0.00040538962685587876,2.181739660045423e-05,False,True,RELEASE,RELEASED,
5.320000000001335,SLOWDOWN_1,0.1975172688222062,1131.6905884463333,35.9132557295401,-0.05039264328934342,264.98961159329053,1.6950521921841726,-0.8581624659130527,1.4617657528914811,0.9513254154946539,-4.193863599605577,-497.01629040417595,393.8755217788793,670.9146245705911,85.58901863829472,17.554873563090748,-0.0031235760891945574,393.87552177890836,373.864042432538,351.2305469487468,0.03708149340326372,300.0,0.9999999999999889,373.8269609391347,23.98934246424872,5.113345499249492,599.6163209361835,-0.0005583879202530895,2.1814383160290163e-05,False,True,RELEASE,RELEASED,
5.330000000001312,SLOWDOWN_1,0.19752130106306476,1131.713691484651,35.91398868335174,-0.050392649191935715,264.99144737352447,1.6950387076152387,-0.8581733535817586,1.461743724295123,0.9513128611566446,-4.193840908264274,-497.02374759111876,393.8832476552136,670.9091618400357,85.58846154847144,17.55511679527885,-0.003078407845464426,393.8832476552502,373.87129753096957,351.2328892883755,0.039350507154892966,300.0,0.9999999999999889,373.8319470238147,23.989342749160297,5.113208863148641,599.6162997049638,-0.0006330598033539303,2.1810437090152845e-05,False,True,RELEASE,RELEASED,
5.340000000001289,SLOWDOWN_1,0.197525370346689,1131.737006762382,35.9147287607421,-0.050392643736616796,264.9933817026793,1.6950255281325841,-0.8581843560049967,1.4617219818178266,0.9513004608676424,-4.1938194575060574,-497.03144490662055,393.89117275601063,670.9040797967092,85.58793325277277,17.555373086555477,-0.003034188719254871,393.89117275604696,373.8787449661512,351.2353660087588,0.041525768256121864,300.0,0.9999999999999889,373.8372191978951,23.989342870923544,5.1131504686957765,599.6162770807625,-0.0006379422708855387,2.180680331775875e-05,False,True,RELEASE,RELEASED,
5.350000000001265,SLOWDOWN_1,0.19752947433067972,1131.7605208585678,35.91547550294528,-0.05039262788521067,264.99541045296525,1.6950126455372654,-0.8581954663076579,1.4617005199904052,0.9512882118416942,-4.1937992062967435,-497.0393716009305,393.89928779677814,670.8993654715875,85.58743280772931,17.555641890283884,-0.0029908938589642275,393.89928779682424,373.8863758226002,351.23797151929364,0.04361025597364687,300.0,0.9999999999999889,373.84276556662655,23.989342858147467,5.113156595766687,599.6162553320719,-0.0005853714151493605,2.1804137588787853e-05,False,True,RELEASE,RELEASED,
5.360000000001242,SLOWDOWN_1,0.19753361075149925,1131.7842208040927,35.91622850296992,-0.05039260150464223,264.9975296279554,1.6950000518628574,-0.8582066778428434,1.4616793334794878,0.9512761113609122,-4.193780114837056,-497.0475172689604,393.9075837927307,670.8950062913743,85.58695929811192,17.555922677229773,-0.002948499111369074,393.9075837927775,373.8941814724136,351.24070040712115,0.04560685882677262,300.0,0.9999999999999889,373.84857461358683,23.98934274446363,5.113211115545405,599.6162362468957,-0.0004898514499132034,2.180072272039979e-05,False,True,RELEASE,RELEASED,
5.370000000001219,SLOWDOWN_1,0.19753777742208323,1131.808094068001,35.91698735179426,-0.050392564927879226,264.9997353586216,1.6949877393698143,-0.8582179841859643,1.461658417084434,0.9512641567735262,-4.193762144530609,-497.0558718404675,393.9160520501873,670.8909900669996,85.5865118362367,17.556214935034873,-0.0029069809878592423,393.9160520502384,373.9021535670298,351.2435474317434,0.04751837783578594,300.0,0.9999999999999889,373.854635189194,23.989342565045582,5.113297159724851,599.6162210827108,-0.00036655242295857704,2.179674726221492e-05,False,True,RELEASE,RELEASED,
5.380000000001195,SLOWDOWN_1,0.19754197222951678,1131.8321285441823,35.917751627635475,-0.05039251925533432,265.0020238994948,1.6949757005393966,-0.8582293791284924,1.4616377657339528,0.9512523454920189,-4.193745257950483,-497.0644255702332,393.92468415799607,670.8873049822994,85.58608956121282,17.556518167707107,-0.0028663166830824593,393.92468415804984,373.91028402897535,351.24650751982074,0.049347529368958476,300.0,0.9999999999999889,373.8609364996064,23.989342353639056,5.113398544733833,599.616210566128,-0.00023002840435726313,2.179347154651623e-05,False,True,RELEASE,RELEASED,
5.390000000001172,SLOWDOWN_1,0.19754619313277808,1131.856312538443,35.918520966315114,-0.050392464285035084,265.0043916249429,1.6949639280675421,-0.8582408566716012,1.4616173744827161,0.9512406749913357,-4.193729418805493,-497.07316902837783,393.9334719790832,670.8839395829947,85.58569163818584,17.556831895126535,-0.0028264840192946394,393.93347197914017,373.91856504374834,351.24957576013315,0.05109694777212326,300.0,0.9999999999999889,373.8674680959762,23.98934214023816,5.113500886187957,599.6162049332434,-9.321447315624454e-05,2.1789605227695574e-05,False,True,RELEASE,RELEASED,
5.400000000001149,SLOWDOWN_1,0.19755043816054588,1131.880634755944,35.919295000021854,-0.05039240029187217,265.0068350255613,1.6949524148585906,-0.8582524110198597,1.461597238507779,0.9512291428071443,-4.19371459190675,-497.082093090872,393.94240764219444,670.880882765867,85.58531725756635,17.55715565256627,-0.0027874614550569277,393.9424076422528,373.92698905190025,351.25274739869775,0.05276918786387341,300.0,0.9999999999999889,373.8742198640364,23.98934194946861,5.113592374245344,599.6162040002472,3.327111063544663e-05,2.1785475723845593e-05,False,True,RELEASE,RELEASED,
5.4100000000011255,SLOWDOWN_1,0.1975547054090733,1131.9050842890194,35.920073348402745,-0.050392328276757034,265.0093507046716,1.69494115401938,-0.8582640365751214,1.4615773531053105,0.9512177465341553,-4.19370074313534,-497.0911889303482,393.9514835338895,670.8781237683552,85.58496563429819,17.557488990227906,-0.002749228065567877,393.95148353395575,373.93554874136566,351.25601783403044,0.05436672736766468,300.0,0.9999999999999889,373.881182013998,23.989341799674115,5.113664211741692,599.6162072534488,0.0001415212347772865,2.178164265842497e-05,False,True,RELEASE,RELEASED,
5.420000000001102,SLOWDOWN_1,0.19755899304012323,1131.9296506053465,35.92085570928678,-0.050392247302638346,265.01193537492287,1.6949301388532625,-0.858275727930486,1.4615577136871922,0.9512064838244867,-4.193687839410405,-497.10044800711773,393.96069229072066,670.8756521583522,85.584636007124,17.55783147279058,-0.0027117635171975962,393.9606922907904,373.9442370399269,351.2593826125514,0.05589196917111394,300.0,0.9999999999999889,373.8883450707558,23.98934170264887,5.113710742495458,599.6162139482619,0.0002264554170166022,2.1777891276997252e-05,False,True,RELEASE,RELEASED,
5.430000000001079,SLOWDOWN_1,0.19756329927896618,1131.9543235364742,35.92164170717554,-0.0503921589143853,265.0145858549964,1.6949193628544286,-0.8582874798644916,1.4615383157778388,0.9511953523860797,-4.193675848658416,-497.1098620604851,393.97002679167366,670.8734578243665,85.58432763788542,17.55818267897382,-0.002675048045261974,393.9700267917425,373.95304710799763,351.2628374241265,0.05734724361298049,300.0,0.9999999999999889,373.89569986438465,23.989341663919713,5.113729315977372,599.6162232079988,0.0002856980145935495,2.177373437461938e-05,False,True,RELEASE,RELEASED,
5.4400000000010555,SLOWDOWN_1,0.1975676224124371,1131.9790932666897,35.922431028476566,-0.05039206317388246,265.017299066408,1.6949088197023556,-0.8582992873354784,1.4615191550110596,0.9511843499811587,-4.193664739783378,-497.11942310032424,393.97948015083153,670.871530965954,85.58403981083748,17.558542201113486,-0.0026390624590817424,393.97948015090816,373.961972331567,351.2663780977417,0.058734810644921254,300.0,0.9999999999999889,373.90323752092206,23.98934168345722,5.113719946304058,599.6162341149213,0.00031927132547160397,2.176925107733041e-05,False,True,RELEASE,RELEASED,
5.450000000001032,SLOWDOWN_1,0.19757196078705014,1132.0039503222172,35.923223384099785,-0.05039195974384703,265.02007203040336,1.6948985032563608,-0.858311145476055,1.461500227126987,0.9511734744247383,-4.193654482637557,-497.12912339886265,393.98904571022507,670.8698620844168,85.58377183198115,17.558909644750052,-0.0026037880937224145,393.98904571030357,373.97100631533795,351.27000059730676,0.0600568619120736,300.0,0.9999999999999889,373.91094945342587,23.98934175668363,5.113684828845512,599.6162457879827,0.0003291605417867771,2.1765382768990094e-05,False,True,RELEASE,RELEASED,
5.460000000001009,SLOWDOWN_1,0.1975763128071687,1132.028885560732,35.924018448757614,-0.05039184965296454,265.022901864948,1.6948884075504125,-0.8583230495877776,1.4614815279691733,0.9511627235831697,-4.193645047993387,-497.1389554827452,393.99871703292166,670.8684419738179,85.58352302841934,17.559284628229463,-0.002569206826478876,393.998717033005,373.9801428761031,351.273701017582,0.06131552280538699,300.0,0.9999999999999889,373.91882735329773,23.989341875646915,5.1136277771857825,599.6162574437101,0.00031880702086262147,2.1761972504918958e-05,False,True,RELEASE,RELEASED,
5.470000000000986,SLOWDOWN_1,0.19758067693323203,1132.053890161201,35.92481594031232,-0.050391732966300624,265.0257857818057,1.6948785267879702,-0.8583349951359923,1.4614630534816326,0.9511520953727332,-4.193636407516118,-497.1489121253291,394.00848789632175,670.8672617122018,85.58329274772788,17.559666782315897,-0.002535301036743931,394.00848789640594,373.9893760363203,351.27747558022804,0.06251285445262056,300.0,0.9999999999999889,373.9268631818677,23.989342030240973,5.113553637945886,599.6162684386073,0.00029258163240530877,2.1758350726486242e-05,False,True,RELEASE,RELEASED,
5.480000000000962,SLOWDOWN_1,0.19758505168003232,1132.0789556140107,35.9256155856105,-0.050391609775179466,265.0287210837036,1.694868855337132,-0.8583469777447964,1.461444799706159,0.9511415877582675,-4.193628533737234,-497.1589863391977,394.0183522856375,670.8663126531585,85.58308035735158,17.56005574981589,-0.002502053610726307,394.01835228572395,373.99870001784427,351.2813206299711,0.06365085561640171,300.0,0.9999999999999889,373.93504916222787,23.989342209370232,5.1134677322659154,599.6162782931932,0.0002552820981920334,2.175488185685026e-05,False,True,RELEASE,RELEASED,
5.490000000000939,SLOWDOWN_1,0.19758943561504447,1132.1040737113963,35.92641710291151,-0.050391480702046396,265.03170516158207,1.694859387725768,-0.8583589931921788,1.461426762779536,0.9511311987518435,-4.193621400028681,-497.16917136890373,394.02830438758156,670.8655864175547,85.58288524401117,17.560451185213946,-0.0024694479035360928,394.02830438767484,374.00810923587727,351.2852326308842,0.0647314645649999,300.0,0.9999999999999889,373.94337777131227,23.9893424019796,5.113375361880559,599.6162866991186,0.0002116884662966001,2.1750614507709543e-05,False,True,RELEASE,RELEASED,
5.500000000000916,SLOWDOWN_1,0.19759382735680536,1132.1292365381573,35.92722024445813,-0.05039134564716884,265.03473549192546,1.6948501186368936,-0.8583710374052956,1.4614089389309377,0.951120926411469,-4.193614980577893,-497.17946068393246,394.0383385842372,670.8650748855603,85.58270681313014,17.560852754318727,-0.0024374677545893064,394.03833858433075,374.0175982930899,351.2892081627768,0.06575656087977677,300.0,0.9999999999999889,373.95184173221014,23.98934259789506,5.113281405978588,599.6162935118966,0.00016620029028935335,2.174665763732264e-05,False,True,RELEASE,RELEASED,
5.510000000000892,SLOWDOWN_1,0.1975982255733406,1132.154436462643,35.92802475757386,-0.05039120491771297,265.03780963417336,1.6948410429041545,-0.8583831064558584,1.4613913244793924,0.9511107688398392,-4.19360925036341,-497.1898479718542,394.04844944710055,670.8647701889065,85.58254448828063,17.56126013392008,-0.0024060974463395723,394.04844944720037,374.02716197391203,351.2932439176934,0.06672796720090446,300.0,0.9999999999999889,373.9604340067111,23.989342788444976,5.11319002324924,599.6162987324172,0.00012256847659042336,2.1743292336395825e-05,False,True,RELEASE,RELEASED,
5.520000000000869,SLOWDOWN_1,0.19760262898064018,1132.179666128017,35.92883039195786,-0.05039105900632457,265.0409252282074,1.6948321555074313,-0.8583951965557334,1.4613739158312664,0.9511007241831171,-4.193604185131518,-497.2003271317219,394.05863173133275,670.8646647033506,85.58239771064356,17.56167301145606,-0.0023753217101329938,394.0586317314302,374.0367952389875,351.2973366965154,0.06764745091618352,300.0,0.9999999999999889,373.9691477880713,23.989342966854,5.113104462969682,599.6163024806374,8.372526870559227e-05,2.173976929498167e-05,False,True,RELEASE,RELEASED,
5.530000000000846,SLOWDOWN_1,0.1976070363411769,1132.2049184437717,35.929636918129084,-0.050390908044024706,265.04407999191477,1.6948234515686058,-0.8584073040525875,1.4613567094779052,0.9510907906297523,-4.193599761373244,-497.21089226762007,394.06888037014545,670.8647510413996,85.5822659384867,17.56209108469013,-0.0023451257009696747,394.0688803702474,374.0464932198436,351.3014834056642,0.06851672584724611,300.0,0.9999999999999889,373.9779764939964,23.989343128420593,5.11302697987877,599.616304964939,5.1707638828446534e-05,2.1736674284511537e-05,False,True,RELEASE,RELEASED,
5.5400000000008225,SLOWDOWN_1,0.19761144646247156,1132.2301865775041,35.93044412229152,-0.05039075194273298,265.04727171882155,1.6948149263473917,-0.8584194254257166,1.4613397019932426,0.9510809664093307,-4.193595956302226,-497.2215376824327,394.07919046937695,670.8650220452073,85.58214864665321,17.562514061397714,-0.0023154949951731396,394.07919046947944,374.05625121363573,351.30568105390233,0.0693374538030298,300.0,0.9999999999999889,373.9869137598327,23.989343270503653,5.112958840576101,599.6163064502355,2.7663052217796746e-05,2.17328110352355e-05,False,True,RELEASE,RELEASED,
5.550000000000799,SLOWDOWN_1,0.19761585819569794,1132.2554639469251,35.93125177609477,-0.050390591271876235,265.0504982757988,1.6948065752373482,-0.8584315572819676,1.461322890031565,0.9510712497914622,-4.193592747833159,-497.23225787178285,394.08955730221714,670.8654707797207,85.5820453260715,17.562941659062314,-0.0022864155676529663,394.0895573023232,374.06606467811025,351.30992674922965,0.07011124614740538,300.0,0.9999999999999889,373.99595343196285,23.989343392353756,5.1129004044656865,599.6163072275095,1.1922321461632635e-05,2.172879726458632e-05,False,True,RELEASE,RELEASED,
5.560000000000776,SLOWDOWN_2,0.19762131207284991,1132.2867123612043,35.92554241162365,-0.05058651528747656,265.050945871898,1.6936524239948134,-0.8582413171041025,1.4600960156506564,0.9510050716020491,-4.191179832670825,-496.9598745994055,394.00288702398245,670.3033681012962,85.47394056360594,17.563000976896955,-0.0799539650799943,394.0028870239927,373.98683325573234,351.31404531971015,-0.017889286382796854,299.64,0.9999999999999889,374.00472254211513,23.989343522161256,5.112838152198897,599.6163341794189,0.002644055789815525,2.172241983089407e-05,False,True,RELEASE,RELEASED,
5.570000000000753,SLOWDOWN_2,0.19763719016777592,1132.377687143801,35.92963034148761,-0.05055138463833565,265.0254451153897,1.6912256067931277,-0.8571319741500221,1.4579330684096818,0.9507803254016685,-4.183917430907594,-496.13861096313394,393.45574964499224,669.2460037232884,85.22593893395289,17.55962163965261,-0.10269925546691638,393.4557496502848,373.4837316943778,351.29913249232317,-0.4892394870084331,299.03999999999996,0.9999999999999889,373.97297118138624,23.989344139183487,5.11254224453106,599.6165160358032,0.007111396106101786,2.1711979854899255e-05,False,True,RELEASE,RELEASED,
5.580000000000729,SLOWDOWN_2,0.19766515524646944,1132.53791524209,35.934369123048995,-0.0505614753422404,264.98756988992875,1.689695960214241,-0.8563970837299321,1.4565907019280309,0.95049111343183,-4.178713135287614,-495.59158837025234,393.0622261542272,668.5342521272873,85.07037484021711,17.55460304904247,-0.09561567323470399,393.0622261673554,373.11986438113445,351.26019622835446,-0.7702127533525527,298.43999999999994,0.9999999999999889,373.890077134487,23.98934589636594,5.11169954586318,599.6168148271016,0.009287236569468504,2.17024430071433e-05,False,True,RELEASE,RELEASED,
5.590000000000706,SLOWDOWN_2,0.1977008456830461,1132.7424063805722,35.94048235264961,-0.05057243924001295,264.9478117871263,1.6887387571825987,-0.8560852803710676,1.4556636227997934,0.9501783063237251,-4.175493867820549,-495.2992012874974,392.86016451650164,668.0085073836772,84.98047426825568,17.54933574269663,-0.0907732399566612,392.86016453265637,372.9309516590415,351.21086754374613,-0.8541194949870601,297.8399999999999,0.9999999999999889,373.78507115402857,23.98934898720268,5.1102172612417185,599.6171624774538,0.009978098060586582,2.1695570865176705e-05,False,True,RELEASE,RELEASED,
5.600000000000683,SLOWDOWN_2,0.19774152539964845,1132.9754839878826,35.94755925039862,-0.05058174334447948,264.9096347688842,1.6880360234830312,-0.8559878351252642,1.4549056473510467,0.9498564110068223,-4.173257131315628,-495.13573861878797,392.7588447961119,667.5644651624218,84.9208272609525,17.54427864834591,-0.08821208662254776,392.7588448118196,372.8343622745013,351.1597838057235,-0.8419824602899553,297.2399999999999,0.9999999999999889,373.67634473479126,23.98935330069839,5.108148620652914,599.6175177717315,0.009770926567145288,2.1689205425445834e-05,False,True,RELEASE,RELEASED,
5.610000000000659,SLOWDOWN_2,0.19778588583376092,1133.2296505530835,35.95533518481207,-0.05059016946834299,264.87440285014014,1.6874491976724881,-0.8559921528615032,1.4542222075615032,0.9495314133584062,-4.171486402398423,-495.03668000511624,392.70859031872897,667.162136045969,84.87512868838,17.53961232130459,-0.08665132329753078,392.70859033246796,372.7847899186359,351.110906398793,-0.7875391485781051,296.6399999999999,0.9999999999999889,373.572329067214,23.98935858206976,5.105615811004838,599.6178548108974,0.008982558180562705,2.168356064657928e-05,False,True,RELEASE,RELEASED,
5.620000000000636,SLOWDOWN_2,0.1978332918636753,1133.5012670968401,35.96368412439489,-0.05059802658719976,264.8426775339088,1.6869187424732077,-0.8560469981601524,1.4535743464468482,0.9492059553255936,-4.169948910063421,-494.9728318687148,392.6867123588996,666.7850392586294,84.83624916621868,17.535410960832497,-0.08554061723810946,392.6867123702319,372.76153497782576,351.0659560791438,-0.7151484093316753,296.03999999999985,0.9999999999999889,373.47668338715744,23.98936451780199,5.10276918541292,599.6181569936414,0.007833481385340235,2.1678497432731092e-05,False,True,RELEASE,RELEASED,
5.630000000000613,SLOWDOWN_2,0.1978834133357042,1133.788441977864,35.97254227725134,-0.050605424955707634,264.8146559877824,1.6864178410227895,-0.8561288619697325,1.452944770534096,0.9488812114911318,-4.168538080408873,-494.9307263827032,392.6827130122348,666.4257212840454,84.80095918220039,17.531700506481883,-0.08464631821351531,392.68271302119996,372.7550134345228,351.02563864288294,-0.6358925795452137,295.4399999999998,0.9999999999999889,373.39090601406804,23.98937078637877,5.099762934545876,599.6184147133454,0.006500261424505993,2.1673450248727022e-05,False,True,RELEASE,RELEASED,
5.640000000000589,SLOWDOWN_2,0.19793606091439378,1134.0900903839138,35.98187348935192,-0.05061241527582298,264.79036766942306,1.6859341169799535,-0.8562267945424601,1.4523255568585578,0.9485576924007533,-4.167204263907635,-494.90399821412586,392.69161172044954,666.0806077323765,84.76776450090713,17.52848470262706,-0.08386270985874944,392.69161172727235,372.7606717910255,350.9901964137939,-0.5548372350116324,294.8399999999998,0.9999999999999889,373.31550902603715,23.989377091423933,5.0967391927799435,599.6186240692408,0.0051281311735555946,2.166831592376184e-05,False,True,RELEASE,RELEASED,
5.650000000000566,SLOWDOWN_2,0.19799111133553507,1134.4055060630951,35.991654380420535,-0.050619025985657186,264.7697661406174,1.685461765953322,-0.8563356276762337,1.4517130078851128,0.9482356051847192,-4.165923962594005,-494.88954905599377,392.7109693669288,665.7478728476883,84.73596331578995,17.52575726553931,-0.0831408922641117,392.7109693719134,372.77627388742115,350.95966017415424,-0.4742808688105242,294.2399999999998,0.9999999999999889,373.2505547562317,23.989383183081895,5.0938177846604775,599.6187858014138,0.0038330132473012313,2.1662906590336206e-05,False,True,RELEASE,RELEASED,
5.660000000000543,SLOWDOWN_2,0.19804847295928854,1134.7341639578044,36.00186763196788,-0.05062527640484255,264.7527716253427,1.6849980065541028,-0.8564528678052099,1.4511053605164348,0.9479150179525531,-4.164685763842754,-494.8857935306074,392.7395250653793,665.4264951783302,84.70521890751994,17.523507520825216,-0.08245796311626918,392.7395250688435,372.80065808271235,350.9339653024335,-0.3952449563428786,293.63999999999976,0.9999999999999889,373.1959030390552,23.98938887024737,5.091090359769752,599.6189042457745,0.0027012483031301215,2.1659343815372267e-05,False,True,RELEASE,RELEASED,
5.6700000000005195,SLOWDOWN_2,0.19810806982517695,1135.0756288465657,36.012498941022024,-0.05063118104771404,264.7392906742118,1.6845414563547085,-0.8565772621650813,1.4505017449556605,0.947595935398429,-4.163483860594299,-494.89185082236764,392.7765671808521,665.1158292872383,84.67536360923556,17.521723006671213,-0.0818029743913371,392.7765671830972,372.8331638304111,350.9130054028743,-0.3181615055777911,293.03999999999974,0.9999999999999889,373.1513253359889,23.98939402529852,5.088618122723626,599.6189862843711,0.0017898263616995536,2.1654788326941343e-05,False,True,RELEASE,RELEASED,
5.680000000000496,SLOWDOWN_2,0.1981698342396794,1135.4295128740741,36.023535580914164,-0.0506367523011285,264.729225233797,1.684091384128973,-0.856708136030334,1.4499017069294284,0.9472783337568355,-4.162315059520077,-494.907171239049,392.8216426072396,664.8154093343317,84.64630845098398,17.520390673221613,-0.08117049239604057,392.8216426085504,372.8733666347208,350.8966570659882,-0.24319075947425972,292.4399999999997,0.9999999999999889,373.11655739419507,23.989398582750415,5.086432478846935,599.6190403276598,0.001128011144592378,2.1651508347986237e-05,False,True,RELEASE,RELEASED,
5.690000000000473,SLOWDOWN_2,0.19823370330705736,1135.7954556742936,36.034965729153704,-0.05064200163360633,264.72247680704936,1.6836473641406666,-0.8568450858554436,1.4493049870966401,0.9469621770072322,-4.161177396734185,-494.9313632833427,392.87442211809685,664.5248583178893,84.61800137293706,17.5194974317147,-0.08055763940495808,392.87442211874315,372.9209552915422,350.8847912786466,-0.17036819530028424,291.8399999999997,0.9999999999999889,373.0913234868425,23.989402533225128,5.0845379258970205,599.6190753807101,0.000720424089934113,2.1647638504873612e-05,False,True,RELEASE,RELEASED,
5.70000000000045,SLOWDOWN_2,0.19829961728658724,1136.173114958091,36.046778209935155,-0.05064693839493695,264.7189483356841,1.6832091157852846,-0.8569878368993797,1.4487114187681414,0.9466474243891282,-4.160069495753799,-494.9641133361505,392.9346378220291,664.2438458658473,84.59040784352811,17.519030401987646,-0.07996273139406185,392.9346378222502,372.9756748621157,350.87727865144683,-0.09967263438034024,291.23999999999967,0.9999999999999889,373.075347496496,23.98940591413619,5.082916521523865,599.6191002404827,0.0005512882195768398,2.1642469505422923e-05,False,True,RELEASE,RELEASED,
5.710000000000426,SLOWDOWN_2,0.19836751879793865,1136.5621619603905,36.05896221633136,-0.050651573702837085,264.71854502437526,1.6827764289786054,-0.8571361769995838,1.4481208803150811,0.946334033878039,-4.158990268866455,-495.00514820388616,393.0020539897971,663.9720684542015,84.56350184327276,17.51897701995555,-0.0793846491402519,393.002053989818,373.0373000684722,350.8739917789057,-0.031057831110274492,290.63999999999965,0.9999999999999889,373.06835789958245,23.989408798435992,5.081533279711819,599.619122857697,0.0005893887372447892,2.1638537077706133e-05,False,True,RELEASE,RELEASED,
5.720000000000403,SLOWDOWN_2,0.1984373524217161,1136.9622791514457,36.0715073758792,-0.05065591641241427,264.72117467349074,1.682349129318055,-0.8572899256659463,1.4475332729401746,0.9460219637799159,-4.157938777695211,-495.05421754645437,393.0764533574705,663.7092400243247,84.53726165587757,17.5193250801282,-0.07882254702201408,393.07645335749953,373.10562279663765,350.8748062689469,0.03553287460840693,290.0399999999996,0.9999999999999889,373.07008992202924,23.98941128265715,5.080341905867866,599.6191498804726,0.0007932830794086243,2.1633331130033184e-05,False,True,RELEASE,RELEASED,
5.73000000000038,SLOWDOWN_2,0.1985090644848546,1137.373159007247,36.08440360070699,-0.050659976345905064,264.72674778386823,1.6819270617376791,-0.8574489195967381,1.4469485102407509,0.9457111734475429,-4.156914167745461,-495.1110855497936,393.1576306255836,663.4550874365993,84.51166789429746,17.520062748055953,-0.07827571814385692,393.1576306258053,373.18044615965744,350.87960115445753,0.1001597769003979,289.4399999999996,0.9999999999999889,373.08028638275704,23.989413475300015,5.079290365887464,599.6191863809099,0.0011163358327790363,2.1629126649713726e-05,False,True,RELEASE,RELEASED,
5.740000000000356,SLOWDOWN_2,0.19858260293339655,1137.7945032805865,36.09764112717341,-0.05066376246219842,264.73517755710554,1.6815100827734675,-0.8576130058228222,1.446366513271231,0.9454016235873981,-4.1559156373192,-495.1755268982714,393.24538930321063,663.2093481846968,84.48670256651377,17.52117855904805,-0.07774353050143645,393.2453893037986,373.2615816099033,350.88825901976475,0.16288367681192994,288.8399999999996,0.9999999999999889,373.0986979330914,23.989415486397228,5.078325890766348,599.619235752094,0.001511233655429045,2.162533024829827e-05,False,True,RELEASE,RELEASED,
5.750000000000333,SLOWDOWN_2,0.1986579172467646,1138.2260225098778,36.111210499509944,-0.05066728287911613,264.74637984804394,1.6810980568590272,-0.8577820384408069,1.4457872081684533,0.9450932763748539,-4.154942422575462,-495.2473247694406,393.33954012809517,662.971769166166,84.46234862868661,17.522661410661193,-0.07722539800454342,393.33954012920117,373.3488474883373,350.9006659948656,0.22376447124980814,288.23999999999955,0.9999999999999889,373.1250830170875,23.989417418843612,5.0773991345882505,599.6192997523914,0.0019337326517803177,2.1622498707074556e-05,False,True,RELEASE,RELEASED,
5.76000000000031,SLOWDOWN_2,0.19873495837248517,1138.6674356451504,36.12510247738957,-0.05067054721651768,264.76027309670883,1.6806908545010253,-0.8579558770006521,1.4452105249836196,0.9447860954805601,-4.153993790052713,-495.3262697674126,393.43990021595135,662.7421059558353,84.4385897648265,17.524500552560962,-0.07672076592803023,393.4399002177241,373.4420682387684,350.9167116907694,0.28286053009816214,287.63999999999953,0.9999999999999889,373.15920770867024,23.989419361837257,5.0764673200376125,599.6193786669676,0.0023454918912841904,2.16201582929898e-05,False,True,RELEASE,RELEASED,
5.7700000000002865,SLOWDOWN_2,0.19881367867129887,1139.1184697335536,36.13930816716729,-0.05067356248622324,264.77677825207707,1.6802883513417104,-0.8581343856830014,1.4446363970782061,0.9444800460557843,-4.1530690327464574,-495.4121593057057,393.54629256064993,662.520122318372,84.4154102737288,17.526685575387404,-0.0762291040611558,393.546292563214,373.5410739422399,350.936289108995,0.34022844651030937,287.0399999999995,0.9999999999999889,373.2008454957296,23.989421386552916,5.075496313350565,599.6194715529057,0.0027159421931823857,2.161700967917568e-05,False,True,RELEASE,RELEASED,
5.780000000000263,SLOWDOWN_2,0.19889403186797186,1139.5788596375282,36.15381886011034,-0.050676337537021096,264.7958186934905,1.6798904276391509,-0.8583174328455853,1.4440647607870682,0.9441750946992222,-4.152167467854181,-495.50479720352723,393.65854570095314,662.3055898384646,84.39279500632355,17.529206399388983,-0.07574990313639773,393.6585457044233,373.645700003657,350.95929454102134,0.3959229590206519,286.4399999999995,0.9999999999999889,373.24977704463635,23.989423543975906,5.074461663123906,599.6195765340659,0.003023221801259801,2.161288767865699e-05,False,True,RELEASE,RELEASED,
5.79000000000024,SLOWDOWN_2,0.19897597300557146,1140.0483477728242,36.16862615328775,-0.05067887929641767,264.81732015241073,1.6794969679468037,-0.8585048907455662,1.4434955552091073,0.9438712094158492,-4.151288435318602,-495.60399338657703,393.7764934691819,662.0982876113309,84.3707293270869,17.532053263176103,-0.07528267286795653,393.7764934736674,373.7557869133764,350.9856274649768,0.44999695282456287,285.83999999999946,0.9999999999999889,373.30578996055186,23.98942586467208,5.073348710643344,599.6196911140793,0.003254276147672819,2.1609543580325408e-05,False,True,RELEASE,RELEASED,
5.8000000000002165,SLOWDOWN_2,0.19905945840212996,1140.526683860202,36.18372183297724,-0.05068119593006697,264.8412106357311,1.6791078608893937,-0.8586966353468394,1.4429287220596076,0.9435683595727921,-4.150431296760081,-495.70956364098697,393.89997478184654,661.898001966328,84.34919908709702,17.53521671274992,-0.07482694070819207,393.89997478743396,373.87118004740216,351.0151904429272,0.5025014968474011,285.23999999999944,0.9999999999999889,373.36867855055476,23.989428360161742,5.072151930986644,599.6198124802632,0.003404265179556276,2.1607506425880274e-05,False,True,RELEASE,RELEASED,
5.810000000000193,SLOWDOWN_2,0.19914444560916789,1141.0136246877896,36.199097947298974,-0.050683294510959376,264.86742035117254,1.678722998986625,-0.8588925461694642,1.4423642055532244,0.9432665158545362,-4.1495954346052955,-495.82132939608334,394.0288334533337,661.7045262107165,84.3281906028788,17.538687590871184,-0.07438225100031559,394.02883346011436,373.9917294889328,351.04788902027616,0.5534858962334965,284.6399999999994,0.9999999999999889,373.4382435926993,23.98943102550254,5.070873694341893,599.6199377767949,0.0034754488118142746,2.1602960032396368e-05,False,True,RELEASE,RELEASED,
5.82000000000017,SLOWDOWN_2,0.19923089337179772,1141.5089338824935,36.214746771489786,-0.05068518181765607,264.89588163496677,1.6783422785019266,-0.8590925061609848,1.441801952303116,0.9429656502185462,-4.148780251321263,-495.93911752440397,394.1629180236231,661.5176603873888,84.30769063828933,17.542457026791585,-0.0739481642980877,394.16291803166763,374.1172898629774,351.08363162793495,0.60299775067989,284.0399999999994,0.9999999999999889,373.5142921122975,23.98943384266514,5.069522647115849,599.6200643318124,0.0034757301554542153,2.159961371717145e-05,False,True,RELEASE,RELEASED,
5.830000000000147,SLOWDOWN_2,0.19931876159025466,1142.0123816895853,36.23066076777895,-0.0506868652946864,264.926528881876,1.6779655993052212,-0.8592964015799257,1.4412419112291737,0.942665735851797,-4.14798516871074,-496.0627601533009,394.30208159561175,661.3372110434042,84.28768638811144,17.546516426349868,-0.073524256772032,394.3020816049934,374.24772018008935,351.1223294875048,0.6510830142392479,283.4399999999994,0.9999999999999889,373.5966371658501,23.98943678430002,5.068111905473021,599.620189829353,0.0034170299130762416,2.1595160262677382e-05,False,True,RELEASE,RELEASED,
5.840000000000123,SLOWDOWN_2,0.19940801128275884,1142.5237447599181,36.246832646587755,-0.05068835108040289,264.95929847752853,1.677592864744603,-0.8595041218869538,1.4406840334720659,0.9423667471284224,-4.147209627248548,-496.1920944854067,394.446181679902,661.1629910077364,84.26816546273864,17.550857462426016,-0.073110119659475,394.44618169067445,374.3828836871023,351.1638965195322,0.6977860544375858,282.83999999999935,0.9999999999999889,373.68509763266474,23.989439817536304,5.06665723350129,599.6203124229542,0.0033136469251440204,2.1591886763872026e-05,False,True,RELEASE,RELEASED,
5.8500000000001,SLOWDOWN_2,0.1994986045496408,1143.042805944382,36.263255302533906,-0.050689645674209104,264.9941287330243,1.6772239815242913,-0.8597155596414566,1.4401282723113846,0.9420686595685713,-4.146453085448504,-496.32696262651746,394.5950800459172,660.9948191772806,84.24911587363187,17.55547206574367,-0.07270535877478324,394.5950800581244,374.52264772401276,351.2082492548051,0.7431497100008642,282.2399999999993,0.9999999999999889,373.7794980140119,23.98944290751607,5.065175348251996,599.6204307927484,0.0031807328938615598,2.158830386633781e-05,False,True,RELEASE,RELEASED,
5.860000000000077,SLOWDOWN_2,0.19959050453867858,1143.5693540952984,36.27992183173222,-0.05069075525136693,265.03095982174113,1.6768588595876468,-0.8599306104023678,1.4395745830871685,0.9417714497984857,-4.1457150192554355,-496.4672114200619,394.74864257867137,660.832520310585,84.23052601939978,17.560352416008342,-0.07230959401783821,394.74864259236836,374.6668835862314,351.25530674862483,0.7872153466278746,281.6399999999993,0.9999999999999889,373.8796682396035,23.989446020441257,5.063682458505588,599.6205441518958,0.0030329774520847508,2.1585596073236957e-05,False,True,RELEASE,RELEASED,
5.870000000000053,SLOWDOWN_2,0.1996836754115965,1144.1031838744732,36.29682550013164,-0.050691686403194006,265.06973371827297,1.6764974120045129,-0.8601491726326883,1.4390229231242744,0.9414750955117934,-4.144994921459622,-496.61269228767543,394.90673914080224,660.6759248288512,84.21238467241372,17.565490933369038,-0.07192245890905724,394.90673915602736,374.815466391878,351.3049904979646,0.8300229107458108,281.0399999999993,0.9999999999999889,373.98544348113217,23.989449125988077,5.06219310687437,599.6206522110227,0.002883566229085588,2.1582013403076417e-05,False,True,RELEASE,RELEASED,
5.88000000000003,SLOWDOWN_2,0.19977808231168911,1144.644095567695,36.31395980271941,-0.050692444252046845,265.11039413943195,1.6761395548626024,-0.8603711476073497,1.438473251659486,0.941179575431995,-4.144292301131885,-496.76326107553507,395.069243439574,660.5248686239446,84.19468096591652,17.57088027019124,-0.07154360014482108,395.06924345635787,374.96827495389516,351.35722436142487,0.8716109812791046,280.43999999999926,0.9999999999999889,374.09666397261606,23.9894521990183,5.060719349105613,599.6207551109604,0.0027434423901899763,2.157890014586883e-05,False,True,RELEASE,RELEASED,
5.890000000000007,SLOWDOWN_2,0.1998736913325266,1145.1918949054316,36.331318360013874,-0.05069303528295664,265.1528864872434,1.6757852071625337,-0.8605964393242237,1.437925529771011,0.9408848692761141,-4.143606683078152,-496.91877790617417,395.2360328986264,660.3791928730484,84.17740438158481,17.576513303129246,-0.07117267716461129,395.23603291699266,375.12519165670477,351.4119344818941,0.9120168194148732,279.83999999999924,0.9999999999999889,374.2131748372899,23.98945522058351,5.059270272457218,599.6208533346919,0.0026208733360659764,2.15757391401894e-05,False,True,RELEASE,RELEASED,
5.8999999999999835,SLOWDOWN_2,0.19997046948770741,1145.746392889524,36.34889502820044,-0.050693463997207706,265.19715779386445,1.6754342907164057,-0.8608249544180732,1.4373797203103666,0.9405909577194821,-4.142937607312452,-497.07910703553006,395.40698853424556,660.2387438597536,84.1605447375238,17.582383125485965,-0.07080936172565089,395.40698855421886,375.28610233722316,351.4690492118206,0.9512764164358032,279.2399999999992,0.9999999999999889,374.33482592078735,23.98945817827323,5.057851828741662,599.6209476089765,0.0025213005978654834,2.157184201223572e-05,False,True,RELEASE,RELEASED,
5.90999999999996,SLOWDOWN_2,0.20006838468162166,1146.3074056256733,36.366683768235255,-0.050693736544769094,265.243156668362,1.6750867300499317,-0.8610566020774361,1.436835787836673,0.9402978223616268,-4.142284628548104,-497.24411671507823,395.58199483603306,660.1033728014069,84.14409217669427,17.588483039849315,-0.07045333749783822,395.58199485763146,375.4508961700901,351.5284990410079,0.9894245397188683,278.6399999999992,0.9999999999999889,374.46147163037125,23.98946106599883,5.056466937963809,599.6210388050735,0.002447433261255405,2.1571108788975835e-05,False,True,RELEASE,RELEASED,
5.919999999999937,SLOWDOWN_2,0.2001674056811904,1146.8747541615187,36.38467872421512,-0.050693858308221006,265.2908332452869,1.6747424523076002,-0.8612912939641826,1.4362936985529033,0.9400054456932269,-4.141647315705674,-497.4136790587625,395.7609396517365,659.9729356823195,84.12803715571492,17.594806550994658,-0.07010429968357812,395.760939674974,375.619465556936,351.59021652684817,1.0264947769523474,278.03999999999917,0.9999999999999889,374.59297077998366,23.989463883331716,5.055115805687087,599.6211278463176,0.0023995337412916484,2.1568526619830664e-05,False,True,RELEASE,RELEASED,
5.929999999999914,SLOWDOWN_2,0.20026750208855063,1147.4482643301349,36.40287421932912,-0.05069383387760561,265.3401391349784,1.6744013871612378,-0.8615289441357651,1.4357534202445041,0.9397138110641082,-4.141025251437753,-497.5876699146306,395.9437140761319,659.8472930928415,84.11237043407371,17.60134735904243,-0.0697619546181727,395.94371410102144,375.7917060195103,351.65413622690704,1.062519578629292,277.43999999999915,0.9999999999999889,374.729186440881,23.989466634527147,5.053796391205154,599.6212156283914,0.002375839276798075,2.1565669840128976e-05,False,True,RELEASE,RELEASED,
5.93999999999989,SLOWDOWN_2,0.2003686443146498,1148.027766598739,36.42126470892695,-0.05069366826733165,265.39102737554674,1.6740634667214267,-0.8617694689700565,1.435214922219815,0.9394229026522525,-4.1404180316696815,-497.7659687409508,396.1302123438105,659.7263100738782,84.09708306369296,17.60809935286205,-0.06942601941409521,396.1302123703558,375.9675160965944,351.7201946337828,1.097530298943866,276.8399999999991,0.9999999999999889,374.86998579765054,23.989469327365118,5.052504963420363,599.6213029560979,0.0023730623565025866,2.1563271332070144e-05,False,True,RELEASE,RELEASED,
5.949999999999867,SLOWDOWN_2,0.2004708035537235,1148.6130959224581,36.43984479661917,-0.05069336631662826,265.4434523864689,1.6737286254520072,-0.8620127870925954,1.4346781752526665,0.9391327054337759,-4.139825265155544,-497.9484584866429,396.3203317256758,659.6098559668433,84.08216637886117,17.615056603711896,-0.06909622160588924,396.32033175388307,376.1467972444836,351.7883301121587,1.1315572350903835,276.2399999999991,0.9999999999999889,375.0152400093932,23.98947197193024,5.051236685984535,599.6213904985077,0.0023869174763344603,2.156051971269335e-05,False,True,RELEASE,RELEASED,
5.959999999999844,SLOWDOWN_2,0.20057395175862427,1149.2040916029746,36.45860923526894,-0.05069293253171228,265.4973699237464,1.6733968000874042,-0.8622588193062966,1.4341431515268188,0.938843205153863,-4.139246573049272,-498.13502547590133,396.5139724290791,659.4978042687385,84.06761198651189,17.622213359106667,-0.06877229879660263,396.5139724589473,376.32945374095243,351.85848283797384,1.1646296650756085,275.6399999999991,0.9999999999999889,375.1648240758768,23.989474579435054,5.049986181612515,599.6214787625839,0.0024126291478046014,2.155745534082598e-05,False,True,RELEASE,RELEASED,
5.96999999999982,SLOWDOWN_2,0.20067806161697405,1149.8005971518892,36.47755290887477,-0.05069237148320298,265.5527370365705,1.6730679295526067,-0.8625074885234199,1.433609824582152,0.9385543882986178,-4.13868158848988,-498.32555929680484,396.7110375014063,659.3900324921663,84.05341175682355,17.629564036903492,-0.06845399832900512,396.71103753292687,376.51539259254,351.93059473964183,1.196775884065346,275.03999999999905,0.9999999999999889,375.3186167084747,23.989477161169052,5.0487480361128485,599.6215680839632,0.0024453856477126834,2.1555577177423402e-05,False,True,RELEASE,RELEASED,
5.979999999999797,SLOWDOWN_2,0.20078310652811227,1150.402460158644,36.496670840323176,-0.05069168746173899,265.609512025444,1.6727419548859583,-0.8627587196998523,1.4330781692627823,0.9382662420678093,-4.138129956200949,-498.5199526938406,396.91143273704796,659.2864220302055,84.03955781415706,17.637103219598625,-0.06814107696175142,396.91143277022485,376.7045234451228,352.00460944124416,1.2280232394214181,274.43999999999903,0.9999999999999889,375.47650020570137,23.989479727631178,5.047517214419769,599.6216586325155,0.0024807135646129908,2.155267975467723e-05,False,True,RELEASE,RELEASED,
5.989999999999774,SLOWDOWN_2,0.20088906058081263,1151.0095321628478,36.515958190265465,-0.05069088439410703,265.66765440170826,1.6724188191644194,-0.8630124397714366,1.4325481616668474,0.9379787543484778,-4.137591332103028,-498.7181014640942,397.11506658754126,659.1868580258888,84.02604252828851,17.64482564882638,-0.0678333005620857,397.1150666223636,376.8967584974983,352.0804722076337,1.258398164319658,273.839999999999,0.9999999999999889,375.63836033317864,23.989482287879092,5.046289372671098,599.6217504295684,0.002514758782691473,2.1550060750996636e-05,False,True,RELEASE,RELEASED,
5.99999999999975,SLOWDOWN_2,0.20099589853174304,1151.6216685308616,36.5354102069473,-0.05068996717407221,265.72712484842873,1.6720984674313297,-0.8632685775925151,1.4320197790978997,0.9376919136893862,-4.137065382939457,-498.9199043570914,397.3218500748794,659.0912292461169,84.01285850595006,17.652726220053108,-0.06753044379325956,397.32185011133816,377.0920124180512,352.15812989138,1.2879262101945983,273.239999999999,0.9999999999999889,375.8040862078566,23.989484849105896,5.045061061203095,599.621843373384,0.0025444692870957297,2.154780366936393e-05,False,True,RELEASE,RELEASED,
6.009999999999727,SLOWDOWN_2,0.20110359578464543,1152.2387283365076,36.55502231701286,-0.050688938940729136,265.7878851825918,1.6717808466266468,-0.8635270638763944,1.4314930000180657,0.9374057092762756,-4.1365517859143335,-499.1252629780615,397.53169670777015,658.9994279599483,83.99999858265842,17.660799977458655,-0.06723228982514229,397.53169674585246,377.2902022642221,352.23753088149545,1.3166320778855152,272.63999999999896,0.9999999999999889,375.9735701863366,23.989487416435658,5.043829822620554,599.6219372694416,0.002567683532956444,2.1545324500493734e-05,False,True,RELEASE,RELEASED,
6.019999999999704,SLOWDOWN_2,0.20121212837020805,1152.8605742457457,36.57479002149916,-0.05068780396558973,265.84989831856893,1.6714659055193717,-0.8637878311378274,1.430967804002557,0.9371201309079168,-4.136050228342789,-499.33408169456254,397.74452240081337,658.9113498209509,83.9874558148136,17.66904210899836,-0.06693863006279344,397.7445224405054,377.49124740480875,352.31862505388125,1.3445396476694214,272.03999999999894,0.9999999999999889,376.1467077571393,23.989489992913807,5.042594196393268,599.6220318623298,0.002583134685012922,2.154293957801201e-05,False,True,RELEASE,RELEASED,
6.0299999999996805,SLOWDOWN_2,0.20132147292661112,1153.4870724052082,36.59470894998155,-0.05068656599311456,265.91312823280515,1.6711535946423477,-0.8640508136373792,1.4304441716958491,0.9368351689729177,-4.135560407312882,-499.5462675463231,397.96024539646066,658.8268937536367,83.97522347207926,17.677447941639077,-0.06664926385576564,397.9602454377562,377.6950694449581,352.40136372343346,1.371672008187602,271.4399999999989,0.9999999999999889,376.3233974367705,23.989492579658016,5.0413536465076545,599.6221268665404,0.0025903856029225736,2.1540683803777938e-05,False,True,RELEASE,RELEASED,
6.039999999999657,SLOWDOWN_2,0.20143160668071985,1154.1180923344443,36.614774851448175,-0.050685228405637356,265.9775399296863,1.670843866229137,-0.8643159473275642,1.4299220847692318,0.9365508144272737,-4.135082029358568,-499.7617301581607,398.17878618963107,658.7459618437165,83.96329503000909,17.686012936761976,-0.06636399824026284,398.17878623250346,377.90159215363815,352.48569959775296,1.3980514841958325,270.8399999999989,0.9999999999999889,376.5035406694423,23.989495176128994,5.040108431592176,599.6222219939805,0.0025897120498674653,2.1539017893701384e-05,False,True,RELEASE,RELEASED,
6.049999999999634,SLOWDOWN_2,0.2015425074299062,1154.753506821766,36.634983556484244,-0.05068379521389601,266.0430994085545,1.6705366741531045,-0.8645831698008497,1.4294015258798451,0.9362670587726315,-4.134614810143954,-499.9803816559428,398.4000674549677,658.6684592321385,83.95166416293806,17.694732685727505,-0.06608264769067773,398.4000674994072,378.1107413937822,352.57158673240673,1.4236996634621164,270.2399999999989,0.9999999999999889,376.68704173032006,23.989497780478818,5.0388594378706655,599.6223169766987,0.002581952442877622,2.1536998588089773e-05,False,True,RELEASE,RELEASED,
6.059999999999611,SLOWDOWN_2,0.20165415352447502,1155.3931918235573,36.65533104445501,-0.05068226903776926,266.1097736318192,1.6702319738683864,-0.8648524202392527,1.4288824786309733,0.9359838940352501,-4.134158474157573,-500.20213658536835,398.6240139765297,658.5942940126605,83.94032473710041,17.70360290559452,-0.06580503385657721,398.624014022513,378.3224450546089,352.658980487684,1.4486374224534302,269.63999999999885,0.9999999999999889,376.8738076321555,23.98950038993613,5.037607994428148,599.6224115839591,0.002568341681390862,2.1535368944114452e-05,False,True,RELEASE,RELEASED,
6.069999999999587,SLOWDOWN_2,0.20176652385067959,1156.0370263669604,36.67581332188335,-0.05068065450570188,266.17753049413955,1.6699297223529534,-0.8651236393656798,1.4283649275337496,0.9357013127456268,-4.133712754417218,-500.42691183358795,398.85055257993974,658.5233771329567,83.92927080399276,17.712619434989648,-0.06553098533379398,398.85055262745084,378.53663298647626,352.7478374867985,1.4728849512900979,269.0399999999988,0.9999999999999889,377.06374803518617,23.989503001192066,5.036355688128029,599.6225056333614,0.002550344658856396,2.1533208325763553e-05,False,True,RELEASE,RELEASED,
6.079999999999564,SLOWDOWN_2,0.20187959781430115,1156.6848924557933,36.696426576795524,-0.050678953744238336,266.246338792633,1.6696298780534482,-0.8653967693968462,1.4278488579700142,0.9354193079187839,-4.133277392184452,-500.6546265534843,399.0796120668423,658.4556222990144,83.91849659395378,17.721778230120382,-0.0652603374326759,399.07961211585894,378.7532369378099,352.83811557548887,1.4964617776261093,268.4399999999988,0.9999999999999889,377.2567751601838,23.98950561075727,5.035104192398599,599.622598996251,0.002529502254039251,2.153144453131972e-05,False,True,RELEASE,RELEASED,
6.089999999999541,SLOWDOWN_2,0.20199335532477763,1157.336674979615,36.71716705076055,-0.050677169963963146,266.31616819807965,1.6693324008319665,-0.8656717539976817,1.4273342561565576,0.9351378730351726,-4.132852136688413,-500.88520209052143,399.3111231515744,658.3909458828414,83.90799650996789,17.731075360926965,-0.06499293194690381,399.3111232020757,378.97219049426235,352.92977378296695,1.5193867897324935,267.8399999999988,0.9999999999999889,377.45280370452986,23.989508215267826,5.033855120506765,599.6226915980105,0.0025072993575978586,2.1529320520130568e-05,False,True,RELEASE,RELEASED,
6.099999999999517,SLOWDOWN_2,0.2021077767798621,1157.9922616258239,36.7380310669112,-0.050675306575145095,266.3869892270864,1.669037251914535,-0.8659485382373041,1.4268211091104237,0.934857002022196,-4.132436744859079,-501.1185619121272,399.5450184000312,658.3292668332364,83.89776512167485,17.740507007367967,-0.06472861694498988,399.5450184520042,379.1934290199367,353.0227722841698,1.5416782587263356,267.23999999999876,0.9999999999999889,377.65175076121034,23.989510811726014,5.0326099101013595,599.62278341417,0.0024850610388913452,2.152762539253672e-05,False,True,RELEASE,RELEASED,
6.109999999999494,SLOWDOWN_2,0.20222284305079413,1158.6515427946952,36.7590150614539,-0.05067336620931034,266.4587732151807,1.6687443938413262,-0.8662270685464186,1.4263094046153986,0.9345766892363198,-4.132030981069249,-501.3546315394714,399.7812321706084,658.2705065895951,83.88779715958462,17.750069455834776,-0.06446724655671687,399.7812322240163,379.416889600586,353.1170723632728,1.5633538599572603,266.63999999999874,0.9999999999999889,377.85353574062873,23.989513397669207,5.031369742211179,599.6228744633574,0.002463879719314832,2.1526645525682397e-05,False,True,RELEASE,RELEASED,
6.119999999999471,SLOWDOWN_2,0.2023385354679641,1159.3144115172458,36.780115532355104,-0.0506713521127182,266.5314922907997,1.6684537904185002,-0.8665072926760604,1.4257991311896168,0.934296929445753,-4.131634616884881,-501.5933384815378,400.01970055712746,658.2145889986236,83.87808750948363,17.75975909569016,-0.064208680761908,400.0197006119569,379.64251098880845,353.21263637841673,1.5844306936864996,266.0399999999987,0.9999999999999889,378.05808029512195,23.989515971266965,5.030135494688243,599.6229647982216,0.002444573343625578,2.15249448274335e-05,False,True,RELEASE,RELEASED,
6.1299999999994474,SLOWDOWN_2,0.20245483580705956,1159.980763375857,36.80132909360714,-0.050669266523275656,266.6051193501468,1.6681654066717158,-0.8667891596577908,1.4252902780542467,0.9340177178136823,-4.131247430824097,-501.83461217149755,400.26036133375237,658.1614402338697,83.86863120703687,17.76957241592651,-0.06395278522063563,400.26036138997193,379.8702335510417,353.3094277276129,1.6049253049448566,265.4399999999987,0.9999999999999889,378.2653082460968,23.98951853135188,5.028907727397492,599.6230544953838,0.0024276721207776575,2.152326987925335e-05,False,True,RELEASE,RELEASED,
6.139999999999424,SLOWDOWN_2,0.20257172627567205,1160.650496427537,36.822652388658454,-0.05066711307396447,266.6796280328856,1.6678792088010905,-0.867072619765077,1.424782835103188,0.9337390498820437,-4.1308692081236735,-502.0783839051785,400.503153901717,658.1109887179485,83.8594234325655,17.77950600193956,-0.06369943104368758,400.5031539593174,380.09999921639456,353.40741081578324,1.6248537027145744,264.83999999999867,0.9999999999999889,378.47514551368,23.989521077393853,5.027686694571211,599.6231436453538,0.0024134297105753433,2.1521713108541007e-05,False,True,RELEASE,RELEASED,
6.149999999999401,SLOWDOWN_2,0.20268918950035306,1161.3235111297588,36.84408220761764,-0.050664893379314714,266.75499269864116,1.6675951641377265,-0.8673576244760703,1.424276792873759,0.9334609215558122,-4.130499740513763,-502.3245867816919,400.74801923792427,658.0631650473828,83.85045950600494,17.789556532413034,-0.06344849464835534,400.74801929687163,380.3317514271965,353.5065510228973,1.644231378399752,264.23999999999864,0.9999999999999889,378.6875200487967,23.9895236094299,5.026472378460291,599.6232323432067,0.0024018535751952896,2.1520027246424434e-05,False,True,RELEASE,RELEASED,
6.1599999999993775,SLOWDOWN_2,0.20280720851410197,1161.9997102687698,36.8656153628654,-0.050662610521391094,266.8311884042861,1.6673132411016787,-0.8676441264374808,1.4237721425184322,0.9331833290877884,-4.130138825999584,-502.57315564601157,400.9948998452318,658.0179019200089,83.84173488203291,17.79972077631091,-0.06319985756402957,400.99489990550137,380.5654350912671,353.6068146731711,1.663073323676258,263.6399999999986,0.9999999999999889,378.90236176759083,23.989526127963014,5.02526453784421,599.6233206805821,0.002392748701144143,2.1518756852856313e-05,False,True,RELEASE,RELEASED,
6.169999999999354,SLOWDOWN_2,0.20292576674427354,1162.6789988903067,36.887248760763704,-0.05066026694029059,266.90819088197816,1.6670334091612804,-0.8679320794297151,1.4232688757774097,0.9329062690638782,-4.129786268650594,-502.82402703353654,401.2437397044539,657.9751340647706,83.83324514536142,17.809995589972626,-0.06295340624978962,401.24373976601885,380.8009965357294,353.70816900528877,1.6813940476307607,263.0399999999986,0.9999999999999889,379.1196024880986,23.98952863384335,5.024062765008641,599.6234087393859,0.002385768940258437,2.151777505332575e-05,False,True,RELEASE,RELEASED,
6.179999999999331,SLOWDOWN_2,0.20304484800088898,1163.3612842326247,36.90897938457512,-0.05065786486166282,266.9859765179322,1.6667556387937967,-0.8682214383331259,1.422766984952095,0.9326297383888366,-4.129441878396491,-503.0771391165125,401.49448422797843,657.934798173876,83.82498600618102,17.82037791430847,-0.06270903195502342,401.49448429082037,381.0383834624647,353.8105821436174,1.699207593361507,262.4399999999986,0.9999999999999889,379.3391758691032,23.989531128144094,5.022866545275424,599.6234965873729,0.002380470645626076,2.1517123059311416e-05,False,True,RELEASE,RELEASED,
6.189999999999308,SLOWDOWN_2,0.20316443646534,1164.0464756617741,36.93080427020411,-0.05065540692897967,267.06452233189225,1.6664799014475444,-0.8685121590953951,1.4222664628796085,0.9323537342724676,-4.129105470830131,-503.33243165229356,401.74708021495803,657.8968328372918,83.81695329577748,17.830864772090443,-0.062466630530877865,401.7470802790496,381.2775449050062,353.91402307037424,1.716527553927449,261.83999999999855,0.9999999999999889,379.56101735107876,23.989533612042464,5.021675314079709,599.6235842756005,0.0023763640976799394,2.151599773014823e-05,False,True,RELEASE,RELEASED,
6.199999999999284,SLOWDOWN_2,0.2032845166794701,1164.7344846090423,36.95272054286164,-0.05065289510331726,267.14380595729114,1.6662061695050214,-0.8688041986999554,1.4217673029078721,0.9320782542162662,-4.12877686701666,-503.589845933315,402.0014758080089,657.8611784793235,83.8091429622705,17.841453265336707,-0.06222610230065584,402.00147587332333,381.5184311869643,354.01846159872355,1.7333670877960685,261.23999999999853,0.9999999999999889,379.7850640991682,23.98953608671402,5.020488507646112,599.6236718376199,0.002372959168058131,2.1514569766623026e-05,False,True,RELEASE,RELEASED,
6.209999999999261,SLOWDOWN_2,0.20340507353502185,1165.4252245104908,36.974725374466,-0.050650331821269746,267.2238056220638,1.6659344162474883,-0.869097515135436,1.4212694988717904,0.9318032960004836,-4.128455893309018,-503.849324738769,402.2576204513591,657.8277772974283,83.80155106651695,17.85214057278464,-0.06198735189252602,402.2576205178729,381.76099388175817,354.1238683467638,1.7497389336529636,260.6399999999985,0.9999999999999889,380.0112549481052,23.989538553246025,5.019305604543976,599.623759290141,0.002369802772123286,2.1513512876936147e-05,False,True,RELEASE,RELEASED,
6.219999999999238,SLOWDOWN_2,0.20352609226344037,1166.1186107485328,36.99681601511743,-0.050647719046994125,267.30450013010085,1.6656646158206032,-0.8693920673661878,1.4207730450700227,0.931528857671604,-4.128142381169742,-504.11081228794285,402.51546485044844,657.7965732029969,83.79417377814414,17.862923947450774,-0.06175028810059757,402.5154649181411,382.0051857738119,354.2302147123792,1.7656554247910208,260.0399999999985,0.9999999999999889,380.23953034902087,23.989541012573024,5.018126156588025,599.6238466348716,0.0023665067310636445,2.1512433306725143e-05,False,True,RELEASE,RELEASED,
6.229999999999214,SLOWDOWN_2,0.2036475584260162,1166.8145605954574,37.0189897650238,-0.050645059019488015,267.3858688433151,1.6653967432012327,-0.8696878153036828,1.4202779362426146,0.9312549375302227,-4.127836166998305,-504.37425419508605,402.7749609328463,657.7675117641495,83.7870073717152,17.873800714273635,-0.061514823748098024,402.7749610016802,382.25096082097025,354.3374728489265,1.781128502902618,259.43999999999846,0.9999999999999889,380.46983231806763,23.98954346543557,5.0169498086243545,599.6239338611608,0.0023627656287237286,2.151233707081701e-05,False,True,RELEASE,RELEASED,
6.239999999999191,SLOWDOWN_2,0.20376945790436055,1167.5129931588551,37.041243991943375,-0.05064235370784168,267.46789166430483,1.6651307741653363,-0.8699847197788805,1.4197841675493195,0.9309815341193074,-4.127537091964184,-504.6395974258095,403.03606181049906,657.7405401504232,83.78004822302343,17.88476826783708,-0.061280875550096425,403.03606188045467,382.49827411824333,354.44561564172807,1.7961697314487424,258.83999999999844,0.9999999999999889,380.7021043867946,23.989545912361102,5.015776307703121,599.6240209491078,0.002358365115020966,2.151095105773493e-05,False,True,RELEASE,RELEASED,
6.249999999999168,SLOWDOWN_2,0.203891776891202,1168.213829328888,37.0635761346623,-0.050639604665995104,267.5505490195902,1.6648666852569989,-0.8702827425155635,1.4192917345486857,0.9307086462128351,-4.127245001845703,-504.9067902549916,403.2987217432782,657.7156070793267,83.77329280552024,17.89582407017104,-0.0610483639791255,403.2987218143404,382.7470818627539,354.55461668534343,1.8107903085435169,258.2399999999984,0.9999999999999889,380.93629155421036,23.989548353664436,5.014605502848889,599.6241078728158,0.0023531817453363857,2.1510722319817432e-05,False,True,RELEASE,RELEASED,
6.2599999999991445,SLOWDOWN_2,0.20401450188149087,1168.9169917273218,37.085983633652994,-0.050636814952563156,267.6338218434061,1.6646044537584044,-0.8705818461044407,1.4188006331777907,0.9304362728047869,-4.126959746873739,-505.1757822260457,403.5628961037057,657.6926627646573,83.76673768685204,17.906965648627015,-0.060817213139330306,403.5628961758371,382.9973413198115,354.6644502615975,1.8250010793273077,257.6399999999984,0.9999999999999889,381.1723402404842,23.98955078946427,5.01343733713421,599.6241946035077,0.002347175891515896,2.1509694704491267e-05,False,True,RELEASE,RELEASED,
6.269999999999121,SLOWDOWN_2,0.20413761966380414,1169.6224046582781,37.108464054225564,-0.050633985595255164,267.7176915620324,1.6643440576608493,-0.8708819939781941,1.418310859732642,0.9301644130984954,-4.126681181580864,-505.44652411159933,403.8285413429082,657.6716588665399,83.76037952551937,17.918190593825887,-0.06058735065386145,403.8285414160926,383.249010790239,354.77509131833307,1.8388125480263966,257.0399999999984,0.9999999999999889,381.41019824221263,23.989553219711617,5.0122718340557855,599.6242811123034,0.0023403795235461544,2.1509030602828716e-05,False,True,RELEASE,RELEASED,
6.279999999999098,SLOWDOWN_2,0.20426111731204075,1170.329994060653,37.13101499506384,-0.05063111814228188,267.80214007864186,1.6640854756367112,-0.871183150387276,1.4178224108492432,0.9298930664963276,-4.126409164655231,-505.71896787547337,404.0956149576834,657.652548443134,83.7542150676475,17.929496557675137,-0.060358707532998324,404.09561503188536,383.5020495786777,354.88651544887057,1.8522348894654215,256.43999999999835,0.9999999999999889,381.6498146892123,23.989555644225756,5.011109080286041,599.6243673724849,0.0023328807276685737,2.150414093193831e-05,False,True,RELEASE,RELEASED,
6.2899999999990746,SLOWDOWN_2,0.20438498217739498,1171.0396874621283,37.15363407081925,-0.050628215111687455,267.88714975865184,1.6638286870123813,-0.8714852803765532,1.4173352834852964,0.9296222325896948,-4.126143558799417,-505.9930666359552,404.36407545869974,657.6352859039583,83.74824114386942,17.940881251453593,-0.06013121806580557,404.36407553390586,383.75641796306525,354.9986988721461,1.865277960291678,255.83999999999833,0.9999999999999889,381.89114000277357,23.989558062733668,5.0099492067622196,599.6244533612065,0.002324806726737627,2.1504846358766372e-05,False,True,RELEASE,RELEASED,
6.299999999999051,SLOWDOWN_2,0.20450920188060392,1171.7514139347522,37.17631899582458,-0.05062527758271452,267.9727034155589,1.663573671742073,-0.8717883497627074,1.4168494749024751,0.9293519111493828,-4.1258842305938455,-506.26877463031013,404.63388233975616,657.6198269647462,83.74245466630978,17.952342443960774,-0.059904819716962265,404.63388241593486,384.0120771650403,355.11161841350884,1.8779513097066456,255.23999999999833,0.9999999999999889,382.13412585533365,23.989560474909293,5.008792369857201,599.62453906057,0.0023163069729221775,2.1503762354768696e-05,False,True,RELEASE,RELEASED,
6.309999999999028,SLOWDOWN_2,0.20463376430445457,1172.4651040520084,37.19906749218745,-0.050622307757445265,268.0587842972443,1.663320410382471,-0.8720923251123428,1.416364982649267,0.9290821021161826,-4.1256310503645075,-506.54604718045795,404.90499604806007,657.6061286037976,83.73685262567002,17.96387795972914,-0.05967945300056954,404.9049961251878,384.26898932142126,355.2252514861533,1.8902641899077253,254.63999999999828,0.9999999999999889,382.37872513151353,23.989562880409608,5.007638734081661,599.6246244581422,0.00230753761718816,2.1503337791273225e-05,False,True,RELEASE,RELEASED,
6.319999999999005,SLOWDOWN_2,0.20475865758654493,1173.1806898473399,37.221877357696776,-0.05061930700346442,268.14537607273184,1.6630688840682688,-0.8723971737208498,1.415881804544415,0.9288128055918226,-4.125383892055215,-506.8248406598291,405.1773779555192,657.5941490197932,83.73143208841282,17.975485677296696,-0.059455061399035,405.17737803358347,384.52711745660457,355.3395760731671,1.90222556612963,254.03999999999823,0.9999999999999889,382.62489189047494,23.989565278905413,5.006488457314838,599.6247095469524,0.002298648253395541,2.150326423588922e-05,False,True,RELEASE,RELEASED,
6.329999999998981,SLOWDOWN_2,0.2048838701122923,1173.8981047740897,37.24474645414797,-0.050616276149869306,268.2324628193826,1.6628190744885762,-0.8727028635919778,1.415399938660945,0.9285440218301816,-4.125142633104026,-507.1051124613389,405.45099033100144,657.5838475910255,83.72619019404948,17.98716352753787,-0.059231591247510096,405.45099040996433,384.7864254558707,355.45457071017154,1.913844126322374,253.43999999999824,0.9999999999999889,382.8725813295483,23.989567670105366,5.005341679284528,599.6247943250665,0.0022897715850191958,2.1503025322999747e-05,False,True,RELEASE,RELEASED,
6.339999999998958,SLOWDOWN_2,0.2050093905081757,1174.6172836667827,37.267672598392714,-0.05061321852570038,268.32002901051675,1.662570963863974,-0.8730093634180056,1.4149193833106084,0.9282757512287843,-4.124907154323458,-507.38682096639934,405.7257963134959,657.5751848359349,83.7211241525025,17.99890949205114,-0.059008991648511255,405.7257963933467,385.04687803966556,355.57021446853804,1.9251282905723883,252.83999999999824,0.9999999999999889,383.12174974909317,23.989570053772667,5.004198513554274,599.6248787948516,0.0022810162477870932,2.1502353831692744e-05,False,True,RELEASE,RELEASED,
6.349999999998935,SLOWDOWN_2,0.20513520763521037,1175.3381627037375,37.29065376942502,-0.05061013408441854,268.4080595034403,1.6623245349244422,-0.8733166425606605,1.414440137028902,0.9280079943205631,-4.124677339784938,-507.66992551501824,406.0017598862124,657.5681223749737,83.71623124157175,18.010721601600594,-0.05878721436624801,406.00175996691956,385.3084407386074,355.68648693915924,1.9360862200641122,252.2399999999982,0.9999999999999889,383.37235451854326,23.989572429734498,5.003059043009114,599.6249629620457,0.002272462779449036,2.150194535488481e-05,False,True,RELEASE,RELEASED,
6.359999999998911,SLOWDOWN_2,0.20526131058264338,1176.0606793709446,37.31368791380591,-0.05060702486053568,268.4965395278726,1.6620797708880235,-0.8736246710326122,1.413962198560607,0.9277407517658788,-4.124453076706859,-507.9543863768793,406.27884585153186,657.5626228937547,83.71150880448222,18.022597934610612,-0.05856621374448423,406.27884593307516,385.571079869508,355.8033682167569,1.9467258259090272,251.63999999999814,0.9999999999999889,383.624354043599,23.989574797884732,5.001923318545656,599.6250468347314,0.002264162472330078,2.150143643575575e-05,False,True,RELEASE,RELEASED,
6.3719999999988834,SLOWDOWN_2,0.20541299636821275,1176.9297749034697,37.34139603065935,-0.05060326251786391,268.60328867561236,1.6617882287772252,-0.8739952530263198,1.413390397232841,0.927420740753237,-4.124191134630539,-508.2974751358069,406.61278218377197,657.5580356308473,83.7060632577843,18.036931671838584,-0.058301977588598675,406.61278226628656,385.88762141731894,355.94440207000986,1.959083947696456,250.91999999999817,0.9999999999999889,383.9285374696225,23.98957762929813,5.000565420676665,599.6251471064771,0.0022545673664975396,2.1501758453723596e-05,False,True,RELEASE,RELEASED,
6.38199999999886,SLOWDOWN_2,0.20553969080070103,1177.655680530408,37.36453977273934,-0.050600103461026745,268.6927074420902,1.661547070728978,-0.8743048275613956,1.4129153324778116,0.9271546326796404,-4.1239787025938925,-508.58478443989486,406.89221740018627,657.5558483808637,83.70170681863368,18.04894275814017,-0.058082537064478856,406.8922174834874,386.1525138599037,356.0625550428151,1.9690499095511882,250.31999999999812,0.9999999999999889,384.1834639503525,23.989579980192357,4.9994379714131245,599.6252303648208,0.0022468717086470136,2.150122384136921e-05,False,True,RELEASE,RELEASED,
6.391999999998837,SLOWDOWN_2,0.20566663760328022,1178.383032131455,37.38773026733978,-0.05059692373715859,268.78253084977587,1.6613075269251125,-0.8746150596359742,1.4124415727653996,0.9268890418405898,-4.123771481025181,-508.87332884804886,407.1726676047922,657.5551114545901,83.6975127641854,18.061012222502683,-0.057863743431141756,407.1726676888534,386.4183799650508,356.1812563378957,1.9787212788679085,249.71999999999807,0.9999999999999889,384.4396586861829,23.98958232332298,4.998314245222463,599.6253133589777,0.002239423343223912,2.1500865273083036e-05,False,True,RELEASE,RELEASED,
6.4019999999988135,SLOWDOWN_2,0.20579382675964608,1179.1117723174143,37.410965633076096,-0.05059372509658685,268.87274557453685,1.661069582415894,-0.8749259218080757,1.4119691175714866,0.9266239693500417,-4.123569369217984,-509.1630722401373,407.45410078540397,657.5557916354104,83.69347868747519,18.073138328197413,-0.05764556093839701,407.4541008702041,386.685189106246,356.30048800610854,1.9881050050651652,249.11999999999807,0.9999999999999889,384.69708410118085,23.989584658789,4.997194194630296,599.6253960970034,0.002232183435566526,2.1501088383502065e-05,False,True,RELEASE,RELEASED,
6.41199999999879,SLOWDOWN_2,0.20592124845225013,1179.8418448378766,37.43424406246451,-0.050590508224802676,268.9633386103562,1.660833222639594,-0.8752373871998577,1.411497966513231,0.9263594164117607,-4.123372269087023,-509.45397929027223,407.73648563167376,657.5578565988985,83.6896022354841,18.08531937910728,-0.05742795599172723,407.73648571719343,386.95291133035755,356.4202325285313,1.9972078282638677,248.51999999999808,0.9999999999999889,384.9557035020937,23.989586986708154,4.9960777631689535,599.6254785854178,0.002225104748815099,2.1501564845038956e-05,False,True,RELEASE,RELEASED,
6.421999999998767,SLOWDOWN_2,0.20604889305721774,1180.5731945521024,37.45756374347352,-0.050587274920143546,269.05429725993577,1.660598433405149,-0.8755494294826148,1.4110281193372098,0.9260953843127744,-4.123180085077068,-509.74601544341675,408.01979151483084,657.5612748828411,83.68588110715433,18.09755371850947,-0.05721089707850524,408.0197916010517,387.2215173381693,356.54047280372345,2.006036286347353,247.91999999999803,0.9999999999999889,385.21548105182194,23.98958930720519,4.9949648910190385,599.6255608289867,0.0022181367469080726,2.1501604180684808e-05,False,True,RELEASE,RELEASED,
6.431999999998744,SLOWDOWN_2,0.20617675113944284,1181.3057674009162,37.48092293296753,-0.050584026006699756,269.1456091256108,1.6603652008755068,-0.8758620228622291,1.4105595759081027,0.92583187441703,-4.122992724074695,-510.03914689276917,408.3039884680808,657.5660158583179,83.68231305147903,18.109839727899022,-0.05699435469159653,408.3039885549826,387.4909784655414,356.66119213540895,2.014596721754458,247.31999999999798,0.9999999999999889,385.47638174378693,23.9895916204016,4.99385551991482,599.6256428306962,0.0022112300338017477,2.1501841899862484e-05,False,True,RELEASE,RELEASED,
6.44199999999872,SLOWDOWN_2,0.20630481344785015,1182.0395103795602,37.504319900750986,-0.050580762880679184,269.2372621005648,1.6601335115514775,-0.8761751420651748,1.4100923361976374,0.9255688881592503,-4.122810095323164,-510.3333405579351,408.58904716769433,657.5720497016835,83.67889586565471,18.122175825852057,-0.05677830126609251,408.589047255252,387.76126666524095,356.78237422056685,2.0228952880797237,246.71999999999798,0.9999999999999889,385.73837137716123,23.989593926407466,4.992749597064974,599.6257245918499,0.0022043399059921143,2.1501184562566777e-05,False,True,RELEASE,RELEASED,
6.451999999998697,SLOWDOWN_2,0.20643307091082114,1182.7743715114896,37.527752965462994,-0.05057748648047536,269.3292443603346,1.659903352256116,-0.8764887623248695,1.4096264002739556,0.9253064270389821,-4.122632110339621,-510.6285640637803,408.8749389146795,657.5793473674973,83.67562739329102,18.134560466927212,-0.056562711115816455,408.8749390028772,388.03235448931633,356.9040031379154,2.0309379563838093,246.119999999998,0.9999999999999889,386.0014165329325,23.98959622531558,4.991647077967647,599.6258061122868,0.0021974289089081722,2.1501619755781576e-05,False,True,RELEASE,RELEASED,
6.461999999998674,SLOWDOWN_2,0.20656151463177913,1183.5102998230745,37.55122046651331,-0.05057419805079484,269.4215443545967,1.6596747101196745,-0.8768028593686207,1.4091617682912903,0.92504449261483,-4.122458682835532,-510.92478572006195,409.1616356171344,657.5878805623249,83.67250552269107,18.146992140603977,-0.056347560367555616,409.1616357059511,388.3042150721525,357.0260633367764,2.0387305213813534,245.51999999999794,0.9999999999999889,386.26548455077113,23.98959851719794,4.990547928098596,599.6258873906701,0.0021904683783571244,2.150154170976748e-05,False,True,RELEASE,RELEASED,
6.47199999999865,SLOWDOWN_2,0.20669013588492666,1184.247245319178,37.57472078018766,-0.050570898669730274,269.5141507992248,1.659447572565017,-0.877117409404879,1.4086984404800063,0.9247830864988695,-4.122289728639242,-511.2219745016894,409.44910977313486,657.5976217194138,83.66952818518257,18.15946937025683,-0.05613282688619847,409.44910986254285,388.5768221140101,357.148539626309,2.046278607331942,244.91999999999788,0.9999999999999889,386.53054350667816,23.989600802104423,4.9894521235402625,599.6259684248101,0.002183439028122791,2.1502316428723134e-05,False,True,RELEASE,RELEASED,
6.481999999998627,SLOWDOWN_2,0.20681892611099983,1184.985158958831,37.59825232070802,-0.05056758919808958,269.60705266855103,1.659221927336043,-0.8774323891533069,1.4082364171606456,0.9245222103523405,-4.122125165806807,-511.5201000523746,409.7373344739041,657.6085439851115,83.66669335870036,18.171990712155722,-0.055918492385160334,409.73733456389454,388.8501498831615,357.27141716423813,2.0535876936413615,244.3199999999979,0.9999999999999889,386.79656218952016,23.98960308006334,4.988359650713472,599.6260492119945,0.0021763306790383297,2.150244790755096e-05,False,True,RELEASE,RELEASED,
6.491999999998604,SLOWDOWN_2,0.20694787691325392,1185.7239926322295,37.6218135173484,-0.050564270898726685,269.7002391875458,1.6589977623097618,-0.8777477756811691,1.4077756986237393,0.9242618658760873,-4.121964913861514,-511.81913258073826,410.0262833164039,657.6206211424404,83.66399904579,18.18455475445485,-0.05570453591030855,410.02628340694486,389.12417313514845,357.39468144902986,2.0606630501420113,243.7199999999979,0.9999999999999889,387.06351008500644,23.989605351083572,4.987270505364097,599.6261297493036,0.002169141601010338,2.1502227411929198e-05,False,True,RELEASE,RELEASED,
6.5019999999985805,SLOWDOWN_2,0.2070769800545475,1186.46369914403,37.645402836296974,-0.050560944810384166,269.7936998259942,1.6587750657535125,-0.8780635465738653,1.4073162853259733,0.9240020548115524,-4.121808894613501,-512.1190429551218,410.3159304749381,657.633827687304,83.66144330172085,18.197160116449677,-0.05549093798663307,410.31593056601935,389.398867177733,357.5183183086922,2.0675098253877877,243.11999999999784,0.9999999999999889,387.3313573523452,23.98960761515773,4.986184691034656,599.6262100338743,0.0021618767234166114,2.1502424601749226e-05,False,True,RELEASE,RELEASED,
6.511999999998557,SLOWDOWN_2,0.2072062274524812,1187.204232185495,37.669018788202756,-0.05055761151328006,269.88742429048324,1.6585538261243098,-0.8783796798660681,1.4068581776959503,0.9237427789324498,-4.1216570317015035,-512.4198026351162,410.6062506576763,657.6481387170811,83.65902421513027,18.209805447537832,-0.055277685227849815,410.60625074927714,389.67420783027075,357.64231389094357,2.074133026432037,242.5199999999978,0.9999999999999889,387.6000748038387,23.98960987226601,4.985102217229721,599.6262900631232,0.0021545463942702625,2.1502701429199078e-05,False,True,RELEASE,RELEASED,
6.521999999998534,SLOWDOWN_2,0.20733561117623453,1187.9455463163702,37.69265988039821,-0.050554272446160765,269.9814025176373,1.6583340321051776,-0.878696153995138,1.4064013762053738,0.9234840400403013,-4.12150925046155,-512.7213836477698,410.897219075418,657.6635299462416,83.65673990928528,18.222489426347632,-0.0550647632816208,410.8972191675241,389.95017139452375,357.7666546546984,2.0805375072122274,241.9199999999978,0.9999999999999889,387.8696338873115,23.989612122380233,4.98402309745866,599.6263698348964,0.0021471644685160385,2.150310598381111e-05,False,True,RELEASE,RELEASED,
6.5319999999985106,SLOWDOWN_2,0.20746512344314066,1188.6875969452594,37.71632467096435,-0.05055092838032388,270.07562466785964,1.6581156725956674,-0.8790129478127781,1.4059458813499448,0.9232258399600478,-4.121365477937048,-513.0237585807048,411.18881143831385,657.6799776810665,83.65458854176856,18.235210759933654,-0.054852159310939896,411.18881153090274,390.2267346509931,357.8913273611861,2.0867279832651207,241.3199999999978,0.9999999999999889,388.14000666772796,23.98961436546786,4.9829473473341865,599.6264493475757,0.0021397466371118057,2.1503294362901215e-05,False,True,RELEASE,RELEASED,
6.541999999998487,SLOWDOWN_2,0.2075947566153616,1189.4303403105746,37.740011745566434,-0.050547580049710876,270.1700811190511,1.6578987366990818,-0.8793300405740685,1.4054916936404918,0.9229681805355576,-4.121225642813494,-513.3269005661126,411.4810039419714,657.6974587991191,83.65256830302943,18.24796818296866,-0.054639861855321215,411.48100403502826,390.5038748456208,358.01631906545157,2.0927090360032707,240.71999999999775,0.9999999999999889,388.41116580961756,23.989616601495545,4.981874982848235,599.6265286001052,0.002132308894095658,2.1503865355043672e-05,False,True,RELEASE,RELEASED,
6.551999999998464,SLOWDOWN_2,0.2077245031966856,1190.173733462186,37.76371970134879,-0.05054422858286133,270.2647624605424,1.6576832137113842,-0.879647411927807,1.4050388135952736,0.9227110636252884,-4.121089675359231,-513.6307832657919,411.77377325447605,657.7159507298143,83.65067741512135,18.260760456963354,-0.05442786076957873,411.77377334798155,390.78156967729643,358.1416171081303,2.09848511722015,240.1199999999977,0.9999999999999889,388.6830845600763,23.989618830432125,4.980806018948116,599.6266075919841,0.0021248662713917454,2.150350121610245e-05,False,True,RELEASE,RELEASED,
6.561999999998441,SLOWDOWN_2,0.20785435582943543,1190.917734243709,37.78744718431757,-0.05054087444675715,270.35965948722986,1.6574690931106209,-0.8799650419071728,1.404587241732692,0.9224544910980799,-4.120957507368136,-513.9353808566879,412.06709650385693,657.7354314357035,83.64891413049472,18.273586369512724,-0.054216147177157836,412.0670965977921,391.0597972858132,358.2672091074964,2.10406055347039,239.5199999999977,0.9999999999999889,388.9557367323428,23.98962105225089,4.979740468444742,599.6266863232144,0.0021174318715777574,2.1504295716567867e-05,False,True,RELEASE,RELEASED,
6.571999999998417,SLOWDOWN_2,0.207984307291488,1191.6623012754255,37.811192848582124,-0.05053751856628847,270.45476319390383,1.657256364546581,-0.8802829109207083,1.4041369785640982,0.9221984648290751,-4.120829072104159,-514.2406680169253,412.36095126597445,657.7558793942978,83.64727673081859,18.28644473356765,-0.054004713434665064,412.3609513603201,391.3385362402236,358.39308295177455,2.109439550295974,238.9199999999977,0.9999999999999889,389.22909668992764,23.989623266931112,4.978678341283089,599.6267647942192,0.002110016226450462,2.150477212126134e-05,False,True,RELEASE,RELEASED,
6.581999999998394,SLOWDOWN_2,0.20811435049340027,1192.4073939378197,37.834955346303744,-0.050534162587394134,270.5500647697679,1.6570450178309428,-0.8806009997435897,1.4036880245869947,0.9219429866957697,-4.120704304247681,-514.546619912319,412.65531555282007,657.777273580568,83.64576352585561,18.29933438673141,-0.05379355308684808,412.6553156475675,391.6177655276107,358.519226791708,2.114626196329766,238.31999999999766,0.9999999999999889,389.5031393312809,23.989625474458826,4.977619644158589,599.6268430057454,0.0021026269660282537,2.150527302546834e-05,False,True,RELEASE,RELEASED,
6.591999999998371,SLOWDOWN_2,0.20824447847563687,1193.1529723556907,37.85873342405161,-0.050530806187053724,270.64555559313624,1.6568350429276315,-0.8809192895091628,1.4032403802783324,0.9216880585741775,-4.120583139843364,-514.8532121833102,412.95016780119005,657.7995934499465,83.64437285236387,18.31225419057935,-0.05358266082043883,412.95016789632047,391.8974645421603,358.6456290333718,2.1196244671860995,237.7199999999976,0.9999999999999889,389.7778400749742,23.989627674826977,4.9765643804616335,599.6269209587601,0.0020952687827042737,2.150572163372999e-05,False,True,RELEASE,RELEASED,
6.601999999998347,SLOWDOWN_2,0.2083746844058987,1193.8989973828484,37.88252578036649,-0.0505274510159638,270.7412272263105,1.656626429943605,-0.8812377617008055,1.4027940460881092,0.9214336823351217,-4.120465516250032,-515.1604209323933,413.24548686177377,657.8228189219328,83.64310307304643,18.325203030002175,-0.05337203242987698,413.24548695726634,392.177613074716,358.7722783312254,2.1244382293317017,237.11999999999762,0.9999999999999889,390.0531748453843,23.989629868034992,4.975512550464959,599.6269986543482,0.0020879436132767992,2.150645013898611e-05,False,True,RELEASE,RELEASED,
6.611999999998324,SLOWDOWN_2,0.20850496157654677,1194.6454305873524,37.906331197461114,-0.050524097029440516,270.83707141062644,1.6564191691199417,-0.8815563981440793,1.402349022433159,0.9211798598406337,-4.120351372092102,-515.4682227119613,413.5412519886166,657.8469303642204,83.64195257553816,18.338179812571195,-0.053161664764786565,413.54125208445856,392.4581913026252,358.8991635813966,2.1290712437626667,236.51999999999762,0.9999999999999889,390.32912005886254,23.989632054087966,4.974464151726821,599.6270760936184,0.0020806510147215462,2.1507472922621673e-05,False,True,RELEASE,RELEASED,
6.621999999998301,SLOWDOWN_2,0.2086353034021197,1195.3922342372884,37.93014843719101,-0.05052074536148364,270.93308006166313,1.6562132508232104,-0.8818751809990605,1.4019053096911576,0.9209265929404638,-4.1202406472123005,-515.7765945125306,413.83744282890075,657.8719085773488,83.64091977141877,18.351183467924894,-0.05295155571104715,413.8374429250757,392.7391797799311,359.02627391518797,2.133527169560921,235.91999999999757,0.9999999999999889,390.60565261037016,23.989634232995563,4.973419179618035,599.6271532776332,0.0020733886510413413,2.150850542648186e-05,False,True,RELEASE,RELEASED,
6.6319999999982775,SLOWDOWN_2,0.20876570341694084,1196.1393712870579,37.95397627386347,-0.05051739740091849,271.0292452646144,1.6560086655371928,-0.8821940927530403,1.401462908194831,0.9206738834687006,-4.120133282626405,-516.0855137514305,414.1340394131304,657.8977347798593,83.64000309527277,18.364212947176636,-0.0527417041474223,414.13403950962174,393.02055942792674,359.15359869279933,2.137809567360307,235.31999999999752,0.9999999999999889,390.88274986056643,23.989636404770767,4.972377627910261,599.6272302073442,0.002066152834794721,2.151000546746218e-05,False,True,RELEASE,RELEASED,
6.641999999998254,SLOWDOWN_2,0.2088961552728133,1196.8868053641718,37.9778135829731,-0.05051405232447083,271.1255592698124,1.6558054038548278,-0.8825131162133979,1.4010218182263137,0.9204217332404931,-4.120029220479028,-516.394958261829,414.431022145615,657.9243905939178,83.6392010037732,18.37726722234214,-0.05253210990440493,414.4310222424102,393.3023115260085,359.28112749726023,2.141921902671754,234.71999999999753,0.9999999999999889,391.16038962333675,23.989638569428642,4.971339489381477,599.6273068835585,0.0020589390837084665,2.1510771091470815e-05,False,True,RELEASE,RELEASED,
6.651999999998231,SLOWDOWN_2,0.20902665273679838,1197.6345007565226,38.001659162793274,-0.05051071202447604,271.2220144884013,1.655603456470542,-0.8828322345007463,1.4005820400118034,0.9201701440488723,-4.119928404001084,-516.704906282164,414.72837179529574,657.9518580314569,83.63851197480739,18.39034528578665,-0.05232277372624594,414.7283718923786,393.58441770285975,359.408850128563,2.145867549119032,234.11999999999753,0.9999999999999889,391.4385501537407,23.989640726985165,4.970304756372139,599.6273833069192,0.0020517426322061993,2.1511701049803378e-05,False,True,RELEASE,RELEASED,
6.661999999998208,SLOWDOWN_2,0.20915718968907598,1198.3824224001232,38.02551187620948,-0.050507377171243165,271.3186034881551,1.6554028141727068,-0.8831514310422925,1.4001435737162344,0.9199191176616711,-4.119830777468538,-517.0153364459283,415.0260694868765,657.9801194806986,83.63793450661912,18.403446149690684,-0.05211369725958548,415.02606958423274,393.86685992793275,359.5367565979925,2.1496497915609893,233.51999999999748,0.9999999999999889,391.71721013637176,23.989642877456212,4.969273421270163,599.6274594779012,0.002044558879003233,2.1512874809559435e-05,False,True,RELEASE,RELEASED,
6.671999999998184,SLOWDOWN_2,0.20928776012088396,1199.130535867303,38.049370632883644,-0.050504047698992145,271.41531898943424,1.6552034678365513,-0.8834706895654499,1.3997064194383386,0.919668655818536,-4.1197362861625155,-517.326227771809,415.3240966922731,658.0091576932132,83.63746711700149,18.41656884553409,-0.051904883000531754,415.32409678988955,394.14962050321185,359.66483712264414,2.1532718291006177,232.91999999999743,0.9999999999999889,391.99634867411123,23.989645020856763,4.968245476892584,599.6275353968241,0.002037383740646881,2.1513983483600896e-05,False,True,RELEASE,RELEASED,
6.681999999998161,SLOWDOWN_2,0.20941835813253376,1199.8788073553364,38.07323430660955,-0.050500725078524294,271.51215386127825,1.6550054084171129,-0.8837899940916512,1.3992705772056289,0.9194187602280341,-4.119644876330757,-517.6375596541753,415.6224352223483,658.0389557712897,83.63710834249854,18.429712423597614,-0.051696334269649924,415.62243532020995,394.4326820552745,359.7930821201256,2.1567367780078257,232.31999999999744,0.9999999999999889,392.27594527726666,23.989647157200352,4.967220916750746,599.6276110638796,0.002030213900643396,2.151556356011497e-05,False,True,RELEASE,RELEASED,
6.691999999998138,SLOWDOWN_2,0.20954897793149987,1200.627203675497,38.097101853287285,-0.05049740904976339,271.6091011176292,1.6548086269426376,-0.884109328930391,1.3988360469697767,0.9191694325648455,-4.1195564951503005,-517.9493118538903,415.9210672189443,658.0694971558279,83.6368567376521,18.44287595248164,-0.051488055187917325,415.9210673170341,394.7160275276349,359.9214822034353,2.1600476745550736,231.71999999999744,0.9999999999999889,392.5559798530798,23.989649286498736,4.966199735206543,599.6276864791544,0.00202304695936828,2.1517066954857e-05,False,True,RELEASE,RELEASED,
6.701999999998114,SLOWDOWN_2,0.20967961383058048,1201.3756922425184,38.12097217040711,-0.05049410149017949,271.70615391367977,1.6546131145080962,-0.8844286786734227,1.3984028286020331,0.9189206744670385,-4.11947109069125,-518.2614644894288,416.2199751471621,658.1007656145671,83.63671087426496,18.456058518641065,-0.05128005063801311,416.21997524547015,394.99964017332627,360.0500281760118,2.1632074777340335,231.1199999999974,0.9999999999999889,392.83643269559224,23.989651408761798,4.9651819275244256,599.6277616426696,0.002015881490361693,2.1518527205444116e-05,False,True,RELEASE,RELEASED,
6.711999999998091,SLOWDOWN_2,0.20981026024612706,1202.1242410644518,38.14484427991679,-0.05049080136313342,271.80330554234524,1.6544188622689735,-0.884748028189246,1.3979709218887943,0.918672487533434,-4.119388611882047,-518.5739980283427,416.51914178795755,658.1327452307037,83.63666934069707,18.469259225936376,-0.051072326248345234,416.5191418864643,395.2835035477585,360.178711026949,2.1662190719010255,230.51999999999734,0.9999999999999889,393.1172844758575,23.98965352399763,4.964167489823221,599.6278365544138,0.002008717005945293,2.151977895437085e-05,False,True,RELEASE,RELEASED,
6.721999999998068,SLOWDOWN_2,0.20994091169634194,1202.8728187329093,38.16871711417432,-0.0504875106095815,271.9005494308533,1.6542258614352496,-0.8850673626176722,1.3975403265273572,0.9184248733210436,-4.119309008475396,-518.8868932789674,416.8185502309376,658.1654203918929,83.63673074118086,18.48247719519998,-0.05086488835229375,416.8185503296425,395.567601501842,360.30752192637146,2.1690852693534453,229.91999999999734,0.9999999999999889,393.39851623248853,23.98965563221278,4.9631564189670065,599.6279112143706,0.0020015538676583233,2.152165501456693e-05,False,True,RELEASE,RELEASED,
6.731999999998044,SLOWDOWN_2,0.2100715627996388,1203.621394413673,38.19258969974129,-0.05048422907531209,271.99787913744717,1.6540341032656876,-0.885386667364687,1.3971110421218422,0.9181778333425904,-4.119232231015837,-519.2001313824837,417.11818386746245,658.1987757796269,83.63689369517239,18.49571156381733,-0.05065774396882716,417.1181839663408,395.8519181752693,360.43645222096575,2.171808812738732,229.31999999999735,0.9999999999999889,393.6801093625306,23.9896577334126,4.962148712389847,599.6279856225561,0.0019943931367762957,2.1521475787267264e-05,False,True,RELEASE,RELEASED,
6.741999999998021,SLOWDOWN_2,0.2102022082730662,1204.3699378376612,38.21646103371729,-0.05048095790893179,272.0952883482014,1.6538435790621955,-0.8857059280973985,1.3966830681791698,0.9179313690641022,-4.119158230807885,-519.5136938051965,417.4180263839451,658.2327963589187,83.6371568367117,18.50896148532272,-0.050450900783062025,417.41802648298597,396.1364379901728,360.56549342965974,2.1743923775286476,228.7199999999973,0.9999999999999889,393.96204561264415,23.989659827601642,4.961144367906967,599.6280597790291,0.0019872364124839947,2.1523092982533854e-05,False,True,RELEASE,RELEASED,
6.751999999997998,SLOWDOWN_2,0.21033284293079355,1205.1184192922522,38.24033018329486,-0.050477696815410464,272.1927708739431,1.653654280164526,-0.8860251307392425,1.3962564041052647,0.9176854819025758,-4.11908695988562,-519.8275623311412,417.71806175542304,658.2674673683675,83.63751881382146,18.52222612900873,-0.050244367111872634,417.7180618546109,396.42114564487105,360.6946372394488,2.176838574276701,228.11999999999725,0.9999999999999889,394.24430707059435,23.98966191478412,4.960143383503742,599.6281336839158,0.0019800856496443586,2.1525187207771523e-05,False,True,RELEASE,RELEASED,
6.7619999999979745,SLOWDOWN_2,0.2104634616826517,1205.866809612926,38.26419618640374,-0.050474446780967526,272.29032064727755,1.6534661979450886,-0.8863442614652814,1.3958310492013533,0.9174401732237175,-4.119018370982938,-520.1417190549037,418.0182742393231,658.302774310531,83.63797828791772,18.535504679549312,-0.05003815188626959,418.01827433865355,396.7060261079107,360.8238755013618,2.1791499508780134,227.51999999999725,0.9999999999999889,394.5268761570327,23.989663994964285,4.959145757140753,599.6282073374142,0.001972942990760451,2.152644526631775e-05,False,True,RELEASE,RELEASED,
6.771999999997951,SLOWDOWN_2,0.2105940595327335,1206.615080175243,38.288058086916486,-0.05047120909618442,272.3879317197127,1.6532793238039605,-0.8866633066977013,1.395407002660363,0.9171954443397454,-4.1189524175049055,-520.4561463747148,418.3186483694603,658.3387029426015,83.63853393324455,18.548796336635725,-0.04983226462525181,418.3186484689183,396.9910646122682,360.9532002265623,2.1813289947066323,226.91999999999726,0.9999999999999889,394.80973561756156,23.98966606814683,4.958151486572325,599.6282807398014,0.001965810609909191,2.1528082186250685e-05,False,True,RELEASE,RELEASED,
6.781999999997928,SLOWDOWN_2,0.21072463157804813,1207.363202887135,38.31191502399456,-0.050467982898592216,272.4855982588829,1.6530936491641341,-0.8869822531014959,1.3949842635634955,0.9169512965072627,-4.118889053500195,-520.7708269858103,418.61916895026513,658.3752392674148,83.63918443633528,18.562100314625336,-0.04962671541579766,418.6191690498433,397.2762466498187,361.08260358258184,2.18337813474443,226.3199999999972,0.9999999999999889,395.09286851507426,23.989668134337172,4.957160569196417,599.6283538914311,0.001958690584437761,2.153021557660395e-05,False,True,RELEASE,RELEASED,
6.791999999997905,SLOWDOWN_2,0.2108551730072271,1208.111150181491,38.33576605658448,-0.05046476998206738,272.5833145458646,1.6529091654668577,-0.8873010875802383,1.394562830876856,0.9167077309251914,-4.118828233634106,-521.0857438739826,418.9198210511856,658.4123695247217,83.63992849548488,18.575415842202442,-0.04942151488944546,418.91982115086887,397.5615579659465,361.2120778896805,2.1852997435855173,225.71999999999716,0.9999999999999889,395.376258222361,23.989670193541734,4.956173001937962,599.6284267927284,0.0019515847967142008,2.1532798655243823e-05,False,True,RELEASE,RELEASED,
6.801999999997881,SLOWDOWN_2,0.21098567909928317,1208.858895009047,38.35961034100784,-0.050461569919139866,272.68107497258285,1.6527258641672422,-0.8876197972720453,1.3941427034482843,0.9164647487327702,-4.1187699131627316,-521.4008803094007,419.22059000130537,658.450080182784,83.64076482025013,18.58874216205084,-0.049216674206775224,419.22059010107455,397.84698455435944,361.3416156173289,2.1870961393896664,225.11999999999716,0.9999999999999889,395.65988841496977,23.98967224576807,4.955188781176489,599.6284994441804,0.0019444948752740387,2.1534602922201884e-05,False,True,RELEASE,RELEASED,
6.811999999997858,SLOWDOWN_2,0.2111161452224173,1209.6064108315488,38.38344701895001,-0.050458383127465686,272.77887403930686,1.6525437367299676,-0.887938369545672,1.3937238800042198,0.9162223510076125,-4.118714047907821,-521.7162198406306,419.521461384154,658.4883579302166,83.64169213096524,18.602078530538016,-0.049012205028475364,419.52146148400186,398.13251265212335,361.47120938081105,2.188769587806121,224.51999999999717,0.9999999999999889,395.94374306431723,23.98967429102496,4.954207902701282,599.6285718463281,0.0019374221606431874,2.153701171891953e-05,False,True,RELEASE,RELEASED,
6.821999999997835,SLOWDOWN_2,0.211246566832875,1210.3536716152014,38.40727521793846,-0.05045521084843398,272.8767063522291,1.6523627746251546,-0.8882567919967354,1.3933063591466905,0.9159805387638201,-4.1186605942324865,-522.0317462888769,419.8224210326939,658.5271896680996,83.64270915827385,18.61542421741017,-0.04880811950039288,419.82242113261674,398.41812873481604,361.6008519379414,2.1903223037749626,223.91999999999712,0.9999999999999889,396.2278064310411,23.98967632932244,4.953230361704667,599.6286439997576,0.0019303677052464607,2.1539802673942177e-05,False,True,RELEASE,RELEASED,
6.831999999997811,SLOWDOWN_2,0.21137693947384786,1211.1006518243732,38.43109412106568,-0.050452053233390214,272.9745666211274,1.652182969324443,-0.8885750524441262,1.392890139350427,0.9157393129501568,-4.118609509017902,-522.3474437424547,420.12345502451774,658.566562502361,83.64381464268531,18.628778505498087,-0.04860443024330152,420.1234551245001,398.7038195119026,361.730536185893,2.191756453320181,223.31999999999707,0.9999999999999889,396.51206305858244,23.98967836067175,4.952256152791773,599.6287159050871,0.0019233322878511316,2.1542209481140162e-05,False,True,RELEASE,RELEASED,
6.841999999997788,SLOWDOWN_2,0.21150725877442,1211.8473264155614,38.454902940654605,-0.05044891006117008,273.0724496571055,1.6520043122971744,-0.8888931389264373,1.392475218960095,0.9154986744482724,-4.118560749640339,-522.663296551409,420.42454967716105,658.6064637364166,83.64500733414052,18.64214069043311,-0.04840115032561698,420.42454977718586,398.98957192224674,361.86025515813344,2.193074155252873,222.71999999999707,0.9999999999999889,396.79649776699387,23.989680385085286,4.951285270022748,599.6287875629591,0.0019163164569979685,2.154484525362932e-05,False,True,RELEASE,RELEASED,
6.851999999997765,SLOWDOWN_2,0.2116375204485583,1212.5936708316046,38.478700860183636,-0.05044578231966995,273.17035037041273,1.651826795006698,-0.8892110396986317,1.3920615961875322,0.915258624070982,-4.118514273949317,-522.9792893223766,420.7256915436438,658.6468808640111,83.64628599159849,18.655510080373517,-0.04819829324077318,420.725691643714,399.27537312982497,361.9900020214658,2.1942774828572738,222.11999999999708,0.9999999999999889,397.0810956469677,23.98968240257647,4.950317706962337,599.6288589740318,0.0019093205809710412,2.1547346477746032e-05,False,True,RELEASE,RELEASED,
6.8619999999977415,SLOWDOWN_2,0.21176772029414445,1213.339660996139,38.50248707817859,-0.05044267099981967,273.2682637683345,1.6516504089068855,-0.889528743228762,1.3916492691091893,0.9150191625605972,-4.11847004024632,-523.295406913618,421.02686740813647,658.6878015623402,83.64764938263859,18.668885995740016,-0.04799587289733154,421.02686750822863,399.56121051952164,362.1197700731692,2.1953684654504855,221.51999999999703,0.9999999999999889,397.36584205407115,23.98968441315964,4.94935345673561,599.6289301389781,0.0019023449029447193,2.1549683083321725e-05,False,True,RELEASE,RELEASED,
6.871999999997718,SLOWDOWN_2,0.21189785419204685,1214.0852733082784,38.52626085679466,-0.05043957576637147,273.366184953159,1.6514751454387666,-0.8898462381948516,1.3912382356636361,0.9147802905873033,-4.118428007264298,-523.6116344302394,421.32806428180925,658.729213685393,83.64909628308064,18.68226776896119,-0.0477939036125008,421.3280643819199,399.84707169317994,362.24955273823764,2.1963490899927933,220.91999999999697,0.9999999999999889,397.65072260318715,23.98968641684994,4.9483925120814805,599.6290010584759,0.0018953895939670673,2.1552466250795987e-05,False,True,RELEASE,RELEASED,
6.881999999997695,SLOWDOWN_2,0.21202791810523294,1214.8304846375302,38.55002143756494,-0.05043649725336049,273.46410912020986,1.651300996027205,-0.8901635134818501,1.39082849364905,0.9145420087475863,-4.118388134147683,-523.9279572195768,421.62926939881334,658.7711052574587,83.65062547661225,18.69565474422751,-0.04759240007581411,421.6292694989291,400.13294446570535,362.3793435667134,2.1972213025518954,220.31999999999698,0.9999999999999889,397.93572316315345,23.989688413663195,4.947434865410922,599.6290717332118,0.0018884548102642285,2.1555083378643758e-05,False,True,RELEASE,RELEASED,
6.8919999999976715,SLOWDOWN_2,0.21215790807791798,1215.5752723189175,38.57376809641634,-0.05043343555871898,273.5620315559484,1.6511279520778392,-0.8904805581787073,1.3904200407209677,0.9143043175627061,-4.118350380433112,-524.244360866752,421.9304702124131,658.8134644669308,83.65223575443916,18.709046277254437,-0.04739137735430177,421.93047031252996,400.41881686136276,362.50913623111063,2.197987009773499,219.719999999997,0.9999999999999889,398.22082985158926,23.989690403615846,4.946480508842614,599.6291421638787,0.0018815407294825448,2.1558438675128855e-05,False,True,RELEASE,RELEASED,
6.901999999997648,SLOWDOWN_2,0.21228782023475212,1216.3196141483213,38.59750007830095,-0.050430392020925606,273.65994763613946,1.6509560049740435,-0.8907973615755793,1.3900128743899605,0.9140672174772159,-4.11831470603092,-524.5608311904167,422.23165439127604,658.8562796602425,83.65392591494589,18.722441735053653,-0.04719085085889674,422.2316544913839,400.70467711017795,362.6389245239284,2.198648080268981,219.11999999999694,0.9999999999999889,398.506029029909,23.989692386724844,4.945529434246139,599.6292123511762,0.0018746475941471274,2.156064039127159e-05,False,True,RELEASE,RELEASED,
6.911999999997625,SLOWDOWN_2,0.2124176507800409,1217.0634883780142,38.62121672765148,-0.05042736566318314,273.7578528240823,1.6507851460740588,-0.8911139131611177,1.3896069920194811,0.9138307088575199,-4.118281071207044,-524.8773542386264,422.5328098158907,658.8995393360433,83.65569476337008,18.735840495712985,-0.046990836347617915,422.5328099159752,400.99051364451566,362.7687023552488,2.1992063460015743,218.51999999999688,0.9999999999999889,398.7913072985141,23.989694363007633,4.944581633259281,599.6292822958169,0.0018677757312790533,2.1564273652074917e-05,False,True,RELEASE,RELEASED,
6.921999999997602,SLOWDOWN_2,0.21254739599700279,1217.8068737124067,38.64491730593143,-0.05042435815614246,273.85574266890075,1.650615366708207,-0.8914302026198377,1.3892023908237505,0.9135947919904784,-4.118249436565579,-525.1939162848826,422.83392457510774,658.9432321395492,83.65754111148918,18.749241948183798,-0.04679134989908107,422.83392467516506,401.27631509576776,362.8984637504173,2.199663603611782,217.9199999999969,0.9999999999999889,399.076651492156,23.98969633248211,4.943637097300247,599.6293519985275,0.0018609255674020275,2.1567309659076273e-05,False,True,RELEASE,RELEASED,
6.931999999997578,SLOWDOWN_2,0.21267705224705682,1218.5497493039657,38.66860116084009,-0.050421369209839986,273.9536128038929,1.6504466581762025,-0.891746219829629,1.3887990678656732,0.913359467082051,-4.11821976303195,-525.5105038243248,423.13498696283466,658.9873468570585,83.6594637773191,18.762645492076324,-0.04659240790476815,423.13498706285816,401.56207029112016,363.0282028478038,2.2000216156512806,217.3199999999969,0.9999999999999889,399.3620486754689,23.98969829516663,4.942695817567641,599.6294214600523,0.0018540976324494807,2.157026921167926e-05,False,True,RELEASE,RELEASED,
6.941999999997555,SLOWDOWN_2,0.21280661596914485,1219.2920947493305,38.69226763831992,-0.050418398965217,274.0514589449371,1.6502790117446873,-0.8920619548593121,1.3883970200549998,0.9131247342559772,-4.118192011836586,-525.827103570065,423.4359854748293,659.0318724107262,83.66146158483224,18.77605053746214,-0.04639402705606699,423.4359855747964,401.84776825048874,363.1579138966399,2.2002821118284714,216.71999999999684,0.9999999999999889,399.64748613866027,23.989700251080016,4.941757785035428,599.6294906811553,0.0018472925586792144,2.1574012919245433e-05,False,True,RELEASE,RELEASED,
6.951999999997532,SLOWDOWN_2,0.21293608367908368,1220.0338900856025,38.71591606160013,-0.0504154485581852,274.14927688895676,1.6501124186446803,-0.8923773979663374,1.3879962441462967,0.9128905935524968,-4.118166144499154,-526.1437024496648,423.73690880564715,659.0767978533968,83.66353336367548,18.789456504684477,-0.046196224341429115,423.73690890556037,402.13339818362437,363.287591254933,2.20044679026131,216.1199999999968,0.9999999999999889,399.93295139336306,23.989702200241595,4.94082299043648,599.6295596626279,0.0018405110696599891,2.1577013683327095e-05,False,True,RELEASE,RELEASED,
6.961999999997508,SLOWDOWN_2,0.2130654519689469,1220.7751157868013,38.739545843373634,-0.05041251707189188,274.2470625124318,1.6499468700692532,-0.8926925395944852,1.3875967367371809,0.912657044927108,-4.118142122813138,-526.4602876017237,424.03774584565383,659.1221123636847,83.66567794890639,18.802862824174426,-0.045999017011013166,424.03774594550254,402.4189494871627,363.4172293874498,2.200517318529819,215.5199999999968,0.9999999999999889,400.2184321686329,23.98970414267125,4.939891424237216,599.6296284052896,0.0018337539607404807,2.157816965109305e-05,False,True,RELEASE,RELEASED,
6.971999999997485,SLOWDOWN_2,0.21319471750647695,1221.5157527604974,38.7631563034212,-0.05040960648216325,274.34481176996917,1.6497823571712888,-0.8930073703717535,1.3871984942665483,0.9124240882493575,-4.118119908831239,-526.7768463726447,424.3384856782121,659.167805241199,83.66789418074237,18.816268936274955,-0.04580242258487033,424.33848577799006,402.70441174197606,363.5468228637733,2.2004953348782124,214.9199999999968,0.9999999999999889,400.50391640709785,23.989706078389446,4.938963076623595,599.6296969099886,0.0018270220897003142,2.1581439511919598e-05,False,True,RELEASE,RELEASED,
6.981999999997462,SLOWDOWN_2,0.21332387703452407,1222.2557823445977,38.78674687816578,-0.0504067159708463,274.4425206929184,1.6496188710613082,-0.893321881108257,1.386801513012872,0.9121917233016662,-4.118099464850952,-527.0933663134823,424.63911757693677,659.213865901917,83.67018090431532,18.829674291070738,-0.045606458843167275,424.6391176766342,402.98977471049164,363.67636635642486,2.2003824492459216,214.31999999999675,0.9999999999999889,400.7893922612457,23.989708007417306,4.938037937467214,599.6297651776073,0.0018203163493923924,2.1584577837074903e-05,False,True,RELEASE,RELEASED,
6.9919999999974385,SLOWDOWN_2,0.21345292737051358,1222.995186304292,38.81031697132442,-0.05040384597384266,274.5401853880367,1.6494564028053622,-0.8936360627942204,1.3864057890925188,0.9119599497781901,-4.118080753400749,-527.4098351769359,424.9396310030662,659.260283873696,83.67253696943862,18.843078348224395,-0.045411143792648545,424.93963110267623,403.27502833417344,363.8058546390524,2.2001802443252814,213.7199999999967,0.9999999999999889,401.07484808984816,23.98970992977664,4.93711599630852,599.6298332090598,0.0018136376557311706,2.1588346498901956e-05,False,True,RELEASE,RELEASED,
7.001999999997415,SLOWDOWN_2,0.213581865405938,1223.7339468291445,38.83386598350468,-0.05040099737425547,274.6378020362028,1.649294943423098,-0.8939499065980793,1.3860113184582172,0.9117287672837057,-4.118063737226732,-527.7262409144603,425.2400156029525,659.3070487919748,83.6749612303859,18.856480576819138,-0.04521649569716146,425.2400157024598,403.56016273111413,363.9352825846835,2.1998902765931234,213.1199999999967,0.9999999999999889,401.360272454521,23.98971184549,4.936197242335132,599.629901005295,0.0018069869309087494,2.1592390851310483e-05,False,True,RELEASE,RELEASED,
7.011999999997392,SLOWDOWN_2,0.21371068810587604,1224.4720465303376,38.857393379205796,-0.05039816968749077,274.73536689117304,1.649134483885775,-0.8942634038645593,1.3856180968974725,0.911498175332537,-4.118048379279436,-528.0425716734575,425.5402612056038,659.3541503955646,83.67745254567265,18.86988045520687,-0.04502253302649706,425.5402613050145,403.84516819367116,364.0646451640375,2.199514077261938,212.5199999999967,0.9999999999999889,401.6456541164092,23.98971375458071,4.935281664362637,599.6299685672946,0.0018003650890445755,2.159596164119648e-05,False,True,RELEASE,RELEASED,
7.021999999997369,SLOWDOWN_2,0.21383939250853606,1225.209468438055,38.880898584312234,-0.05039536383246531,274.8328762783833,1.6489750151144815,-0.8945765461130025,1.385226120031071,0.9112681733475017,-4.118034642701666,-528.3588157946583,425.84035782040667,659.401578522595,83.68000977785813,18.88327747086229,-0.044829274468497715,425.8403579197018,404.13003518623054,364.1939374438991,2.1990531532330237,211.91999999999666,0.9999999999999889,401.9309820329975,23.989715657072892,4.934369250822795,599.6300358960731,0.0017937730282620024,2.1600251272957394e-05,False,True,RELEASE,RELEASED,
7.031999999997345,SLOWDOWN_2,0.21396797572482149,1225.9461959989922,38.904381056377666,-0.050392580227602735,274.93032659379224,1.6488165279783722,-0.8948893250355229,1.3848353833117206,0.9110387606588914,-4.118022490815864,-528.6749618094947,426.140295634828,659.4493231066327,83.68263179334329,18.896671120242317,-0.044636738918086394,426.1402957339972,404.41475434305244,364.32315458554746,2.1985089880123496,211.3199999999966,0.9999999999999889,402.2162453550401,23.989717552991493,4.933459989754055,599.6301029926792,0.0017872116245527536,2.1604377195671987e-05,False,True,RELEASE,RELEASED,
7.041999999997322,SLOWDOWN_2,0.21409643493792166,1226.6822130740134,38.92784030854651,-0.050389818144880416,275.0277143027669,1.648659013292965,-0.8952017324954596,1.3844458820225731,0.9108099365034782,-4.118011887112701,-528.9909984376874,426.440065012318,659.4973741728503,83.68531746218663,18.9100609086511,-0.04444494546834221,426.4400651113684,404.6993164662274,364.4522918432423,2.1978830426202762,210.71999999999662,0.9999999999999889,402.5014334236071,23.989719442362293,4.9325538687928026,599.6301698581942,0.0017806817265784147,2.160833935249684e-05,False,True,RELEASE,RELEASED,
7.051999999997299,SLOWDOWN_2,0.2142247674029246,1227.417503935931,38.951275805321714,-0.050387078522201124,275.1250359390051,1.648502461818553,-0.8955137605257814,1.3840576112759195,0.9105817000235483,-4.118002795239631,-529.306914584882,426.7396564902411,659.5457218343723,83.6880656579267,18.923446350109717,-0.04425391339532325,426.7396565891562,404.9837125236471,364.58134456276247,2.1971767564039624,210.11999999999662,0.9999999999999889,402.78653576724315,23.98972132521192,4.931650875170089,599.6302364937274,0.0017741841549865356,2.1612898422063154e-05,False,True,RELEASE,RELEASED,
7.061999999997275,SLOWDOWN_2,0.21435297044644966,1228.152053267403,38.97468701493078,-0.050384362545285985,275.22228810350026,1.648346864258654,-0.8958254013275078,1.38367056601192,0.9103540502659568,-4.117995178989642,-529.6226993403534,427.0390607778785,659.594356288747,83.69087525740662,18.936826967231525,-0.04406366216346669,427.0390608766524,405.2679336471318,364.71030817999844,2.196391547895587,209.51999999999657,0.9999999999999889,403.07154209923624,23.98972320156784,4.930750995716687,599.6303029004187,0.0017677197092069719,2.161733198136062e-05,False,True,RELEASE,RELEASED,
7.071999999997252,SLOWDOWN_2,0.21448104146630367,1228.88584615896,38.99807350964103,-0.050381668943345205,275.31946746353975,1.6481922112585277,-0.8961366472683174,1.3832847409973024,0.9101269861812145,-4.117989002290851,-529.9383419748758,427.33826875456236,659.6432678144861,83.69374514061444,18.950202291101782,-0.04387421140359038,427.3382688531865,405.55197113060996,364.8391782195924,2.1955288156220263,208.91999999999652,0.9999999999999889,403.35644231498793,23.98972507145835,4.929854216861197,599.630369079438,0.0017612891680975906,2.1621356097512034e-05,False,True,RELEASE,RELEASED,
7.081999999997229,SLOWDOWN_2,0.21460897793115327,1229.6188681071308,39.02143477420443,-0.05037899915115755,275.41657075174015,1.648038493403746,-0.896447490881069,1.3829001308241768,0.9099005066225906,-4.117984229195821,-530.253831938594,427.63727146782503,659.6924467677574,83.69667419052126,18.963571861162077,-0.043685580915223454,427.63727156629994,405.835816428327,364.9679502936287,2.1945899388387033,208.31999999999653,0.9999999999999889,403.6412264894883,23.989726934912586,4.928960524633234,599.6304350319845,0.001754893294766191,2.162583973586152e-05,False,True,RELEASE,RELEASED,
7.091999999997205,SLOWDOWN_2,0.2147367773802229,1230.3511050127095,39.0447703752297,-0.05037635274304955,275.51359476511846,1.647885701218853,-0.896757924862543,1.3825167299088197,0.9096746103452454,-4.117980823871909,-530.5691588590853,427.9360601317041,659.7418835791541,83.6996612929376,18.976935225099478,-0.043497790654782875,427.93606023001706,406.11946115322485,365.0966201003712,2.1935762783361383,207.71999999999653,0.9999999999999889,403.9258848748887,23.989728791960506,4.9280699046660175,599.6305007592842,0.0017485328410726808,2.1630936032579484e-05,False,True,RELEASE,RELEASED,
7.101999999997182,SLOWDOWN_2,0.21486443742300476,1231.0825431790954,39.06807986031897,-0.050373730148853005,275.61053636419484,1.6477338251660791,-0.8970679420720606,1.3821345324906098,0.9094492960053755,-4.117978750591215,-530.8843125394017,428.2346261250307,659.7915687506145,83.70270533636679,18.990291938739798,-0.04331086073750612,428.23462622318334,406.4028970752817,365.225183423045,2.1924891771139414,207.11999999999648,0.9999999999999889,404.2104078981678,23.989730642632882,4.927182342201852,599.630566262592,0.0017422085543827848,2.163558178835956e-05,False,True,RELEASE,RELEASED,
7.111999999997159,SLOWDOWN_2,0.21499195573899363,1231.8131693107732,39.09136279900716,-0.05037113155002687,275.70739247212936,1.647582855644081,-0.8973775355303265,1.3817535326308459,0.9092245621593907,-4.1179779737214215,-531.1992829562798,428.5329609898755,659.8414928523762,83.70580521187291,19.0036415659452,-0.0431248114130085,428.53296108784247,406.6861161200088,365.3536361286637,2.1913299611163097,206.51999999999643,0.9999999999999889,404.4947861588925,23.989732486961298,4.9262978220971805,599.630631543189,0.001735921184099709,2.163906714258701e-05,False,True,RELEASE,RELEASED,
7.1219999999971355,SLOWDOWN_2,0.21511933007743425,1232.542970511865,39.114618754131214,-0.05036855764801585,275.8041600738903,1.6474327829867363,-0.8976866984181698,1.3813737242117028,0.9090004072631025,-4.117978457716473,-531.514060258364,428.83105642999124,659.8916465200746,83.70895981294382,19.016983678516024,-0.04293966308813424,428.831056527788,406.9691103669834,365.4819741668982,2.1900999399174452,205.91999999999643,0.9999999999999889,404.77901042706594,23.989734324978127,4.925416328825788,599.6306966023848,0.0017296714863164198,2.1643737170506938e-05,False,True,RELEASE,RELEASED,
7.131999999997112,SLOWDOWN_2,0.2152465582570895,1233.2719342848027,39.137847364262335,-0.05036600744929372,275.90083621544994,1.6472835974620448,-0.8979954240754243,1.3809951009352257,0.9087768296709334,-4.117980167107801,-531.828634764545,429.12890430935835,659.9420204519321,83.71216803537455,19.030317856096133,-0.042755436284096504,429.12890440696845,407.25187204838744,365.6101935689865,2.188800407325914,205.31999999999644,0.9999999999999889,405.0630716410615,23.989736156716543,4.924537846480557,599.6307614415177,0.0017234602271782862,2.1648829033438233e-05,False,True,RELEASE,RELEASED,
7.141999999997089,SLOWDOWN_2,0.21537363816602448,1234.000048529091,39.16104819855552,-0.05036348216253639,275.9974180030149,1.6471352892709992,-0.8983037059998917,1.3806176563222408,0.9085538276351501,-4.117983066495904,-532.1429969623828,429.4264966508213,659.9926054059927,83.71542877714542,19.043643686082735,-0.04257215166529704,429.426496748242,407.53439354772826,365.7382904466846,2.187432642086037,204.7199999999964,0.9999999999999889,405.3469609056422,23.989737982210517,4.923662358769759,599.6308260619548,0.0017172881812408392,2.1653825115208747e-05,False,True,RELEASE,RELEASED,
7.151999999997066,SLOWDOWN_2,0.21550056776140367,1234.727301540144,39.18422085927556,-0.05036098244281191,276.0939026022794,1.6469878485465748,-0.8986115378461855,1.3802413837114826,0.9083313993051045,-4.117987120541677,-532.4571375065276,429.72382563469887,660.0433921975226,83.71874093830843,19.056960763539237,-0.04238983001937413,429.72382573192033,407.8166673985074,365.8662609912539,2.185997908450247,204.11999999999637,0.9999999999999889,405.63066949005713,23.989739801494814,4.922789849022254,599.6308904650912,0.00171115613768702,2.16582963048495e-05,False,True,RELEASE,RELEASED,
7.161999999997042,SLOWDOWN_2,0.21562734506930933,1235.4536820082467,39.20736501448252,-0.05035850751671396,276.1902872377101,1.6468412653527096,-0.8989189134248379,1.3798662762585447,0.908109542726503,-4.117992293958736,-532.7710472173181,430.02088359756743,660.0943716964061,83.72210342088403,19.070268691112208,-0.042208492245492835,430.02088369459284,408.09868628302115,365.99410147248796,2.184497456801978,203.51999999999634,0.9999999999999889,405.9141888262192,23.989741614605002,4.92192030018032,599.6309546523538,0.0017050648955692083,2.166381455026567e-05,False,True,RELEASE,RELEASED,
7.171999999997019,SLOWDOWN_2,0.2157539681845701,1236.1791790175705,39.23048028831941,-0.05035605812319859,276.2865691918545,1.6466955296833248,-0.8992258267012461,1.3794923269349875,0.9078882558406812,-4.117998551505213,-533.0847170793369,430.3176630309963,660.1455348246753,83.72551512875076,19.08356707895135,-0.04202815936224624,430.317663127815,408.3804430311394,366.1218082377735,2.182932524183286,202.91999999999632,0.9999999999999889,406.1975105069561,23.98974342157746,4.921053694799917,599.6310186251974,0.0016990152655473878,2.1668859915280336e-05,False,True,RELEASE,RELEASED,
7.181999999996996,SLOWDOWN_2,0.2158804352706072,1236.903782045295,39.253566336994425,-0.05035363447522657,276.38274580467817,1.6465506314614886,-0.8995322717948395,1.379119528527474,0.9076675364839012,-4.118005857976533,-533.3981382401305,430.614156580435,660.196872554131,83.72897496755968,19.096855544633343,-0.041848852497196276,430.614156677044,408.66193061925276,366.24937771118766,2.181304334917286,202.3199999999963,0.9999999999999889,406.4806262843355,23.989745222449365,4.920190015053191,599.6310823851062,0.0016930080734898212,2.167466033142773e-05,False,True,RELEASE,RELEASED,
7.191999999996972,SLOWDOWN_2,0.21600674455929372,1237.6274809607985,39.27662283742242,-0.050351236564393866,276.47881447292315,1.646406560538447,-0.8998382429781249,1.3787478736368304,0.9074473823866593,-4.1180141781976936,-533.7113020088993,430.9103570440675,660.2483759039773,83.73248184462955,19.110133713088267,-0.04167059288613473,430.91035714046,408.9431421691417,366.3768063926272,2.1796141010836436,201.71999999999628,0.9999999999999889,406.76352806805806,23.98974701725871,4.919329242716295,599.6311459335989,0.0016870441511054324,2.168051781836766e-05,False,True,RELEASE,RELEASED,
7.201999999996949,SLOWDOWN_2,0.21613289435082858,1238.350266024939,39.299649475341795,-0.05034886447857545,276.5747726494939,1.6462633066928514,-0.9001437346759094,1.3783773546772258,0.90722779117301,-4.118023477016376,-534.0241998553272,431.2062573717935,660.3000359385901,83.73603466886766,19.123401216529818,-0.041493401864102,431.2062574679618,409.2240709470104,366.50409085697254,2.1778630230876956,201.11999999999625,0.9999999999999889,407.0462079239227,23.989748806044332,4.918471359170784,599.6312092722218,0.0016811243384626806,2.168588486028966e-05,False,True,RELEASE,RELEASED,
7.211999999996926,SLOWDOWN_2,0.2162588830136226,1239.0721278893984,39.343872885322554,-0.049779831877914286,276.6706178428649,1.646120859629914,-0.900448741464444,1.3780079638753273,0.9070087603599027,-4.118033719295786,-534.3368234084043,431.50185066420056,660.3518437653233,83.7396323506802,19.136657694388152,-0.041317300863511264,431.5018507601468,409.50471036249235,366.6312277532818,2.1760522901369086,200.51999999999623,0.9999999999999889,407.32865807235544,23.989750588845876,4.917616345399569,599.6312724025527,0.0016752494817406927,2.1691247695798666e-05,False,True,RELEASE,RELEASED,
7.2219999999969025,SLOWDOWN_2,0.21638446242245551,1239.7916449013858,39.36518512589594,-0.04982074976178458,276.7658312729573,1.6468678980959528,-0.9007564180229841,1.3786992961372628,0.9068273723340992,-4.119460638263699,-534.8323654086936,431.7978393921951,660.9105029195806,83.82155661076729,19.14983134005277,0.06313806567891334,431.7978394881001,409.7856467184984,366.7574406941896,2.1764942804665566,200.0,0.9999999999999889,407.60915243803186,23.989752361606886,4.916766146841818,599.6313254562203,-0.0005192797194020216,2.1698241880585556e-05,False,True,RELEASE,RELEASED,
7.231999999996879,SLOWDOWN_2,0.2164896342632484,1240.3942351614915,39.37645038043442,-0.05003051585186811,276.92863522427945,1.653655167227794,-0.904200773490945,1.3845563814152022,0.9070938726172667,-4.1386976474807415,-537.5910840175634,433.7039394180032,664.1086521611144,84.5292771414774,19.17236725179551,0.18550020628794073,433.7039396763336,411.5460578016573,366.91969622514836,3.576168474524991,200.0,0.9999999999999889,407.9698893271323,23.9897533855198,4.916275088329744,599.631047832402,-0.01309970049142084,2.1726846512137854e-05,False,True,RELEASE,RELEASED,
7.241999999996856,SLOWDOWN_2,0.21656162228670037,1240.8066961534198,39.39028029524634,-0.05001088834865159,277.13523110557236,1.6577648184357356,-0.906853746369589,1.3877321340729658,0.9075303514914421,-4.153207476388246,-539.6552092679349,435.30095332223004,666.1284946290125,84.97907563438136,19.200984079984753,0.17419623133969253,435.3009537359269,413.02847528703694,367.1571531041618,4.530368997487187,200.0,0.9999999999999889,408.49810628954975,23.989751939234015,4.916968712683378,599.6304629188633,-0.019078515538986984,2.1751507063072495e-05,False,True,RELEASE,RELEASED,
7.2519999999968325,SLOWDOWN_2,0.21661049926258244,1241.0867405967604,39.39999995322033,-0.04998878347741486,277.3561862222897,1.6606043267461403,-0.9084874024047421,1.3900566066458901,0.908063605151639,-4.163474258699158,-541.111342706241,436.43281142944255,667.7762523494624,85.27991590314787,19.23161350894336,0.1670018647056395,436.43281192729626,414.0872093808091,367.43319305492537,4.974629506455983,200.0,0.9999999999999889,409.1125798743531,23.989747360185504,4.919164778495187,599.6297216636978,-0.021944726614246512,2.1771575518414465e-05,False,True,RELEASE,RELEASED,
7.261999999996809,SLOWDOWN_2,0.2166426049851949,1241.2706928371515,39.40678096825141,-0.049963705347393104,277.58029801010014,1.6626887276188578,-0.9094994330341752,1.3918852633250092,0.9086482232709823,-4.171133185946298,-542.1870954861607,437.27202901628067,669.195022168988,85.49116209544982,19.262705460844003,0.16119891358948735,437.2720295419729,414.8788113809468,367.7249971677259,5.1161642839695105,200.0,0.9999999999999889,409.7626470969773,23.98973969223666,4.922842248095502,599.6289213741288,-0.022450416410040752,2.1789600850752322e-05,False,True,RELEASE,RELEASED,
7.271999999996786,SLOWDOWN_2,0.21666187271353352,1241.3810887886123,39.41126161550989,-0.049937706383970666,277.80094809984996,1.6643170818294202,-0.9101292603182469,1.393418845280111,0.909258485231903,-4.177172411002664,-543.0203983290858,437.9226700018784,670.4648754426676,85.64792472606325,19.29334169129389,0.15646190985012254,437.92267051926154,415.4976905528053,368.019010185881,5.079533406762721,200.0,0.9999999999999889,410.4181571460426,23.989729396020778,4.927780203904243,599.62813502191,-0.021209875272503176,2.180602837142942e-05,False,True,RELEASE,RELEASED,
7.281999999996763,SLOWDOWN_2,0.21667076206309105,1241.4320210098385,39.413854550049415,-0.04991170844371884,278.0143784047115,1.6656639510868312,-0.9105226570478001,1.394770550647241,0.9098794192607367,-4.18219028870527,-543.6950141679778,438.4485537312694,671.6308770404876,85.77103559327702,19.32299864993953,0.15242619349464803,438.44855421995635,416.0017645459593,368.30735747345335,4.9402203972422285,200.0,0.9999999999999889,411.0615441487171,23.989717162165505,4.933647425478941,599.6274152409159,-0.018755983783555585,2.182130270966809e-05,False,True,RELEASE,RELEASED,
7.291999999996739,SLOWDOWN_2,0.21667084484456695,1241.4324953127577,39.41482732766334,-0.04988619721920143,278.21852262737684,1.6668326233386068,-0.9107671979510575,1.3960064847135347,0.9105022694236342,-4.186546051219172,-544.2614819390062,438.8883452450499,672.7196339587616,85.87290642782273,19.351386583240053,0.14884368289256145,438.8883456949747,416.4261415219407,368.5855739493452,4.743337511132495,200.0,0.9999999999999889,411.6828040108082,23.989703773707802,4.940068374737678,599.6267966981898,-0.015564041757767377,2.1834135111475916e-05,False,True,RELEASE,RELEASED,
7.301999999996716,SLOWDOWN_2,0.21666316012401401,1241.3884651073156,39.41435904009015,-0.049861434039510516,278.4123150171496,1.6678845842863745,-0.9109153549051142,1.397165774952358,0.9111219308627229,-4.190455200050178,-544.7503596005873,439.2654966624866,673.7472529686411,85.96095045037735,19.378354288302138,0.14555819942086146,439.2654970697598,416.7921353398258,368.8512229425944,4.515696957262207,200.0,0.9999999999999889,412.2764383825636,23.98969000426436,4.9466720328648615,599.6262981770691,-0.012049322445287558,2.1847035725386377e-05,False,True,RELEASE,RELEASED,
7.311999999996693,SLOWDOWN_2,0.21664842692318323,1241.3040500846832,39.41257533162065,-0.04983755365747184,278.59527959662887,1.6688565980015808,-0.9109986189739949,1.3982717407288483,0.9117354560079384,-4.194047396418952,-545.180262525263,439.59434767639226,674.7236943479688,86.03960833506476,19.40383245338096,0.1424740604239787,439.594348040685,417.11279702885525,369.1030685793609,4.273175105525297,200.0,0.9999999999999889,412.83962192332996,23.989676545596797,4.953126639321587,599.6259248673765,-0.008558920301240391,2.185986835456788e-05,False,True,RELEASE,RELEASED,
7.321999999996669,SLOWDOWN_2,0.2166271710930956,1241.1822631492767,39.409569294267285,-0.04981462233321522,278.7672862486325,1.6697707625849323,-0.911035983981674,1.3993383563220183,0.9123411738692333,-4.19740115666823,-545.5626831071555,439.8837975530772,675.6552771388584,86.11155245378048,19.427799970606756,0.1395331296907898,439.8837978759668,417.39624399370786,369.3405826877936,4.025134841715783,200.0,0.9999999999999889,413.3711091519921,23.989663960554417,4.959162259650833,599.6256709275638,-0.005364842919753698,2.187042417745033e-05,False,True,RELEASE,RELEASED,
7.331999999996646,SLOWDOWN_2,0.21659980087621383,1241.0254433581083,39.405414282220576,-0.049792662559782236,278.9284060019112,1.6706404663794332,-0.9110390089010221,1.4003740543744496,0.9129381685593295,-4.200564549441342,-545.9048669860065,440.139499571033,676.5461516825037,86.17840340970045,19.450263918691753,0.13670008658198185,440.1394998550767,417.64764952423087,369.56365174491367,3.7770656120056287,200.0,0.9999999999999889,413.87058391222524,23.98965265795283,4.964582832892496,599.6255222218626,-0.002661069520610404,2.1882532394101872e-05,False,True,RELEASE,RELEASED,
7.341999999996623,SLOWDOWN_2,0.21656665188919813,1240.835513652995,39.400171262978446,-0.04977167516267476,279.07882526102514,1.671473923181727,-0.9110148306798002,1.4013839781294664,0.91352597016089,-4.203567518973087,-546.2115261445109,440.3651687880063,677.3991720917365,86.24115632007539,19.471247677268455,0.13395335916072781,440.36516903618593,417.87042844634357,369.77240296581533,3.532155733883542,200.0,0.9999999999999889,414.33827271246,23.989642885899872,4.969269371812208,599.6254590758541,-0.0005653559874900793,2.189382297501652e-05,False,True,RELEASE,RELEASED,
7.3519999999965995,SLOWDOWN_2,0.2165280139071861,1240.6141343231757,39.39389336811984,-0.04975164782533122,279.218795037937,1.672276271345442,-0.9109679549982493,1.4023713176870536,0.9141043714851408,-4.206429215226334,-546.4858581684729,440.5633603839935,678.2164145691872,86.30043427801498,19.49078387560937,0.13127963085310057,440.5633605994262,418.0669428138839,369.9671012254673,3.2922276951759386,200.0,0.9999999999999889,414.77471511870795,23.989634739888242,4.9731760813000525,599.6254588857605,0.0008744886665636997,2.190405803048634e-05,False,True,RELEASE,RELEASED,
7.361999999996576,SLOWDOWN_2,0.21648414682684666,1240.3627944668747,39.386628541580976,-0.04973256186627521,279.34860095272137,1.6730508198431242,-0.910901319789407,1.403338103018537,0.9146733195167198,-4.209162350864501,-546.7301522295514,440.73593253246315,678.9994855152975,86.3566389494764,19.508910213560696,0.1286705340505705,440.735932718223,418.2389216013599,370.14808804815857,3.0582940689180305,200.0,0.9999999999999889,415.18062753244186,23.989628181857245,4.9763212162903265,599.6254984375046,0.0016707211235447161,2.1913264106387942e-05,False,True,RELEASE,RELEASED,
7.371999999996553,SLOWDOWN_2,0.2164352901992298,1240.0828666105058,39.378421294567325,-0.04971439165811059,279.46854554850034,1.6737997875729123,-0.9108169264478961,1.4042856744178283,0.915232851156406,-4.211775789341708,-546.9461491321576,440.88432149279186,679.7497046550218,86.41003998529187,19.52566698774856,0.1261206663257326,440.8843216518463,418.3877101545804,370.315745560507,2.8308876999359995,200.0,0.9999999999999889,415.5568224546444,23.989623066479254,4.978774474972764,599.6255558278656,0.0018833359441314812,2.1921673749147885e-05,False,True,RELEASE,RELEASED,
7.38199999999653,SLOWDOWN_2,0.21638166894398164,1239.7756394487144,39.369313405192834,-0.04969711366212387,279.57893790164337,1.674524741747728,-0.9107162142514502,1.4052149614293192,0.9157830552223973,-4.214276081346024,-547.1352551234133,441.0097050229297,680.468213847621,86.46082806846556,19.541095629552743,0.12362640246692536,441.00970515806387,418.51441838557594,370.4704752466515,2.6102576901870407,200.0,0.9999999999999889,415.9041606953889,23.98961917117306,4.980642604788689,599.6256119229703,0.0016065284412167813,2.193042712406168e-05,False,True,RELEASE,RELEASED,
7.391999999996506,SLOWDOWN_2,0.21632349679707877,1239.4423375984395,39.35934475262557,-0.04968070089273126,279.68008755022487,1.6752268577099185,-0.9106002823673591,1.4061266481171368,0.916324050005597,-4.216668376461762,-547.2986688179216,441.113099424426,681.1560417285268,86.50914636646043,19.555237843025363,0.12118518401018719,441.11309953827083,418.62000879093677,370.6126854734402,2.3964856581076788,200.0,0.9999999999999889,416.2235231328291,23.989616226765946,4.982054697414222,599.6256513321985,0.0009551147639559332,2.1939963801287377e-05,False,True,RELEASE,RELEASED,
7.401999999996483,SLOWDOWN_2,0.21626097841388953,1239.0841336485669,39.34855353180269,-0.04966512737425149,279.7723009762764,1.675907072849949,-0.9104700214601587,1.4070212709304797,0.916855970030925,-4.218956963926795,-547.4374565429408,441.19541717952586,681.8141421208825,86.55510917014728,19.56813509839006,0.11879509487653195,441.19541727450627,418.7053487357261,370.74278420733447,2.189554669651386,200.0,0.9999999999999889,416.5157940660747,23.989613946276215,4.983148385177404,599.6256629141947,5.19040215483102e-05,2.1950848179130844e-05,False,True,RELEASE,RELEASED,
7.41199999999646,SLOWDOWN_2,0.2161943106746125,1238.7021556395418,39.336976521467,-0.04965036731072981,279.8558795969077,1.6765661777764136,-0.9103261917234399,1.407899276626745,0.9173789582629533,-4.221145593371294,-547.552597089651,441.2575012088421,682.4434168832422,86.59881293645856,19.579828336239725,0.11645460811087105,441.25750128722177,418.7712415361803,370.8611748020195,1.9893900951725527,200.0,0.9999999999999889,416.78185144100775,23.989612049914474,4.984057850913653,599.6256398629754,-0.0009832140222973962,2.1959110142688587e-05,False,True,RELEASE,RELEASED,
7.421999999996436,SLOWDOWN_2,0.21612368351648467,1238.297491831569,39.32464924384362,-0.049636394850088986,279.9311186459396,1.6772048703326194,-0.9101694691828658,1.4087610565439543,0.9178931615284949,-4.223237665145222,-547.6450083340461,441.3001452711869,683.0447295308388,86.64034283139172,19.590357796591782,0.11416243487474276,441.3001453350305,418.8184449747342,370.96825360045926,1.795883825118608,200.0,0.9999999999999889,417.02256114961557,23.989610285050354,4.984904252294597,599.6255794446904,-0.002041958760991669,2.196817104049842e-05,False,True,RELEASE,RELEASED,
7.431999999996413,SLOWDOWN_2,0.21604928048496108,1237.8711938626407,39.311606013264345,-0.04962318544890098,279.9983065804361,1.6778237876313375,-0.9100004732222114,1.4096069668801017,0.918398727838343,-4.22523634340806,-547.7155631233315,441.32410615699973,683.6189133927321,86.67977660986335,19.599762921977984,0.11191743449001024,441.3241062082285,418.8476823725345,371.0644086079062,1.6089086284931682,200.0,0.9999999999999889,417.23877374404134,23.989608440512434,4.985788863859697,599.6254824691229,-0.0030338733339609902,2.1975976778776385e-05,False,True,RELEASE,RELEASED,
7.44199999999639,SLOWDOWN_2,0.2159712791176688,1237.4242789484313,39.297880048361385,-0.04961071473033864,280.05772479609703,1.6784235250937796,-0.9098197830048864,1.4104373407001007,0.918895804829096,-4.227144623509439,-547.765098812826,441.3301110268292,684.1667765364671,86.71718692066787,19.608082304491614,0.10971856083733655,441.3301110671893,418.85964925850095,371.15001879617074,1.428326675481685,200.0,0.9999999999999889,417.43132258301927,23.989606355142573,4.986788974497059,599.6253525847495,-0.003890041983529713,2.198360550664802e-05,False,True,RELEASE,RELEASED,
7.451999999996366,SLOWDOWN_2,0.21588985122845714,1236.9577315097827,39.28350348905531,-0.049598959398999345,280.1096475239718,1.6790046478103378,-0.9096279473321931,1.4112524950556997,0.9193845388649,-4.228965372339364,-547.7944230507853,441.318861880515,684.6891047824957,86.75264268082421,19.615353659000935,0.10756483044610832,441.31886191161186,418.8550174361794,371.2254537793211,1.2539946069027224,200.0,0.9999999999999889,417.6010228292767,23.989603920983363,4.9879563588071845,599.6251954835191,-0.004564480674233984,2.199112856260399e-05,False,True,RELEASE,RELEASED,
7.461999999996343,SLOWDOWN_2,0.2158051631313401,1236.4725044558022,39.26850748846024,-0.0495878958638482,280.15434183323157,1.679567697367599,-0.909425490623945,1.4120527352206416,0.9198650745275042,-4.2307013527040676,-547.8043173481694,441.2910383322864,685.1866635912562,86.78620990042691,19.6216138120028,0.10545530345370935,441.29103835559897,418.83443751403036,371.29107370737887,1.0857665601615167,200.0,0.9999999999999889,417.74867095386884,23.989601081821696,4.989317975600348,599.6250180926805,-0.005033517242756247,2.1999047987719678e-05,False,True,RELEASE,RELEASED,
7.47199999999632,SLOWDOWN_2,0.21571737582785439,1235.9695202573457,39.25292214119296,-0.049577503055319924,280.1920676956258,1.680113195999617,-0.9092129166087082,1.4128383572241852,0.9203375543344692,-4.232355238267563,-547.7955393422112,441.24729938680014,685.6601992859153,86.81795218328016,19.626898699887537,0.1033890722420665,441.24729940366046,418.7985405297199,371.3472292874634,0.9234959858582101,200.0,0.9999999999999889,417.8750445438617,23.989597828037518,4.990878438361107,599.6248278180021,-0.00529357320795576,2.2005405696745584e-05,False,True,RELEASE,RELEASED,
7.4819999999962965,SLOWDOWN_2,0.21562664517171515,1235.4496718904227,39.236776684066584,-0.04956775785315611,280.22307808546503,1.6806416491600842,-0.908990710660772,1.4136096493813106,0.9208021185911649,-4.2339296229230055,-547.7688242904195,441.1882846265639,686.1104398841835,86.84793103631762,19.63124337292316,0.10136525461507517,441.188284638194,418.74793904070384,371.3942618789773,0.767036747889108,200.0,0.9999999999999889,417.98090229281473,23.989594188818955,4.992623748774048,599.6246318870777,-0.005357806721321801,2.201334115170539e-05,False,True,RELEASE,RELEASED,
7.491999999996273,SLOWDOWN_2,0.2155331220189694,1234.9138236965139,39.22009933220832,-0.04955864018968992,280.24761909971835,1.6811535471625845,-0.9087593413367971,1.4143668932318976,0.921258905321002,-4.2354270268756835,-547.7248861116225,441.11461505289265,686.5380957006525,86.87620606630402,19.634682002765206,0.09938298965857939,441.11461506039774,418.68322790069,371.4325036313534,0.6162437981025732,200.0,0.9999999999999889,418.0669841025874,23.989590222815263,4.994525779453179,599.6244368249579,-0.005252079994987113,2.2021846575626114e-05,False,True,RELEASE,RELEASED,
7.50199999999625,SLOWDOWN_2,0.21543695236849447,1234.3628121875677,39.202917440207294,-0.04955012941764762,280.26593008914386,1.6816493662701246,-0.9085192614380662,1.415110364131626,0.9217080502412365,-4.236849900783229,-547.6644181604981,441.0268937230055,686.9438598146301,86.90283511006929,19.637247892183222,0.09744143524051196,441.0268937273878,418.6049848514203,371.4622776458042,0.47097359745976064,200.0,0.9999999999999889,418.1340112539605,23.98958600822516,4.996547027428781,599.6242480783541,-0.005010682318652648,2.202909399784403e-05,False,True,RELEASE,RELEASED,
7.511999999996227,SLOWDOWN_2,0.21533827749569914,1233.7974468120515,39.185257489560065,-0.04954220528878412,280.27824379510025,1.6821295694587224,-0.9082709087905272,1.4158403316377934,0.9221496867651603,-4.238200628747002,-547.5880938453411,440.92570626719123,687.3284084594025,86.9278743255301,19.638973486216415,0.09553976640347628,440.9257062693596,418.5137710057656,371.48389815013826,0.3310843850966876,200.0,0.9999999999999889,418.1826866206689,23.989581633181373,4.99864522559826,599.6240697903551,-0.004672180480724819,2.203773681230814e-05,False,True,RELEASE,RELEASED,
7.521999999996203,SLOWDOWN_2,0.21523723408112977,1233.2185106918098,39.16714507575504,-0.049534848920426706,280.2847864888797,1.6825946069870603,-0.9080147068555112,1.4165570597741692,0.9225839460194161,-4.239481530620665,-547.4965671532958,440.8116213351421,687.6924013656502,86.95137825951016,19.639890384279227,0.09367717436202838,440.81162133590095,418.4101312667779,371.49767068019514,0.1964363552349937,200.0,0.9999999999999889,418.2136949115429,23.98957718711391,5.000777484754249,599.6239047157296,-0.004275691418203387,2.204529590699167e-05,False,True,RELEASE,RELEASED,
7.53199999999618,SLOWDOWN_2,0.2151339543349928,1232.626761335527,39.14860498361986,-0.049528041379140866,280.28577811169896,1.683044916850014,-0.9077510652378782,1.417260807224333,0.923010956869855,-4.240694863911765,-547.3904731208593,440.6851910003303,688.0364820781218,86.97339990178807,19.64002935292014,0.09185286582055596,440.68519100041783,418.29459470880266,371.5038922640894,0.06689177738866192,200.0,0.9999999999999889,418.227702931414,23.989572753576464,5.0029037339373765,599.6237542578666,-0.0038577862269892904,2.205207704264467e-05,False,True,RELEASE,RELEASED,
7.541999999996157,SLOWDOWN_2,0.21502856611816076,1232.0229313320383,39.12966118799356,-0.049521764246767706,280.2814324141447,1.6834809251613032,-0.9074803801318138,1.417951827481377,0.9234308459519344,-4.241842825440591,-547.2704282718587,440.5469511395314,688.3612782558582,86.99399073090834,19.6394203390312,0.09006606238563108,440.5469511396006,418.16767493612963,371.5028516068636,-0.057684918506083704,200.0,0.9999999999999889,418.2253598546357,23.98956840482069,5.00498932250852,599.6236186025778,-0.003450148535665498,2.2059758919112937e-05,False,True,RELEASE,RELEASED,
7.551999999996133,SLOWDOWN_2,0.21492119306026397,1231.4077290269483,39.11033682520328,-0.049516000957757836,280.2719570949841,1.6839030464962805,-0.9072030347191515,1.4186303689812283,0.9238437377043366,-4.242927552827119,-547.1370310331223,440.39742179410814,688.6674019686986,87.01320075496366,19.63809248346315,0.08831600058738331,440.39742179472836,418.0298704252313,371.49482927514714,-0.1774270843721979,200.0,0.9999999999999889,418.2072975096035,23.989564198217945,5.0070067362090835,599.623496920995,-0.0030780302586856934,2.2067246391088702e-05,False,True,RELEASE,RELEASED,
7.56199999999611,SLOWDOWN_2,0.21481195467453865,1230.78183918066,39.09065435636608,-0.04951073297499625,280.25755393751325,1.6843116841954053,-0.9069193995566972,1.4192966751968679,0.9242497544019541,-4.243951125926434,-546.9908621420798,440.23710752745484,688.9554499742959,87.03107854905466,19.636074134759543,0.08660193081016132,440.23710752914786,417.8816648635142,371.48009787862236,-0.2924658028777003,200.0,0.9999999999999889,418.1741306663919,23.98956017446858,5.008936455939282,599.6233876135481,-0.002759478823312733,2.207408647336706e-05,False,True,RELEASE,RELEASED,
7.571999999996087,SLOWDOWN_2,0.2147009664703147,1230.145923612883,39.07063543438803,-0.049505943902284015,280.23841894512213,1.684707230667682,-0.9066298329257666,1.4199509847572087,0.924649016191365,-4.2449155681515665,-546.8324850402157,440.06649776783803,689.2260040104605,87.04767129137417,19.633392863215448,0.08492311778911699,440.0664977710518,417.7235274749043,371.45892225111487,-0.40292985830257066,200.0,0.9999999999999889,418.1264573332069,23.989556357412834,5.010767048429859,599.6232885689228,-0.0025052557478524307,2.2080392398038384e-05,False,True,RELEASE,RELEASED,
7.581999999996063,SLOWDOWN_2,0.2145883400627115,1229.5006218311446,39.05030100024775,-0.0495016174338359,280.214742474504,1.6850900676640488,-0.906334681179319,1.4205935315323701,0.9250416411249291,-4.245822847778185,-546.6624462630331,439.88606715096364,689.4796310704521,87.06302479707588,19.630075475013154,0.08327883998208563,439.8860671560885,417.55591334517754,371.4315596284781,-0.5089457094956629,200.0,0.9999999999999889,418.0648590546732,23.98955275516841,5.0124946206714105,599.6231974154546,-0.002319327769439994,2.2087715024099452e-05,False,True,RELEASE,RELEASED,
7.59199999999604,SLOWDOWN_2,0.21447418327982862,1228.8465516449467,39.02967125553437,-0.049497738613156095,280.1867093669639,1.6854605665491018,-0.9060342790741425,1.4212245447270524,0.9254277451950342,-4.246674879209836,-546.4812758240967,439.69627585654723,689.7168836823498,87.0771835516492,19.626148026471878,0.08166838942861432,439.69627586392744,417.3792637418639,371.39825982413225,-0.6106374714455569,200.0,0.9999999999999889,417.98990121330945,23.98954936226783,5.0141217948605235,599.6231117470801,-0.002199789526491358,2.209514553896952e-05,False,True,RELEASE,RELEASED,
7.601999999996017,SLOWDOWN_2,0.21435860026745485,1228.184309765704,39.0087657830619,-0.04949429110024757,280.1544990776968,1.6858190885632032,-0.9057289500936171,1.421844248969058,0.9258074423678803,-4.247473524215367,-546.2894875943277,439.4975699410396,689.9383001856718,87.09019074338082,19.621635838368814,0.08009107153793593,439.4975699509725,417.1940064306113,371.3592654019775,-0.7081269024033077,200.0,0.9999999999999889,417.9021333330146,23.989546162451262,5.01565636900352,599.6230293111446,-0.002140069141616685,2.2101930539975e-05,False,True,RELEASE,RELEASED,
7.6119999999959935,SLOWDOWN_3,0.21425684972593678,1227.6013221064886,38.97834830343765,-0.04981472666986738,280.0681357522559,1.6793329823019973,-0.9028641106851363,1.4159786944315431,0.9257545977997181,-4.230489170321124,-543.8467694596176,437.97237450348143,686.8802776709288,86.4139092605203,19.60954016593601,-0.14905447031924268,437.972374579844,415.78932179610223,371.29238580357054,-1.9623017060369534,199.39999999999998,0.9999999999999889,417.7516235021392,23.989543645543286,5.016863432252954,599.6232244449968,0.01143034171461732,2.208798957781255e-05,False,True,RELEASE,RELEASED,
7.62199999999597,SLOWDOWN_3,0.21418695262211784,1227.2008412015873,38.964760808057235,-0.049838209150786995,279.9265130591626,1.6754295402703911,-0.9001829667449577,1.4130586579448499,0.925510550952739,-4.216586815370832,-541.8827282705274,436.4509595706204,685.1171705899837,85.97546316699984,19.589713178365386,-0.13340764545830552,436.45095975417416,414.38197674749705,371.1456219635874,-3.0394556850380923,198.79999999999995,0.9999999999999889,417.42143243253514,23.98954353702494,5.0169154756695455,599.6237531642541,0.017672850007910412,2.2077074504522898e-05,False,True,RELEASE,RELEASED,
7.631999999995947,SLOWDOWN_3,0.21413859602450283,1226.9237783060921,38.955182529262,-0.04985926445470406,279.7675890216693,1.6728582573852913,-0.8985826268459777,1.4110294157219891,0.925164199861517,-4.207277670341014,-540.5643200472394,435.42769175862145,683.7448923844529,85.6959357311519,19.56747596674942,-0.12678340928289344,435.427692011417,413.42855071442324,370.9549917070029,-3.564194353276946,198.19999999999993,0.9999999999999889,416.9927450677002,23.989546578522514,5.015456828781145,599.6244445267384,0.020658136878474842,2.2073544243994547e-05,False,True,RELEASE,RELEASED,
7.641999999995924,SLOWDOWN_3,0.214105129753923,1226.7320307000653,38.94826621021883,-0.049881590859456905,279.6023775810673,1.6710408819227847,-0.8976054167152625,1.4094971248430053,0.9247621968691658,-4.200634053480462,-539.626379441509,434.6973094781779,682.5990535224716,85.50671017270554,19.544372387246433,-0.12201259662094799,434.6973097623583,412.742484171408,370.74416658454675,-3.7764159997090587,197.5999999999999,0.9999999999999889,416.5189001711171,23.98955274573662,5.012499143988767,599.6251982377289,0.021237620884366315,2.2072761339586577e-05,False,True,RELEASE,RELEASED,
7.6519999999959,SLOWDOWN_3,0.21408261447824886,1226.603027672995,38.943340742142325,-0.04990395815874218,279.43737310865305,1.669659163940605,-0.89699818200152,1.4082457119468919,0.9243302786885609,-4.195573487657151,-538.9196048839606,434.1468758879486,681.5905411983399,85.3699720875685,19.521311372466144,-0.11855446402398684,434.1468761774905,412.2211371629742,370.52680546331186,-3.809510009284793,196.9999999999999,0.9999999999999889,416.03064717225897,23.98956158545774,5.008259770322309,599.6259405503158,0.02006680437746411,2.2074787352721614e-05,False,True,RELEASE,RELEASED,
7.661999999995877,SLOWDOWN_3,0.21406870210127155,1226.5233156246156,38.939992985120334,-0.04992598577105722,279.2761901316708,1.6685339581767498,-0.8966113618153527,1.4071579994629566,0.9238829777685521,-4.191461642289582,-538.3564522033168,433.7093416584488,680.6712423550382,85.26419833053514,19.49879759361529,-0.11588537928309961,433.7093419381044,411.8035338981452,370.3106727005911,-3.7419034229542376,196.39999999999986,0.9999999999999889,415.5454373210994,23.989572411968595,5.003067563231993,599.6266189490996,0.01769058031935078,2.20778168227298e-05,False,True,RELEASE,RELEASED,
7.671999999995854,SLOWDOWN_3,0.21406197020783377,1226.484744716404,38.937970381843215,-0.04994750427320185,279.12080131198,1.6675630728495745,-0.8963580974911249,1.4061681133469095,0.9234285767197317,-4.187931123308891,-537.8860724101246,433.3455854889906,679.8139561407813,85.17706790821646,19.47710543126046,-0.11368641834303617,433.34558575084225,411.4540779880067,370.1001030245368,-3.618910674936444,195.79999999999984,0.9999999999999889,415.07298866294315,23.98958444750314,4.997295523816785,599.6271990762791,0.014584399189894626,2.208114352697521e-05,False,True,RELEASE,RELEASED,
7.68199999999583,SLOWDOWN_3,0.21406153213136517,1226.4822347231286,38.93711454643813,-0.04996843329720914,278.97223835730273,1.6666878026416039,-0.8961880869252782,1.4052384652889018,0.9229718078689,-4.18476939145882,-537.4788885312694,433.03278779035213,679.0029225026124,85.10149418429668,19.456377443520935,-0.1117708868993077,433.0327880308408,411.15199191223877,369.8974535818038,-3.4665722280678892,195.19999999999982,0.9999999999999889,414.61856414030666,23.989596924151233,4.991311927666794,599.6276623737616,0.011159376654482855,2.2085612101818697e-05,False,True,RELEASE,RELEASED,
7.691999999995807,SLOWDOWN_3,0.21406681149441242,1226.512483245241,38.93732190345249,-0.04998873684435283,278.830994249584,1.6658742462370015,-0.8960721536076992,1.4043474284537139,0.922515369962445,-4.181853171240936,-537.1175847032066,432.75755263870633,678.2288164465824,85.0333825658445,19.436680838552892,-0.11003133989686376,432.75755285680964,410.8850660371173,369.70394551592153,-3.2998046599674353,194.5999999999998,0.9999999999999889,414.18487069708476,23.989609155523343,4.985445955816938,599.628003707042,0.007757585381838794,2.2089925892032625e-05,False,True,RELEASE,RELEASED,
7.701999999995784,SLOWDOWN_3,0.21407741238463385,1226.5732218721178,38.93852091356383,-0.05000840050300409,278.6972542681303,1.665102717244862,-0.8959932937880468,1.4034824817086502,0.922060792160517,-4.179110546640788,-536.7919031365155,432.51191546491077,677.4859819752736,84.97035395590284,19.418039884148723,-0.10840616844450324,432.51191566094525,410.6460293890944,369.52014912204805,-3.1271239659938033,193.99999999999977,0.9999999999999889,413.7731533550882,23.98962058299387,4.979965516995527,599.6282288023085,0.004646657948673472,2.209300782851642e-05,False,True,RELEASE,RELEASED,
7.7119999999957605,SLOWDOWN_3,0.21409304465339934,1226.6627881745655,38.94065880533101,-0.05002742275693466,278.57102885387263,1.6643616998887738,-0.8959415168156375,1.4026363272433606,0.9216089294592108,-4.176499161871828,-536.4956529345061,432.2910431522772,676.7708714095481,84.91101520286225,19.40045452917629,-0.10685994980985924,432.2910433272721,410.43045871868463,369.3462630991035,-2.953365721529565,193.39999999999975,0.9999999999999889,413.3838244402142,23.989630800257505,4.975065470330902,599.6283515443105,0.0020174234207512853,2.209661039387356e-05,False,True,RELEASE,RELEASED,
7.721999999995737,SLOWDOWN_3,0.21411348089350257,1226.7798792052688,38.94369389677377,-0.050045810974374716,278.45223010575745,1.6636443860458476,-0.895910877282878,1.4018046736931964,0.9211602477888398,-4.17399369941281,-536.2249921252948,432.09191208238144,676.0811562631174,84.85454109391083,19.383911112717428,-0.10537216371449176,432.0919122376816,410.23557662814443,369.1822752840819,-2.781248777704434,192.79999999999973,0.9999999999999889,413.01682540584886,23.989639559752185,4.970864544509155,599.6283912674927,-1.4167332832215607e-05,2.210046261552634e-05,False,True,RELEASE,RELEASED,
7.731999999995714,SLOWDOWN_3,0.21413853161564153,1226.9234092705005,38.94759131377525,-0.05006357507963438,278.34071585870527,1.6629466864290092,-0.8958977678152885,1.4009849647761412,0.9207149884636688,-4.171578684637274,-535.9774404284011,431.91254830440164,675.4152181316435,84.80043436618742,19.368388526184127,-0.10393076837232229,431.9125484415026,410.05956076698396,369.02805521514244,-2.6122741901939435,192.1999999999997,0.9999999999999889,412.6718349571779,23.98964676459725,4.96740920365387,599.6283701932828,-0.0014008703581209758,2.210621278209146e-05,False,True,RELEASE,RELEASED,
7.7419999999956906,SLOWDOWN_3,0.2141680308870449,1227.0924276455128,38.95232030966311,-0.05008072937236689,278.23631508883136,1.6622660861853866,-0.8958999361132594,1.4001756481793066,0.9202732632121535,-4.16924434682357,-535.7513112276886,431.7515903514744,674.771856213636,84.74838767037399,19.353861758552867,-0.10252855271346561,431.7515904718683,409.9011463704398,368.8834074618186,-2.447242419380075,191.59999999999968,0.9999999999999889,412.34838878981986,23.989652449776617,4.96468267131124,599.6283111517231,-0.0021544801356458976,2.210930296087099e-05,False,True,RELEASE,RELEASED,
7.751999999995667,SLOWDOWN_3,0.21420182799209875,1227.2860707934474,38.95785289827944,-0.050097288470475926,278.138842547414,1.6616009852210882,-0.8959159182299598,1.3993757542382457,0.919835109177201,-4.16698423488684,-535.5453841962109,431.6080372943251,674.1501188161808,84.69820403394475,19.340303933403796,-0.10116106546075798,431.6080373994933,409.7593972064469,368.74810235260924,-2.2865512440042153,190.99999999999966,0.9999999999999889,412.04594845045114,23.98965675623557,4.962617353095564,599.6282356924643,-0.002333758376383166,2.2113730665296316e-05,False,True,RELEASE,RELEASED,
7.761999999995644,SLOWDOWN_3,0.21423978256459397,1227.5035344751675,38.964162939284016,-0.050113268088531615,278.04810717267696,1.6609503172725846,-0.8959447113084366,1.398584652685115,0.9194005207915864,-4.164793841634484,-535.3587162348791,431.4811032483667,673.549206005704,84.64975094935116,19.327687475577115,-0.09982543841420011,431.4811033397031,409.6335732999557,368.6218936643975,-2.1303675749681474,190.39999999999964,0.9999999999999889,411.76394087492383,23.98965990131901,4.961109014061889,599.6281626490925,-0.0020311603890599272,2.2119220034255704e-05,False,True,RELEASE,RELEASED,
7.771999999995621,SLOWDOWN_3,0.21428176172486318,1227.7440573462602,38.97122568064437,-0.05012868332411497,277.9639169025074,1.6603133295396113,-0.8959855842613101,1.3978019119470497,0.918969468272103,-4.162669808456901,-535.190532021026,431.3701331412326,672.9684131679232,84.60293382175908,19.31598477494601,-0.09851971691045946,431.3701332200656,409.52305434670313,368.50452878102925,-1.9787266597420512,189.7999999999996,0.9999999999999889,411.5017810064452,23.98966214857027,4.960031262826309,599.628107178852,-0.0013595022384418343,2.2123611529423215e-05,False,True,RELEASE,RELEASED,
7.781999999995597,SLOWDOWN_3,0.21432763837709246,1228.006911201353,38.97901739121284,-0.05014355020502762,277.8860814030188,1.6596894549537893,-0.8960379680307623,1.3970272176060519,0.9185419083581734,-4.16060946457481,-535.0401604510189,431.2745537884409,672.4070981361276,84.55768058148851,19.305168559381304,-0.09724247829137767,431.27455385601803,409.4272952222285,368.3957544966671,-1.8315894176718075,189.1999999999996,0.9999999999999889,411.2588846399003,23.989663779373164,4.959249151745109,599.6280802620036,-0.00043954847848137746,2.212753372532461e-05,False,True,RELEASE,RELEASED,
7.791999999995574,SLOWDOWN_3,0.21437729017956317,1228.291395074032,38.987515238051785,-0.05015788393991688,277.81441358921455,1.6590782379792899,-0.896101391830482,1.3962603250454184,0.9181177905484902,-4.158610559424487,-534.9069975849231,431.1938453536928,671.8646619232393,84.51393274578457,19.29521209947979,-0.09599261403320725,431.19384541117427,409.3458000198817,368.2953202977256,-1.6888755958842694,188.59999999999957,0.9999999999999889,411.034675615766,23.989665068307055,4.958630996352343,599.6280886141045,0.000610725245157262,2.2133166112325853e-05,False,True,RELEASE,RELEASED,
7.801999999995551,SLOWDOWN_3,0.21443059890633934,1228.596831579581,38.99669709765749,-0.05017170086897963,277.7487304453763,1.6584792913994808,-0.8961754459992844,1.3955010318838565,0.9176970607203446,-4.15667110672365,-534.7904849228571,431.1275245995723,671.3405373223274,84.47164021234227,19.286089316004578,-0.09476920506193665,431.1275246480331,409.2781068055098,368.2029801839569,-1.5504829409927652,187.99999999999955,0.9999999999999889,410.8285897465026,23.98966626344935,4.958057822089858,599.6281349422028,0.0016846923891904453,2.2140081227917108e-05,False,True,RELEASE,RELEASED,
7.811999999995527,SLOWDOWN_3,0.21448745003749714,1228.9225645671695,39.006541610047805,-0.050185014992979164,277.68885343968327,1.6578922710687463,-0.8962597602816839,1.3947491618815557,0.9172796632251093,-4.154789293225833,-534.6900965682623,431.07513497149387,670.8341820684959,84.43075821579272,19.277774831161476,-0.09357145018509527,431.07513501194177,409.22377858307914,368.11849364297797,-1.4162982713866086,187.39999999999952,0.9999999999999889,410.64007685446575,23.989667572250212,4.957430138633681,599.628218462524,0.00269320634333603,2.2145667003314884e-05,False,True,RELEASE,RELEASED,
7.821999999995504,SLOWDOWN_3,0.214547732483463,1229.2679575404266,39.017028017356374,-0.05019784096454652,277.6346087041651,1.6573168610980935,-0.8963539910667996,1.3940045555085736,0.9168655420952884,-4.1529634250104985,-534.6053315536552,431.0362406508415,670.3450746523022,84.39124554007394,19.270243987578716,-0.0923986248383244,431.0362406842125,409.1823978680627,368.04162613456776,-1.2862038524688728,186.7999999999995,0.9999999999999889,410.4686017205316,23.989669153060326,4.956672003074288,599.6283355923716,0.003568277182867341,2.2152613041726e-05,False,True,RELEASE,RELEASED,
7.831999999995481,SLOWDOWN_3,0.2146113383886188,1229.6323925321801,39.02813615417171,-0.05021019338014596,277.585827079536,1.6567527651115483,-0.8964578138393104,1.3932670643890228,0.9164546417329641,-4.151191895597329,-534.5357091732781,431.0104229201755,669.8727116797772,84.35306346141509,19.263472848857518,-0.09125005717191925,431.01042294733236,409.1535633626119,367.97214929171906,-1.1600810445567618,186.19999999999948,0.9999999999999889,410.3136444071687,23.9896711119425,4.955732549029895,599.628480731574,0.004264459593497527,2.215839413111098e-05,False,True,RELEASE,RELEASED,
7.8419999999954575,SLOWDOWN_3,0.21467816298225081,1230.0152692504594,39.03984644347679,-0.050222086154391825,277.542344082882,1.6561997010414904,-0.896570918668472,1.3925365480043579,0.9160469072952272,-4.149473166775591,-534.480766072516,430.9972778796136,669.4166061387524,84.31617511720155,19.25743818975522,-0.09012511405421719,430.99727790134716,409.13688785923495,367.90984095883493,-1.0378123660792653,185.59999999999945,0.9999999999999889,410.1747002253142,23.989673504058647,4.954585321480888,599.6286470573388,0.004758261186873725,2.2164973074723093e-05,False,True,RELEASE,RELEASED,
7.851999999995434,SLOWDOWN_3,0.2147481044582244,1230.4160043890795,39.05213985670717,-0.05023353300127084,277.503999831997,1.6556573979914444,-0.8966930074722963,1.39181287171591,0.915642284902455,-4.1478057568614455,-534.4400543681437,430.99641495658,668.976286199614,84.28054512368257,19.252117480689257,-0.0890231928084404,430.99641497363683,409.1319968661207,367.8544851371669,-0.9192826354811814,184.99999999999943,0.9999999999999889,410.05127950160187,23.989676338700374,4.953225864167585,599.6288272691476,0.00504597534525697,2.2171653199620778e-05,False,True,RELEASE,RELEASED,
7.861999999995411,SLOWDOWN_3,0.2148210638724929,1230.8340310404128,39.06499791948902,-0.05024454677398538,277.47063894607044,1.6551255943097785,-0.8968237923215333,1.3910959055598286,0.9152407217430589,-4.146188233307431,-534.4131403768284,431.0074558842264,668.5512943342436,84.24613933948692,19.24748886928515,-0.08794371617125307,431.0074558972876,409.1385276589809,367.80587187834436,-0.8043795779510674,184.3999999999994,0.9999999999999889,409.94290723693194,23.98967958692043,4.951668059669645,599.6290142356432,0.0051403898536950265,2.2177417463353777e-05,False,True,RELEASE,RELEASED,
7.871999999995388,SLOWDOWN_3,0.21489694505204063,1231.2687981736685,39.07840264639176,-0.0502551407700692,277.44211043421126,1.6546040363748973,-0.8969629943549108,1.3903855234955431,0.9148421661177876,-4.144619207873005,-534.3996037055502,431.03003395930085,668.141186627008,84.21292471488069,19.24353116054727,-0.08688612917870842,431.0300339690006,409.156128587536,367.7637971498006,-0.6929941216706084,183.7999999999994,0.9999999999999889,409.8491227092066,23.989683190711148,4.949939727571744,599.6292015116733,0.005066826855088635,2.2184086446941365e-05,False,True,RELEASE,RELEASED,
7.881999999995364,SLOWDOWN_3,0.21497565451149467,1231.7197701571158,39.092336544843796,-0.050265328213522815,277.41826757849134,1.654092477800027,-0.8971103430553373,1.3896816029212475,0.9144465674488844,-4.143097333310724,-534.3990365599806,431.06379346887763,667.7455322039377,84.180869191679,19.24022379656286,-0.0858498971398376,431.06379347578803,409.1844585360859,367.72806268596474,-0.5850205147362431,183.19999999999936,0.9999999999999889,409.76947905082216,23.98968707274784,4.948077951666317,599.6293837093433,0.004858938376356647,2.2190547156242246e-05,False,True,RELEASE,RELEASED,
7.891999999995341,SLOWDOWN_3,0.21505710137515532,1232.1864263113491,39.10678268837048,-0.050275119902900366,277.398967815376,1.6535906788870645,-0.8972655757405122,1.388984024347735,0.9140538762689526,-4.141621300956613,-534.4110431863974,431.10838922106393,667.3639127369307,84.14994163329791,19.237546836259007,-0.08483450422340866,431.10838922572697,409.2231864792703,367.69847583327754,-0.48035633925661614,182.59999999999934,0.9999999999999889,409.7035428185269,23.989691145849275,4.946124542870366,599.6295567210311,0.004554623663406865,2.2197916109689686e-05,False,True,RELEASE,RELEASED,
7.901999999995318,SLOWDOWN_3,0.215141197303105,1232.6682604859243,39.121724548820126,-0.050284528355145935,277.38407261776484,1.6530984062292995,-0.8974284371820834,1.3882926711665566,0.913664044198243,-4.1401898388662755,-534.4352393975039,431.16348614155163,666.9959219973886,84.1201117728973,19.235480935504363,-0.08383945244816005,431.16348614445127,409.2719910982035,367.67484939369496,-0.37890246747753054,181.99999999999932,0.9999999999999889,409.65089356568103,23.989695321481996,4.944121960654427,599.6297178040686,0.004192358977905819,2.2204573610906664e-05,False,True,RELEASE,RELEASED,
7.911999999995294,SLOWDOWN_3,0.21522785642057704,1233.164780654672,39.137146028561794,-0.05029356658992979,277.3734473789085,1.652615432404289,-0.8975986793030396,1.3876074294750134,0.9132770239155323,-4.13880171028706,-534.4712521529412,431.22875891353806,666.6411654441574,84.09135017255805,19.234007327715034,-0.08286426086982601,431.2287589151256,409.3305604367692,367.65700146935274,-0.2805629857584222,181.3999999999993,0.9999999999999889,409.6111234225276,23.989699516830296,4.942109922388193,599.6298655455508,0.003808146398683654,2.2212055682757637e-05,False,True,RELEASE,RELEASED,
7.921999999995271,SLOWDOWN_3,0.21531699525006953,1233.6755085267378,39.15303158879617,-0.050302244351843925,277.3669612988869,1.6521415357222347,-0.8977760609234303,1.3869281879359983,0.9128927691256047,-4.137455712341348,-534.518719176945,431.3038916474983,666.2992598367214,84.06362818931144,19.233107805044565,-0.08190846490992953,431.3038916481904,409.39859158552173,367.644755309899,-0.18524510197516975,180.79999999999927,0.9999999999999889,409.5838366874969,23.989703660149644,4.940122835885492,599.6299997316809,0.0034332034283615087,2.2218668618734227e-05,False,True,RELEASE,RELEASED,
7.931999999995248,SLOWDOWN_3,0.21540853264588275,1234.1999791715093,39.169366058720186,-0.050310572911559076,277.36448727401637,1.6516765000092979,-0.8979603475369915,1.3862548376594435,0.9125112345251298,-4.136150674848202,-534.5772886027974,431.3885775728163,665.9698328680458,84.03691794555255,19.232764700194497,-0.08097161576569079,431.38857757298763,409.4757903861125,367.6379391633193,-0.0928590449508988,180.19999999999925,0.9999999999999889,409.5686494310634,23.98970769430399,4.938188102953752,599.6301211488629,0.003092436457714065,2.2226234818845114e-05,False,True,RELEASE,RELEASED,
7.941999999995224,SLOWDOWN_3,0.21550238973084662,1234.7377406560922,39.186134683957164,-0.05031856345317214,277.3659017892619,1.651220114433911,-0.8981513111294044,1.385587272107993,0.9121323757680618,-4.134885459345241,-534.6466186513372,431.4825187563826,665.6525228184003,84.01119230509431,19.232960868842625,-0.08005327898194992,431.4825187563794,409.5618711607834,367.6363861301651,-0.0033179508721445927,179.59999999999923,0.9999999999999889,409.56518911165557,23.98971157854427,4.936325266429623,599.6302313441375,0.002803673315906252,2.2234669586396194e-05,False,True,RELEASE,RELEASED,
7.951999999995201,SLOWDOWN_3,0.21559848983509944,1235.2883536945376,39.20332316255366,-0.05032622580872083,277.3710848141484,1.6507721732315512,-0.8983487298852985,1.3849253869537843,0.9117561494303992,-4.133658957552463,-534.7263772449854,431.58542577531546,665.3469781961053,83.98642483530912,19.233679672744376,-0.07915303838291265,431.58542577546126,409.6565564004185,367.6399340246792,0.08346218930046234,178.9999999999992,0.9999999999999889,409.573094211118,23.989715288709785,4.934545913577369,599.6303323706294,0.002577576647814439,2.224267893780052e-05,False,True,RELEASE,RELEASED,
7.961999999995178,SLOWDOWN_3,0.2156967584369271,1235.8513913088752,39.220917557745125,-0.05033357050637241,277.3799197014574,1.650332475726336,-0.8985523882148183,1.3842690800817823,0.9113825129778228,-4.132470091433312,-534.8162418358303,431.69701754952894,665.0528574572882,83.96258980984993,19.234904963396744,-0.07827048694542782,431.6970175500966,409.7595765991764,367.6484252339097,0.16756272956382645,178.39999999999918,0.9999999999999889,409.5920138696126,23.989718816122124,4.932854206541161,599.6304265402271,0.0024181213341982755,2.2250643837651296e-05,False,True,RELEASE,RELEASED,
7.9719999999951545,SLOWDOWN_3,0.21579712310511617,1236.4264384988217,39.238904324637076,-0.05034060777150885,277.3922930887313,1.649900825992314,-0.8987620763829122,1.3836182514212494,0.9110114247295951,-4.131317811270514,-534.9158989830613,431.8170209896652,664.7698286516322,83.93966216175467,19.23662106625616,-0.0774052346167764,431.8170209909142,409.8706699206976,367.66170658802076,0.24906237156312727,177.79999999999916,0.9999999999999889,409.62160754913447,23.989722165492594,4.9312478859119935,599.630516201102,0.0023234980712913966,2.225847958925442e-05,False,True,RELEASE,RELEASED,
7.981999999995131,SLOWDOWN_3,0.2158995134434145,1237.013091923563,39.25727035613361,-0.050347346025880965,277.4080948036492,1.6494770327879442,-0.898977590444445,1.3829728029045327,0.9106428438274622,-4.130201095272911,-535.0250441357274,431.94517079970547,664.4975691403088,83.91761747451005,19.238812765647605,-0.07655690413685079,431.9451708018776,409.98958200624986,367.6796292303492,0.32803730635430384,177.19999999999914,0.9999999999999889,409.66154469989556,23.98972535218163,4.929719585061571,599.6306035526363,0.002287296375198089,2.2266763608058682e-05,False,True,RELEASE,RELEASED,
7.991999999995108,SLOWDOWN_3,0.21600386103652722,1237.6109595923335,39.27600283221521,-0.05035379565764807,277.427217771706,1.6490609093955937,-0.8991987320670513,1.3823326383854317,0.9102767302031837,-4.129118948627523,-535.1433813495785,432.08120923084573,664.2357653016632,83.89643195972366,19.241465290137402,-0.07572513112734214,432.0812092341493,410.11606573863924,367.70204849271977,0.40456129700010024,176.5999999999991,0.9999999999999889,409.71150444163914,23.989728399137284,4.928258298417434,599.630690505165,0.0022998262164684036,2.227508809937717e-05,False,True,RELEASE,RELEASED,
8.001999999995085,SLOWDOWN_3,0.21611009939778025,1238.2196605645522,39.29508933960852,-0.05035996556144392,277.4495579269292,1.6486522734819105,-0.8994253083794675,1.3816976635659377,0.9099130445473622,-4.128070402678916,-535.2706230263851,432.2248858538495,663.9841122497719,83.87608243783734,19.244564298462112,-0.07490956376346958,432.22488585846963,410.2498810234706,367.7288237745022,0.47870576717559743,175.9999999999991,0.9999999999999889,409.771175256295,23.98973133380513,4.926850863429461,599.6307785871642,0.002349451958834514,2.2280617599790276e-05,False,True,RELEASE,RELEASED,
8.011999999995062,SLOWDOWN_3,0.21621816391836315,1238.8388246590025,39.31451781006612,-0.05036586454229159,277.4750141253596,1.6482509469632338,-0.8996571318242721,1.381067785926137,0.9095517482791234,-4.127054514134934,-535.4064896623486,432.37595733921944,663.7423135626381,83.85654631954036,19.248095865967134,-0.0741098623778953,432.3759573453348,410.39079457790115,367.7598184254203,0.5505398860932473,175.39999999999907,0.9999999999999889,409.8402546918079,23.989734185251436,4.925483340262438,599.6308688984327,0.0024238342440039418,2.2289323965196672e-05,False,True,RELEASE,RELEASED,
8.021999999995039,SLOWDOWN_3,0.21632799181810583,1239.4680921718068,39.334276532334435,-0.05037150075533714,277.5034880612191,1.647856755875523,-0.8998940200153127,1.3804429146564823,0.9091928035166518,-4.126070364299125,-535.5507096054181,432.5341872451127,663.5100810193803,83.83780158784309,19.252046471535795,-0.07332569907566722,432.534187252871,410.53857972680595,367.79489963200183,0.6201306501005206,174.79999999999905,0.9999999999999889,409.91844907670543,23.98973698168134,4.9241422020560455,599.6309621045316,0.0025110013814897414,2.229815947885072e-05,False,True,RELEASE,RELEASED,
8.031999999995016,SLOWDOWN_3,0.21643952209773268,1240.10711360286,39.35435407956266,-0.05037688341145724,277.5348841856812,1.647469530248607,-0.9001357955994441,1.3798229605924524,0.9088361730485577,-4.125117058327773,-535.7030188210008,432.69934581259696,663.2871343461587,83.81982678077387,19.256402984989872,-0.07255675736007561,432.6993458221287,410.69301620609303,367.83393830755523,0.6875429611087043,174.19999999999902,0.9999999999999889,410.00547324498433,23.989739748470786,4.922815278794572,599.6310584654683,0.0026001989815247484,2.2307722019832e-05,False,True,RELEASE,RELEASED,
8.041999999994992,SLOWDOWN_3,0.21655269549254766,1240.7555493904665,39.37473941765042,-0.050382019657909685,277.56910962815556,1.647089103984673,-0.9003822861223801,1.379207836151633,0.9084818203060819,-4.124193724510851,-535.8631606657646,432.87120976792824,663.0732009705673,83.80260097467419,19.261152654941764,-0.0718027317789165,432.8712097793501,410.85388997266926,367.8768089855581,0.7528397017744055,173.599999999999,0.9999999999999889,410.10105027089486,23.98974250676997,4.921492427066554,599.6311578902132,0.0026824928833368844,2.231704843325133e-05,False,True,RELEASE,RELEASED,
8.051999999994969,SLOWDOWN_3,0.21666745442751043,1241.4130696539448,39.39542178200812,-0.0503869176501603,277.60607412001445,1.6467153147405753,-0.9006333238987289,1.3785974552726694,0.9081297093361121,-4.123299513576385,-536.0308856692724,433.04956213169817,662.8680157840043,83.78610376806286,19.266283097081743,-0.07106332757075506,433.0495621451155,411.0209930211066,367.92338971635314,0.8160818078642933,172.99999999999898,0.9999999999999889,410.2049112132423,23.989745272682125,4.920165923932547,599.6312600082391,0.0027511237760817764,2.2326673160932842e-05,False,True,RELEASE,RELEASED,
8.061999999994946,SLOWDOWN_3,0.21678374297364789,1242.079353943884,39.4163907283089,-0.050391584984146316,277.64568992067103,1.6463480038140175,-0.9008887458856081,1.3779917333565748,0.9077798047749972,-4.122433598016061,-536.2059513229465,433.23419203434264,662.6713209119645,83.77031526603758,19.27178228288136,-0.07033826031511126,433.2341920498461,411.19412320635143,367.97356196703913,0.8773283375366532,172.39999999999895,0.9999999999999889,410.3167948688148,23.98974805697646,4.918830604583886,599.6313642495086,0.0028016312262044707,2.233678856100596e-05,False,True,RELEASE,RELEASED,
8.071999999994922,SLOWDOWN_3,0.21690150680577286,1242.7540909998886,39.43763610817238,-0.05039602913924958,277.6878717459458,1.6459870160334638,-0.901148393560364,1.3773905872098595,0.9074320718231496,-4.121595171433548,-536.3881218764005,433.42489453809713,662.4828654917985,83.75521606522102,19.27763852869822,-0.0696272556148756,433.42489455576145,411.3730840726742,368.0272105244592,0.9366365380890898,171.79999999999893,0.9999999999999889,410.4364475345851,23.989750865260813,4.91748377955175,599.6314699252655,0.0028317792958274524,2.2346654191096604e-05,False,True,RELEASE,RELEASED,
8.081999999994899,SLOWDOWN_3,0.2170206931614548,1243.4369785155006,39.45914807364764,-0.050400257159392274,277.73253669863806,1.6456321996514653,-0.9014121128015711,1.3767939349896654,0.9070864762204086,-4.120783447912194,-536.5771681404923,433.6214704648098,662.3024054577692,83.74078723918831,19.283840485265088,-0.06893004877105113,433.62147048469575,411.5576846882506,368.0842234011839,0.9940619099137393,171.1999999999989,0.9999999999999889,410.5636227783369,23.989753698517706,4.916124977620409,599.6315763033022,0.002841325290120267,2.235698684671661e-05,False,True,RELEASE,RELEASED,
8.091999999994876,SLOWDOWN_3,0.21714125080121327,1244.1277229101224,39.4809170643912,-0.05040427580158011,277.77960420123594,1.6452834062415411,-0.9016797537737421,1.376201696150783,0.9067429842221558,-4.11999766140347,-536.7728672971339,433.8237262296552,662.1297033331377,83.72701032440052,19.29037712754883,-0.06824638447136522,433.82372625182495,411.74773948543117,368.1444917443918,1.0496582680521556,170.5999999999989,0.9999999999999889,410.698081217379,23.989756553897134,4.914755565613759,599.6316826729417,0.0028316776861645465,2.2366936832440842e-05,False,True,RELEASE,RELEASED,
8.101999999994852,SLOWDOWN_3,0.21726312996989045,1244.826039107699,39.50293375738682,-0.050408092685794256,277.82899593069243,1.6449404905982261,-0.9019511708152824,1.3756137913943993,0.9064015625761598,-4.119237065134205,-536.9750027154256,434.0314736803541,661.9645280289867,83.71386730658921,19.29723774496418,-0.06757601648155287,434.0314737048446,411.9430681062479,368.207909747555,1.1034778012112838,169.99999999999886,0.9999999999999889,410.8395903050366,23.98975942565902,4.913378296413181,599.6317883965995,0.0028054894660076712,2.2377755612978945e-05,False,True,RELEASE,RELEASED,
8.11199999999483,SLOWDOWN_3,0.21738628235916785,1245.5316503219537,39.52518918695525,-0.05041171292105578,277.8806357552072,1.644603310640509,-0.9022262223299106,1.3750301426187068,0.9060621785001342,-4.118500931033053,-537.1833637740282,434.24452994185845,661.8066546496472,83.70134060761421,19.30441193192954,-0.06691870737267891,434.24452996870525,412.143495253247,368.27437456483943,1.1555711286345058,169.39999999999884,0.9999999999999889,410.9879241246125,23.9897623061661,4.9119968327709005,599.6318929464283,0.0027662296612893655,2.2388029947251198e-05,False,True,RELEASE,RELEASED,
8.121999999994806,SLOWDOWN_3,0.2175106610711892,1246.2442878479633,39.54767450725497,-0.05041514524395223,277.9344496729416,1.6442717273182066,-0.9025047706810571,1.3744506728711405,0.9057247996599964,-4.117788549174346,-537.3977456893709,434.4627172661085,661.6558643044085,83.68941307273774,19.31188957875023,-0.06627422822521112,434.4627172953307,412.34885054517645,368.3437862281315,1.2059873546494941,168.79999999999882,0.9999999999999889,411.14286319052695,23.989765186842167,4.910615287752133,599.6319959259172,0.0027177698599665234,2.2398758005692798e-05,False,True,RELEASE,RELEASED,
8.131999999994783,SLOWDOWN_3,0.21763622058325718,1246.9636908598852,39.57038131569295,-0.0504183932519248,277.9903657526101,1.6439456045213878,-0.9027866820894447,1.3738753063022586,0.9053893941488032,-4.117099227239722,-537.6179493496211,434.68586288681956,661.5119439253338,83.67806795832747,19.319660862817486,-0.06564235834423471,434.68586291843906,412.55896837749555,368.4160475666067,1.2547741211357675,168.1999999999988,0.9999999999999889,411.3041942563598,23.989768059028563,4.909237813968946,599.6320970775171,0.0026640146217040694,2.2409780058296747e-05,False,True,RELEASE,RELEASED,
8.14199999999476,SLOWDOWN_3,0.2177629167135688,1247.6896062146348,39.59330133476136,-0.050421463692741995,278.0483140758873,1.643624808992708,-0.9030718265336909,1.3733039681211943,0.9050559304663485,-4.116432289996663,-537.8437811541531,434.9137988790893,661.3746860909674,83.66728891996553,19.327716240110814,-0.06502288501121711,434.9137989131216,412.7736877875183,368.4910641287595,1.3019776579910172,167.59999999999877,0.9999999999999889,411.4717101295273,23.989770914691757,4.907868264231137,599.6321962782446,0.0026085961649640055,2.242114862838207e-05,False,True,RELEASE,RELEASED,
8.151999999994736,SLOWDOWN_3,0.21789070658795884,1248.4217882613402,39.61642652984729,-0.05042436317064155,278.10822668157056,1.6433092102425755,-0.9033600776537626,1.372736584552719,0.9047243774994084,-4.115787078793307,-538.0750528583188,435.1463620236035,661.2438888557681,83.65706000094927,19.336046436991964,-0.06441560322582518,435.14636206005184,412.99285232400956,368.5687441068141,1.3476428316679971,166.99999999999875,0.9999999999999889,411.64520949234156,23.989773746954743,4.906509936696055,599.6322935257476,0.0025546450993498837,2.243173503302387e-05,False,True,RELEASE,RELEASED,
8.161999999994713,SLOWDOWN_3,0.21801954860761769,1249.1599986563797,39.63974916367311,-0.05042709654777721,278.1700375114443,1.6429986804669547,-0.9036513126572415,1.3721730827956795,0.9043947045026162,-4.115162951068971,-538.3115814233093,435.38339367530614,661.1193555849943,83.64736562116616,19.344642442279586,-0.06382031544194433,435.3833937141612,413.216309921034,368.6489982634418,1.391813191829101,166.39999999999873,0.9999999999999889,411.8244967292049,23.98977655044342,4.905165408742367,599.6323889176531,0.0025046410063724878,2.244337372303562e-05,False,True,RELEASE,RELEASED,
8.17199999999469,SLOWDOWN_3,0.2181494024177522,1249.9040061838198,39.663261708265225,-0.05042966912910122,278.23368235778895,1.6426930944678966,-0.9039454122282772,1.3716133909830288,0.9040668810799521,-4.114559279879946,-538.5531888709362,435.6247396363428,661.0008947949743,83.63819056633612,19.353495499593752,-0.06323683133700797,435.62473967759803,413.44391277596185,368.7317398607082,1.4345310162543115,165.7999999999987,0.9999999999999889,412.00938175970754,23.98977932145489,4.903836456254054,599.6324826269723,0.0024603398856788417,2.2454861891674227e-05,False,True,RELEASE,RELEASED,
8.181999999994666,SLOWDOWN_3,0.2182802288771661,1250.6535865811254,39.686956858187735,-0.05043208616376572,278.2990988124847,1.6423923295764937,-0.9042422604392706,1.371057438143049,0.9037408771668298,-4.113975453440212,-538.7997021431836,435.87025003319246,660.8883199984152,83.62951997760241,19.362597099960283,-0.06266496757291407,435.87025007683405,413.6755172314416,368.816884591182,1.4758373540362868,165.19999999999868,0.9999999999999889,412.1996798774053,23.989782057967,4.902524049053033,599.6325748761689,0.0024227701322017126,2.246645556169824e-05,False,True,RELEASE,RELEASED,
8.191999999994643,SLOWDOWN_3,0.21841199002872444,1251.408522369933,39.7108275006851,-0.05043435349241836,278.3662262176584,1.642096265578454,-0.9045417446650647,1.3705051541621376,0.9034166630127627,-4.11341087467644,-539.0509529663263,436.1197791977668,660.7814495547821,83.62133934147074,19.37193897466514,-0.062104547576382174,436.119779243782,413.91098366125954,368.90435051113394,1.5157720671987818,164.59999999999866,0.9999999999999889,412.39521159406075,23.989784759517047,4.901228409055225,599.6326659121195,0.002392284960967217,2.247872191674105e-05,False,True,RELEASE,RELEASED,
8.20199999999462,SLOWDOWN_3,0.21854464907067914,1252.1686026917582,39.734866780386135,-0.05043647569649653,278.4350056178224,1.6418047846419017,-0.904843755499576,1.3699564697487525,0.903094209164602,-4.112864960796684,-539.3067777194423,436.3731855523365,660.6801065253928,83.6136344800637,19.381513088349205,-0.06155540130725967,436.37318560069593,414.1501763597753,368.9940579757625,1.5543738706272165,163.99999999999864,0.9999999999999889,412.59580248914807,23.98978742698268,4.89994911536058,599.632755983709,0.0023686570696686005,2.2490736114377796e-05,False,True,RELEASE,RELEASED,
8.211999999994596,SLOWDOWN_3,0.21867817032882608,1252.933623148468,39.75906808929565,-0.050438456232156745,278.5053797134635,1.6415177712476128,-0.9051481866749483,1.3694113163986859,0.9027734864503253,-4.1123371428728,-539.5670173072177,436.6303314982314,660.584118533192,83.60639154170607,19.391311632335125,-0.061017365055931805,436.6303315489143,414.3929634351275,369.0859295763772,1.5916803707124245,163.3999999999986,0.9999999999999889,412.8012830644151,23.989790062299367,4.898685239747145,599.6328453233237,0.002351200661844466,2.250286661364953e-05,False,True,RELEASE,RELEASED,
8.221999999994573,SLOWDOWN_3,0.2188125192294698,1253.7033856473786,39.78342489176102,-0.0504403019250154,278.57729281602815,1.6412351121213875,-0.9054549349829152,1.368869626361542,0.9024544659633592,-4.111826865435386,-539.8315170367986,436.89108330805607,660.493317626981,83.5995969918024,19.401327018176772,-0.060490281237889576,436.89108336103834,414.63921670567015,369.17989007948296,1.627728102344122,162.7999999999986,0.9999999999999889,413.01148860332603,23.989792668147597,4.897435496683241,599.6329341329296,0.002338906533524643,2.2515128762279346e-05,False,True,RELEASE,RELEASED,
8.23199999999455,SLOWDOWN_3,0.21894766227317128,1254.4776982508433,39.807931011408726,-0.0504420152618307,278.65069080426736,1.6409566961686592,-0.9057639001985036,1.3683313326084279,0.9021371190474317,-4.111333586081756,-540.1001264986646,437.1553110214013,660.407540150002,83.59323760402101,19.411551871423857,-0.059973998182613286,437.1553110766373,414.88881159987625,369.2758663677004,1.6625525646816754,162.19999999999857,0.9999999999999889,413.2262590351946,23.989795247639258,4.896198393742259,599.6330225750014,0.00233057751957233,2.252864044294256e-05,False,True,RELEASE,RELEASED,
8.241999999994526,SLOWDOWN_3,0.2190835670092514,1255.2563750301665,39.83258032803739,-0.05044360227450599,278.72552108189353,1.640682414411176,-0.9060749850059017,1.367796368800795,0.9018214172819258,-4.1108567750957175,-540.3726994512706,437.4228883438733,660.3266266127061,83.58730045175841,19.42197902559327,-0.05946836995394733,437.4228884013404,415.1416270593892,369.3737873824667,1.696188255552272,161.59999999999854,0.9999999999999889,413.4454388038369,23.98979780402732,4.8949723708331385,599.633110768088,0.0023249538713443485,2.2541859834745992e-05,False,True,RELEASE,RELEASED,
8.251999999994503,SLOWDOWN_3,0.21922020201102974,1256.0392359237326,39.857367096885774,-0.05044506399577017,278.801732536508,1.6404121599257082,-0.906388094926477,1.3672646692603734,0.9015073324677374,-4.110395915079393,-540.6490937094095,437.69369254934685,660.2504215695573,83.581772899881,19.432601516339634,-0.058973256158992626,437.6936926090004,415.39754544516325,369.47358406845876,1.7286687045846634,160.99999999999852,0.9999999999999889,413.6688767405786,23.98980034045688,4.893755919601124,599.6331987865453,0.002320820785258526,2.2554877432412468e-05,False,True,RELEASE,RELEASED,
8.26199999999448,SLOWDOWN_3,0.21935753685177617,1256.8261065992197,39.882285516490754,-0.05044640774121809,278.8792754997639,1.6401458277847125,-0.906703138248858,1.366736168940177,0.9011948366136098,-4.109950500596266,-540.9291710361128,437.9676043853266,660.1787734997533,83.57664259673297,19.443412575818307,-0.058488521767458224,437.96760444712834,415.6564524466154,369.5751893196881,1.7600265051554516,160.3999999999985,0.9999999999999889,413.89642594145994,23.989802859769178,4.892547677417455,599.6332866636942,0.0023170930587532723,2.2568789518118137e-05,False,True,RELEASE,RELEASED,
8.271999999994456,SLOWDOWN_3,0.21949554208135122,1257.616818319758,39.90733015172872,-0.050447635842225697,278.9581017087189,1.6398833149989527,-0.9070200259610152,1.3662108033966185,0.9008839019229388,-4.109520037825502,-541.2127970380101,438.24450798129845,660.1115346917599,83.57189746640607,19.454405627232994,-0.05801403692794338,438.24450804520427,415.91823699364033,369.6785379272097,1.7902933451618992,159.79999999999848,0.9999999999999889,414.12794364847844,23.98980536436401,4.891346493360899,599.6333743975363,0.002312874536584353,2.2582243786928302e-05,False,True,RELEASE,RELEASED,
8.281999999994433,SLOWDOWN_3,0.21963418920351319,1258.4112078139096,39.932495717443935,-0.05044875124445807,279.0381642683444,1.6396245204618933,-0.9073386716842395,1.3656885087625854,0.9005745007810351,-4.1091040442265445,-541.4998410639444,438.5242907599525,660.0485611314791,83.56752570124866,19.465574279561896,-0.05754967681946255,438.52429082592056,416.1827911713764,369.78356652839733,1.8195000366486624,159.19999999999845,0.9999999999999889,414.3632911347277,23.989807856120557,4.890151466195588,599.633461958134,0.0023074923514014856,2.25959269073428e-05,False,True,RELEASE,RELEASED,
8.29199999999441,SLOWDOWN_3,0.21977345065387677,1259.20911714938,39.95777697995818,-0.05044975998954077,279.11941761515567,1.6393693448959772,-0.907658991609114,1.3651692217215388,0.9002666057428345,-4.108702048214671,-541.7901761068737,438.80684335125216,659.9897123939857,83.56351575463103,19.47691232245592,-0.057095321465567395,438.8068434192418,416.450010137728,369.8902135577366,1.8476765444355578,158.59999999999843,0.9999999999999889,414.6023335932924,23.98981033637211,4.888961956490541,599.6335492957915,0.0023005078896414233,2.260982796542521e-05,False,True,RELEASE,RELEASED,
8.301999999994386,SLOWDOWN_3,0.21991329977849608,1260.0103936103087,39.98316908193295,-0.050450662567802854,279.2018174819237,1.6391176908005298,-0.9079809044332203,1.3646528794825057,0.8999601895210357,-4.108313588846149,-542.0836787087953,439.0920595091518,659.9348515386514,83.55985633392916,19.488413721302365,-0.056650855588031845,439.09205957911024,416.7197920433966,369.9984191990849,1.8748520136383036,157.9999999999984,0.9999999999999889,414.8449400297583,23.98981280592692,4.887777576617351,599.6336363492637,0.002291707845694546,2.2623591007686628e-05,False,True,RELEASE,RELEASED,
8.311999999994363,SLOWDOWN_3,0.22005371081305714,1260.8148895780498,40.008667127070716,-0.05045146474021191,279.28532086344023,1.6388694624014353,-0.9083043313006345,1.364139419756088,0.8996552249746638,-4.107938215513185,-542.3802288686666,439.3798360309287,659.8838450076403,83.55653639374194,19.500072612448697,-0.05621616845235167,439.37983610280713,416.9920379544786,370.10812533935587,1.9010547962638498,157.39999999999839,0.9999999999999889,415.0909831582147,23.989815265125262,4.886598163384027,599.6337230533596,0.002281079646259343,2.263783926537144e-05,False,True,RELEASE,RELEASED,
8.32199999999434,SLOWDOWN_3,0.2201946588626614,1261.6224624153424,40.034266592001494,-0.050452166617521145,279.36988598329816,1.6386245656024543,-0.9086291957431937,1.363628780731365,0.8993516850980414,-4.107575487648576,-542.6797099532449,439.67007267905024,659.8365625275969,83.5535451293301,19.511883298580262,-0.05579115371506305,439.67007275280554,417.26665177745843,370.219275523581,1.9263124768412467,156.79999999999836,0.9999999999999889,415.3403393006172,23.989817713921802,4.885423738539607,599.6338093454629,0.0022687759564625765,2.265259013256582e-05,False,True,RELEASE,RELEASED,
8.331999999994316,SLOWDOWN_3,0.22033611988217877,1262.432974353739,40.05996288981662,-0.05045277402944847,279.45547226165985,1.6383829079380179,-0.9089554236234065,1.3631209010535452,0.8990495430101625,-4.107224974439295,-542.9820086106811,439.96267210546324,659.7928770143938,83.5508719702565,19.52384024424684,-0.055375709285954144,439.96267218104776,417.54354018651605,370.3318149113091,1.9506518971142555,156.19999999999834,0.9999999999999889,415.5928882894018,23.989820151982357,4.884254462354436,599.6338951706774,0.0022550729522246016,2.266577610043896e-05,False,True,RELEASE,RELEASED,
8.341999999994293,SLOWDOWN_3,0.22047807065715605,1263.2462923842197,40.08575175786335,-0.05045328825299066,279.5420402839785,1.6381443985276594,-0.9092829430789441,1.3626157198026307,0.8987487719444546,-4.106886254548857,-543.2870146867955,440.25753977820466,659.7526644809502,83.54850657423708,19.53593807153237,-0.05496973717890796,440.2575398555687,417.8226125531108,370.4456902342959,1.9740991798913115,155.59999999999832,0.9999999999999889,415.8485133732195,23.98982257878513,4.883090585086436,599.6339804854412,0.00224032668786478,2.2683810129819904e-05,False,True,RELEASE,RELEASED,
8.35199999999427,SLOWDOWN_3,0.22062048878525967,1264.0622881508689,40.111629002523316,-0.05045371262230058,279.6295517706476,1.637908948031941,-0.9096116844687859,1.3621131764728502,0.8984493452389157,-4.106558915848581,-543.594621143988,440.5545839103262,659.7158039479446,83.54643882119316,19.548171555863323,-0.05457314339389541,440.554583989426,418.10378087776934,370.56084975545076,1.9966797520716568,154.9999999999983,0.9999999999999889,416.1071011256977,23.989824993717765,4.8819324004163756,599.634065259613,0.0022249312340205663,2.269996571158117e-05,False,True,RELEASE,RELEASED,
8.361999999994246,SLOWDOWN_3,0.22076335265824168,1264.880837847545,40.137590597276635,-0.0504540498696237,279.71796954754376,1.6376764686097403,-0.9099415803207995,1.3616132109528594,0.8981512363266319,-4.106242555156918,-543.9047239826316,440.85371539095985,659.6821773573166,83.54465880748603,19.560535621950155,-0.05418583776554442,440.8537154717337,418.38695972388626,370.677243228995,2.018418366777155,154.39999999999827,0.9999999999999889,416.3685413571091,23.989827396163648,4.880780204072562,599.634149477156,0.0022092814842844533,2.2714931787959358e-05,False,True,RELEASE,RELEASED,
8.371999999994223,SLOWDOWN_3,0.2209066414444082,1265.7018221174344,40.163632674793135,-0.050454302250565006,279.8072575174443,1.6374468738770123,-0.910272565280907,1.3611157635067332,0.8978544187266416,-4.105936777987026,-544.2172221649131,441.15484771856075,659.6516694885171,83.54315684034582,19.573025339858358,-0.05380773385286375,441.1548478009655,418.6720661537278,370.7948218618002,2.0393391248713897,153.79999999999825,0.9999999999999889,416.63272702885644,23.989829785572756,4.879634259848026,599.6342331356061,0.0021937426133336047,2.2730586351826787e-05,False,True,RELEASE,RELEASED,
8.3819999999942,SLOWDOWN_3,0.22105033507157568,1266.5251259553968,40.18975150410088,-0.0504544720612526,279.8973806322803,1.6372200788669575,-0.9106045760635902,1.3606207747558374,0.8975588660351623,-4.105641198302163,-544.5320175410151,441.45789693614097,659.62416787744,83.54192343247963,19.585635921202908,-0.053438748809298886,441.45789702012814,418.95901966619857,370.9135382758646,2.0594654955326632,153.19999999999823,0.9999999999999889,416.8995541706659,23.989832161514396,4.878494774299664,599.6343162445941,0.0021786273468134,2.2746715330868028e-05,False,True,RELEASE,RELEASED,
8.391999999994177,SLOWDOWN_3,0.22119441421050318,1267.350638613039,40.21594349105579,-0.05045456154713354,279.98830486621165,1.6369959999914254,-0.9109375514039081,1.3601281856612562,0.8972645519171533,-4.105355438278821,-544.8490147775923,441.76278156854573,659.5995627378393,83.5409492968521,19.598362715463672,-0.05307880327188741,441.7627816540598,419.24774213669775,371.03334647189575,2.0788203362968147,152.5999999999982,0.9999999999999889,417.16892180040094,23.989834523711178,4.877361880471109,599.6343988237038,0.0021641813513584296,2.2762927187613968e-05,False,True,RELEASE,RELEASED,
8.401999999994153,SLOWDOWN_3,0.22133886025877872,1268.1782535063926,40.24220518799127,-0.05045457257465877,280.0799971894892,1.6367745550036128,-0.9112714320106714,1.3596379375070764,0.896971450098219,-4.105079128076753,-545.1681212883657,442.0694225615452,659.5777468852824,83.5402253416286,19.61120120641607,-0.052727821224607396,442.0694226485443,419.53815775865775,371.1542017939649,2.0974259122526746,151.99999999999818,0.9999999999999889,417.4407318464051,23.98983687205486,4.876235630274427,599.6344808999514,0.0021505764156124485,2.2779368237024755e-05,False,True,RELEASE,RELEASED,
8.41199999999413,SLOWDOWN_3,0.22148365532515377,1269.0078681261532,40.26853320909929,-0.050454508765503864,280.17242554308575,1.6365556629621518,-0.9116061605211953,1.3591499718843734,0.8966795343568348,-4.104811905616973,-545.4892471669543,442.3777432229042,659.5586156635056,83.53974266529953,19.624147008673987,-0.05238572992243462,442.3777433113239,419.8301929869734,371.276060895198,2.1153039146908554,151.39999999999816,0.9999999999999889,417.7148890722825,23.9898392066063,4.875115994527662,599.6345625051462,0.0021379105199264004,2.279531747717556e-05,False,True,RELEASE,RELEASED,
8.421999999994107,SLOWDOWN_3,0.2216287822143076,1269.8393839503908,40.328363347175056,-0.04958336892136847,280.2655588140704,1.6363392441962372,-0.9119416814571222,1.3586642306758023,0.8963887785168935,-4.104553416366117,-545.812305121679,442.6876691651431,659.5420668730592,83.53949255194688,19.637195864340793,-0.05205245975298567,442.68766925494907,420.12377648313264,371.3988817044735,2.1324754790963993,150.79999999999814,0.9999999999999889,417.99130100403625,23.9898415275823,4.874002869259587,599.6346436733571,0.002126213545225575,2.281220338318235e-05,False,True,RELEASE,RELEASED,
8.431999999994083,SLOWDOWN_3,0.22177422441202796,1270.6727063596393,40.35498890395318,-0.04957919774091341,280.3593668117016,1.6361252202720649,-0.912277941181581,1.358180656040944,0.8960991564405649,-4.104303313127826,-546.1372104123841,442.99912825007584,659.5280007022516,83.53946646667629,19.650343639764564,-0.05172794413090287,442.9991283412079,420.41883906191197,371.52262339409765,2.148961202424232,150.1999999999981,0.9999999999999889,418.26987785948774,23.989843835332717,4.872896086680322,599.6347244386625,0.0021154571794372856,2.28297021749313e-05,False,True,RELEASE,RELEASED,
8.44199999999406,SLOWDOWN_3,0.2219098154190006,1271.4495856035853,40.36939273475671,-0.04984618252539745,280.49460896765703,1.6427563557551614,-0.9149898896432122,1.3643467104166302,0.8961876256663753,-4.120475223457102,-548.6243377655584,444.5303743688705,662.8418093088826,84.20934037388244,19.66930641497971,0.21531660782306972,444.53037457743767,421.83375588567026,371.66014216191695,3.254176274110307,150.0,0.9999999999999889,418.57957961155995,23.98984584363465,4.871932917538524,599.6346002376267,-0.011341833883846242,2.2865390974402544e-05,False,True,RELEASE,RELEASED,
8.451999999994037,SLOWDOWN_3,0.2220034273732912,1271.9859425928676,40.384898824298844,-0.049885790335352884,280.7190816848158,1.649119255360049,-0.9190811744738033,1.3692640772061238,0.8966503868333113,-4.1418488359889025,-551.7027823509678,446.8753840787575,665.7631854520951,84.9068717844405,19.700800705491574,0.21972578227837403,446.8753845486715,424.00223860454497,371.8959797737693,4.891269598816848,150.0,0.9999999999999889,419.1109690057281,23.989845543303748,4.872076954385169,599.634002198318,-0.021293825898701435,2.2908353457751218e-05,False,True,RELEASE,RELEASED,
8.461999999994013,SLOWDOWN_3,0.22206175113197082,1272.320113114636,40.39533600360232,-0.04989027528753549,280.97823299259187,1.6537766014031645,-0.9218661210751283,1.3730039701918193,0.8973008856239689,-4.158062604072164,-554.0079979059764,448.64327182005695,668.1978861424992,85.40755438381233,19.737191853909817,0.21997984819483918,448.64327248866573,425.6468245898525,372.20382805038537,5.841704543309163,150.0,0.9999999999999889,419.8051200465433,23.989841496918537,4.874017575405778,599.6331216833631,-0.027239108756692332,2.294785258527554e-05,False,True,RELEASE,RELEASED,
8.47199999999399,SLOWDOWN_3,0.22209302868334108,1272.4993202833377,40.40149292758567,-0.04987813409447052,281.25374569856996,1.657320164821986,-0.9237382079571468,1.3760152077232626,0.898066564031761,-4.170662359443073,-555.7650210145928,449.9951674007126,670.319998037887,85.77616848590421,19.77591736736897,0.2177677606071029,449.9951681825297,426.912994638823,372.55106512199217,6.324218506915997,150.0,0.9999999999999889,420.588776131907,23.989833307001405,4.877945406394865,599.6320879919942,-0.029912523158896143,2.2984498400546727e-05,False,True,RELEASE,RELEASED,
8.481999999993967,SLOWDOWN_3,0.22210300025332508,1272.556453170858,40.40413200875912,-0.049856693613236865,281.53358843130485,1.6601183715655383,-0.9249841915152672,1.3785489665065445,0.8989017716822951,-4.1807609053659345,-557.135724254149,451.05048456120454,672.2224931385344,86.05540459640524,19.81529035375184,0.21454474278743874,451.0504853843395,427.90862636446025,372.9157633924965,6.496000344439381,150.0,0.9999999999999889,421.41262602002087,23.98982123592261,4.883734612385728,599.6310066919089,-0.0299367886450268,2.301834149420756e-05,False,True,RELEASE,RELEASED,
8.491999999993944,SLOWDOWN_3,0.22209564605937618,1272.5143167433587,40.40382478502208,-0.0498299138048326,281.8099893203599,1.6624091356841477,-0.9258022424963438,1.3807586111246442,0.8997768261724622,-4.189120462030324,-558.2312492611063,451.89261007336495,673.9610081089797,86.27359837107333,19.854217520185344,0.2108232964800436,451.89261088705234,428.7090768795033,373.2835291659866,6.464855223102063,150.0,0.9999999999999889,422.24422165640124,23.989805973125335,4.891054536161037,599.629961474383,-0.027921674101214933,2.3050547156344692e-05,False,True,RELEASE,RELEASED,
8.50199999999392,SLOWDOWN_3,0.2220737528246978,1272.3888777486627,40.40098471692061,-0.04980021870256115,282.0779957963479,1.664349159023455,-0.9263259119875664,1.382743080952671,0.9006722450975446,-4.196253775038583,-559.126694176574,452.5782192401758,675.5715166182611,86.44963876195902,19.891998928121126,0.20683724631771838,452.578220012275,429.3655829287572,373.6450600998015,6.303064937900388,150.0,0.9999999999999889,423.0625179908568,23.989788448120898,4.89945938613425,599.6290143382176,-0.024470373421038083,2.308131843165029e-05,False,True,RELEASE,RELEASED,
8.511999999993897,SLOWDOWN_3,0.2220393061128834,1272.1915126281558,40.39591306567251,-0.049769160690361997,282.3345219656904,1.666042525928374,-0.9266446122791637,1.3845676078602283,0.901575226613947,-4.202504490965316,-559.8727086661289,453.14565109173293,677.0781180081266,86.59614583273985,19.92819557339873,0.20271616825698402,453.1456518039822,429.91282688346405,373.99444759119007,6.058745583349264,150.0,0.9999999999999889,423.8540813001148,23.98976967910728,4.908460839194194,599.6282062379968,-0.020155840277077175,2.310972126906563e-05,False,True,RELEASE,RELEASED,
8.521999999993874,SLOWDOWN_3,0.22199375420863282,1271.9305194419217,40.38883450791178,-0.04973774306589839,282.5777167519779,1.6675586790002634,-0.9268181871448331,1.386275584393907,0.9024773841762042,-4.208103222888592,-560.5035795278915,453.6209319434406,678.4972837665441,86.72156689199842,19.962541501190266,0.19853919126342134,453.62093258705465,430.3743772222557,374.3280339788576,5.763840790512518,150.0,0.9999999999999889,424.6105364317432,23.989750654668267,4.917584777636777,599.6275586676358,-0.015493697041896404,2.313799302555708e-05,False,True,RELEASE,RELEASED,
8.53199999999385,SLOWDOWN_3,0.22193818416208744,1271.6121265284821,40.37992175318002,-0.049706612691606915,282.80654430260614,1.6689441086896508,-0.9268867817599412,1.387896008974949,0.903373257963253,-4.2132052881768285,-561.0426786960418,454.0218680026261,679.8404627064771,86.831568920095,19.99488537509549,0.19435639822495432,454.0218685750693,430.7663833895763,374.6436506184991,5.439519908502177,150.0,0.9999999999999889,425.3268634810741,23.989732247240095,4.926412789819125,599.6270761256985,-0.010919987959230326,2.3165629727373016e-05,False,True,RELEASE,RELEASED,
8.541999999993827,SLOWDOWN_3,0.2218734390300486,1271.2411642474976,40.36931224247481,-0.04967618027269222,283.0205052599197,1.670230059585052,-0.9268774343718855,1.389448334265682,0.9042593292442969,-4.217915866327573,-561.5060992809032,454.36078198794524,681.1157638297905,86.929965960286,20.02515159939506,0.19019973327863227,454.3607824904847,431.1000455846749,374.94011131355495,5.099781730676682,150.0,0.9999999999999889,426.0002638539982,23.989715156472467,4.934609333087128,599.6267492332956,-0.006776605416838777,2.3191409241007932e-05,False,True,RELEASE,RELEASED,
8.551999999993804,SLOWDOWN_3,0.2218001959614307,1270.8215123764585,40.35711940546042,-0.04964669687212036,283.2194516386987,1.6714376387497565,-0.9268084621666637,1.39094566920697,0.9051333660790387,-4.222306737844583,-561.9050771179186,454.6463359190632,682.3290655860658,87.01933728585094,20.0533144466313,0.1860894663742556,454.64633635522034,431.38325945814836,375.21687580293246,4.75385373902202,150.0,0.9999999999999889,426.62940571912634,23.98969987961832,4.94193593360841,599.6265582181514,-0.0033050507666496642,2.321740976185538e-05,False,True,RELEASE,RELEASED,
8.56199999999378,SLOWDOWN_3,0.22171901823051712,1270.3563982392789,40.34343972134559,-0.0496183163142113,283.40346393771705,1.6725812093051442,-0.9266923773942926,1.3923969044062017,0.9059939886920523,-4.226427422226324,-562.2476032071336,454.8847446227877,683.4847525727325,87.10143945736564,20.079380842974224,0.18203828400601196,454.88474499736793,431.6217109353993,375.47382631683024,4.407788968733712,150.0,0.9999999999999889,427.21392196666557,23.989686705143495,4.948254250106253,599.6264764766911,-0.0006480294543527165,2.3242427459990722e-05,False,True,RELEASE,RELEASED,
8.571999999993757,SLOWDOWN_3,0.2216303899322001,1269.8485954953796,40.328357980418595,-0.04959112238254594,283.5727696280106,1.673670646540809,-0.9265378262146328,1.3938081251326502,0.9068403808090959,-4.230312591573367,-562.5394975233007,455.08058377384214,684.5862060974898,87.17748089297834,20.103378918625193,0.17805393785272372,455.08058409221616,431.8196052125535,375.71111928838246,4.065528979439591,150.0,0.9999999999999889,427.7540762331139,23.989675725057122,4.953520159518738,599.6264739567688,0.0011423263025172048,2.3267648771252425e-05,False,True,RELEASE,RELEASED,
8.581999999993734,SLOWDOWN_3,0.221534739135699,1269.3005568007218,40.311950461065344,-0.049565155645061566,283.72768914260786,1.6747128379256562,-0.9263508777357065,1.3951835509463588,0.9076720980300013,-4.233987005856568,-562.7851241078243,455.2373280159566,685.6361310706761,87.24830472435106,20.125350396551084,0.17414097096536807,455.23732828365274,431.9801522542212,375.929087015978,3.7296114522055177,150.0,0.9999999999999889,428.2505408020157,23.989666861107935,4.957771193003285,599.6265201540158,0.0020912180794878665,2.3291727529795025e-05,False,True,RELEASE,RELEASED,
8.59199999999371,SLOWDOWN_3,0.22143245335521705,1268.7145024481401,40.29428717253056,-0.04954042824632205,283.86860013649044,1.6757126801543663,-0.9261358808753422,1.3965261603655634,0.9084889407028037,-4.237468797970011,-562.9878671704092,455.357709297112,686.6367738139159,87.31451049370276,20.14534553586268,0.1703018437317496,455.35770951963264,432.10589011115906,376.12817251673573,3.4016411391053225,150.0,0.9999999999999889,428.70424897205373,23.98965989998359,4.961109654510656,599.6265865752365,0.0022847016205442827,2.331515997866518e-05,False,True,RELEASE,RELEASED,
8.601999999993687,SLOWDOWN_3,0.22132388990711307,1268.0924797095656,40.27543332997523,-0.04951693448801894,283.99591387673996,1.6766737415911959,-0.9258960337688206,1.3978381059309366,0.9092908696528784,-4.240771659684782,-563.1504479575678,455.4439554243305,687.5900671230186,87.37653509070753,20.16341977467118,0.16653766785918833,455.44395560694556,432.19890018483846,376.3088864261646,3.0826032051461993,150.0,0.9999999999999889,429.11629697969227,23.989654532956965,4.9636836068905,599.6266485853052,0.0018517184070088177,2.3338768528446963e-05,False,True,RELEASE,RELEASED,
8.611999999993664,SLOWDOWN_3,0.22120938286500705,1267.4364026858455,40.255450415611044,-0.04949465608623449,284.110059680819,1.6775987021792216,-0.9256337620171986,1.3991209898244317,0.9100779503675777,-4.243906295623468,-563.2751355550713,455.49794882474237,688.4977268264665,87.43470654312061,20.17963150295964,0.1628486842488428,455.49794897243925,432.2609505063717,376.47177853360415,2.7730716207549335,150.0,0.9999999999999889,429.4878788856168,23.989650395984494,4.965667641377986,599.6266866133395,0.0009462191147102672,2.3362446540886594e-05,False,True,RELEASE,RELEASED,
8.62199999999364,SLOWDOWN_3,0.2210892477524144,1266.7480791935566,40.23439675337747,-0.04947356939243762,284.21147469072855,1.6784896454216256,-0.9253509698630373,1.4003760467678497,0.9108503160618472,-4.246881389918647,-563.363887074505,455.52133217225753,689.3613160206957,87.48927974195396,20.194040586469665,0.15923457382496053,455.52133228969075,432.293591076355,376.61741902784263,2.473347696985229,150.0,0.9999999999999889,429.8202433793698,23.98964710700085,4.967244991723067,599.6266867454935,-0.00026931172009891924,2.3385472559311893e-05,False,True,RELEASE,RELEASED,
8.631999999993617,SLOWDOWN_3,0.22096378473143038,1266.029229034822,40.21232809881601,-0.04945364509754117,284.30059718218683,1.6793482520910648,-0.9250492069413407,1.401604265311187,0.9116081432623668,-4.249704248615732,-563.418440858023,455.515578654652,690.1822877823832,87.54046015431057,20.206707389537023,0.15569465952307837,455.5155787461411,432.2982172993324,376.7463861805956,2.183552147402395,150.0,0.9999999999999889,430.11466515193,23.989644297992136,4.968592152492794,599.6266407724072,-0.0016379501603687174,2.3407417188536783e-05,False,True,RELEASE,RELEASED,
8.641999999993594,SLOWDOWN_3,0.22083328079201286,1265.2814965409766,40.18929789934143,-0.049434851793973354,284.3778622139805,1.6801759287004452,-0.9247297789763088,1.4028064682125008,0.9123516356851872,-4.252381226462525,-563.4403784508496,455.4820387284142,690.9620135626734,87.58841955561667,20.217692129348425,0.1522280374724687,455.4820387979273,432.2761122009741,376.85925829521284,1.9036862530456915,150.0,0.9999999999999889,430.37242594792843,23.98964164028947,4.969866748737194,599.6265457879467,-0.0030194165806509687,2.3429017574017053e-05,False,True,RELEASE,RELEASED,
8.65199999999357,SLOWDOWN_3,0.22069801127725505,1264.5064593117359,40.16535754073801,-0.04941715675355401,284.443698825331,1.680973892697456,-0.9243938212870815,1.4039833656766396,0.9130810136033432,-4.254918010436417,-563.4311658306551,455.4219712536755,691.7018020669466,87.63330646449091,20.227054450358906,0.14883366213075533,455.42197130485476,432.22847454860596,376.95660847911444,1.6336724998944305,150.0,0.9999999999999889,430.59480204871153,23.989638862340907,4.971199012893244,599.6264034522072,-0.004297856718613602,2.345071129639109e-05,False,True,RELEASE,RELEASED,
8.661999999993547,SLOWDOWN_3,0.22055824096741153,1263.7056344262091,40.140556533317735,-0.04940052618793806,284.49852825648753,1.6817432289737715,-0.9240423476360794,1.4051355906012524,0.9137965068455955,-4.257319808159679,-563.3921808740499,455.33656426302065,692.4029118198425,87.67525306445768,20.23485314502686,0.14551040154447037,455.33656429918324,432.1564376158514,377.0390012842336,1.3733815873340518,150.0,0.9999999999999889,430.78305602851736,23.989635759940025,4.972686879346887,599.6262190366375,-0.005386329568551673,2.3471862732549198e-05,False,True,RELEASE,RELEASED,
8.671999999993524,SLOWDOWN_3,0.22041422487050724,1262.8804829727528,40.11494255867204,-0.04938492776157427,284.5427628451508,1.682484927375212,-0.9236762827415037,1.4062637219048244,0.9144983501948603,-4.259591473223924,-563.324731701404,455.22694885846386,693.0665595451213,87.71437979784565,20.241145971887928,0.14225707320554193,455.22694888263,432.06108174485183,377.10699058229596,1.1226503932328455,150.0,0.9999999999999889,430.938431351619,23.98963219947772,4.97439442494082,599.6260003642798,-0.0062282592124658365,2.3493042590416735e-05,False,True,RELEASE,RELEASED,
8.6819999999935,SLOWDOWN_3,0.22026620881755984,1262.032413459346,40.088561621584795,-0.04937032943235072,284.57680536892184,1.6831999076382511,-0.9232964839750698,1.4073682999672439,0.9151867803711491,-4.26173758870164,-563.2300689831596,455.09420855866233,693.693925776324,87.75079841868936,20.245989538495312,0.13907246731298528,455.0942085735473,431.94344280179973,377.1611182557511,0.8812939414145831,150.0,0.9999999999999889,431.06214886038515,23.989628115220153,4.976353174448517,599.6257567455621,-0.006796291810852395,2.3513544078923587e-05,False,True,RELEASE,RELEASED,
8.691999999993477,SLOWDOWN_3,0.22011442992735009,1261.162784476526,40.06145817666585,-0.04935669832998509,284.6010486818605,1.6838890360111682,-0.9229037559044208,1.4084498368547367,0.9158620340598973,-4.26376252297076,-563.1093942535853,454.9393856375907,694.286158638646,87.78461402638106,20.249439227703686,0.13595536191019164,454.939385645668,431.8045179170947,377.20191342704663,0.6491133927807482,150.0,0.9999999999999889,431.15540452431395,23.98962350189505,4.978565656118146,599.6254979921533,-0.007089116695769171,2.353349668737792e-05,False,True,RELEASE,RELEASED,
8.701999999993454,SLOWDOWN_3,0.21995911698372828,1260.2729068591975,40.033675158017,-0.04934400175583175,284.6158755447841,1.6845531363798032,-0.9224988601043743,1.4095088230987278,0.9165243466293933,-4.2656704672230426,-562.9638655883688,454.76348547685006,694.8443764258164,87.81592642577053,20.251549153031018,0.13290453271713432,454.7634854803249,431.6452694326931,377.2298920428999,0.42590140027999723,150.0,0.9999999999999889,431.2193680324131,23.989618403997934,4.981010530280788,599.6252335704362,-0.007126864542168043,2.355325830194488e-05,False,True,RELEASE,RELEASED,
8.71199999999343,SLOWDOWN_3,0.21980049075387664,1259.3640455101406,40.00525392133886,-0.049332210202848635,284.6216585830253,1.685192997763897,-0.922082521840668,1.4105457322002797,0.9171739513020641,-4.267465460865005,-562.794601544008,454.56747960831365,695.3696693855554,87.84483104252628,20.252372133638055,0.1299187595299145,454.56747960917284,431.46662766778866,377.2455566924174,0.21144571575734972,150.0,0.9999999999999889,431.2551819520313,23.989612903227364,4.983648615278721,599.624971934273,-0.006945693220471227,2.3573999897053e-05,False,True,RELEASE,RELEASED,
8.721999999993407,SLOWDOWN_3,0.21963876426631976,1258.4374209928922,39.97623444420348,-0.049321293421092,284.61876032788996,1.6858093794171116,-0.9216554346870528,1.411561023633951,0.9178110786244401,-4.269151408923821,-562.6026839531075,454.35230789497507,695.8631009868101,87.8714195450637,20.251959682646223,0.1269968304222857,454.3523078949773,431.26949290701026,377.2493965790462,0.00553163654689115,150.0,0.9999999999999889,431.26396127046337,23.98960710534765,4.986429187943745,599.6247200558337,-0.006592123432524133,2.3594151457473345e-05,False,True,RELEASE,RELEASED,
8.731999999993384,SLOWDOWN_3,0.2194741430610763,1257.4942109650112,39.946655304745384,-0.04931122215517057,284.607533312928,1.686403014345713,-0.9212182637761072,1.4125551448632514,0.9184359561334917,-4.270732094176399,-562.3891599676805,454.11888014556985,696.3257088496731,87.89578027301107,20.25036200461736,0.12413754448255077,454.1188801462761,431.0547368781159,377.2418875935165,-0.19205631921067834,150.0,0.9999999999999889,431.24679319732655,23.989601127587314,4.9892960271407505,599.6244831546448,-0.006117603533055238,2.3613771759301017e-05,False,True,RELEASE,RELEASED,
8.74199999999336,SLOWDOWN_3,0.21930682542014107,1256.535551498644,39.91655373066859,-0.049301967947887326,284.5883202059378,1.6869746117831261,-0.9207716481461842,1.413528532704943,0.9190488081519822,-4.272211185798372,-562.1550436091144,453.86807735792405,696.7585054568328,87.91799853815517,20.247627999409353,0.121339713624252,453.86807736071967,430.8232038950608,377.2234924528854,-0.3815332514560055,150.0,0.9999999999999889,431.2047371465168,23.989595087440623,4.992192784393987,599.6242646098353,-0.005573678623653322,2.3633440491721558e-05,False,True,RELEASE,RELEASED,
8.751999999993338,SLOWDOWN_3,0.21913700258368954,1255.5625383192828,39.88596569316153,-0.04929350169446487,284.561453964098,1.6875248589751641,-0.9203162024894892,1.4144816142652663,0.919649855668493,-4.273592245718968,-561.9013169950517,453.6007527193374,697.16247872504,87.93815684138795,20.243805270540374,0.11860216378647692,453.60075272542804,430.57571178237464,377.1946608826294,-0.56311306114128,150.0,0.9999999999999889,431.1388248435159,23.989589093475583,4.995067392226875,599.6240660291849,-0.005008024816676837,2.3653509060750366e-05,False,True,RELEASE,RELEASED,
8.761999999993314,SLOWDOWN_3,0.21896485895557177,1254.576227983161,39.854925770018795,-0.0492857982161279,284.52725800388225,1.6880544225091911,-0.9198525185022646,1.4154148075945368,0.9202393162729957,-4.274878733463607,-561.6289313550193,453.31773244822716,697.538592487769,87.95633503427318,20.238940136801947,0.11592373571761527,453.31773245866145,430.3130526567776,377.1558298265451,-0.7370078648838216,150.0,0.9999999999999889,431.0500605216614,23.989583238489327,4.997875346716015,599.6238874413996,-0.004461496123999709,2.3672467932556174e-05,False,True,RELEASE,RELEASED,
8.771999999993291,SLOWDOWN_3,0.21879057230043744,1253.5776390066958,39.823467382177235,-0.049278830977039584,284.4860463802225,1.6885639493409164,-0.9193811659692284,1.4163285221567963,0.9208174041288075,-4.276074009998175,-561.3388079079162,453.01981653206917,697.8877869226262,87.97261044407085,20.233077646262533,0.11330328551059665,453.0198165477467,430.0359936157144,377.10742367436745,-0.9034275670652505,150.0,0.9999999999999889,430.93942118277965,23.989577595110546,5.000581816463828,599.6237275745964,-0.003966227188703542,2.3692366312388913e-05,False,True,RELEASE,RELEASED,
8.781999999993268,SLOWDOWN_3,0.2186143139340492,1252.5677529569043,39.791622810658836,-0.04927257253536253,284.4381239712302,1.6890540676200219,-0.9189026936694372,1.4172231591781141,0.9213843299683732,-4.277181340913964,-561.0318386492537,452.70777939760467,698.2109789452688,87.98705797460647,20.226261592068234,0.11073968497396436,452.70777941929896,429.7452773652295,377.049854500397,-1.062579540130912,150.0,0.9999999999999889,430.80785690536044,23.989572213743333,5.003162628676011,599.623584184124,-0.0035447463746853813,2.371272137224878e-05,False,True,RELEASE,RELEASED,
8.791999999993244,SLOWDOWN_3,0.21843624890781016,1251.547515508666,39.75942301478907,-0.049267000213706585,284.383786666015,1.6895253873807938,-0.9184176301607595,1.4180991119150015,0.9219403011046324,-4.278203899174913,-560.7088870791212,452.38237053659566,698.5090625837153,87.99975019107582,20.218534529625387,0.10823182182389246,452.38237056496416,429.44162280811616,376.9835223086749,-1.2146683805310658,150.0,0.9999999999999889,430.65629118864723,23.989567122586667,5.005604259777029,599.6234543957047,-0.0032099846112663144,2.3732997760816943e-05,False,True,RELEASE,RELEASED,
8.801999999993221,SLOWDOWN_3,0.21825653618819474,1250.517837472788,39.726897929467434,-0.04926208912074493,284.32332155393107,1.689978501141584,-0.9179264844804875,1.4189567658706335,0.9224855214525672,-4.2791447675725465,-560.370788890933,452.04431510206143,698.7829093420844,88.01075739412605,20.209937794865024,0.10577859987915872,452.04431513763745,429.12572560581214,376.9088152817048,-1.359895718602047,150.0,0.9999999999999889,430.4856213244142,23.98956232935295,5.00790301121427,599.623335034846,-0.0029660174646943815,2.375422604927735e-05,False,True,RELEASE,RELEASED,
8.811999999993198,SLOWDOWN_3,0.2180753288315421,1249.479595797496,39.69407638155417,-0.049257815185516425,284.25700711412526,1.6904139844415387,-0.9174297467870467,1.4197964989764467,0.9230201915573931,-4.280006940984311,-560.0183526338617,451.6943144846838,699.033368559153,88.02014768667216,20.200511523369965,0.10337893913595053,451.69431452789945,428.7982587226877,376.82611003070247,-1.4984600678259312,150.0,0.9999999999999889,430.29671879051364,23.98955782424685,5.010063580821558,599.62322291979,-0.002809351139926086,2.3773791326675564e-05,False,True,RELEASE,RELEASED,
8.821999999993174,SLOWDOWN_4,0.21789601718079496,1248.4522157169624,39.63475544512229,-0.049964189002041796,284.1721435971848,1.6863746546013523,-0.9159605878969557,1.4159363252283959,0.923335243057116,-4.271518988948082,-558.4481850023539,450.8363425179688,696.9246958212107,87.6003279398184,20.188451799154763,-0.17693725458616427,450.8363426017861,428.0040003167564,376.73562097293274,-2.0860848646365184,149.76,0.9999999999999889,430.0900851813929,23.98955365611812,5.012062541292768,599.623203343838,0.007199529337523103,2.3781446657267225e-05,False,True,RELEASE,RELEASED,
8.831999999993151,SLOWDOWN_4,0.21775251751364352,1247.6300231880316,39.61214546704012,-0.0498716226871552,283.9856647997856,1.679836736792661,-0.9114987104181863,1.4110356349802788,0.9231855163895041,-4.249464540826738,-555.1989611099888,448.3457981332266,694.056821725411,86.86033966762585,20.16196445294405,-0.1691411438077921,448.3457984397444,425.70464938327524,376.5595600290516,-3.9835392508803693,149.15999999999997,0.9999999999999889,429.6881886341556,23.989551413755535,5.013137938253259,599.6236785784937,0.018557972039784154,2.3774455485181534e-05,False,True,RELEASE,RELEASED,
8.841999999993128,SLOWDOWN_4,0.2176446942474039,1247.0122413791469,39.592438041675365,-0.04987408628092938,283.7590774975992,1.6753025516687439,-0.9085078464181656,1.407569583581725,0.9228270092485712,-4.233450688681593,-552.83284844974,446.5181054835153,691.799532909973,86.35508827616457,20.129803515572128,-0.17014882551291066,446.5181059853191,424.0073137582312,376.3008760718661,-5.090714521927509,148.55999999999995,0.9999999999999889,429.0980282801587,23.98955285842778,5.012445099325955,599.6244713430743,0.025261489925038738,2.3774577016411058e-05,False,True,RELEASE,RELEASED,
8.851999999993104,SLOWDOWN_4,0.21756316561016165,1246.5451166968035,39.57699403007707,-0.049890344332766345,283.511752271091,1.671968857239943,-0.9064944379509065,1.4049013109625572,0.9223391194412395,-4.221461182632459,-551.0606750363606,445.1402211835623,689.8862851454344,85.99476751270419,20.094728418956116,-0.1690420788637539,445.1402218101566,422.71939985501314,375.9954444908835,-5.682340381033725,147.95999999999992,0.9999999999999889,428.40174023604686,23.989558537874075,5.009721337817463,599.6254395539667,0.028438433877476577,2.3782150833540072e-05,False,True,RELEASE,RELEASED,
8.861999999993081,SLOWDOWN_4,0.2175016646107416,1246.192741926543,39.56494012344793,-0.049913330706642584,283.25624583815943,1.669402235270741,-0.9051299007431147,1.4027272314700765,0.9217715798382219,-4.212140321592594,-549.6885189122481,444.0695906147634,688.1979116054915,85.72768897949447,20.058525201581958,-0.16728588359330843,444.069591301106,421.71187583879953,375.6667031411625,-5.941069158014841,147.3599999999999,0.9999999999999889,427.65294499681437,23.989568265649478,5.0050560666201145,599.6264706309471,0.02881769552733271,2.3793993022991344e-05,False,True,RELEASE,RELEASED,
8.871999999993058,SLOWDOWN_4,0.2174560428877744,1245.9313487085294,39.55564291843163,-0.04993982887834385,283.0004300513099,1.6673333055268702,-0.9041926407436309,1.4008697370363234,0.9211555723766963,-4.204584252245564,-548.5873520889432,443.20912249481137,686.6658927579638,85.5211859787996,20.02231085230659,-0.16526723697438683,443.2091231935953,420.89673698887265,375.3296422520287,-5.989142868806937,146.75999999999988,0.9999999999999889,426.8858798576796,23.989581386923245,4.998763326873244,599.6274765603216,0.02705997907774904,2.3806553372196504e-05,False,True,RELEASE,RELEASED,
8.881999999993035,SLOWDOWN_4,0.2174235445498063,1245.7451469478533,39.54866651215701,-0.04996809990624168,282.74919494934903,1.6655916415703467,-0.9035381529890701,1.3992191831739946,0.9205108844192399,-4.198205963299618,-547.6732927744421,442.49513509756923,685.2479659452486,85.35449868267771,19.986776811126248,-0.16311781693138983,442.49513577821494,420.21621280139607,374.9937037744904,-5.90584135166057,146.15999999999985,0.9999999999999889,426.12205415305664,23.98959698258721,4.9912839027144775,599.6283923662969,0.02379477052146317,2.3821308673177555e-05,False,True,RELEASE,RELEASED,
8.891999999993011,SLOWDOWN_4,0.21740231397042697,1245.623504688348,39.5437121507998,-0.04999711031863295,282.50553093022927,1.6640686159267375,-0.9030732087065635,1.3977063848422384,0.9198501287603483,-4.192627374763803,-546.8921357336443,441.8863035304492,683.9172083329187,85.21438770218495,19.95234375154268,-0.1608992505309743,441.88630417490293,419.6327871907556,374.66475271200613,-5.7419913690841895,145.55999999999983,0.9999999999999889,425.3747785598398,23.989614029992826,4.983108235983297,599.6291748416368,0.019610058713403156,2.3836319542169804e-05,False,True,RELEASE,RELEASED,
8.901999999992988,SLOWDOWN_4,0.21739107490960352,1245.5591096132605,39.54057175024574,-0.05002621735864631,282.2712180396823,1.6626946963933604,-0.9027378001337975,1.3962872618570294,0.9191813550388344,-4.187605285341282,-546.2088085664868,441.35581468056427,682.6561399042622,85.09238233487898,19.919260133401473,-0.15864858235761403,441.35581527921204,419.12209816090683,374.3463639664645,-5.530023702460312,144.9599999999998,0.9999999999999889,424.65212186336714,23.98963152677633,4.97471704262197,599.6298006846704,0.015031750141623057,2.385155858064536e-05,False,True,RELEASE,RELEASED,
8.911999999992965,SLOWDOWN_4,0.2173889242140219,1245.546787035276,39.53909604379263,-0.0500550186712546,282.04726544638316,1.6614252112177057,-0.9024932455610531,1.3949335733956918,0.9185096975092344,-4.182982906304913,-545.6004924043607,440.88617530499994,681.4532197375412,84.98304291774922,19.88766498644564,-0.15639080483208545,440.8861758536973,418.66823404545204,374.04065045207636,-5.290578653368641,144.3599999999998,0.9999999999999889,423.9588126988207,23.989648580995862,4.966538084477619,599.6302639222516,0.010504520390005823,2.3868710400165583e-05,False,True,RELEASE,RELEASED,
8.921999999992941,SLOWDOWN_4,0.21739519981802338,1245.5827435975941,39.539174049810086,-0.050083260067135774,281.8341919373064,1.6602313386495293,-0.9023145149415513,1.3936271430909344,0.9178384230667637,-4.1786586831759,-545.0522036402059,440.4658588776567,680.3006782801517,84.88286016683215,19.857627936238618,-0.15414334052036338,440.4658593756333,418.2606941784922,373.7487933807556,-5.036762044444799,143.75999999999976,0.9999999999999889,423.297456222937,23.989664470384536,4.958917751974806,599.6305727569653,0.006378516307474769,2.3885821406111063e-05,False,True,RELEASE,RELEASED,
8.931999999992918,SLOWDOWN_4,0.21740939637761808,1245.6640838924325,39.54071963820469,-0.05011078477258137,281.63220515075653,1.6590943816854486,-0.9021853157320258,1.3923562128341034,0.917169600336757,-4.174566367024924,-544.5539723959168,440.0871593614692,679.1931544887393,84.78955661032157,19.829174744519463,-0.1519183203928378,440.0871598099454,417.89244309922543,373.47138137798294,-4.776868138281316,143.15999999999974,0.9999999999999889,422.66931123750675,23.989678674009337,4.9521058801144875,599.6307460759368,0.0029034245397498992,2.3902915813778236e-05,False,True,RELEASE,RELEASED,
8.941999999992895,SLOWDOWN_4,0.21743111131543946,1245.788501321388,39.543663013190375,-0.050137498985055734,281.44131623999294,1.6580021229264454,-0.9020949537230667,1.3911131277131916,0.9165045278399412,-4.170662302855525,-544.099043658772,439.74482164117336,678.1268332166374,84.70164246307314,19.80230362172493,-0.14972406719971332,439.74482204248545,417.5586687738548,373.20862737122167,-4.516117724053856,142.55999999999972,0.9999999999999889,422.07478649790863,23.98969088031273,4.946251890915301,599.6308098838633,0.00022990125177901888,2.3920333887872403e-05,False,True,RELEASE,RELEASED,
8.951999999992871,SLOWDOWN_4,0.2174600102602429,1245.9540800783495,39.547945294425325,-0.050163348818342744,281.26141331105555,1.656946500190023,-0.9020363281947715,1.3898928617375013,0.9158440084995171,-4.166917322810084,-543.6827302631189,439.4351679823126,677.0988973330534,84.61813278729795,19.776995654433108,-0.1475661609248391,439.43516833940896,417.2559905469229,372.9605074007728,-4.257767273199477,141.9599999999997,0.9999999999999889,421.51375782012235,23.98970097608549,4.941410081092603,599.6307939061043,-0.0015825523483004034,2.3936798129398085e-05,False,True,RELEASE,RELEASED,
8.961999999992848,SLOWDOWN_4,0.2174958048590978,1246.1591680227245,39.553515028379664,-0.050188305749484664,281.09230850083156,1.6559221220598301,-0.9020046505306439,1.3886920770092344,0.9151885259415555,-4.16331157214302,-543.3016807574652,439.15554045211576,676.1071788729573,84.53836705179914,19.753221474581668,-0.14544822103039223,439.15554076820484,416.98195358738275,372.72684953517864,-4.003817213884361,141.35999999999967,0.9999999999999889,420.9857708012671,23.98970902123124,4.937551724125535,599.630728565378,-0.002552711848179179,2.395376111508085e-05,False,True,RELEASE,RELEASED,
8.971999999992825,SLOWDOWN_4,0.2175382384907676,1246.4022948231338,39.560325801809746,-0.05021236096267204,280.9337681746287,1.6549253183222516,-0.9019966241785261,1.3875085222060972,0.9145383579166706,-4.1598312027878,-542.9534113640334,438.90394451005324,675.1499363893839,84.46189380757133,19.730945525199015,-0.14337247878972903,438.9039447884028,416.7347057432743,372.50739086837075,-3.7554647159972205,140.75999999999965,0.9999999999999889,420.4901704592715,23.989715214185978,4.934581654345411,599.630642479764,-0.0027614354850413747,2.3969450353433785e-05,False,True,RELEASE,RELEASED,
8.981999999992802,SLOWDOWN_4,0.2175870770320035,1246.682119052173,39.56833495488864,-0.050235514899729404,280.7855322964652,1.6539535315098441,-0.9020099190293103,1.386340647303765,0.9138936493929068,-4.156466257047978,-542.6360061919329,438.678820756125,674.2257124843622,84.38839684105821,19.710128786752325,-0.1413401920024171,438.6788209999637,416.5127905968557,372.30181407164815,-3.5133935275034105,140.15999999999963,0.9999999999999889,420.02618412435913,23.98971985256138,4.932357141910555,599.6305605690347,-0.0023338650554753926,2.3985587745301018e-05,False,True,RELEASE,RELEASED,
8.991999999992778,SLOWDOWN_4,0.21764210286075067,1246.9973938273154,39.577502537932666,-0.05025777597777332,280.64732684359905,1.6530049263052902,-0.9020428339097886,1.3851873563462653,0.9132544597379582,-4.153209310574372,-542.3479247845529,438.4788984173139,673.3332423691136,84.31764779359986,19.69073051611448,-0.13935194247460458,438.4788986297395,416.3150146259415,372.1097708303877,-3.277959760246688,139.5599999999996,0.9999999999999889,419.5929743861882,23.98972329303687,4.930707128182513,599.6305027978501,-0.0014215937719006533,2.400324558493594e-05,False,True,RELEASE,RELEASED,
9.001999999992755,SLOWDOWN_4,0.21770311093690567,1247.3469443553047,39.587790704198575,-0.050279157763165626,280.51887174557464,1.6520781383157583,-0.9020940794435943,1.3840478484986258,0.9126207932249933,-4.150054600449938,-542.0878782455811,438.3031010430972,672.471394960425,84.2494756986462,19.67270935135254,-0.13740784751439605,438.30310122705896,416.1403616954901,371.9308968548053,-3.049311138504663,138.95999999999958,0.9999999999999889,419.1896728339948,23.98972591380251,4.929450237852053,599.6304835327859,-0.0001861211334128754,2.402083714514447e-05,False,True,RELEASE,RELEASED,
9.011999999992732,SLOWDOWN_4,0.21776990621938405,1247.7296531330444,39.59916338032195,-0.05029967523091657,280.3998859394819,1.6511721121568324,-0.9021626380564275,1.3829215156542767,0.9119926187863804,-4.146997463706117,-541.8547492579828,438.1504856054718,671.639134761284,84.18374735287455,19.65602400871862,-0.13550770908204868,438.1504857637451,415.9879378290942,371.76482146939964,-2.827463632036256,138.35999999999956,0.9999999999999889,418.8154014611305,23.9897280820284,4.928410380392743,599.6305114488482,0.0012154035088220994,2.4037244656938128e-05,False,True,RELEASE,RELEASED,
9.021999999992708,SLOWDOWN_4,0.2178423019447659,1248.144450084961,39.61158592205106,-0.050319345574885876,280.29009056465947,1.6502859968674735,-0.9022476735079396,1.3818078763367871,0.9113698828226569,-4.1440339748301485,-541.6475402485905,438.0202030116899,670.8354970458845,84.12035463805935,19.640633717186255,-0.13365111834468735,438.0202031468738,415.8569353886546,371.61117370941275,-2.612350749787254,137.75999999999954,0.9999999999999889,418.4692861384419,23.98973012798235,4.927429163046807,599.6305898916512,0.002641491412340713,2.4054446498666948e-05,False,True,RELEASE,RELEASED,
9.031999999992685,SLOWDOWN_4,0.21792011846295997,1248.5903058918534,39.625024913434245,-0.050338187899820905,280.1892109557764,1.649419078194112,-0.9023484722767027,1.3807065329354438,0.9107525175179482,-4.141160711058796,-541.4653396368531,437.9114723705452,670.059571579774,84.05920631078274,19.62649848400514,-0.13183752847942287,437.91147248507656,415.7466097189845,371.469586163992,-2.4038552653971124,137.1599999999995,0.9999999999999889,418.1504649843816,23.989732326601466,4.926374728956135,599.6307175840877,0.003974358492564889,2.4071479856502265e-05,False,True,RELEASE,RELEASED,
9.041999999992662,SLOWDOWN_4,0.21800318243414046,1249.0662273896774,39.639448112978606,-0.05035622076072956,280.09697785936805,1.6485707346287521,-0.9024644054694029,1.3796171439697105,0.9101404462427116,-4.138374599886422,-541.3072997279116,437.82356411201147,669.3104918289562,84.00022266952836,19.613579251487835,-0.1300663051167703,437.82356420815205,415.65626381589027,371.33969736437876,-2.2018296346154216,136.5599999999995,0.9999999999999889,417.8580934505057,23.98973488659803,4.925146981883272,599.630889560467,0.005124685743580493,2.408810212273238e-05,False,True,RELEASE,RELEASED,
9.051999999992638,SLOWDOWN_4,0.21809132626088998,1249.5712543159652,39.65482430791236,-0.05037346327504917,280.0131281485028,1.6477404087803256,-0.902594903979684,1.3785394060517304,0.9095335870652393,-4.1356728195708685,-541.1726221207949,437.75578881948906,668.5874277088852,83.94333207852456,19.60183798387747,-0.12833676109551106,437.75578889933394,415.5852381711799,371.22115323211375,-2.006109122695591,135.95999999999947,0.9999999999999889,417.5913472938755,23.98973794658299,4.923679445357316,599.6310982150096,0.006033330293488071,2.4107135914164246e-05,False,True,RELEASE,RELEASED,
9.061999999992615,SLOWDOWN_4,0.21818438767421744,1250.104456937884,39.67112328369259,-0.050389933922674504,279.9374052133687,1.6469275886626937,-0.9027394422173924,1.377473042118555,0.9089318550330591,-4.133052733873628,-541.0605479792807,437.70748975800694,667.8895806236901,83.88846869215837,19.591237709398456,-0.12664818028463287,437.7074898234965,415.5329039672534,371.11360792002654,-1.8165202249213053,135.35999999999945,0.9999999999999889,417.3494241921747,23.98974157724265,4.921938218779211,599.6313343635052,0.0066704105787804835,2.4125213371917198e-05,False,True,RELEASE,RELEASED,
9.071999999992592,SLOWDOWN_4,0.21828220942085022,1250.6649342605494,39.68831571718948,-0.05040565185693641,279.86955914302996,1.6461317954094499,-0.9028975273927808,1.3764177937261424,0.9083351636529445,-4.130511848961907,-540.9703514582437,437.6780378009219,667.2161799932168,83.83557095735404,19.58174253372849,-0.12499983376062573,437.67803785385365,415.49865844554915,371.0167242613843,-1.6328860442887958,134.75999999999942,0.9999999999999889,417.13154448983795,23.989745788312533,4.919918632838172,599.6315882342392,0.007032312389898543,2.4143390419339994e-05,False,True,RELEASE,RELEASED,
9.081999999992568,SLOWDOWN_4,0.2183846390177181,1251.251812620325,39.7063731994035,-0.05042063510946416,279.8093467731828,1.6453525751621825,-0.9030686924091665,1.3753734159795379,0.9077434258480316,-4.1280477846918435,-540.9013351846914,437.66682791885637,666.5664807511114,83.78458062117741,19.573317635408827,-0.1233909907502948,437.66682796089583,415.4819216912479,370.93017396681626,-1.4550296998158387,134.1599999999994,0.9999999999999889,416.93695139106376,23.98975053895066,4.91764027464809,599.6318503250261,0.0071372221458707585,2.4163356215467502e-05,False,True,RELEASE,RELEASED,
9.091999999992545,SLOWDOWN_4,0.21849152855147833,1251.8642445361832,39.72526817561322,-0.05043490120031027,279.756531648545,1.644589493675278,-0.9032524911048055,1.374339674178138,0.9071565545732976,-4.125658255247246,-540.8528270819975,437.6732766905398,665.9397614808904,83.73544206736176,19.565929250005837,-0.12182092591137916,437.6732767232251,415.4821343447866,370.85363765964064,-1.2827764594149471,133.55999999999938,0.9999999999999889,416.7649108042015,23.989755750103562,4.915141057170821,599.6321120847956,0.007019796438688886,2.418102769752295e-05,False,True,RELEASE,RELEASED,
9.101999999992522,SLOWDOWN_4,0.21860273450865528,1252.5014077364783,39.744973861814884,-0.05044846852096625,279.7108839315238,1.6438421326932862,-0.9034484950282609,1.3733163415793106,0.9065744632075652,-4.1233410558837384,-540.8241780767946,437.696820485869,665.3353229746065,83.68810186756384,19.559544647438603,-0.1202889240780678,437.69682051061017,415.4987559232982,370.7868048084967,-1.115955046679744,132.95999999999935,0.9999999999999889,416.6147109699779,23.989761317559406,4.912470959123316,599.6323663992393,0.0067255326744009025,2.4199633912758145e-05,False,True,RELEASE,RELEASED,
9.111999999992499,SLOWDOWN_4,0.21871811762696228,1253.1625043070835,39.76546434326203,-0.05046135300519264,279.6721802777746,1.6431100874879538,-0.9036562912177692,1.3723031978929505,0.9059970657992212,-4.121094053671018,-540.8147603895554,437.73691409433627,664.75248707441,83.6425084732286,19.55413210533102,-0.11879428334032127,437.7369141124358,415.53126354665784,370.72937359560257,-0.9543984126947294,132.35999999999933,0.9999999999999889,416.48566195935257,23.98976712456543,4.909685973801867,599.6326078786901,0.006305326211257345,2.421746376057854e-05,False,True,RELEASE,RELEASED,
9.121999999992475,SLOWDOWN_4,0.2188375427616175,1253.8467599254361,39.78671440598386,-0.05047357193256066,279.640203692054,1.6423929651564062,-0.9038754806399177,1.3713000282553816,0.9054242772161517,-4.118915180864224,-540.8239662143101,437.79302965109207,664.1905957063071,83.59861199986887,19.54966088023337,-0.11733631688423429,437.793029663745,415.5791509341609,370.6810507455758,-0.7979441623319872,131.7599999999993,0.9999999999999889,416.3770950964929,23.98977305312297,4.906842692126271,599.6328329619131,0.005810597293735675,2.4236685590039997e-05,False,True,RELEASE,RELEASED,
9.131999999992452,SLOWDOWN_4,0.21896087876256765,1254.5534231570823,39.80869966508337,-0.05048513994162991,279.614743373101,1.6416903834209047,-0.9041056770632627,1.370306622518718,0.9048560132330082,-4.116802430013893,-540.8512066606295,437.86465576441526,663.6490100469448,83.55636407236703,19.54610117790129,-0.11591435405637185,437.86465577271656,415.64192758474604,370.6415513310477,-0.646434757933207,131.1599999999993,0.9999999999999889,416.28836234267925,23.989778993334465,4.903993819911777,599.6330398611071,0.005289258131614183,2.4256096594399423e-05,False,True,RELEASE,RELEASED,
9.141999999992429,SLOWDOWN_4,0.2190879983599174,1255.281764799237,39.83139630312227,-0.05049607537930982,279.595594553207,1.641001969760479,-0.9043465062202185,1.3693227747485457,0.9042921905775435,-4.114753850233452,-540.8959108748462,437.9512967815221,663.1271097845815,83.51571771078241,19.543424123390327,-0.11452774084864359,437.95129678648374,415.7191180835995,370.6105985656217,-0.4997175805424945,130.55999999999926,0.9999999999999889,416.218835664142,23.989784850439072,4.90118480363463,599.6332283810335,0.00478267718737424,2.4273245799122378e-05,False,True,RELEASE,RELEASED,
9.151999999992405,SLOWDOWN_4,0.21921877805575138,1256.031077260966,39.85478138906412,-0.050506391357443,279.5825583361358,1.640327360763643,-0.9045976051613425,1.3683482828600992,0.9037327269503198,-4.112767544244524,-540.9575252859827,438.05247215132704,662.624292448774,83.47662724325414,19.54160173144469,-0.1131758400435956,438.052472153871,415.8102614976214,370.5879235910146,-0.3576449008578493,129.95999999999924,0.9999999999999889,416.16790639847926,23.989790549416067,4.8984516226635755,599.6333996488459,0.004323692992577399,2.4293303113154252e-05,False,True,RELEASE,RELEASED,
9.161999999992382,SLOWDOWN_4,0.21935309802112168,1256.8006739729722,39.87883264848736,-0.0505161013204363,279.57544153574537,1.639666201629394,-0.9048586217390405,1.3673829483470563,0.903177541027215,-4.110841665950817,-541.0355129403724,438.167715856785,662.1399727918354,83.43904823719305,19.540606877476748,-0.11185803108412529,438.16771585774967,415.91491083495924,370.57326526279815,-0.22007379392147186,129.35999999999922,0.9999999999999889,416.1349846288807,23.98979603724315,4.89581970616879,599.6335557914394,0.003935639979201433,2.4313365088346472e-05,False,True,RELEASE,RELEASED,
9.171999999992359,SLOWDOWN_4,0.21949084199736457,1257.589888822179,39.903528355179404,-0.05052522141937871,279.5740565167983,1.6390181457686401,-0.9051292141791724,1.3664265760728842,0.9026265524509582,-4.1089744183766275,-541.1293529010704,438.2965758985744,661.6735822107764,83.40293744295607,19.540413269314488,-0.11057370977459868,438.29657589872323,416.03263255201045,370.5663699375655,-0.08686601981730746,128.7599999999992,0.9999999999999889,416.11949857182776,23.989801283060668,4.893303854335782,599.6336995945353,0.0036322780535060772,2.4333462533832062e-05,False,True,RELEASE,RELEASED,
9.181999999992335,SLOWDOWN_4,0.21963189720116358,1258.398075607783,39.92884752209719,-0.050533765019027545,279.57822103889225,1.638382854474612,-0.9054090507135988,1.3654789741047928,0.9020796818157919,-4.107164051862971,-541.2385396962494,438.43861381812394,661.2245682020189,83.36825274620054,19.54099541981793,-0.1093222878960205,438.4386138181618,416.16300609707343,370.5669912633102,0.04211211543497484,128.15999999999917,0.9999999999999889,416.12089398163846,23.989806276607638,4.890908988402367,599.6338341728582,0.003418468020420562,2.4354283937100263e-05,False,True,RELEASE,RELEASED,
9.191999999992312,SLOWDOWN_4,0.21977615423293553,1259.2246075163448,39.95476986578868,-0.050541743197939935,279.5877581040605,1.6377599966414789,-0.9056978092552327,1.3645399535775304,0.9015368506480018,-4.105408862448408,-541.3625828056331,438.59340425155494,660.7923938437749,83.33495312637332,19.542328620413667,-0.1081031927095637,438.5934042521095,416.3056234828591,370.57488997411787,0.16698990913772604,127.55999999999915,0.9999999999999889,416.1386335737214,23.989811025361732,4.888631522285447,599.6339626747081,0.0032914063748732403,2.437478622141498e-05,False,True,RELEASE,RELEASED,
9.201999999992289,SLOWDOWN_4,0.21992350698824273,1260.0688766142175,39.981275517081365,-0.050549171929138846,279.60249580836665,1.6371492485171764,-0.9059951771039056,1.3636093285779536,0.9009979813841089,-4.103707190388161,-541.5010061778196,438.76053450906915,660.3765373022501,83.30299861964448,19.54438891556693,-0.10691586646055384,438.76053451071925,416.4600888829993,370.5898336898338,0.2878924155532445,126.95999999999913,0.9999999999999889,416.17219646744604,23.989815550836475,4.886461138397094,599.6340880372924,0.0032422238187770347,2.4396053845521237e-05,False,True,RELEASE,RELEASED,
9.211999999992265,SLOWDOWN_4,0.2200738525719895,1260.9302933559293,40.00834545434273,-0.050556060272387425,279.6222671976407,1.6365502934813922,-0.906300850674832,1.3626869160449535,0.9004629973479243,-4.102057418778506,-541.653347773258,438.9396041757327,659.9764913591866,83.27235028516439,19.5471530781872,-0.10575976582754265,438.93960417899365,416.6260182487697,370.6115967210625,0.4049405998790121,126.3599999999991,0.9999999999999889,416.2210776488907,23.989819884471494,4.884382758639523,599.6342128023983,0.00325775940549633,2.4418300995421305e-05,False,True,RELEASE,RELEASED,
9.221999999992242,SLOWDOWN_4,0.22022709121523112,1261.808286107535,40.03596103243303,-0.050562422356030944,279.6469101274157,1.635962821842495,-0.9066145352444538,1.3617725356807364,0.899931822727264,-4.100457972265673,-541.8191591294244,439.1302247309494,659.5917629587495,83.24297017388258,19.55059858595273,-0.10463436136024029,439.1302247362904,416.8030389435588,370.6399598796749,0.5182514902087405,125.75999999999908,0.9999999999999889,416.2847874533501,23.989824063504127,4.882378524347012,599.6343389956132,0.0033223427115531834,2.4438776563329156e-05,False,True,RELEASE,RELEASED,
9.231999999992219,SLOWDOWN_4,0.22038312619444356,1262.7023006840634,40.064104292288995,-0.050568268852318216,279.67626712704987,1.6353865306491833,-0.9069359447099253,1.360866009870879,0.8994043825508489,-4.098907315823998,-541.9980049455407,439.33201918454074,659.2218727722893,83.2148212994012,19.554703598530242,-0.10353913693199956,439.3320191923736,416.9907893931789,370.6747102948732,0.627938325946559,125.15999999999906,0.9999999999999889,416.3628510672323,23.9898281271419,4.880429631938477,599.6344680668624,0.003419446128219761,2.4461030079692136e-05,False,True,RELEASE,RELEASED,
9.241999999992196,SLOWDOWN_4,0.22054186375313203,1263.6117999003695,40.09275782424661,-0.05057361019299764,279.7101852679796,1.6348211235141208,-0.9072648013598312,1.3599671636114885,0.8988806026657367,-4.097403953593243,-542.1894626849434,439.54462172793444,658.8663547798577,83.18786761051992,19.559446935661878,-0.10247358917172278,439.5446217386363,417.18891875063935,370.7156412347775,0.7341107018189064,124.55999999999904,0.9999999999999889,416.45480804882044,23.98983211327459,4.878517909786236,599.6346008857281,0.0035331042315016603,2.448342115712876e-05,False,True,RELEASE,RELEASED,
9.251999999992172,SLOWDOWN_4,0.22070321302566925,1264.5362631347584,40.12190473663226,-0.05057845702608306,279.74851603601746,1.6342663104475492,-0.9076008356543168,1.3590758244422687,0.898360409715521,-4.095946427767807,-542.3931221936203,439.76767739923434,658.5247558675311,83.16207396520977,19.56480805608848,-0.10143722691327639,439.767677413135,417.3970865741442,370.76255193345395,0.8368747068544735,123.95999999999901,0.9999999999999889,416.56021186728975,23.98983605588021,4.87662706229712,599.6347377820181,0.003649033629834264,2.450618114835379e-05,False,True,RELEASE,RELEASED,
9.261999999992149,SLOWDOWN_4,0.22086708596327223,1265.4751859048645,40.15152864974168,-0.050582820016746854,279.79111520760085,1.633721807699502,-0.9079437860135635,1.3581918223845575,0.8978437311194458,-4.094533317532601,-542.6085853337731,440.00084176129616,658.1966354397041,83.13740610584581,19.570767037278245,-0.10042957064899838,440.0008417786916,417.61496251765857,370.81524742326695,0.9363330583338438,123.35999999999899,0.9999999999999889,416.6786294593247,23.989839983198095,4.874743546085418,599.6348786202979,0.0037554216826709563,2.4528902486053994e-05,False,True,RELEASE,RELEASED,
9.271999999992126,SLOWDOWN_4,0.22103339726202664,1266.4280794552612,40.18161372130135,-0.05058670883584876,279.8378427298808,1.6331873376095787,-0.908293398613571,1.3573149898838048,0.8973304950525282,-4.093163238041681,-542.8354656314341,440.24378059193714,657.881565045677,83.11383063555613,19.577304555928375,-0.09945015198752571,440.24378061308636,417.8422260330821,370.8735383724247,1.032585230412792,122.75999999999897,0.9999999999999889,416.8096408026693,23.989843916670466,4.872857077603881,599.6350228965402,0.0038433835210378575,2.4552304239477962e-05,False,True,RELEASE,RELEASED,
9.281999999992102,SLOWDOWN_4,0.22120206429288233,1267.3944703563645,40.21214465954882,-0.05059013148606721,279.88856260453764,1.6326626284638839,-0.9086494271887638,1.3564451617563198,0.8968206304267567,-4.091834839436823,-543.0733879373759,440.49616958569436,657.5791280200513,83.09131499561562,19.584401869208545,-0.09849851314288571,440.4961696108153,418.0785660835074,370.9372409275696,1.1257275775793119,122.15999999999894,0.9999999999999889,416.95283850592807,23.989847870594605,4.87096079996059,599.6351698455048,0.003907112325432394,2.4575460429332452e-05,False,True,RELEASE,RELEASED,
9.291999999992079,SLOWDOWN_4,0.2213730070335412,1268.3739001141798,40.24310653470698,-0.05059309890361176,279.9431427752116,1.632147414358104,-0.909011632840791,1.3555821751395092,0.8963140668734051,-4.090546805903379,-543.321988100567,440.75769406647464,657.2889191361451,83.06982744377427,19.592040796715626,-0.09757420639743941,440.757694095764,418.32368086701223,371.0061765612658,1.2158534530497604,121.55999999999892,0.9999999999999889,417.10782741396247,23.98985185238393,4.8690511577127475,599.6353185486707,0.00394376677449948,2.4599348876108706e-05,False,True,RELEASE,RELEASED,
9.301999999992056,SLOWDOWN_4,0.22154614800217057,1269.3659247905068,40.27448506266148,-0.050595617229742776,280.00145501842877,1.631641435066777,-0.9093797838532357,1.3547258694458493,0.8958107347264712,-4.089297854761742,-543.580912653602,441.02804871061744,657.0105442721424,83.04933703348755,19.600203703109305,-0.0966767936128008,441.0280487442443,418.5772775503978,371.0801719242302,1.3030533221713654,120.9599999999989,0.9999999999999889,417.27422422822644,23.989855863307973,4.867127541988705,599.6354680343834,0.0039531517804700655,2.4622877390356734e-05,False,True,RELEASE,RELEASED,
9.311999999992032,SLOWDOWN_4,0.22172141219287156,1270.3701146332012,40.30626627603875,-0.05059769609439137,280.06337483791737,1.6311444359180696,-0.9097536555119076,1.3538760863200145,0.8953105650072632,-4.088086735592756,-543.8498185095433,441.30693727989546,656.7436200893143,83.02981359398152,19.608873481400956,-0.09580584573382112,441.3069373179938,418.8390720125393,371.1590587021595,1.3874148711104795,120.35999999999888,0.9999999999999889,417.4516571414288,23.98985989956804,4.865191774606031,599.6356173639248,0.003937254313534311,2.4646694214425224e-05,False,True,RELEASE,RELEASED,
9.32199999999201,SLOWDOWN_4,0.2218987270128382,1271.3860537161222,40.338436718708934,-0.05059934323669871,280.12878136219535,1.6306561676740765,-0.9101330299303536,1.3530326695994075,0.8948134894101318,-4.086912229395493,-544.1283726696362,441.59407236395487,656.4877737220436,83.01122771112036,19.618033536867163,-0.09496094230644303,441.5940724066432,419.1087885968372,371.2426734769984,1.4690231109350975,119.75999999999885,0.9999999999999889,417.6397654859021,23.989863953565585,4.8632474997729185,599.6357656994853,0.003899696043150769,2.4671184746694053e-05,False,True,RELEASE,RELEASED,
9.331999999991986,SLOWDOWN_4,0.2220780222211487,1272.4133395884332,40.370983357992614,-0.05060056650525115,280.19755724532655,1.6301763864162475,-0.9105176958805568,1.352195465277671,0.8943194402893444,-4.085773147776433,-544.4162519414805,441.88917513188443,656.2426424790852,82.99355070903961,19.627667771562013,-0.09414167100692339,441.889175179263,419.38615987238865,371.33085759250895,1.5479604772777407,119.15999999999883,0.9999999999999889,417.8381993951109,23.98986801523139,4.861299546625155,599.6359123520924,0.003845159724510161,2.4696332275198074e-05,False,True,RELEASE,RELEASED,
9.341999999991963,SLOWDOWN_4,0.2222592298691241,1273.4515829328814,40.40389370573004,-0.05060137042541341,280.2695885707372,1.62970485343565,-0.9109074486283916,1.3513643214710929,0.8938283506470956,-4.0846683321685155,-544.7131426671443,442.191975092417,656.0078735556642,82.97675463249337,19.63776056940258,-0.09334762717003287,442.19197514454714,419.6709264035303,371.4234570239943,1.6243069257927232,118.55999999999881,0.9999999999999889,418.0466194777376,23.989872073302752,4.859353316694573,599.6360568094547,0.00377883801634038,2.4721325530663307e-05,False,True,RELEASE,RELEASED,
9.35199999999194,SLOWDOWN_4,0.22244228424219947,1274.5004072327447,40.437155501438205,-0.0506017641682826,280.3447647579948,1.629241335128207,-0.91130208977386,1.350539088388092,0.8933401541226499,-4.083596653079316,-545.0187404608581,442.50220986250565,655.7831237561666,82.96081222991639,19.648296781803868,-0.09257841336761885,442.50220991945423,419.9628365274345,371.52032225204243,1.6981400236165314,117.95999999999879,0.9999999999999889,418.26469650381796,23.98987611646035,4.857414238673668,599.6361987452035,0.0037059428581978082,2.4745975110818108e-05,False,True,RELEASE,RELEASED,
9.361999999991916,SLOWDOWN_4,0.22262712180325286,1275.5594484471299,40.47075705496873,-0.050601752367042466,280.4229784724435,1.6287856028943948,-0.9117014270957654,1.3497196183013722,0.8928547849826057,-4.082557009367113,-545.3327499558576,442.8196249438343,655.5680592268811,82.94569693714324,19.65926171383913,-0.0918336389572687,442.8196250056274,420.26164613930234,371.62130814015154,1.7695350368904315,117.35999999999876,0.9999999999999889,418.4921111024119,23.98988013426306,4.855487320080014,599.636338012211,0.0036313020513087935,2.4772252118054894e-05,False,True,RELEASE,RELEASED,
9.371999999991893,SLOWDOWN_4,0.22281368113733907,1276.6283546943207,40.504686938092725,-0.050601342873000305,280.50412553760924,1.628337433043445,-0.9121052744008232,1.3489057655228236,0.892372178112265,-4.081548327544375,-545.6548845600671,443.1439735070299,655.3623551985311,82.93138286178004,19.670641110904718,-0.09111291964654811,443.14397357369546,420.56711848504983,371.7262738161116,1.8385650147188812,116.75999999999874,0.9999999999999889,418.72855347033095,23.989884117845733,4.8535768126120775,599.6364746233576,0.003559058155330419,2.479809199940064e-05,False,True,RELEASE,RELEASED,
9.38199999999187,SLOWDOWN_4,0.22300190289777178,1277.7067859428525,40.53893424568648,-0.05060053971761413,280.58810485027374,1.6278966067018505,-0.9125134513769111,1.348097386381117,0.8918922690081044,-4.080569561106927,-545.9848662201421,443.4750161831753,655.1656957382461,82.91784476818884,19.682421145867053,-0.0904158770892991,443.47501625472495,420.87902396093943,371.83508255701247,1.9053008694887126,116.15999999999872,0.9999999999999889,418.9737230914507,23.98988806036929,4.8516859962799925,599.6366087234859,0.003492474276281854,2.482488628174906e-05,False,True,RELEASE,RELEASED,
9.391999999991846,SLOWDOWN_4,0.22319172975350915,1278.7944137100515,40.5734883918731,-0.05059934815809024,280.67481829813244,1.6274629097260331,-0.9129257834503848,1.3472943392018784,0.8914149937713273,-4.079619689888711,-546.3224251936415,443.81252086237225,654.9777735106401,82.9050580630695,19.69458840667242,-0.0897421384727295,443.8125209388026,421.1971399200375,371.94760167776013,1.969811453867294,115.5599999999987,0.9999999999999889,419.2273284661702,23.989891957233464,4.849817077365908,599.6367405563016,0.003433842295248013,2.485327775048063e-05,False,True,RELEASE,RELEASED,
9.401999999991823,SLOWDOWN_4,0.22338310633779307,1279.8909207677614,40.60833909661085,-0.05059777477624906,280.7641706799495,1.627036132619029,-0.9133421016473786,1.3464964842903364,0.8909402891024994,-4.078697719441203,-546.6672998289889,444.15626249909116,654.7982895476531,82.89299878161592,19.707129884399954,-0.08909133611837206,444.15626258038054,421.52125048522856,372.06370242298055,2.032163634638607,114.95999999999867,0.9999999999999889,419.48908685058996,23.989895806078845,4.847971187458519,599.6368704296456,0.0033844820579895796,2.488075256223965e-05,False,True,RELEASE,RELEASED,
9.4119999999918,SLOWDOWN_4,0.22357597919799352,1280.9960008549715,40.643476545390484,-0.05059582310776656,280.8560696281251,1.626616070451128,-0.9137622424588724,1.345703683916486,0.8904680922972307,-4.0778026804363465,-547.0192363528553,444.506022923999,654.6269530269137,82.88164357422525,19.720032961739566,-0.08846310710782745,444.50602301011264,421.8511463684169,372.1832598621997,2.092422363410435,114.35999999999865,0.9999999999999889,419.75872400500646,23.989899606616074,4.84614846535451,599.63699868211,0.0033448151392496683,2.4908513182708703e-05,False,True,RELEASE,RELEASED,
9.421999999991776,SLOWDOWN_4,0.2237702967466135,1282.109358397097,40.67889122913039,-0.05059349755905735,280.95042553359417,1.6262025227842665,-0.914186047709356,1.3449158023026797,0.8899983412429187,-4.076933628092455,-547.3779886646977,444.86159066197814,654.4634810583069,82.87096969373573,19.733285401876913,-0.08785709289224997,444.8615907528927,422.1866246957523,372.3061527881891,2.1506507444164527,113.75999999999863,0.9999999999999889,420.03597395133585,23.989903360326583,4.844348200585835,599.6371256532958,0.003314494064651008,2.4936069280556694e-05,False,True,RELEASE,RELEASED,
9.431999999991753,SLOWDOWN_4,0.22396600921341112,1283.2307082316565,40.71457401505298,-0.05059080134893948,281.04715147297645,1.6257952936000175,-0.9146133644291233,1.344132705613403,0.8895309744165177,-4.076089641622404,-547.7433181381757,445.2227607561655,654.3075984783825,82.86095498317322,19.746875337768547,-0.08727293893173282,445.2227608518277,422.5274888385527,372.4322636183684,2.206910099460856,113.1599999999986,0.9999999999999889,420.32057873909184,23.989907070080985,4.842569016440397,599.6372516593473,0.0032925670716501543,2.4965204829641152e-05,False,True,RELEASE,RELEASED,
9.44199999999173,SLOWDOWN_4,0.2241630685985956,1284.3597753401082,40.750516041310895,-0.05058773901013231,281.14616313790737,1.6253941912312682,-0.9150440447298774,1.3433542619475825,0.8890659308833335,-4.075269823703262,-548.1149934291485,445.5893345976799,654.1590376525361,82.85157786399827,19.76079126179171,-0.08671029432366595,445.5893346980342,422.8735482498033,372.5614782991675,2.261260030229039,112.55999999999858,0.9999999999999889,420.6122882195743,23.9899107397192,4.840809071323957,599.637376974668,0.0032776593720189595,2.4993389729388582e-05,False,True,RELEASE,RELEASED,
9.451999999991706,SLOWDOWN_4,0.22436142862705818,1285.4962945856082,40.7867087674364,-0.050584314868713835,281.2473787664726,1.6249990282971705,-0.9154779456838169,1.3425803413327957,0.8886031502968236,-4.07447329996706,-548.4927902900482,445.9611197609454,654.0175382844177,82.842817324821,19.77502201575293,-0.08616881146997457,445.9611198659374,423.2246183060236,372.6936862132417,2.3137584781063083,111.95999999999856,0.9999999999999889,420.9108598279173,23.98991437363144,4.839066259723781,599.6375018201118,0.0032681540514412077,2.5021633291544276e-05,False,True,RELEASE,RELEASED,
9.461999999991683,SLOWDOWN_4,0.22456104470359417,1286.6400104564555,40.823144042112,-0.050580531090561466,281.3507190766738,1.6246096216415806,-0.9159149292057075,1.3418108157219868,0.888142572899391,-4.073699218511415,-548.876491390283,446.33792984419557,653.8828472326323,82.83465291057702,19.789556781240353,-0.0856481457302607,446.3379299537565,423.58052015403916,372.82878008945,2.364461781354578,111.35999999999854,0.9999999999999889,421.2160583726846,23.989917976371952,4.837338397454061,599.6376263573804,0.0032623588172855378,2.5050399017345626e-05,False,True,RELEASE,RELEASED,
9.47199999999166,SLOWDOWN_4,0.22476187386908175,1287.7906768150128,40.85981395712136,-0.050576391240573136,281.456107201864,1.6242257922745165,-0.9163548619381657,1.3410455589919632,0.887684139524157,-4.072946749429748,-549.2658861424894,446.7195843151293,653.7547183341777,82.8270647121355,19.80438507030679,-0.08514795508278894,446.71958442918776,423.94108056282863,372.96665591550186,2.4134247301291794,110.75999999999851,0.9999999999999889,421.52765583269945,23.989921552329186,4.835623379841313,599.6377506889338,0.003258648388131391,2.5080067302951647e-05,False,True,RELEASE,RELEASED,
9.481999999991636,SLOWDOWN_4,0.22496387475757532,1288.94805665187,40.89671092674968,-0.05057189803560803,281.56346862807715,1.6238473653168963,-0.916797615139812,1.3402844469442217,0.8872277915977035,-4.072215084360437,-549.6607705343821,447.1059083613791,653.6329122346585,82.82003335633635,19.81949671646855,-0.08466789980195699,447.1059084798538,424.3061317799218,373.1072128531796,2.460700619114789,110.15999999999849,0.9999999999999889,421.84543116080704,23.98992510546747,4.833919305617132,599.637874862422,0.003255576014985273,2.511028094431822e-05,False,True,RELEASE,RELEASED,
9.491999999991613,SLOWDOWN_4,0.22516700755428423,1290.111921845081,40.933827687372755,-0.05056705316212425,281.6727311331961,1.6234741699481743,-0.9172430645763989,1.3395273573075719,0.8867734711437609,-4.071503436054322,-550.0609469660027,447.4967327457157,653.5171962248328,82.81353999643086,19.83488186600845,-0.08420764215145482,447.4967328685231,424.6755113924019,373.25035315605214,2.5063412981106694,109.55999999999847,0.9999999999999889,422.16917009429125,23.989928639147003,4.832224563250319,599.6379988784865,0.0032519511937358914,2.514071923087613e-05,False,True,RELEASE,RELEASED,
9.50199999999159,SLOWDOWN_4,0.22537123395439476,1291.2820529242292,40.97115724247728,-0.050561858498087496,281.7838247278923,1.6231060393568957,-0.9176910904146213,1.3387741697427733,0.8863211207878338,-4.070811037959834,-550.466224092107,447.89189366569803,653.4073440833963,82.80756630291157,19.850530969569885,-0.08376684607458174,447.89189379275484,425.04906219215883,373.3959820895973,2.5503972204821252,108.95999999999844,0.9999999999999889,422.4986649716767,23.989932156021865,4.8305378798574665,599.6381227007244,0.0032468836938788215,2.5170559524667624e-05,False,True,RELEASE,RELEASED,
9.511999999991566,SLOWDOWN_4,0.2255765171227067,1292.458238839164,41.00869281031486,-0.05055631726457904,281.8966815982764,1.6227428106940383,-0.9181415771185726,1.3380247658490514,0.8858706837627458,-4.070137143825022,-550.8764166694857,448.2912326176227,653.3031359257499,82.80209445471627,19.866434774030008,-0.0833451768831992,448.29123274884205,425.4266320453014,373.5440078536462,2.592917489654951,108.35999999999842,0.9999999999999889,422.83371455564645,23.98993565800972,4.828858335740725,599.6382462666563,0.0032397966475956608,2.5201590574397414e-05,False,True,RELEASE,RELEASED,
9.521999999991543,SLOWDOWN_4,0.22578282165404812,1293.6402767331929,41.04642793198701,-0.05055043106854934,282.0112360502064,1.6223843250290804,-0.9185944133488512,1.3372790291724257,0.885422103915092,-4.069481027316543,-551.2913454090861,448.6945962646459,653.2043580585416,82.79710713079487,19.882584314641306,-0.08294230099681954,448.6945963999466,425.80807376558187,373.6943415070763,2.6339499037460996,107.7599999999984,0.9999999999999889,423.17412386183577,23.98993914632256,4.827185349637111,599.6383694986797,0.003230413275134403,2.5232371058336867e-05,False,True,RELEASE,RELEASED,
9.53199999999152,SLOWDOWN_4,0.22599011353444223,1294.8279717205842,41.084356475993616,-0.05054419961295751,282.1274244551905,1.622030427308603,-0.9190494918640477,1.3365368452157853,0.8849753257125763,-4.068841981654246,-551.7108368326487,449.101836308825,653.1108028397724,82.7925875020178,19.89897090742981,-0.0825578856250786,449.1018364480986,426.19324499156545,373.84689689467274,2.673540998309363,107.15999999999838,0.9999999999999889,423.5197039932561,23.989942621545143,4.825518641103062,599.6384923141786,0.0032187230282261226,2.5263797965635604e-05,False,True,RELEASE,RELEASED,
9.541999999991496,SLOWDOWN_4,0.226198360102988,1296.0211366681597,41.12247244152018,-0.05053762555353587,282.24518519783635,1.621680966317404,-0.9195067094246498,1.3357981014506655,0.8845302942522204,-4.068219319261262,-552.1347231337149,449.5128093669845,653.022268544282,82.78851922341332,19.915586141840244,-0.08219159852296798,449.51280951014195,426.5820080675531,374.001590576085,2.711736087431973,106.55999999999835,0.9999999999999889,423.8702719801211,23.989946083746503,4.823858177038553,599.638614634155,0.0032049334552892716,2.5295618797827046e-05,False,True,RELEASE,RELEASED,
9.551999999991473,SLOWDOWN_4,0.22640753001443406,1297.219591980858,41.16077016292959,-0.05053070909183838,282.3644586247886,1.621335794642048,-0.9199659666992462,1.3350626873307043,0.884086955269431,-4.067612371429205,-552.5628420428646,449.9273768502308,652.9385592344391,82.78488642672806,19.932421873617493,-0.08184310771264336,449.9273769971764,426.97422992795225,374.1583417568081,2.7485793030950276,105.95999999999833,0.9999999999999889,424.2256506248572,23.989949532609938,4.822204109335103,599.6387363899945,0.0031894140745727384,2.5328144943159714e-05,False,True,RELEASE,RELEASED,
9.56199999999145,SLOWDOWN_4,0.2266175932024091,1298.4231653910615,41.199244098113695,-0.05052345321266849,282.4851869951062,1.6209947686366224,-0.920427168172867,1.3343304943066294,0.8836452551478945,-4.067020487997207,-552.9950366968886,450.3454048469341,652.8594846358021,82.78167371327837,19.949470217915035,-0.0815120812379746,450.3454049975723,427.3697819849938,374.3170722211185,2.784113632907406,105.35999999999831,0.9999999999999889,424.5856683520864,23.989952967568314,4.820556709994725,599.6388575281875,0.0031726379678227445,2.536128590691078e-05,False,True,RELEASE,RELEASED,
9.571999999991426,SLOWDOWN_4,0.22682852084328878,1299.6316917515671,41.237889119611225,-0.050515856087235946,282.6073144320286,1.6206577483907225,-0.9208902220574771,1.3336014158427612,0.883205140930301,-4.0664430370453815,-553.4311555118968,450.76676400907866,652.7848600176004,82.77886614709729,19.966723542620873,-0.08119818689999647,450.7667641633118,427.76854001972913,374.4777062668943,2.8183809563569753,104.75999999999829,0.9999999999999889,424.95015906337215,23.989956387933233,4.818916309180509,599.6389780130105,0.0031551260090969535,2.5394954491275712e-05,False,True,RELEASE,RELEASED,
9.581999999991403,SLOWDOWN_4,0.2270402853206661,1300.8450128320187,41.27670018584497,-0.05050791929835339,282.7307868760825,1.6203245976995775,-0.9213550402044806,1.3328753474350472,0.8827665603298527,-4.065879404601015,-553.8710520600207,451.19132944181575,652.7145060778889,82.7764492483556,19.984174461892202,-0.0809010920459059,451.1913295995487,428.1703840760771,374.64017064225845,2.8514220795348137,104.15999999999826,0.9999999999999889,425.31896199654227,23.98995979300936,4.817283240380078,599.6390978273337,0.0031373974920034797,2.5429479705962876e-05,False,True,RELEASE,RELEASED,
9.59199999999138,SLOWDOWN_4,0.22725286019040877,1302.0629771186984,41.31567255310051,-0.05049964227274475,282.85555203948337,1.6199951840360673,-0.9218215380191984,1.3321521866303307,0.8823294617425608,-4.065328994358145,-554.314584949732,451.61898059610576,652.6482488330983,82.77440898704275,20.001815829890223,-0.08062046330576322,451.6189807572322,428.575198357857,374.8043944839789,2.883276768461485,103.55999999999824,0.9999999999999889,425.6919215893955,23.989963182187804,4.815657795618016,599.6392169718215,0.0031199297982320573,2.5465874387009535e-05,False,True,RELEASE,RELEASED,
9.601999999991357,SLOWDOWN_4,0.22746622014626677,1303.2854396174744,41.35480161868273,-0.05049102611637498,282.98155936178404,1.61966937852472,-0.92228963437711,1.3314318330471107,0.8818937942602942,-4.064791227408977,-554.7616177094545,452.04960116425275,652.5859195119607,82.7727317768936,20.019640734706734,-0.08035596639888354,452.0496013286823,428.9828711286392,374.9703092575641,2.91398378102798,102.95999999999822,0.9999999999999889,426.0688873476112,23.989966555015204,4.814040192336555,599.6393354628922,0.0031031285645033435,2.5500165293124155e-05,False,True,RELEASE,RELEASED,
9.611999999991333,SLOWDOWN_4,0.22768034098602044,1304.5122616598428,41.39408307898228,-0.05048206943873183,283.10875996672814,1.6193470559174397,-0.9227592515419665,1.330714188397414,0.8814595076845615,-4.064265541987187,-555.2120186744256,452.4830789783004,652.527354453501,82.77140446955316,20.037642492474628,-0.08010726590362083,452.48307914593573,429.3932946142877,375.1378486989961,2.943580897592824,102.3599999999982,0.9999999999999889,426.4497137166949,23.989969911237562,4.8124305523589355,599.6394533298077,0.0030873087214038364,2.553521039772022e-05,False,True,RELEASE,RELEASED,
9.62199999999131,SLOWDOWN_4,0.22789519957813617,1305.7433107118782,41.43351273581127,-0.05047277312093558,283.23710662026417,1.6190280945709066,-0.923230315085543,1.329999156509864,0.8810265525410036,-4.063751393222535,-555.6656608766272,452.91930591108616,652.4723950089997,82.77041434895654,20.055814641654724,-0.07987402507012575,452.91930608182724,429.80636490811,375.30694875804005,2.9721049503266386,101.75999999999817,0.9999999999999889,426.8342599577834,23.989973250820107,4.810828892366536,599.639570611274,0.0030726858921763522,2.5571070523255912e-05,False,True,RELEASE,RELEASED,
9.631999999991287,SLOWDOWN_4,0.22811077382891443,1306.978460186007,41.47308663738158,-0.05046313658262729,283.3665536896788,1.618712376425702,-0.923702753809067,1.3292866433539796,0.8805948800945795,-4.063248252906572,-556.1224219377016,453.358177779896,652.4208874478287,82.76974912593256,20.07415093749141,-0.0796559056186652,453.3581779536563,430.22198187852945,375.477547543074,2.9995918513784545,101.15999999999815,0.9999999999999889,427.222390027151,23.989976573945935,4.809235124554155,599.639687351902,0.003059376949275716,2.5606678605072375e-05,False,True,RELEASE,RELEASED,
9.641999999991263,SLOWDOWN_4,0.2283270426501053,1308.2175892554576,41.55524848173635,-0.04938015216892352,283.4970571038083,1.6183997869866669,-0.924176499666106,1.3285765570652646,0.8801644423654058,-4.06275560926815,-556.582183964594,453.79959425252764,652.3726828668124,82.76939693298127,20.092645346629986,-0.07945256754703678,453.7995944291999,430.64004907901216,375.64958526738803,3.026076619742298,100.55999999999813,0.9999999999999889,427.61397245926986,23.98997988099736,4.8076490655710655,599.6398035988233,0.003047408026413123,2.5643023377597274e-05,False,True,RELEASE,RELEASED,
9.65199999999124,SLOWDOWN_4,0.22854350240572802,1309.457812298619,41.59483651971551,-0.04937529259427023,283.63101609017735,1.6194239814430704,-0.9248800609269449,1.3293347601611476,0.8797927914641718,-4.064617603798671,-557.3651658672756,454.35965901679737,653.0534215870657,82.88943579351327,20.111638322086613,0.004432734878491829,454.3596592092298,431.1669869938929,375.8221913990128,3.1599580606969653,100.0,0.9999999999999889,428.00702893319595,23.989983164285412,4.806074403046641,599.6399021984715,0.00011878431245371246,2.5682946329652623e-05,False,True,RELEASE,RELEASED,
9.661999999991217,SLOWDOWN_4,0.22872803199260291,1310.5150889509416,41.614651608665504,-0.04972250420734856,283.8758560000357,1.6295969443875464,-0.9303680300358292,1.337909387755568,0.8801041254566929,-4.0933401543796455,-561.7569826725322,457.4502429732888,657.8331958391336,83.96036560935087,20.146375404938258,0.1999986849538118,457.450243547717,434.01955310230767,376.0606332043249,5.469250538561539,100.0,0.9999999999999889,428.55030256374613,23.989985251102613,4.8050735668366364,599.6395034482174,-0.017934937230394077,2.5755955562090094e-05,False,True,RELEASE,RELEASED,
9.671999999991193,SLOWDOWN_4,0.2288623023902311,1311.2844016607053,41.63386584561866,-0.049853987074721946,284.1965780656905,1.6369496857864523,-0.9350032988074453,1.3436417323883478,0.8807173025338553,-4.117782948561246,-565.4431718105767,460.24874704602115,661.3981197705247,84.7631528818204,20.191923746062038,0.23934813667358412,460.24874805009694,436.6131554863939,376.419887011361,7.243666584441712,100.0,0.9999999999999889,429.3694889019522,23.98998369186046,4.80582137840412,599.6386427782772,-0.028790588197957767,2.5827363970165607e-05,False,True,RELEASE,RELEASED,
9.68199999999117,SLOWDOWN_4,0.228954055475246,1311.8101081135712,41.647486683965816,-0.049931390472609256,284.561952263604,1.6429737400146414,-0.9385407347828667,1.3485191876762208,0.8815694783239076,-4.138398956914949,-568.5019346161232,462.5839772164583,664.6524184507474,85.40922823540714,20.24387616901841,0.2648529952385843,462.58397856583747,438.78823744922016,376.86111531463655,8.411570066825618,100.0,0.9999999999999889,430.37666738239454,23.989977205179624,4.808932385461029,599.6374644690326,-0.035838852733277804,2.5897440877997724e-05,False,True,RELEASE,RELEASED,
9.691999999991147,SLOWDOWN_4,0.22900981513858826,1312.1295874512293,41.655990713512594,-0.049972696984809,284.9531103201767,1.648000102304092,-0.9412117325965301,1.3527840964532862,0.8825915927724027,-4.155965320401815,-571.054109848562,464.5381235375078,667.6710074407642,85.93486054232977,20.299568770285696,0.2815569984383046,464.5381251169335,440.61802287082804,377.35390856942314,9.115076468952338,100.0,0.9999999999999889,431.5029464018757,23.989965425803277,4.814581760841555,599.636098324633,-0.03939502395530248,2.5965106488001766e-05,False,True,RELEASE,RELEASED,
9.701999999991124,SLOWDOWN_4,0.22903473405392022,1312.272362319086,41.65991592956073,-0.04998800648717709,285.3561177917529,1.6522643279297704,-0.9432125007058448,1.3565867417387811,0.8837335158961082,-4.171134544568997,-573.200814671088,466.1839992416638,670.4947528883873,86.36760553206179,20.357028490295193,0.29218140706700524,466.1840009417298,442.1675686438414,377.8753633674424,9.471234583007856,100.0,0.9999999999999889,432.6963340608335,23.989948675937928,4.822614967486657,599.6346610816229,-0.03989222015805893,2.6031810648419196e-05,False,True,RELEASE,RELEASED,
9.7119999999911,SLOWDOWN_4,0.2290328731862425,1312.261700332669,41.65971711541523,-0.04998448637016509,285.76072821973304,1.6559387636205436,-0.9446954930606389,1.3600307401864309,0.8849579914419109,-4.1844095963473436,-575.0204114637103,467.5790182306868,673.1500710346954,86.72823199860703,20.414798448168042,0.29836278624929946,467.5790199613964,443.4881988066369,378.40849828088136,9.570042530302999,100.0,0.9999999999999889,433.9181562763339,23.989927763534,4.832644504732226,599.6332519732293,-0.037882656430033634,2.6097006070813222e-05,False,True,RELEASE,RELEASED,
9.721999999991077,SLOWDOWN_4,0.22900745950756674,1312.1160906796672,41.65577101608966,-0.04996743442251867,286.15945683426133,1.6591521294351117,-0.9457766285136321,1.3631919738490446,0.8862371614962126,-4.196172088048789,-576.572825724369,468.767299064183,675.6561754877182,87.03247499268157,20.471808683919868,0.3012429835854391,468.7673007577109,444.61936609121693,378.94083054036537,9.47950836206445,100.0,0.9999999999999889,435.1398577291525,23.989903796144677,4.8441391839094115,599.6319491401616,-0.033994002656363875,2.6160543484365917e-05,False,True,RELEASE,RELEASED,
9.731999999991054,SLOWDOWN_4,0.22896108750667155,1311.85039868578,41.64839163995295,-0.049940823667032175,286.5468919300226,1.66200142154351,-0.9465437401677131,1.3661272536487823,0.8875501667141733,-4.206711421144869,-577.9039330872389,469.7826974283341,678.0277751726219,87.2922917565074,20.52728031868902,0.3016635837097965,469.78269903708724,445.5913672756863,379.46326370284095,9.250856669594782,100.0,0.9999999999999889,436.3405106060915,23.989878015182516,4.856503620858782,599.6308079128794,-0.028874496098564073,2.622232307203376e-05,False,True,RELEASE,RELEASED,
9.74199999999103,SLOWDOWN_4,0.22889587105104234,1311.4767359195444,41.637845100755,-0.049907628301481426,286.9191794421908,1.664560101402457,-0.9470634893226774,1.368879497389347,0.8888813995308118,-4.216247913062792,-579.0490431765882,470.6513424121624,680.2764337452697,87.51679056205857,20.580653882945022,0.3002563194230561,470.6513439053058,446.4276130871425,379.9692455572738,8.922681058772127,100.0,0.9999999999999889,437.5049320283704,23.989851656562827,4.869145072352891,599.6298609912744,-0.023142743662086573,2.6282917360731517e-05,False,True,RELEASE,RELEASED,
9.751999999991007,SLOWDOWN_4,0.22881355710983703,1311.0051117769294,41.624360280208194,-0.04987007844401948,287.27363570733286,1.666884016098178,-0.9473866247799656,1.37148128179411,0.890219206084291,-4.22495013480362,-580.035521373661,471.3935623569464,682.4114149605505,87.71292548430021,20.631535443127355,0.2974980892880694,471.39356371669135,447.14634879815867,380.45413495937976,8.524079683951584,100.0,0.9999999999999889,438.6222691142071,23.98982584183872,4.881525647528921,599.6291202381369,-0.0173475969576824,2.6342952878621873e-05,False,True,RELEASE,RELEASED,
9.761999999990984,SLOWDOWN_4,0.22871561106137459,1310.4439222572412,41.60813728168857,-0.04982983928158811,287.60845583568886,1.6690157687875127,-0.9475519194445635,1.3739574216176773,0.8915549134062244,-4.232947777015697,-580.8847424466194,472.0253179376033,684.4402670325198,87.88601909672452,20.679655967047353,0.29374944524579405,472.0253191560109,447.7619323584817,380.9147258101645,8.076997997781064,100.0,0.9999999999999889,439.68493436070065,23.989801501416935,4.893199132405236,599.6285796874929,-0.011940028149020065,2.6401060040370794e-05,False,True,RELEASE,RELEASED,
9.77199999999096,SLOWDOWN_4,0.22860328089996512,1309.8003178411623,41.58935376305138,-0.049788146347530926,287.92249375051364,1.6709879769628733,-0.9475891135655912,1.3763268837766898,0.8928820974848745,-4.240341217566997,-581.613548682701,472.5592680706525,686.3692453959948,88.04015701437524,20.72484060187865,0.28928299579285977,472.55926914685074,448.28578369886435,381.34888868684413,7.597980963441842,100.0,0.9999999999999889,440.6878027354225,23.989779329034512,4.903832821135014,599.6282193342603,-0.007257229233332829,2.6458914589966298e-05,False,True,RELEASE,RELEASED,
9.781999999990937,SLOWDOWN_4,0.22847764571745202,1309.0804812695267,41.56816943336948,-0.04974591465382372,288.2150961255324,1.6728257148185275,-0.9475211208268005,1.3786042208499292,0.8941960313885264,-4.247208669377596,-582.235342590087,473.0055661070013,688.2036247926751,88.17848632159202,20.766985408662478,0.2843047528316447,473.00556704504663,448.72709306593816,381.7553006802398,7.099488225154289,100.0,0.9999999999999889,441.6276048407839,23.989759764660693,4.91321571447091,599.6280092844795,-0.0035180552850953006,2.6513112857173837e-05,False,True,RELEASE,RELEASED,
9.791999999990914,SLOWDOWN_4,0.2283396524110629,1308.2898378638115,41.544729754680105,-0.049703813688048624,288.4859769501135,1.6745483502454144,-0.9473656866872059,1.380800649260174,0.8954932686403311,-4.253611544227572,-582.7609089003649,473.3724573066928,689.9479320141106,88.303441596581,20.806039724215363,0.27897027287690435,473.37245811393217,449.0933521669998,382.13324152567577,6.590884655124626,100.0,0.9999999999999889,442.5024675118752,23.989743001491398,4.9212551637601125,599.6279138906623,-0.0008281773638723067,2.6567402983346255e-05,False,True,RELEASE,RELEASED,
9.80199999999089,SLOWDOWN_4,0.22819014354053202,1307.4332151356928,41.519168332816115,-0.04966233480028347,288.735122766889,1.676170929611502,-0.9471366379693374,1.382924862127667,0.8967713284750655,-4.259598492162225,-583.1990348109191,473.6667289078126,691.6061204999087,88.41691623628036,20.84199277980262,0.27339688702340936,473.6667295936288,449.3907540768315,382.4824396685547,6.07918845620128,100.0,0.9999999999999889,443.31156562063023,23.989729011765924,4.9279644883703595,599.6278955637716,0.0008071588152027687,2.662080362370034e-05,False,True,RELEASE,RELEASED,
9.811999999990867,SLOWDOWN_4,0.22802987851096482,1306.514964155919,41.49160937646819,-0.0496218261877495,288.96272108953,1.6777052232235876,-0.9468448261348815,1.384983642955148,0.8980284579787138,-4.265208451577799,-583.5569790223354,473.89405012923936,693.181701802177,88.52039237512093,20.874863544866383,0.2676729731077785,473.89405070422623,449.6244952586929,382.80295600562386,5.569637299171745,100.0,0.9999999999999889,444.05485795952114,23.989717585739736,4.933444284066042,599.6279180324656,0.0014650872194472697,2.6673035677049484e-05,False,True,RELEASE,RELEASED,
9.821999999990844,SLOWDOWN_4,0.22785954971124542,1305.5390520205738,41.46216881365278,-0.04958253863353314,289.1691063492131,1.6791605153932994,-0.9464988402316261,1.386982329338077,0.8992634523119506,-4.27047295661677,-583.8408269692487,474.059229546236,694.6778448025852,88.61503942014227,20.904693016700634,0.26186498617266807,474.0592300214467,449.7990041576925,383.0950960855059,5.066117355385359,100.0,0.9999999999999889,444.7328868023071,23.989708378233715,4.937860098245309,599.6279489029675,0.0012841019987366309,2.672415382676263e-05,False,True,RELEASE,RELEASED,
9.83199999999082,SLOWDOWN_4,0.22767979483374973,1304.5091324378345,41.43095599319803,-0.04954463891846433,289.3547191002697,1.6805442018609076,-0.9461055462066466,1.3889251635150608,0.9004755188451844,-4.275417884927152,-584.0557601212549,474.16641018646044,696.0974506936595,88.701788780259,20.931538366398996,0.2560227881363062,474.16641057305554,449.9181144762286,383.35934382245347,4.571488730833266,100.0,0.9999999999999889,445.34662574539533,23.989700957661118,4.941418917201882,599.6279614522632,0.0004421930976876709,2.6773517333822383e-05,False,True,RELEASE,RELEASED,
9.841999999990797,SLOWDOWN_4,0.2274912063002723,1303.4285997345526,41.39807410750498,-0.049508242299494264,289.5200752562412,1.681862241698979,-0.9456704950902799,1.3908155574224854,0.9016641745024475,-4.2800647825803875,-584.206260259515,474.21921754784984,697.4432096787609,88.78139053044944,20.9554684940949,0.25018368712039774,474.21921785672595,449.9851966451527,383.5963114792129,4.087832461953667,100.0,0.9999999999999889,445.89736418319904,23.989694853205126,4.94434654053075,599.6279356575743,-0.000864049598640726,2.6823084340321657e-05,False,True,RELEASE,RELEASED,
9.851999999990774,SLOWDOWN_4,0.22729433849363997,1302.3006302903495,41.363621209039415,-0.049473419899505496,289.6657429132103,1.683119499189299,-0.9451982320325392,1.392656293100993,0.902829168222444,-4.284431868905443,-584.2962644783594,474.22087196088904,698.7176438491654,88.85445636575834,20.976560654365514,0.24437549734545883,474.22087220250046,450.00325763814794,383.80670195515034,3.6166380451540476,100.0,0.9999999999999889,446.3866195929939,23.989689596773538,4.946867460407349,599.6278585226573,-0.0024379486687422514,2.6871911131820525e-05,False,True,RELEASE,RELEASED,
9.86199999999075,SLOWDOWN_4,0.22708971332484415,1301.1282144349343,41.32769081559389,-0.04944020885869624,289.79232491119944,1.6843200024644007,-0.9446925303186299,1.3944496741947572,0.9039704224149261,-4.288534798730492,-584.3292828163953,474.1742739144093,699.9231395938604,88.92149215138099,20.994897894359553,0.23861885624580736,474.1742740986353,449.97501678224825,383.99128038134853,3.15894584617007,100.0,0.9999999999999889,446.8160709360782,23.98968475738973,4.949188368328408,599.6277238039793,-0.004097888900830959,2.6919870151687064e-05,False,True,RELEASE,RELEASED,
9.871999999990727,SLOWDOWN_4,0.22687782453739233,1299.9141811102209,41.290372196125844,-0.04940862479654768,289.90044573394283,1.6854671391672413,-0.9441565685986814,1.3961976404451373,0.905087988779198,-4.2923872406332855,-584.3084875361641,474.0820688688196,701.0619720777946,88.98292258008364,21.01056710918469,0.23292897807493773,474.08206900489074,449.90296335573004,384.1508527538757,2.715455260189856,100.0,0.9999999999999889,447.1875080955402,23.989679966698517,4.951485922964877,599.6275312669782,-0.0056885577200320725,2.6965964480041293e-05,False,True,RELEASE,RELEASED,
9.881999999990704,SLOWDOWN_4,0.22665914105359763,1298.6612170431554,41.251750979803724,-0.04937866167100122,289.99074168770886,1.6865638044538362,-0.9435930651298726,1.3979018541845527,0.9061820149778985,-4.296001315602006,-584.2367808956856,473.94669650447133,702.1363237096867,89.03910984456722,21.023657566146873,0.227316980499495,473.9466966009347,449.78940036522187,384.28624988824157,2.2866068707781437,100.0,0.9999999999999889,447.5027934944437,23.989674935198167,4.9538989656174985,599.627285614848,-0.007088126393704819,2.701202345178899e-05,False,True,RELEASE,RELEASED,
9.89199999999068,SLOWDOWN_4,0.226434109594003,1297.3718817539116,41.21190896299105,-0.0493503086846183,290.0638535576751,1.6876125129416957,-0.9430043794803833,1.3995637656492115,0.9072527195119462,-4.299387929793699,-584.1168466092241,473.77042816274354,703.1482980578057,89.09036777376132,21.034259785182105,0.22179088753694032,473.7704282274305,449.63647783732216,384.39831539575823,1.8726448703670826,100.0,0.9999999999999889,447.7638329669551,23.98966945960001,4.956524990696869,599.626995231488,-0.008211558961467524,2.7057203396907425e-05,False,True,RELEASE,RELEASED,
9.901999999990657,SLOWDOWN_4,0.2262031567453156,1296.0486194042803,41.170924869616904,-0.04932354042624475,290.1204211356409,1.6886154833900053,-0.9423925896104971,1.4011846622739215,0.9083003727884752,-4.302557026965683,-583.9511889458265,473.5553953350742,704.0999303218398,89.13697253328738,21.042464689980417,0.21635638748421115,473.55539537513016,449.44621815957413,384.4878966988281,1.4736644993103027,100.0,0.9999999999999889,447.9725536602638,23.989663422331894,4.959420383933362,599.6266708687958,-0.009010497803731532,2.7103028628516768e-05,False,True,RELEASE,RELEASED,
9.911999999990634,SLOWDOWN_4,0.22596669060985752,1294.6937682483288,41.128874368485285,-0.04929832396967554,290.1610791607561,1.689574702765175,-0.941759550327813,1.4027657058790624,0.9093252828628522,-4.305517780005604,-583.7421624658601,473.30361137030343,704.9931952034542,89.17917072523188,21.04836296493365,0.21101740539165803,473.3036113922062,449.2205353978677,384.55583834171756,1.0896481169598928,100.0,0.9999999999999889,448.1308872809078,23.989656784625208,4.962603737813835,599.6263243891364,-0.00947035516034056,2.714707750328671e-05,False,True,RELEASE,RELEASED,
9.92199999999061,SLOWDOWN_4,0.225725102137346,1293.3095682629362,41.08583002668957,-0.04927462616900235,290.1864543269107,1.690491974729113,-0.9411069376590104,1.4043079607100486,0.9103277847064661,-4.308278736314188,-583.4919946744055,473.0169880496394,705.8300128161196,89.21718552076749,21.05204456870606,0.2057765352927845,473.016988059217,448.961250054898,384.6029770347601,0.7204926488417414,100.0,0.9999999999999889,448.2407574060563,23.989649574860916,4.966061440749144,599.6259676494902,-0.009605339710985206,2.719072381296428e-05,False,True,RELEASE,RELEASED,
9.931999999990587,SLOWDOWN_4,0.22547876621536972,1291.8981673957658,41.041861638383494,-0.049252410281788,290.1971630951665,1.6913689563629437,-0.9404362825778858,1.4058124145700808,0.9113082321326127,-4.310847928244404,-583.2028033215785,472.6973482820552,706.612253121184,89.25122130594737,21.05359836712067,0.20063536645614022,472.6973482845345,448.67010038270325,384.63013800723934,0.36603049341130145,100.0,0.9999999999999889,448.30406988929195,23.98964187391347,4.969754706013791,599.6256115872817,-0.009452173307111345,2.723572038121347e-05,False,True,RELEASE,RELEASED,
9.941999999990564,SLOWDOWN_4,0.22522804257636633,1290.46162676186,40.997036539279975,-0.04923163208430636,290.1938101136956,1.6922071860105523,-0.9397489966935038,1.4072799947413825,0.912266991725226,-4.313232957102068,-582.8766096623825,472.3464358712224,707.3417392599381,89.28146720458089,21.053111857075905,0.1955947295016358,472.3464358712339,448.3487510941556,384.6381323481015,0.026045469204007077,100.0,0.9999999999999889,448.3227056249516,23.98963379914975,4.9736272457180695,599.6252655415554,-0.009063216553219178,2.727924879764032e-05,False,True,RELEASE,RELEASED,
9.95199999999054,SLOWDOWN_4,0.22497327656482782,1289.0019250394064,40.951419198873374,-0.049212253816809146,290.17698709614615,1.6930081044228866,-0.9390463918679491,1.4087115799770231,0.9132044382759469,-4.315441057160247,-582.5153486710351,471.9659230751162,708.0202500623162,89.30809975369678,21.05067096004925,0.1906548821729075,471.9659230767717,447.99880011437403,384.6277550922407,-0.2997149986412637,100.0,0.9999999999999889,448.2985151130153,23.98962548854545,4.977612888426343,599.6249368190224,-0.008499637087312273,2.7323509129928425e-05,False,True,RELEASE,RELEASED,
9.961999999990518,SLOWDOWN_4,0.22471479979776388,1287.5209622539114,40.90507180991803,-0.04919423214550565,290.1472720459518,1.6937730708511143,-0.9383296952529333,1.4101080095322318,0.9141209513565443,-4.317479144578854,-582.1208769630348,471.5574165046911,708.6495219447897,89.33128493998834,21.046359868926896,0.18581564943019657,471.5574165115889,447.6217838575333,384.59978386949854,-0.611530543870856,100.0,0.9999999999999889,448.23331440140413,23.989617086109536,4.981642569405417,599.6246304940423,-0.00782513644534788,2.7366133963369066e-05,False,True,RELEASE,RELEASED,
9.971999999990494,SLOWDOWN_4,0.22445293074336922,1286.0205630937219,40.85805415854563,-0.04917752413713963,290.1052287417452,1.6945033753332475,-0.9376000608703503,1.411470089967083,0.915016912745585,-4.3193538549358985,-581.6949789948193,471.1224617749857,709.231250358253,89.35117975477556,21.040260935825078,0.18107652923174555,471.1224617902596,447.2191813966443,384.55497797840275,-0.9097006881077618,100.0,0.9999999999999889,448.12888208475204,23.98960872949322,4.9856502731994,599.6243494156205,-0.007100615274303834,2.7409560175328807e-05,False,True,RELEASE,RELEASED,
9.981999999990471,SLOWDOWN_4,0.2241879752367051,1284.5024798646616,40.81042360317034,-0.049162090184622524,290.0514064198903,1.695200248113471,-0.9368585785862423,1.412798600272997,0.9158927044976148,-4.32107157217523,-581.2393719713104,470.66254722093015,709.7670909072446,89.36793338643082,21.0324545915391,0.17643677241005662,470.6625472472879,446.79241780386525,384.4940777805631,-1.1945393122683186,100.0,0.9999999999999889,447.98695711613357,23.989600540334944,4.989577664000418,599.6240943835228,-0.0063800160996336786,2.7452976382846828e-05,False,True,RELEASE,RELEASED,
9.991999999990448,SLOWDOWN_4,0.22392022694656444,1282.968395164971,40.76223540239865,-0.04914788774437925,289.9863396058672,1.6958648669025553,-0.9361062811190041,1.414094295739846,0.9167487074954812,-4.322638451091995,-580.7557097858792,470.1791069133509,710.2586602318726,89.38168814001979,21.023019289502336,0.17189544300538273,470.17910695309536,446.342866870585,384.41780433720294,-1.4663703761859779,100.0,0.9999999999999889,447.809237246771,23.989592617584446,4.993377287290974,599.6238644494889,-0.0057074493711120056,2.7495401809574105e-05,False,True,RELEASE,RELEASED,
10.001999999990424,SLOWDOWN_4,0.2236499678041867,1281.4199243416642,40.713542704597245,-0.049134873571990596,289.9105480581112,1.6964983625128356,-0.9353441495648328,1.4153579108775176,0.9175853003659282,-4.3240604349580725,-580.2455862370382,469.6735231524184,710.7075367208606,89.39258015179315,21.012031468838607,0.16745146398795896,469.6735232074916,445.871853364982,384.3268592286044,-1.725524588114581,100.0,0.9999999999999889,447.59737795309655,23.989585033777363,4.997014356437359,599.6236572979002,-0.0051155911190550185,2.753796161414357e-05,False,True,RELEASE,RELEASED,
10.011999999990401,SLOWDOWN_4,0.22337746840184378,1279.8586177742552,40.66439635989501,-0.04912301041516453,289.82453679682266,1.6971018232699975,-0.9345731178044904,1.4165901616288112,0.9184028586683598,-4.325343269496813,-579.7105377054911,469.14712857176573,711.1152611070504,89.40073994949277,20.99956553237321,0.16310365185779574,469.14712864378583,445.3806549453197,384.22192451176414,-1.972336798686797,100.0,0.9999999999999889,447.3529917440065,23.98957783401144,5.0004672436324915,599.623469662422,-0.004625245248406351,2.7579865331972542e-05,False,True,RELEASE,RELEASED,
10.021999999990378,SLOWDOWN_4,0.22310298836731454,1278.2859630203425,40.61484532626154,-0.049112258298489184,289.72879619699296,1.6976762985036453,-0.9337940760649827,1.4177917470513728,0.9192017542890898,-4.326492514117928,-579.1520454291152,468.6012079529002,711.4833369832731,89.40629289676448,20.985693836439676,0.15885074301183977,468.6012080431698,444.8705038174762,384.1036627825187,-2.2071439490243847,100.0,0.9999999999999889,447.0776477665006,23.989571037213786,5.003726872087405,599.6232977402135,-0.004245893626580788,2.7622944685390394e-05,False,True,RELEASE,RELEASED,
10.031999999990354,SLOWDOWN_4,0.22282677671877027,1276.7033868489486,40.56493657881111,-0.04910257850275895,289.6238021299542,1.698222801344191,-0.9330078738422395,1.418963350602719,0.9199823549902645,-4.327513551098342,-578.5715374788257,468.03699982448995,711.8132312667905,89.40935955048184,20.97048669005272,0.15469141380037854,468.03699993402734,444.3425882030209,383.97271731663676,-2.4302834440100014,100.0,0.9999999999999889,446.7728716470309,23.98956463918766,5.006795254817752,599.623137572462,-0.0039770134292940185,2.766533680187422e-05,False,True,RELEASE,RELEASED,
10.041999999990331,BRAKE_APPLY,0.2225490722034585,1275.1122571810395,40.51471515706249,-0.04909393392650903,289.5100161415607,1.6987423109966442,-0.9322153223395392,1.4201056411287183,0.9207450240753305,-4.328411593224356,-577.9703905120643,467.4556979019761,712.106374632802,89.41005595259256,20.954012361571692,0.1506242959235351,467.4556980315657,443.798053666889,383.829712270582,-2.64209185346283,100.0,0.9999999999999889,446.44014552035185,23.98955861688346,5.009683446310955,599.6229853681821,-0.003809922294352397,2.7706989271791826e-05,False,True,APPLY,RELEASED,
10.051999999990308,BRAKE_APPLY,0.22227010362272734,1273.5138849517746,40.46422444350553,-0.049086283390736646,289.38788565798075,1.6992357746196023,-0.9314171965378901,1.4212192736311233,0.9214901201424648,-4.329191690282048,-577.3499313609846,466.8584524086464,712.3641619319995,89.40849387269162,20.936337091399142,0.14664798824719583,466.85845255883163,443.23800434113997,383.67525292732404,-2.8429038674795493,100.0,0.9999999999999889,446.0809082086195,23.989552933345443,5.0124091701534415,599.6228377567502,-0.003729914667334633,2.7749843752644665e-05,False,True,APPLY,RELEASED,
10.061999999990284,BRAKE_APPLY,0.22199009014528412,1271.9095259053465,40.41350561798808,-0.0490795972417191,289.2578442122225,1.6997041089052656,-0.9306142369852184,1.4223048898706148,0.9222179969045202,-4.329858734684106,-576.7114384973223,466.2463713083233,712.5879526027406,89.40478101342549,20.917525109575596,0.14276106599652394,466.24637147945106,442.6635040715372,383.50992597608047,-3.0330514502115307,100.0,0.9999999999999889,445.69655552174873,23.98954754283307,5.01499436291036,599.6226919627231,-0.003718473193070615,2.779296778498974e-05,False,True,APPLY,RELEASED,
10.071999999990261,BRAKE_APPLY,0.22170924161013106,1270.3003823306765,40.362598553170365,-0.04907383556857919,289.1203116861532,1.7001482014327869,-0.9298071513702986,1.423363118847679,0.922929003059437,-4.330417466451438,-576.056143405328,465.62052147221095,712.7790710852769,89.3990211878404,20.89763865737459,0.1389620879007225,465.6205216644507,442.07557750669116,383.3342998175269,-3.2128631496482285,100.0,0.9999999999999889,445.2884406563394,23.989542395693146,5.017462837533009,599.6225459035991,-0.003755372292134851,2.7834540560434107e-05,False,True,APPLY,RELEASED,
10.081999999990238,BRAKE_APPLY,0.2214277588202324,1268.6876047440005,40.31154111837941,-0.04906896763415353,288.97569456397594,1.7005689118485992,-0.928996615929767,1.4243945771930506,0.9236234821990666,-4.330872477708923,-575.3852318851883,464.9819297957495,712.9388072430796,89.39131447540322,20.876738012183083,0.13524960185225154,464.9819300090779,441.47521114387376,383.1489248879948,-3.382663531352364,100.0,0.9999999999999889,444.8578746752261,23.989537442654612,5.019838223661773,599.6223982169575,-0.0038205323571318672,2.7877229513251223e-05,False,True,APPLY,RELEASED,
10.091999999990215,BRAKE_APPLY,0.220975768760521,1266.0978924636674,40.26290738608479,-0.04819214065768282,288.77892598575556,1.6995898706175248,-0.9255104724717235,1.4254950345935486,0.9243374542882776,-4.320181908038512,-572.7933109884626,462.92161706981324,713.0037813366787,89.14043957508935,20.848317023371628,-0.11706267981321616,462.92161750147295,439.56791349628173,382.9406622790511,-4.806482948314056,100.0,0.9999999999999889,444.3743964445958,23.989532635515946,5.022143637960929,599.6222425491836,-0.004097796073316395,2.7904720354854362e-05,False,True,APPLY,MOVING,
10.101999999990191,BRAKE_APPLY,0.21975099660456826,1259.0804649235445,40.10234767151618,-0.04655590676539693,288.1767108619935,1.695416909448589,-0.9069412059940454,1.4324441160877,0.9257635420064315,-4.255919624386097,-561.1455473566707,452.6876449809578,714.9854358727066,87.95206918669268,20.761454170809255,-0.255620981788411,452.68764822352614,430.13032270655106,382.4500295488624,-13.10611699624917,100.0,0.9999999999999889,443.2364397028002,23.989527349059696,5.02467892299154,599.6217914553627,-0.016711078593306894,2.7874950205841742e-05,False,True,APPLY,MOVING,
10.111999999990168,BRAKE_APPLY,0.21781203138469257,1247.9710125513914,39.805022555654055,-0.0450699705935516,287.0267700220909,1.6873074472540193,-0.8792506893116292,1.4401127202076578,0.9281168215377922,-4.159042701775057,-543.5337236935832,437.11503892955784,715.9447645692006,86.0474832624718,20.59609167732857,-0.22489017577504455,437.11503892955767,415.7292696869284,381.37267385827164,-25.01350717915051,100.0,0.9999999999999889,440.7427768660789,23.98951935077857,5.028514746125881,599.6208071054998,-0.029780213664630573,2.780729312235053e-05,False,True,APPLY,MOVING,
10.121999999990145,BRAKE_APPLY,0.21525035377683102,1233.2936810110277,39.39405840679582,-0.043553038951235676,285.2841965148805,1.675276853342994,-0.8463983838254842,1.4457393648941053,0.9311556150135173,-4.041889144647144,-522.0108409872184,418.2280597185274,714.3784546297388,83.62381189086625,20.346768195285243,-0.1877988174605889,418.22805971852455,398.2055819471424,379.57521180243367,-38.39242234031451,100.0,0.9999999999999889,436.5980042874569,23.989506786080153,5.034540530759283,599.6194510614649,-0.03653525571995875,2.771826007119671e-05,False,True,APPLY,MOVING,
10.131999999990121,BRAKE_APPLY,0.21213985595865437,1215.4718412944103,38.88317583063827,-0.04198608209420894,282.9253692883542,1.6602101537520833,-0.8100466898243788,1.4491798076588298,0.9346276526728589,-3.90973529466425,-497.6464093479246,396.95618256323746,710.1576878496898,80.851152289631,20.01169114673791,-0.17261665168206264,396.95618256324246,378.4052917508965,376.99536919748925,-52.27806702592062,100.0,0.9999999999999889,430.6833587768171,23.989489251922066,5.042949560904522,599.6179721052625,-0.03643698138049345,2.7616301622401807e-05,False,True,APPLY,MOVING,
10.141999999990098,BRAKE_APPLY,0.20854460594264848,1194.8725760732623,38.283015834476416,-0.04038527270988899,279.94380684417945,1.643014832759761,-0.7711838066815709,1.4507836768383862,0.9383254523268691,-3.7658728493019544,-471.2114816326769,373.9292109832171,703.4514870350588,77.86842488388565,19.59213374760282,-0.17828798202805274,373.92921098322046,356.9053623890764,373.60659858484524,-66.07006338709374,100.0,0.9999999999999889,422.97542577617014,23.989467639101452,5.05331461878058,599.6165988273474,-0.030596800833007087,2.750657563410641e-05,False,True,APPLY,MOVING,
10.151999999990075,BRAKE_APPLY,0.20452126699523834,1171.8205419495416,37.60280718114164,-0.03877044454385553,276.34650725644195,1.62446406424754,-0.7305353785468468,1.450931272225894,0.9420887103584195,-3.612888065677572,-443.34746682261175,349.66797637774664,694.4827269441868,74.78642675582475,19.09184801820868,-0.1987843291682907,349.6679763777578,334.18704063815784,369.40553644976836,-79.32947560347736,100.0,0.9999999999999889,413.5165162416352,23.989443704114393,5.064793317434021,599.615509757018,-0.020587181851669634,2.7390392460802104e-05,False,True,APPLY,MOVING,
10.161999999990051,BRAKE_APPLY,0.2001201503488357,1146.6040010511774,36.850814880379644,-0.037158431704640525,272.1508407654672,1.6051869682015931,-0.6886791527915416,1.4499469739940654,0.9457972391570282,-3.4529992538137333,-414.6088378965731,324.62894788797564,683.4746757660653,71.6917539327395,18.516520032337674,-0.2283839564783534,324.6289478879928,310.67569009013545,364.4056688869717,-91.72276905216688,100.0,0.9999999999999889,402.39845914230233,23.98941963486108,5.076336384152491,599.6148254919276,-0.008056924808670374,2.7273293426333112e-05,False,True,APPLY,MOVING,
10.171999999990028,BRAKE_APPLY,0.1953858976888368,1119.4787313945253,36.03449878588697,-0.03556200226006091,267.38192137728447,1.5856843441068258,-0.6460840948426053,1.4480919105971506,0.9493633558943219,-3.288149938157626,-385.4748764414525,299.2138669871839,670.6389830385592,68.65038619068532,17.87327296985209,-0.2626497062685189,299.213866987219,286.74868079616243,358.6330515866075,-103.00182129571891,100.0,0.9999999999999889,389.75050209188134,23.98939768048966,5.086865181384257,599.6146095448939,0.005451027093154259,2.7154145868735213e-05,False,True,APPLY,MOVING,
10.181999999990005,BRAKE_APPLY,0.19035805767396272,1090.6713301025977,35.16060147299904,-0.033990019520531954,262.0703733565535,1.566345676407438,-0.6031286822962805,1.4455706729841429,0.952725220066525,-3.1200353578754143,-356.3543223595506,273.77169005790876,656.1722860439361,65.71086351044146,17.17022014781084,-0.2984513566127589,273.7716900579673,262.73632609023355,352.12296038355004,-112.99270187726268,100.0,0.9999999999999889,375.7290279674962,23.989379866316828,5.095408423133801,599.6148741391721,0.018611652876550977,2.703690915950574e-05,False,True,APPLY,MOVING,
10.191999999989982,BRAKE_APPLY,0.18507162699831678,1060.3823134622971,34.23521756187014,-0.03244786020512981,256.25044011992077,1.5474641535935278,-0.5601130241425825,1.442538979314869,0.955841163514212,-2.9501130436647474,-327.5893324919947,248.59988227752203,640.2547432054072,62.90716087901068,16.41607201541328,-0.33378267995203714,248.5998822776187,238.92234482934373,344.9171276727956,-121.58621566171757,100.0,0.9999999999999889,360.5085604910613,23.989367798449553,5.101195870018433,599.6155891957455,0.030387252884493066,2.6923028599412646e-05,False,True,APPLY,MOVING,
10.201999999989958,BRAKE_APPLY,0.1795575683188603,1028.7890844302633,33.263855270558096,-0.030937911498236787,249.95840539967267,1.5292501412063648,-0.5172691599515967,1.4391103538445742,0.9586848666986669,-2.779613919305968,-299.4604297295018,223.94685043692823,623.049383428974,60.26132269079863,15.619801107486781,-0.3675445057115212,223.94685043708705,215.545505416333,337.06144161076463,-128.72848070707803,100.0,0.9999999999999889,344.273986123411,23.989362554349544,5.103710807219761,599.6166931643834,0.040060768590793217,2.681333103282668e-05,False,True,APPLY,MOVING,
10.211999999989935,BRAKE_APPLY,0.17384329836253365,996.0487292806713,32.25149179189949,-0.029460110669822213,243.23130468991337,1.5118436317789419,-0.4747708628782468,1.435361903741487,0.9612412663824184,-2.6095590847141756,-272.19261513517597,200.01573147046338,604.7021490771534,57.78585579578033,14.79036689528937,-0.3993390263560741,200.01573147070187,192.80265555096508,328.60405402203844,-134.41135753908816,100.0,0.9999999999999889,327.21401309005324,23.989364649875462,5.102705846332949,599.6181044968315,0.0472374156653661,2.670836761353712e-05,False,True,APPLY,MOVING,
10.221999999989912,BRAKE_APPLY,0.16795313466839923,962.3005772491624,31.202622301843782,-0.02801250478265045,236.1059033609404,1.4953257648955967,-0.43274320350383266,1.431339394756478,0.9635031171438859,-2.440782790058912,-245.96227238104538,176.96921684992202,585.3425534717885,55.48584828571413,13.936499400471437,-0.42929215506322294,176.96921685028173,170.8528370918976,319.5938628369413,-138.6630330991221,100.0,0.9999999999999889,309.5158701910197,23.989374069416396,5.098188472114771,599.6197327271722,0.05182027766691366,2.660921973074437e-05,False,True,APPLY,MOVING,
10.231999999989888,BRAKE_APPLY,0.16190869063028507,927.6684639604671,30.1213021664385,-0.026591810710943645,228.61791164564423,1.4797292136048281,-0.3912717346727198,1.427061657827637,0.9654681415238552,-2.273960092509947,-220.90434067428444,154.93493575815094,565.0847906593262,53.36077914755931,13.066537381303903,-0.45791161273029957,154.9349357586839,149.8220314426978,310.07933697043563,-141.53916618161705,100.0,0.9999999999999889,291.36119762431485,23.98939034350027,5.090383823650162,599.6214883450634,0.05396670985382368,2.6517316314311756e-05,False,True,APPLY,MOVING,
10.241999999989865,BRAKE_APPLY,0.15572921207896678,892.2626599022516,29.011181781964137,-0.025193971308629944,220.80139971726888,1.4650471349989471,-0.350411069529809,1.422524231821588,0.9671366977367548,-2.1096371143910977,-197.11927535800243,134.0109440620961,544.0290899297692,51.40599986630751,12.188314529276289,-0.4859830996773269,134.01094406287703,129.80809731013758,300.10764819516066,-143.11493452389064,100.0,0.9999999999999889,272.9230318340282,23.98941265764124,5.079682495841435,599.6232909011904,0.05403285366759114,2.6431156356920837e-05,False,True,APPLY,MOVING,
10.251999999989842,BRAKE_APPLY,0.14943185237543383,856.1814465934323,27.875533948740596,-0.023814704521697854,212.68837000630955,1.4512404172635143,-0.31019271096148365,1.4177020952109594,0.9685098801601993,-1.9482621685311248,-174.67945485395137,114.27098176439503,522.263111106153,49.613890734679316,11.309085683985213,-0.5145033291080665,114.27098176553343,110.88556735355431,289.72407192713604,-143.47818371929228,100.0,0.9999999999999889,254.36375107284658,23.98943997697988,5.0665807679339645,599.6250750418013,0.05251326806641199,2.635180794641201e-05,False,True,APPLY,MOVING,
10.261999999989818,BRAKE_APPLY,0.14303188543908366,819.5123371458187,26.717272123236626,-0.022450113127467548,204.30843826578217,1.4382430411834468,-0.2706321904450157,1.4125513311053661,0.969587952823616,-1.7902169885255697,-153.63486672833437,95.76931565629634,499.8632058030656,47.974713526108125,10.435484486650731,-0.5446469407187067,95.76931565796647,93.11011375825369,278.9716203747713,-142.72371949788163,100.0,0.9999999999999889,235.8338332561353,23.989471173167683,5.051619755622432,599.6267944062693,0.049981832804531834,2.6279465487277776e-05,False,True,APPLY,MOVING,
10.271999999989795,BRAKE_APPLY,0.13654285621583434,782.3329383828947,25.53895732040876,-0.021097466337195503,195.68856652686762,1.4259654439151133,-0.23173588947225754,1.407009568116197,0.97036900142688,-1.6358488482597522,-134.0180844472617,78.5451509138563,476.8953963781977,46.47719410826378,9.573503767335074,-0.5777643421913581,78.54515091634086,76.52265111402802,267.89087969227563,-140.9486319838523,100.0,0.9999999999999889,217.4712830978803,23.98950514260474,5.0353287090897805,599.6284235219771,0.047038894602904335,2.6213454020762583e-05,False,True,APPLY,MOVING,
10.281999999989772,BRAKE_APPLY,0.1299766644077751,744.7114305753778,24.342787895219768,-0.019756424751466634,186.85277189597562,1.4142957762048343,-0.19350845788731072,1.4009950104539666,0.9708476711543852,-1.4855069065818185,-115.84873960333029,62.62678597571422,453.41591592776354,45.10887288648168,8.728489591302376,-0.6154088501676966,62.626785979513826,61.15322822746174,256.52004128164066,-138.24838261839855,100.0,0.9999999999999889,199.4016108458603,23.989540908209687,5.018176207329441,599.6299579861839,0.0442683221088096,2.6155188152188202e-05,False,True,APPLY,MOVING,
10.291999999989748,BRAKE_APPLY,0.12334356668419903,706.7065801095034,23.13055746457346,-0.018431399231497773,177.82168413817485,1.4030988345073445,-0.15596289679904027,1.3944037844964134,0.9710138251353333,-1.3395913027037882,-99.13798150477065,48.035978247313935,429.47105519813687,43.85626005806062,7.905137837434207,-0.6593946380393305,48.03597825340306,47.025145081716374,244.89515597156372,-134.71315012536198,100.0,0.9999999999999889,181.73829520707835,23.98957770007838,5.000531475664488,599.6314133343222,0.04220689243459841,2.61153277278936e-05,False,True,APPLY,MOVING,
10.301999999989725,BRAKE_APPLY,0.11665205574810124,668.3670465890995,21.90354505359126,-0.017136792170415617,168.61167584999288,1.3922120899654897,-0.11913842451543426,1.38710509308057,0.9708508784624449,-1.198637025474019,-83.89408387040011,34.793660776968444,405.0957049914508,42.70483118164936,7.107474308235768,-0.7118823964532197,34.79366078752136,34.16038754932322,233.05072643965013,-130.42337334173143,100.0,0.9999999999999889,164.58376089105465,23.989615013438055,4.9826365908155115,599.6328230655155,0.04132752729641709,2.608449381114042e-05,False,True,APPLY,MOVING,
10.311999999989702,BRAKE_APPLY,0.10990849976195897,629.7293168974862,20.662212313900287,-0.01591140924414689,159.23278992368222,1.3814375240395569,-0.08314118810488344,1.3789333470712246,0.9703333544705766,-1.0634982220892977,-70.13249645360722,22.930280015444286,380.3088275703842,41.63893285374337,6.33877034671988,-0.7754867623002752,22.9302800364762,22.58956159661279,221.02098933221504,-125.44158302578288,100.0,0.9999999999999889,148.03114462239566,23.989652645097166,4.96458899828986,599.634236346538,0.04203721671208527,2.6052754719785298e-05,False,True,APPLY,MOVING,
10.321999999989679,BRAKE_APPLY,0.10311616677428935,590.8121155733908,19.405181176631448,-0.014870049731652854,149.68250640297092,1.3705257425014243,-0.04826524352665178,1.36967561018162,0.9694224744979187,-0.9358870010521451,-57.9030480494295,12.513136320797635,355.09895678885977,40.641891318825245,5.601213180768859,-0.8531927709620106,12.513136376887477,12.378497523016144,208.8430460837927,-119.78943549988287,100.0,0.9999999999999889,132.167933022899,23.989690712158318,4.946332535691275,599.6357159867923,0.044690824277349606,2.6022996280516963e-05,False,True,APPLY,MOVING,
10.331999999989655,BRAKE_APPLY,0.09627193327815475,551.5975462403327,18.12325735151692,-0.014529812056042868,139.91594682461673,1.3591499699878822,-0.015546154371148188,1.3590610574960675,0.9680551226957451,-0.8208682736608554,-47.41594540321916,3.7674788155445356,329.35693425575005,39.69931770398285,4.894118043957244,-0.9449691602645203,3.7674791957980567,3.7475938302685323,196.567133689488,-113.33918813003638,100.0,0.9999999999999889,117.0867819603049,23.98972965943745,4.927653872118193,599.6373374133466,0.04960326640462576,2.5999190938819083e-05,False,True,APPLY,MOVING,
10.341999999989634,BRAKE_APPLY,0.08932636392465589,511.80236521324343,16.69050055063609,-0.022143032120823518,129.28007386150733,1.3462535093934165,-1.0051368585929265e-14,1.3462535093934165,0.9660170267333676,-0.7828256509267972,-41.95618139054563,2.2595258997171186e-12,301.4526231623375,38.881666541249245,4.178334374409199,-1.1038195251154335,0.0,0.0,184.38238834928342,-103.02080343450179,100.0,0.9999999999999889,103.02080343450179,23.98977024476372,4.908189555570508,599.6391727579215,0.05807171634788588,2.617365998958121e-05,False,True,APPLY,MOVING,
10.351999999989642,BRAKE_APPLY,0.08210706748882571,470.43884353055273,15.208635226993996,-0.031078367670942256,117.74111118887566,1.3288717315084775,-3.5266430079162467e-15,1.3288717315084777,0.962656950888838,-0.8139769312478717,-40.09995529698975,7.140954494389007e-13,271.00157849567836,37.98953060455876,3.4657423159977965,-1.3553176235673874,0.0,0.0,172.86955207918018,-90.55721829107895,100.0,0.9999999999999889,90.55721829107895,23.98981387107859,4.88726673782926,599.6415105941684,0.07411500494457712,2.683077343590412e-05,False,True,APPLY,MOVING,
10.36199999998964,BRAKE_APPLY,0.0745812908132575,427.3193194237473,13.78182158604847,-0.03353371868812226,105.8901488393678,1.3106758212649203,-3.350498795886678e-15,1.3106758212649205,0.9581257632345821,-0.8532491466053354,-38.18185364348177,6.181721801112872e-13,240.38727476252274,37.09395235314499,2.8031809053058665,-1.7152796149701217,0.0,0.0,162.07557556032984,-79.60149149458151,100.0,0.9999999999999889,79.60149149458151,23.98986283722761,4.863782889366994,599.6444032009391,0.08900126909393613,2.7306053425490973e-05,False,True,APPLY,MOVING,
10.371999999989635,BRAKE_APPLY,0.06674053916535277,382.39512166022877,12.241078380843557,-0.041289309550403434,93.41775660675427,1.2899316182801348,-2.0172380587174107e-15,1.2899316182801348,0.9523854432191653,-0.9032936457794185,-36.17178296637334,3.304023721284466e-13,208.71648353951366,36.11639215247708,2.181719312359695,-2.126328498463778,0.0,0.0,151.95557506805758,-69.97120240686009,100.0,0.9999999999999889,69.97120240686009,23.989918845720737,4.836921460613953,599.6478275249993,0.1052866296734507,2.7647967044686084e-05,False,True,APPLY,MOVING,
10.38199999998963,BRAKE_APPLY,0.05857738414901804,335.62368866552606,10.649263424542239,-0.05053803656206999,80.44912089924621,1.2636120152318802,-1.2679491977991514e-15,1.2636120152318802,0.9451008961891004,-0.9633614033349964,-33.858714598494714,1.8118839761882555e-13,176.07418097477577,34.91767227667386,1.6180152633653837,-2.6769729415453796,0.0,0.0,142.46746752505086,-61.505997887882415,100.0,0.9999999999999889,61.505997887882415,23.989983593083558,4.805868751742048,599.6519232552998,0.12774538278906178,2.7960586521658115e-05,False,True,APPLY,MOVING,
10.391999999989624,BRAKE_APPLY,0.050084851357926556,286.9650600349261,9.015003058243039,-0.061064753873578244,67.00890045584562,1.2279524865155367,-7.182300175026318e-16,1.2279524865155367,0.9356486492766185,-1.0319921979185818,-31.012305501175252,9.592326932761353e-14,142.5196285937858,33.346988607940595,1.122548185075357,-3.4572312918408556,0.0,0.0,133.62779592044578,-52.707663601740194,100.0,0.9740788082078431,52.707663601740194,23.990059594803625,4.769418261150611,599.6569989487915,0.16157595318078233,2.8505709906312404e-05,False,True,APPLY,MOVING,
10.401999999989627,BRAKE_APPLY,0.04126146908822043,236.41080352645398,7.330453137166038,-0.07501677864828733,53.118301856519416,1.1770906718168106,-2.2511603325970044e-16,1.177090671816811,0.9229897094008508,-1.1029815240308931,-27.306382835207373,2.1316282072803006e-14,108.29657654064897,31.192447409691376,0.7053884980300786,-4.5914530725141525,0.0,0.0,125.84404970046404,-42.19781568477502,100.0,0.8793029690328276,42.19781568477502,23.990150999593602,4.725580138890851,599.6635770708948,0.21386528774315217,2.9459883080562577e-05,False,True,APPLY,MOVING,
10.41199999998966,BRAKE_APPLY,0.032127249729952796,184.0755816889109,5.3730060104935085,-0.14197763988730774,38.47301380559447,1.1015111108461046,-1.2713801140720822e-09,1.1015111108461044,0.905459103688104,-1.1569963248254893,-22.302665918583646,8.47212273669129e-08,73.40163231253132,28.153685358190927,0.3700431978213657,-6.221062722149934,0.0,0.0,119.38539989298502,-32.487748752327384,100.0,0.7521961751857359,32.487748752327384,23.990264569656873,4.671110992621655,599.6724752781354,0.2940048428991715,3.0382566819753265e-05,False,True,APPLY,MOVING,
10.421999999989701,BRAKE_APPLY,0.022762558121310728,130.41985112723407,3.8991717703338296,-0.11493635750640539,24.85693519121341,0.9875406345507548,0.0010116987104429158,0.9875401163267379,0.8806314538548333,-1.1453900918402184,-15.64320512225184,-0.04355714480537287,42.5170333854902,23.914568231631307,0.15446680677504593,-8.382272771348969,0.0,0.0,114.22621912306681,-24.457001960405986,100.0,0.618565301276909,24.457001960405986,23.99041063187947,4.601057578234392,599.6847027966979,0.3659672969405303,3.101008098838065e-05,False,True,APPLY,MOVING,
10.431999999989678,BRAKE_APPLY,0.014612983461323708,83.72622784283216,4.6545906904537135,0.4004039351619779,27.803222383927963,0.9244517893454871,0.3939805269449385,0.836295674514858,0.8556762752378294,0.48482255053229006,4.250822347563079,-18.9727601945389,40.27315108017524,19.422044443271794,0.1932547937325383,-4.89336139002844,0.0,0.0,110.21271605626471,-18.149533673725145,100.0,0.49307842544442115,18.149533673725145,23.99016912890343,4.716885205823565,599.4164187998281,-18.368521842422208,3.085692003423901e-05,False,True,APPLY,MOVING,
10.441999999989655,BRAKE_APPLY,0.009611760629028757,55.071331773335714,3.090738621630331,0.40606072404049726,27.172344323534567,1.0414589476419567,0.7436700775999006,0.7291032542144147,0.8348793966951034,1.79291389894565,10.339835535074544,-34.99999998270941,34.314428741379416,29.157276234457505,0.18458407400918034,-4.681695860831841,0.0,0.0,107.15445230861175,-13.315221906455799,100.0,0.382685411641051,13.315221906455799,23.986476954569905,6.487404351290622,598.3527012899951,-32.9748136390492,3.1281019005291455e-05,False,True,APPLY,MOVING,
10.451999999989631,BRAKE_APPLY,0.0056589095852348295,32.42316358800829,2.454446727512109,0.5596677216556356,24.264804171702195,1.0547367455447167,0.8327806511487461,0.6472603722417515,0.8120867378407611,2.0982524116088697,7.124292410577317,-34.99999999388598,27.20297715041125,32.34865329043211,0.1471951803727641,-4.620140887496223,0.0,0.0,104.86629362444205,-9.659085942057292,100.0,0.28985322231803945,9.659085942057292,23.977740574938107,10.674614389627454,597.2395490350016,-29.22719925134971,3.145018956729473e-05,False,True,APPLY,MOVING,
10.461999999989608,BRAKE_APPLY,0.0020863352098645293,11.953820217477839,1.9639988901460377,0.7971176684899758,22.052477875110267,1.0816467537335057,0.9163260262491222,0.574722814477313,0.7886383769940546,2.356520701535777,2.9498952674332517,-34.99999999759172,21.952119583093783,36.31330230981871,0.12157794510805699,-4.384775524768283,0.0,0.0,103.18477809868727,-6.916227652429209,100.0,0.21436404857471136,6.916227652429209,23.96541751067459,16.575675904838125,596.2869661294732,-23.959361460642896,3.161452423228184e-05,False,True,APPLY,MOVING,
10.471999999989585,BRAKE_APPLY,0.0,0.0,1.4552310517252323,1.0,20.623995369922618,1.105602463693135,0.9797936364356252,0.5122121022824278,0.7650830684079579,2.5181161153996863,0.0,-34.999999999464926,18.297142288889297,39.68709901933403,0.1063372962546474,-4.793436316123751,0.0,0.0,101.97273293042811,-4.872008047378256,100.0,0.15461578125807515,4.872008047378256,23.951081311786275,23.433109581456577,595.5380890535649,-17.826968982504326,3.171489106534864e-05,False,True,APPLY,MOVING,
10.481999999989561,BRAKE_APPLY,0.0,0.0,1.3974643441956107,1.0,20.51589996314271,1.0975416920909735,0.9849560320368478,0.48421005858216704,0.7438069223037113,2.4375191898347883,0.0,-34.99999999952379,17.206201595718795,38.97722041628896,0.1052255378244198,-4.082445954589591,0.0,0.0,101.118430091341,-3.3594658542120657,100.0,0.10842352791843521,3.3594658542120657,23.936169923406343,30.556951191395676,595.0147235257211,-11.402192252171464,3.171545790792152e-05,False,True,APPLY,MOVING,
10.491999999989538,BRAKE_APPLY,0.0,0.0,1.4816931922015553,1.0,20.48585599462694,1.0919717141761143,0.9864005402845173,0.46841882827992065,0.725655651612299,2.3556429229005884,0.0,-34.9999999994006,16.620691412828684,38.27415783544388,0.10491757395814819,-3.3790754100014198,0.0,0.0,100.53265650843228,-2.2505925698218223,100.0,0.07348462856304003,2.2505925698218223,23.92191134871061,37.360595869704085,594.7170164281175,-5.269765385711047,3.1714787951386825e-05,False,True,APPLY,MOVING,
10.501999999989515,BRAKE_APPLY,0.0,0.0,1.5368196033203816,1.0,20.4666600788666,1.0871814690231452,0.9873256966881783,0.45513900650957967,0.7100398646328797,2.2875471939421956,0.0,-34.999999999324835,16.134356961397952,37.72253859849705,0.10472104369596799,-2.827259642868192,0.0,0.0,100.14525012187833,-1.4474764515321508,100.0,0.04762826219858454,1.4474764515321508,23.909265792932008,43.387765465991734,594.6272605220396,0.16251625942474845,3.171513685629179e-05,False,True,APPLY,MOVING,
10.511999999989492,BRAKE_APPLY,0.0,0.0,1.584992627963011,1.0,20.450891423202457,1.0831494965131112,0.9880869739633887,0.4437307333062249,0.6966038143777143,2.2289904388017496,0.0,-34.999999999253546,15.717822493996461,37.267719865297906,0.10455974000090397,-2.3722796060452556,0.0,0.0,99.90148410601311,-0.8831830965734759,100.0,0.029202552155379865,0.8831830965734759,23.898902608604207,48.32233421904075,594.7150879359361,4.610191173258933,3.1715055342829146e-05,False,True,APPLY,MOVING,
10.521999999989468,BRAKE_APPLY,0.0,0.0,1.6282132258182431,1.0,20.43796413322959,1.0797789299978768,0.9887119523960743,0.4340175259785058,0.6850558762755508,2.1785169305160146,0.0,-34.99999999918501,15.364043462891889,36.890269857025665,0.10442759447779479,-1.994697452318455,0.0,0.0,99.75357337224207,-0.5340925883713725,100.0,0.01771224322409515,0.5340925883713725,23.89120215317805,51.986227045074685,594.9420157782017,7.913162437283567,3.171478954300255e-05,False,True,APPLY,MOVING,
10.531999999989445,BRAKE_APPLY,0.0,0.0,1.666856570237463,1.0,20.427359825372985,1.0769559084443503,0.989225215293319,0.42575521389770715,0.6751414961172593,2.1350553738526363,0.0,-34.99999999911976,15.063741052765728,36.57591444274255,0.10431925735881559,-1.68023370098161,0.0,0.0,99.66396769184976,-0.3233618136028105,100.0,0.010743018567701063,0.3233618136028105,23.886277649300105,54.32807287497595,595.2658385110974,10.025390065892609,3.171482956076943e-05,False,True,APPLY,MOVING,
10.541999999989422,BRAKE_APPLY,0.0,0.0,1.7011865203268508,1.0,20.41865028117402,1.0745851574678553,0.9896471678015082,0.4187263353464511,0.666637885866383,2.09768099228852,0.0,-34.99999999905853,14.808734075689264,36.31334767031624,0.104230319826222,-1.4175779910839363,0.0,0.0,99.6096583192264,-0.19591516139674423,100.0,0.006515970139172805,0.19591516139674423,23.884012630746476,55.40487584516426,595.6445141231912,10.998338315121757,3.1715001568954904e-05,False,True,APPLY,MOVING,
10.551999999989398,BRAKE_APPLY,0.0,0.0,1.7315032122712999,1.0,20.41148440305026,1.0725894542622725,0.9899946041181034,0.41274546782693955,0.6593505503041807,2.0655803121247773,0.0,-34.9999999990018,14.592091020940057,36.09347831142272,0.10415717388399102,-1.197635486304911,0.0,0.0,99.5767324392542,-0.11875000773831255,100.0,0.003952135667180303,0.11875000773831255,23.884109087934597,55.35902372140702,596.0393417529066,10.96028524617956,3.171537207435904e-05,False,True,APPLY,MOVING,
10.561999999989375,BRAKE_APPLY,0.0,0.0,1.7581376162698148,1.0,20.405576044480465,1.0709060650763609,0.9902812533683166,0.4076552948811176,0.653110196954035,2.0380387025700104,0.0,-34.999999998949875,14.407962658972338,35.90894603520465,0.1040968834267688,-1.0130429196815527,0.0,0.0,99.55676718633711,-0.07199664102534901,100.0,0.0023970914534886985,0.07199664102534901,23.88614128061378,54.392909145778965,596.4173157911673,10.09348838099514,3.171450362060568e-05,False,True,APPLY,MOVING,
10.571999999989352,BRAKE_APPLY,0.0,0.0,1.7814333094381414,1.0,20.400692954571102,1.0694837074403272,0.990518286119086,0.403322359092595,0.6477698768794651,2.0144306636095397,0.0,-34.99999999890288,14.251410363262279,35.75376028675198,0.10404706825667176,-0.8578073561057735,0.0,0.0,99.54465959867476,-0.04365754942255253,100.0,0.0014539094606760164,0.04365754942255253,23.88961035270385,52.743313217548355,596.7526242352998,8.611135345388377,3.1714145734440535e-05,False,True,APPLY,MOVING,
10.581999999989328,BRAKE_APPLY,0.0,0.0,1.8017315888674228,1.0,20.396647087285004,1.0682802033713383,0.9907147647603322,0.3996333917492228,0.6432023504302071,1.994210682606924,0.0,-34.999999998860616,14.118260076754941,35.62302213352511,0.10400580310081298,-0.7270279377653068,0.0,0.0,99.53731669294541,-0.026475735858396743,100.0,0.0008818406643462632,0.026475735858396743,23.893995418585867,50.65745965316778,597.0273300747149,6.735796743117994,3.1713931662125106e-05,False,True,APPLY,MOVING,
10.591999999989305,BRAKE_APPLY,0.0,0.0,1.8193608637856387,1.0,20.393286341452892,1.0672606751828646,0.9908780312608345,0.3964922142444125,0.6392976833119307,1.9769045406407275,0.0,-34.99999999882291,14.004980492331399,35.51270773060174,0.10397153195112231,-0.6166792637299512,0.0,0.0,99.53286325938588,-0.016056908624717734,100.0,0.0005348633999073661,0.016056908624717734,23.898797655131798,48.37228724460137,597.2313299121673,4.680774508499134,3.1712736131339625e-05,False,True,APPLY,MOVING,
10.601999999989282,BRAKE_APPLY,0.0,0.0,1.8346297664327906,1.0,20.390487666248593,1.0663961469786396,0.9910140331948091,0.393817125455263,0.6359610734236133,1.9621011591513846,0.0,-34.99999999878952,13.908581441598999,35.4194985793643,0.10394299681685902,-0.5234415773916474,0.0,0.0,99.53016221246848,-0.009738478808761239,100.0,0.000324411050801957,0.009738478808761239,23.903575023168266,46.098033356092216,597.3617223460178,2.6353294637151876,3.1712677809991874e-05,False,True,APPLY,MOVING,
10.611999999989258,BRAKE_APPLY,0.0,0.0,1.8478231560294336,1.0,20.388151395858944,1.0656624496588138,0.9911275931090722,0.39153869641536254,0.6331109028810824,1.949445065171547,0.0,-34.99999999876012,13.826528964918179,35.340647655901634,0.10391917933511628,-0.44456683647663375,0.0,0.0,99.52852398041153,-0.005906491534057885,100.0,0.00019676524866097967,0.005906491534057885,23.90796641254819,44.00671835248256,597.4217399771311,0.7543191747238112,3.1711424753666506e-05,False,True,APPLY,MOVING,
10.621999999989235,BRAKE_APPLY,0.0,0.0,1.8592002458088237,1.0,20.386196647894995,1.0650393549910055,0.9912226282283344,0.38959790678053,0.630677004776549,1.9386295177409298,0.0,-34.999999998734275,13.756674180448897,35.273873220452934,0.10389925344166129,-0.3777724751603202,0.0,0.0,99.52753035557865,-0.003582396677262795,100.0,0.00011934415607886453,0.003582396677262795,23.911705112662553,42.22562617937532,597.4194046654228,-0.847668059373909,3.17122182877938e-05,False,True,APPLY,MOVING,
10.631999999989212,BRAKE_APPLY,0.0,0.0,1.8689942881574124,1.0,20.384557616954822,1.0645098843671257,0.9913023279978257,0.38794456874842714,0.6285991308277324,1.9293903058911483,0.0,-34.99999999871173,13.69719360300439,35.21727411488948,0.10388254730973775,-0.32115666348747673,0.0,0.0,99.5269276964861,-0.0021728071062107725,100.0,7.238588971936125e-05,0.0021728071062107725,23.91462243998279,40.83544225317042,597.3660581965443,-2.0979879426359958,3.171162109083525e-05,False,True,APPLY,MOVING,
10.641999999989189,BRAKE_APPLY,0.0,0.0,1.8774132406463462,1.0,20.383180606279772,1.064059752219174,0.9913692966374541,0.38653599312003206,0.6268256040294488,1.9215002038366196,0.0,-34.99999999869208,13.646538988631868,35.169261833850555,0.10386851290705498,-0.2731303480655267,0.0,0.0,99.52656216704708,-0.0013178644473457958,100.0,4.390426144537014e-05,0.0013178644473457958,23.916643035799186,39.87237514677465,597.2749027717695,-2.9640297351760836,3.171170283167157e-05,False,True,APPLY,MOVING,
10.651999999989165,BRAKE_APPLY,0.0,0.0,1.884641169556448,1.0,20.382021658989817,1.063676914352566,0.9914256671373517,0.3853358595664999,0.6253121394904307,1.9147640516854225,0.0,-34.99999999867502,13.603395122156428,35.12850576079877,0.10385670172688252,-0.23236246385062742,0.0,0.0,99.52634046288934,-0.0007993216315303098,100.0,2.6629280658656324e-05,0.0007993216315303098,23.917773757554986,39.333373274673725,597.159660905866,-3.448520486443023,3.171204923546611e-05,False,True,APPLY,MOVING,
10.661999999989142,BRAKE_APPLY,0.0,0.0,1.89083999262501,1.0,20.381044671128084,1.063351198868897,0.99147319222008,0.38431325926234233,0.6240208165513401,1.9090144189985074,0.0,-34.99999999866029,13.566644241331506,35.09388879258157,0.10384674547162964,-0.19773553939290522,0.0,0.0,99.52620599276091,-0.00048481176643277226,100.0,1.6151475165567705e-05,0.00048481176643277226,23.91808824225324,39.1834529973014,597.0334355762926,-3.582929131585729,3.171318530803546e-05,False,True,APPLY,MOVING,
10.671999999989119,BRAKE_APPLY,0.0,0.0,1.89615143926901,1.0,20.380219888930185,1.0630740027331331,0.9915133168819216,0.38344188312292704,0.6229191857920836,1.9041078025338356,0.0,-34.99999999864757,13.53533601645221,35.06447120600472,0.10383834068028638,-0.16830954803745257,0.0,0.0,99.52612443259368,-0.00029405271858712833,100.0,9.796364887504005e-06,0.00029405271858712833,23.91770916290466,39.36416616836548,596.9078217093775,-3.419845199991933,3.171323521655722e-05,False,True,APPLY,MOVING,
10.681999999989095,BRAKE_APPLY,0.0,0.0,1.9006990349295114,1.0,20.37952271094075,1.0628380409840676,0.9915472362854437,0.3826993331292187,0.6219794954441236,1.8999213072284482,0.0,-34.999999998636596,13.508662188580715,35.039461098804324,0.1038312364814375,-0.14329233664917673,0.0,0.0,99.52607496388421,-0.00017835181209796625,100.0,5.9417956580034836e-06,0.00017835181209796625,23.916789984200776,39.80232944904218,596.7922917681655,-3.025122021940213,3.171161517911969e-05,False,True,APPLY,MOVING,
10.691999999989072,BRAKE_APPLY,0.0,0.0,1.9045900783882894,1.0,20.378932731275007,1.062637138504138,0.9915759420429683,0.38206653777825494,0.6211780228670477,1.896349759800477,0.0,-34.999999998627175,13.485935120776599,35.01819010298949,0.10382522481645795,-0.12201532917878666,0.0,0.0,99.52604495960722,-0.00010817577702886208,100.0,3.6038812403265173e-06,0.00010817577702886208,23.91549770826735,40.41828728551094,596.6938532247045,-2.4704397091927888,3.171204866703192e-05,False,True,APPLY,MOVING,
10.701999999989049,BRAKE_APPLY,0.0,0.0,1.907917501005088,1.0,20.37843297338973,1.0624660564458615,0.9916002593146577,0.3815272556800157,0.6204944980091502,1.8933032064162505,0.0,-34.99999999861908,13.466569641180712,35.00009334873079,0.10382013261273448,-0.10391348272443857,0.0,0.0,99.52602676109763,-6.561190141173641e-05,100.0,2.185864466221227e-06,6.561190141173641e-05,23.91399773603892,41.133158913189526,596.6169553623785,-1.8267825690109092,3.1713051043880114e-05,False,True,APPLY,MOVING,
10.711999999989025,BRAKE_APPLY,0.0,0.0,1.9107615909440727,1.0,20.378009274383288,1.0623203470603213,0.9916208766396873,0.38106765382370006,0.6199116070641769,1.8907047489995918,0.0,-34.999999998612175,13.450067659423503,34.98469287263471,0.10381581549671286,-0.0885086895192515,0.0,0.0,99.52601572314526,-3.979562102117793e-05,100.0,1.325793816739565e-06,3.979562102117793e-05,23.912441595091877,41.87470487049827,596.563607878965,-1.159159006442394,3.171333924001374e-05,False,True,APPLY,MOVING,
10.721999999989002,BRAKE_APPLY,0.0,0.0,1.9131915713165348,1.0,20.377649788394177,1.062196231932415,0.9916383700116849,0.38067594913783254,0.6194145658026486,1.8884886784707264,0.0,-34.99999999860615,13.436005122650242,34.971583830948234,0.10381215272461032,-0.07539598506669876,0.0,0.0,99.52600902828932,-2.4137261024347268e-05,100.0,8.04134598309979e-07,2.4137261024347268e-05,23.910957930536355,42.58162353986137,596.5336643287673,-0.5227344405306482,3.1713880275674455e-05,False,True,APPLY,MOVING,
10.731999999988979,BRAKE_APPLY,0.0,0.0,1.9152670195158907,1.0,20.377344584448146,1.062090499600098,0.9916532223855717,0.3803421037343839,0.6189907532590477,1.8865988671483942,0.0,-34.999999998601005,13.424020947713332,34.96042300769619,0.10380904307833456,-0.06423205217351224,0.0,0.0,99.52600496765415,-1.4639987658137971e-05,100.0,4.877322884107052e-07,1.4639987658137971e-05,23.90964684201727,43.206241968560875,596.5252192787343,0.03959059964167011,3.171287914938148e-05,False,True,APPLY,MOVING,
10.741999999988955,BRAKE_APPLY,0.0,0.0,1.9170391396035995,1.0,20.377085319433558,1.0620004192939108,0.991665839547477,0.38005756571214294,0.618629397573494,1.8849873864955171,0.0,-34.999999998596614,13.413807624412769,34.950919208789806,0.10380640152886869,-0.054725611722068024,0.0,0.0,99.52600250475449,-8.879600933000814e-06,100.0,2.958245866528976e-07,8.879600933000814e-06,23.908577389495637,43.71569116786516,596.5350685328898,0.4982383830855994,3.17147363375625e-05,False,True,APPLY,MOVING,
10.751999999988932,BRAKE_APPLY,0.0,0.0,1.9185518813144253,1.0,20.376864971060563,1.0619236681309534,0.9916765630789174,0.3798150486443169,0.618321306807296,1.8836133201861205,0.0,-34.99999999859293,13.405103233198798,34.94282521238812,0.1038041565122088,-0.046629370307393,0.0,0.0,99.52600101093037,-5.385750050204305e-06,100.0,1.7942668170179924e-07,5.385750050204305e-06,23.90778788988977,44.09175138789087,596.5591860345231,0.8368148413413792,3.171490709519276e-05,False,True,APPLY,MOVING,
10.761999999988909,BRAKE_APPLY,0.0,0.0,1.919842939066913,1.0,20.376677618903805,1.0618582695734446,0.9916856809903123,0.3796083439287007,0.6180586384723596,1.8824417460273408,0.0,-34.99999999858972,13.39768466123387,34.93593100830916,0.10380224769618385,-0.039733257415619505,0.0,0.0,99.52600010488024,-3.2666224715213755e-06,100.0,1.0882778362264106e-07,3.2666224715213755e-06,23.90728848801708,44.32961726271755,596.5931780865305,1.0509982978916597,3.171571722759836e-05,False,True,APPLY,MOVING,
10.771999999988886,BRAKE_APPLY,0.0,0.0,1.9209445914679804,1.0,20.376518264163,1.061802541343259,0.9916934364768487,0.3794321610666939,0.6178347023363806,1.8814428635367566,0.0,-34.999999998586965,13.39136183453823,34.93005810884425,0.10380062414244208,-0.033858734399732526,0.0,0.0,99.52599955533307,-1.9813066608038326e-06,100.0,6.600738739570424e-08,1.9813066608038326e-06,23.90706540718277,44.43586778142781,596.6326843046627,1.1467125256246575,3.1715436648482864e-05,False,True,APPLY,MOVING,
10.781999999988862,BRAKE_APPLY,0.0,0.0,1.9218844854219812,1.0,20.376382680737933,1.0617550512923655,0.9917000351550079,0.3792819916874635,0.6176437917937457,1.8805912469318131,0.0,-34.999999998584585,13.385972812282343,34.925054752865215,0.10379924278796922,-0.028853997068599924,0.0,0.0,99.52599922201584,-1.20172322802113e-06,100.0,4.00355042230239e-08,1.20172322802113e-06,23.907086262726178,44.425934639951265,596.6737042553331,1.1378483341892789,3.171534592638636e-05,False,True,APPLY,MOVING,
10.791999999988839,BRAKE_APPLY,0.0,0.0,1.9226862629740702,1.0,20.376267291745204,1.061714579980007,0.9917056510642119,0.3791539937669523,0.6174810397327263,1.8798652059356593,0.0,-34.999999998582645,13.381379613058886,34.92079185681591,0.10379806718616139,-0.02458992541942706,0.0,0.0,99.52599901984874,-7.288819793224964e-07,100.0,2.428276078831861e-08,7.288819793224964e-07,23.9073058486681,44.32134852548918,596.712838165405,1.043785285875373,3.1715361274109455e-05,False,True,APPLY,MOVING,
10.801999999988816,BRAKE_APPLY,0.0,0.0,1.9233701449063918,1.0,20.376169066802508,1.0616800889127678,0.9917104316600845,0.3790448930277138,0.6173422953903367,1.8792462391506906,0.0,-34.99999999858089,13.377464662970574,34.91715959172668,0.10379706645972984,-0.020956659605527506,0.0,0.0,99.52599889722815,-4.4208926668177565e-07,100.0,1.4728238920582965e-08,4.4208926668177565e-07,23.907671873873294,44.147010883337046,596.7474387244526,0.8869363365496099,3.171486105202348e-05,False,True,APPLY,MOVING,
10.811999999988792,BRAKE_APPLY,0.0,0.0,1.9239534100445976,1.0,20.376085436331373,1.0616506935731527,0.9917145019811513,0.37895189895900155,0.6172240191750499,1.8787185668222963,0.0,-34.999999998579476,13.374127772187029,34.91406448613266,0.10379621442716888,-0.01786070198035361,0.0,0.0,99.52599882285506,-2.6814069417162316e-07,100.0,8.93312846890647e-09,2.6814069417162316e-07,23.90813021886396,43.92869381157988,596.7756783152496,0.690497783990196,3.171379364630411e-05,False,True,APPLY,MOVING,
10.821999999988769,BRAKE_APPLY,0.0,0.0,1.9244508192675744,1.0,20.37601421987182,1.0616256405017586,0.991717968134749,0.3788726332812316,0.617123192862078,1.8782687316265125,0.0,-34.99999999857821,13.37128356083457,34.91142697162839,0.10379548887210469,-0.015222461922276054,0.0,0.0,99.52599877774544,-1.6263555198429065e-07,100.0,5.418216303543547e-09,1.6263555198429065e-07,23.908629395931644,43.69091820705465,596.7965416835201,0.47653963586262904,3.171321941408678e-05,False,True,APPLY,MOVING,
10.831999999988746,BRAKE_APPLY,0.0,0.0,1.924874980824794,1.0,20.37595356597049,1.061604287814819,0.9917209202205496,0.3788050690047789,0.6170372429335529,1.877885257698447,0.0,-34.99999999857721,13.368859267060538,34.90917930164142,0.10379487093064643,-0.01297417399486811,0.0,0.0,99.52599875038511,-9.864344858352475e-08,100.0,3.286314309054015e-09,9.864344858352475e-08,23.909124012145707,43.45530526669044,596.8097579536771,0.26452199203276194,3.171283026404126e-05,False,True,APPLY,MOVING,
10.841999999988722,BRAKE_APPLY,0.0,0.0,1.925236659966635,1.0,20.37590190166816,1.0615860886353812,0.991723434787471,0.37874747850976914,0.6169639751534924,1.8775583594911591,0.0,-34.99999999857628,13.366792880258512,34.90726378534599,0.10379434457660108,-0.011058131346318945,0.0,0.0,99.52599873379023,-5.98302759257424e-08,100.0,1.9932503858935994e-09,5.98302759257424e-08,23.90957714713336,43.23944352957742,596.8156880346115,0.07027540887298755,3.1712024565422325e-05,False,True,APPLY,MOVING,
10.8519999999887,BRAKE_APPLY,0.0,0.0,1.925545050942978,1.0,20.375857889972604,1.0615705769976418,0.9917255769024034,0.37869838930830096,0.6169015187411742,1.8772796932458935,0.0,-34.999999998575504,13.365031551016923,34.905631288037355,0.10379389618808972,-0.00942518564994721,0.0,0.0,99.52599872372495,-3.62888967206895e-08,100.0,1.2089674715285064e-09,3.62888967206895e-08,23.90996165696842,43.05626659084025,596.8151839903657,-0.09455913576270092,3.171045761973801e-05,False,True,APPLY,MOVING,
10.861999999988676,BRAKE_APPLY,0.0,0.0,1.925807986953023,1.0,20.375820393995664,1.0615573558516918,0.9917274018948822,0.37865654634993723,0.6168482787421049,1.8770421448827763,0.0,-34.99999999857482,13.363530236621308,34.90423995705255,0.10379351418209241,-0.008033472659828789,0.0,0.0,99.52599871762008,-2.2010328465543236e-08,100.0,7.332758380773e-10,2.2010328465543236e-08,23.910260496429288,42.913898143918736,596.809436121759,-0.22266968535388543,3.171009689140192e-05,False,True,APPLY,MOVING,
10.871999999988653,BRAKE_APPLY,0.0,0.0,1.926032161737709,1.0,20.375788446663616,1.0615460868533622,0.9917289568307495,0.3786208799010952,0.6168028953982,1.8768396490080226,0.0,-34.99999999857426,13.362250547112023,34.903054138808976,0.10379318870579766,-0.006847328940516206,0.0,0.0,99.52599871391725,-1.3349939043704332e-08,100.0,4.4475427782035895e-10,1.3349939043704332e-08,23.910466211090686,42.81589268934163,596.7998216234532,-0.3108566505364436,3.170985337419552e-05,False,True,APPLY,MOVING,
10.88199999998863,BRAKE_APPLY,0.0,0.0,1.926223280007819,1.0,20.375761225104764,1.0615364816714832,0.9917302817583246,0.3785904781726887,0.6167642094925054,1.876667034497019,0.0,-34.99999999857381,13.361159762118898,34.902043457905926,0.1037929113756207,-0.0058363707077333515,0.0,0.0,99.52599871167136,-8.097147334936e-09,100.0,2.6975710553639833e-10,8.097147334936e-09,23.910579787405464,42.761782556967695,596.7877660786156,-0.359540475227341,3.170964214405103e-05,False,True,APPLY,MOVING,
10.891999999988606,BRAKE_APPLY,0.0,0.0,1.9263862185347356,1.0,20.375738028966143,1.0615282945858433,0.9917314107634566,0.3785645639933207,0.616731232792734,1.876519892768449,0.0,-34.99999999857333,13.360229993145204,34.90118203376913,0.1037926750562643,-0.004974710252067638,0.0,0.0,99.52599871030918,-4.9111681147146885e-09,100.0,1.6361595518316216e-10,4.9111681147146885e-09,23.910609064328806,42.74783433456898,596.7746260578087,-0.3720808391013435,3.170922468598292e-05,False,True,APPLY,MOVING,
10.901999999988583,BRAKE_APPLY,0.0,0.0,1.9265251234486742,1.0,20.37571826204001,1.0615213161832064,0.9917323728635965,0.37854247492938914,0.6167031228454944,1.876394465427941,0.0,-34.99999999857307,13.359437469740378,34.900447814091464,0.1037924736735077,-0.004240289191905333,0.0,0.0,99.525998709483,-2.9787740365280958e-09,100.0,9.923809323675601e-11,2.9787740365280958e-09,23.910566906868986,42.7679191399473,596.7615979989961,-0.35399340263962387,3.170890863657405e-05,False,True,APPLY,MOVING,
10.91199999998856,BRAKE_APPLY,0.0,0.0,1.9266435403989852,1.0,20.375701416680297,1.0615153679877996,0.9917331927660895,0.37852364634227487,0.6166791614822716,1.8762875484422723,0.0,-34.999999998572775,13.358761931208385,34.89982200751262,0.1037923020554269,-0.0036143109952782027,0.0,0.0,99.52599870898192,-1.8067177814920564e-09,100.0,6.019094615951342e-11,1.8067177814920564e-09,23.910469323920022,42.8144096792018,596.7496556141144,-0.3121424461327891,3.170957438669575e-05,False,True,APPLY,MOVING,
10.921999999988536,BRAKE_APPLY,0.0,0.0,1.9267444846132675,1.0,20.375687060578294,1.0615102978872308,0.9917338915117392,0.37850759694835673,0.6166587364916657,1.8761964104186777,0.0,-34.99999999857244,13.358186108229148,34.899288600653676,0.10379215579765445,-0.0030807578788856205,0.0,0.0,99.52599870867796,-1.0958297279162292e-09,100.0,3.650765428285728e-11,1.0958297279162292e-09,23.910333684010144,42.87903071066733,596.739515489752,-0.25397544484861356,3.170812817643309e-05,False,True,APPLY,MOVING,
10.931999999988513,BRAKE_APPLY,0.0,0.0,1.926830540012669,1.0,20.37567482553045,1.0615059762357109,0.9917344870214145,0.3784939165118794,0.616641325992253,1.8761187229180805,0.0,-34.99999999857226,13.357695281085187,34.898833946891216,0.10379203114893883,-0.002625979467904216,0.0,0.0,99.52599870849352,-6.646543278032829e-10,100.0,2.2143011636742184e-11,6.646543278032829e-10,23.910177147382846,42.95360635918798,596.7316284584942,-0.18685047997765025,3.17064253749777e-05,False,True,APPLY,MOVING,
10.94199999998849,BRAKE_APPLY,0.0,0.0,1.926903897432167,1.0,20.375664397896244,1.0615022925338622,0.9917349945604158,0.3784822553553831,0.6166264851087089,1.8760525010335618,0.0,-34.99999999857208,13.357276903160626,34.89844641615147,0.10379192491392414,-0.0022383424933263285,0.0,0.0,99.5259987083817,-4.0313322792247685e-10,100.0,1.3430415456057775e-11,4.0313322792247685e-10,23.910015395004102,43.030665815305504,596.7261927856927,-0.11749110407477303,3.170755553583149e-05,False,True,APPLY,MOVING,
10.951999999988466,BRAKE_APPLY,0.0,0.0,1.9269664348472082,1.0,20.37565551048489,1.0614991525998263,0.9917354271333346,0.37847231541925547,0.6166138346121212,1.87599605272465,0.0,-34.999999998571944,13.356920280062276,34.898116096637764,0.10379183437048835,-0.001907932436306936,0.0,0.0,99.52599870831389,-2.4451266268357023e-10,100.0,8.145958746777476e-12,2.4451266268357023e-10,23.909861698004594,43.103886688061884,596.723184260476,-0.05158731903065927,3.170648176364921e-05,False,True,APPLY,MOVING,
10.961999999988443,BRAKE_APPLY,0.0,0.0,1.9270197401088942,1.0,20.37564793565714,1.0614964761586172,0.9917357958197677,0.3784638426413995,0.6166030512352522,1.8759479356190272,0.0,-34.99999999857181,13.356616296136757,34.897834540751916,0.10379175719946228,-0.0016262993795770342,0.0,0.0,99.52599870827275,-1.4830442660543606e-10,100.0,4.940773732674845e-12,1.4830442660543606e-10,23.90972633738165,43.16837137355725,596.7223978696572,0.006453159469899106,3.170546165165433e-05,False,True,APPLY,MOVING,
10.97199999998842,BRAKE_APPLY,0.0,0.0,1.9270651838562545,1.0,20.375641479455766,1.0614941947879517,0.9917361100599805,0.3784566204621343,0.6165938594159881,1.8759069201824417,0.0,-34.99999999857167,13.356357181380654,34.897594548646026,0.10379169142482961,-0.0013862414991940852,0.0,0.0,99.5259987082478,-8.995118170725393e-11,100.0,2.9967307515701265e-12,8.995118170725393e-11,23.909616355416144,43.2207653360852,596.7234958022942,0.053611358241532514,3.170535148910858e-05,False,True,APPLY,MOVING,
10.981999999988396,BRAKE_APPLY,0.0,0.0,1.927103918212213,1.0,20.375635976612212,1.0614922501676245,0.9917363778979341,0.3784504642880135,0.6165860242585376,1.875871958319072,0.0,-34.999999998571624,13.356136312772328,34.89738998381116,0.10379163536285349,-0.0011816206023933518,0.0,0.0,99.52599870823266,-5.4558149582815105e-11,100.0,1.8176090797309652e-12,5.4558149582815105e-11,23.90953559837786,43.259236619410224,596.7260569900152,0.08823860953599194,3.170547461195383e-05,False,True,APPLY,MOVING,
10.991999999988373,BRAKE_APPLY,0.0,0.0,1.927136937901327,1.0,20.37563128629459,1.0614905925876734,0.9917366061882092,0.37844521677307846,0.6165793455328805,1.8758421566022765,0.0,-34.9999999985714,13.355948044942277,34.89721561595412,0.10379158757875676,-0.0010072049614784362,0.0,0.0,99.52599870822348,-3.3091190459159306e-11,100.0,1.1024356342288959e-12,3.3091190459159306e-11,23.909484995180414,43.28334299145253,596.7296241294193,0.1099369836344053,3.1704267939858255e-05,False,True,APPLY,MOVING,
11.00199999998835,BRAKE_APPLY,0.0,0.0,1.9271650838320225,1.0,20.375627288490435,1.0614891796768535,0.9917368007720951,0.37844074379666065,0.616573652559411,1.875816753453515,0.0,-34.9999999985714,13.355787565844633,34.897066987109724,0.10379154684986903,-0.0008585353881951363,0.0,0.0,99.5259987082179,-2.007082157986805e-11,100.0,6.686610125195679e-13,2.007082157986805e-11,23.909463008585387,43.29381694272578,596.733745050583,0.11936578946615839,3.170397280882753e-05,False,True,APPLY,MOVING,
11.011999999988378,STOPPED,0.0,0.0,-32.98670836639744,1.0,8.2820885646848,4.348912164172382e-15,-4.348912163981636e-15,-4.073178836882309e-20,0.566997767067489,7.353316177909845e-06,0.0,6.238513710695285e-14,-5.842974302971546e-19,10.100797919010995,0.017148247748320685,-10.117946166759378,0.0,0.0,100.893827068885,-0.13535422869090216,99.75999999999999,0.004387898536072157,0.13535422869090216,23.90999001077617,43.042758864236546,597.290808599167,38.73848297781289,3.195464330474351e-05,False,True,APPLY,APPLIED,
11.021999999988516,STOPPED,0.0,0.0,-0.9957199134721619,1.0,7.202726208572823,3.78209453662661e-15,-3.782094536024265e-15,-6.749998460194282e-20,0.5043076645435259,1.707760933783312e-07,0.0,4.718347403935279e-14,-8.420952307724298e-19,7.692254736014922,0.012969816208915462,-7.7052245522238865,0.0,0.0,100.82328507701412,-0.5324487981272612,99.15999999999997,0.017285028639177805,0.5324487981272612,23.916053908317696,40.15318508133083,598.631376859574,36.13786657319775,3.244938989155344e-05,False,True,APPLY,APPLIED,
11.031999999988653,STOPPED,0.0,0.0,-0.9210712150194396,1.0,6.583825401076838,3.4573781919704674e-15,-3.457378191648499e-15,-4.718400095085501e-20,0.449332782477081,1.3381377126595604e-07,0.0,3.942628171154149e-14,-5.380637033707853e-19,5.923861890955615,0.010836689227966148,-5.934698580183621,0.0,0.0,100.66957608347631,-0.9173845921778903,98.55999999999995,0.029872316496258832,0.9173845921778903,23.927485292975607,34.70189171701242,599.8339541350384,31.231702545311173,3.294760801964003e-05,False,True,APPLY,APPLIED,
11.041999999988791,STOPPED,0.0,0.0,-0.017363918423444986,1.0,5.587187727222886,2.933623213401379e-15,-2.933623213173204e-15,3.658905923700302e-20,0.4008973128688561,1.8362994765714312e-09,0.0,2.8389531429410503e-14,3.540830473777142e-19,4.604041952366431,0.007804166674807509,-4.6118461190412665,0.0,0.0,100.4374846546307,-1.2678472653575792,97.95999999999992,0.0414752700658879,1.2678472653575792,24.0,0.0,600.0033017753585,0.0,3.341933472711389e-05,False,True,APPLY,APPLIED,
11.051999999988928,STOPPED,0.0,0.0,-0.011210419055338835,1.0,4.984792641228248,2.617586528623069e-15,-2.617586528613543e-15,-7.062118189486134e-21,0.35807115270424605,9.519164279660772e-10,0.0,2.2600017289202018e-14,-6.097372195270842e-20,3.6029379958535057,0.0062120394190108225,-3.60915003527254,0.0,0.0,100.1351604601152,-1.5724718253368024,97.3599999999999,0.05175158034629043,1.5724718253368024,24.0,0.0,600.0033017753585,0.0,3.3900988114510255e-05,False,True,APPLY,APPLIED,
11.061999999989064,STOPPED,0.0,0.0,-0.00622892161423538,1.0,4.464412404416806,2.3442118259328524e-15,-2.3442118258991077e-15,1.2578118701245817e-20,0.3200942521022934,4.2729333421954573e-10,0.0,1.812682683739641e-14,9.726142369853498e-20,2.8352542133295104,0.004982744529177664,-2.8402369578587066,0.0,0.0,99.77225152046776,-1.8274942769142564,96.75999999999988,0.06058295039498461,1.8274942769142564,24.0,0.0,600.0033017753585,0.0,3.4413875368954905e-05,False,True,APPLY,APPLIED,
11.0719999999892,STOPPED,0.0,0.0,-0.003104075869005012,1.0,3.9910242189799456,2.095761735123665e-15,-2.0957617351183434e-15,4.723235159639784e-21,0.28634017660737615,1.710923099159864e-10,0.0,1.448728144495171e-14,3.265010327415795e-20,2.241075849888646,0.003982068579121123,-2.245057918467782,0.0,0.0,99.35865776942144,-2.034100697827758,96.15999999999985,0.06799468351178665,2.034100697827758,24.0,0.0,600.0033017753585,0.0,3.487592960027541e-05,False,True,APPLY,APPLIED,
11.081999999989337,STOPPED,0.0,0.0,-0.0014263854896129403,1.0,3.551529280935887,1.864853661612581e-15,-1.8648536616002675e-15,-6.776733188519586e-21,0.25628452684760883,6.254911798469869e-11,0.0,1.1471515191514636e-14,-4.1686594139769976e-20,1.7777199687819918,0.0031533400583362453,-1.7808733088403395,0.0,0.0,98.90375415796285,-2.1964099375583395,95.55999999999983,0.07409719818021739,2.1964099375583395,24.0,0.0,600.0033017753585,0.0,3.5369734746382164e-05,False,True,APPLY,APPLIED,
11.091999999989474,STOPPED,0.0,0.0,-0.0006140092337032281,1.0,3.151026224657381,1.654506842108128e-15,-1.6545068420023691e-15,1.8707130208755957e-20,0.2294830851970455,2.1263641523006256e-11,0.0,9.029864063875992e-15,1.0209860637737883e-19,1.4141662741429946,0.0024822415671196373,-1.4166485157101234,0.0,0.0,98.41595666134516,-2.320014017069058,94.95999999999981,0.0790448376564802,2.320014017069058,24.0,0.0,600.0033017753585,0.0,3.586379955322627e-05,False,True,APPLY,APPLIED,
11.10199999998961,STOPPED,0.0,0.0,-0.00025117649532279123,0,2.796204024616765,1.4683447530193985e-15,-1.4683447529955329e-15,-8.371720321731847e-21,0.2055557060509227,6.822833334277963e-12,0.0,7.111439496882796e-15,-4.0545643270410074e-20,1.1275024905349074,0.0019546892368207487,-1.1294571797717352,0.0,0.0,97.90252804612302,-2.410980123052074,94.35999999999979,0.08300796312409812,2.410980123052074,24.0,0.0,600.0033017753585,0.0,3.635946916347166e-05,False,True,APPLY,APPLIED,
11.111999999989745,STOPPED,0.0,0.0,-0.002630919443901779,1.0,3.2029255157326126,1.681874524307418e-15,-1.6818745242777501e-15,9.989787157333662e-21,0.18417778921066244,9.46226870457683e-11,0.0,9.330417106466385e-15,5.54196401913521e-20,0.8996827544763824,0.0025646829648327566,-0.9022474374412247,0.0,0.0,97.36954259416574,-2.4752160497546503,93.75999999999976,0.08615506066521024,2.4752160497546503,24.0,0.0,600.0033017753585,0.0,3.6867672065454826e-05,False,True,APPLY,APPLIED,
11.121999999989882,STOPPED,0.0,0.0,-0.0012354979196079743,1.0,2.5361039296049444,1.3316510742346898e-15,-1.3316510741219582e-15,-1.7327382525737736e-20,0.165055207129228,2.7935955215367724e-11,0.0,5.849491551608042e-15,-7.611331501608464e-20,0.7199911859598668,0.0016079557854394107,-0.7215991417453121,0.0,0.0,96.82194884082918,-2.518099035473149,93.15999999999974,0.08864191027389105,2.518099035473149,24.0,0.0,600.0033017753585,0.0,3.737968802397518e-05,False,True,APPLY,APPLIED,
11.131999999990018,STOPPED,0.0,0.0,-0.0005108492754338046,1.0,2.110894119372061,1.1084231698252156e-15,-1.1084231697283703e-15,-1.4652351581110415e-20,0.147945122892237,8.007645765142077e-12,0.0,4.052590040426363e-15,-5.357157420405188e-20,0.5767237478342324,0.0011139684957998878,-0.5778377163300363,0.0,0.0,96.26368630332496,-2.5443066062255206,92.55999999999972,0.09060630263497964,2.5443066062255206,24.0,0.0,600.0033017753585,0.0,3.786817308082391e-05,False,True,APPLY,APPLIED,
11.141999999990155,STOPPED,0.0,0.0,-0.0001911023739457586,0,1.8216089999912923,9.565093395310417e-16,-9.565093395310024e-16,2.7454300739580695e-22,0.13262807056359677,2.2392468433695464e-12,0.0,3.017901115575871e-15,8.662159521143319e-22,0.4623291682233776,0.0008295648372123192,-0.4631587330605929,0.0,0.0,95.69782581449611,-2.5577614990139454,91.9599999999997,0.09216580987003299,2.5577614990139454,24.0,0.0,600.0033017753585,0.0,3.834439678485069e-05,False,True,APPLY,APPLIED,
11.15199999999029,STOPPED,0.0,0.0,-0.0013677407202145285,1.0,2.403145646505347,1.2618891288942214e-15,-1.2618891288877908e-15,-4.028640667666302e-21,0.11891457086588152,2.7845352204027528e-11,0.0,5.252449904830856e-15,-1.6768694497066377e-20,0.37024197456702473,0.0014437772495794008,-0.37168575181660946,0.0,0.0,95.12671368358407,-2.561661668402293,91.35999999999967,0.0934180338409945,2.561661668402293,24.0,0.0,600.0033017753585,0.0,3.885425996941194e-05,False,True,APPLY,APPLIED,
11.161999999990426,STOPPED,0.0,0.0,-0.0007365869509509235,1.0,1.7007199014444732,8.930423133593458e-16,-8.93042313233546e-16,1.498963548777367e-20,0.10662326585388783,7.527045891279503e-12,0.0,2.6306644614197954e-15,4.4155468092645106e-20,0.2974858526684028,0.0007231120457923247,-0.2982089647141977,0.0,0.0,94.5521076739991,-2.5585460529995023,90.75999999999965,0.09444190745662379,2.5585460529995023,24.0,0.0,600.0033017753585,0.0,3.935688084766298e-05,False,True,APPLY,APPLIED,
11.171999999990563,STOPPED,0.0,0.0,-0.00030379604498394566,0,1.3659264421279202,7.172788918335026e-16,-7.172788918203313e-16,-4.346822664688625e-21,0.09561072819243747,2.0077745567596015e-12,0.0,1.6969771332968966e-15,-1.0283947776276366e-20,0.2389849086213359,0.0004664387613260597,-0.23945134738266363,0.0,0.0,93.97529835985439,-2.5503920758414216,90.15999999999963,0.09530012357601578,2.5503920758414216,24.0,0.0,600.0033017753585,0.0,3.9865621261014894e-05,False,True,APPLY,APPLIED,
11.1819999999907,STOPPED,0.0,0.0,-0.0001088171677981239,0,1.1713011710883516,3.041858371105383e-16,3.041858370211999e-16,-7.372311089609233e-21,0.08574116476611879,5.294782861665123e-13,0.0,-6.171179717843008e-16,-1.4956599266865877e-20,0.19201200610109623,0.0003429866083482361,-0.19235499270944392,0.0,0.0,93.39721317345744,-2.5387050357289396,89.5599999999996,0.09604137051665913,2.5387050357289396,24.0,0.0,600.0033017753585,0.0,4.0347790786654514e-05,False,True,APPLY,APPLIED,
11.191999999990834,STOPPED,0.0,0.0,-0.000861197036920572,1.0,1.4396818176174777,7.559425105830645e-16,-7.559425105588531e-16,6.050184771152516e-21,0.07689622957078714,6.2986504160357135e-12,0.0,1.88501979767544e-15,1.5086753177586363e-20,0.15409617672715242,0.0005181709339945912,-0.15461434766114895,0.0,0.0,92.81850284799982,-2.5246099799875075,88.95999999999958,0.09670281500672553,2.5246099799875075,24.0,0.0,600.0033017753585,0.0,4.085134617071162e-05,False,True,APPLY,APPLIED,
11.20199999999097,STOPPED,0.0,0.0,-0.00042346894515071944,1.0,1.045177590815569,4.5979729207521565e-16,4.597972920734236e-16,1.2837530498247764e-21,0.06896346985171585,1.6399214216203752e-12,0.0,-8.323713552041045e-16,2.3239790322059956e-21,0.12397097993244811,0.0002730990490857593,-0.12424407898153304,0.0,0.0,92.23961139567064,-2.5089268092226384,88.35999999999956,0.09731213542413002,2.5089268092226384,24.0,0.0,600.0033017753585,0.0,4.1339606582369015e-05,False,True,APPLY,APPLIED,
11.211999999991107,STOPPED,0.0,0.0,-0.00016252756439301034,0,0.8613452873495281,4.8357678987664705e-16,-4.83576789829473e-16,6.7545978468572925e-21,0.061851693566292186,4.2502569533322773e-13,0.0,7.214452148361695e-16,1.0077142652885365e-20,0.09969582798572069,0.00018547892600981032,-0.09988130691173122,0.0,0.0,91.66083145937534,-2.4922455957946323,87.75999999999954,0.0978897438806612,2.4922455957946323,24.0,0.0,600.0033017753585,0.0,4.1828506368801754e-05,False,True,APPLY,APPLIED,
11.221999999991242,STOPPED,0.0,0.0,-0.0008895037759728656,1.0,1.2561367311385379,6.595731287736317e-16,-6.595731287573242e-16,-4.6380894355039505e-21,0.055477395656748814,4.96675532936342e-12,0.0,1.4350284015056466e-15,-1.0091057046552831e-20,0.07998372112998438,0.000394469871828853,-0.08037819100181469,0.0,0.0,91.08234722006044,-2.4749793645628158,87.15999999999951,0.09845031141001319,2.4749793645628158,24.0,0.0,600.0033017753585,0.0,4.233127458519448e-05,False,True,APPLY,APPLIED,
11.231999999991379,STOPPED,0.0,0.0,-0.0005456894686503029,1.0,0.8145201809034781,4.611314330380219e-17,4.611314313281731e-17,-3.9710578125676805e-21,0.04975736409544318,1.2769835136419803e-12,0.0,-6.505597674578038e-17,-5.60232999009775e-21,0.0644235848345743,0.0001658607812747587,-0.064589445615849,0.0,0.0,90.50426699284561,-2.4574061080727208,86.55999999999949,0.09900400482568651,2.4574061080727208,24.0,0.0,600.0033017753585,0.0,4.282570910163486e-05,False,True,APPLY,APPLIED,
11.241999999991515,STOPPED,0.0,0.0,-0.00022380700131706247,0,0.6381511039612312,4.976242441433497e-16,4.976242441356271e-16,2.7723384055024214e-21,0.044628737985108406,3.2736973265585373e-13,0.0,-5.50029120448412e-16,3.064293737173132e-21,0.05184034958785418,0.00010180920787173456,-0.051942158795725384,0.0,0.0,89.92664752451168,-2.439711331822204,85.95999999999947,0.09955786551628336,2.439711331822204,24.0,0.0,600.0033017753585,0.0,4.3308477984282945e-05,False,True,APPLY,APPLIED,
11.25199999999165,STOPPED,0.0,0.0,-0.0008549104487085414,1.0,1.1202145876001435,5.83936429248523e-17,5.83936425221464e-17,6.85790992487154e-21,0.04003234108586408,3.7964073006688075e-12,0.0,-1.1329934992189634e-16,1.3306187159258814e-20,0.04155084389216614,0.00031372018056804,-0.04186456407273407,0.0,0.0,89.34951174655235,-2.4220120326917334,85.35999999999945,0.10011654851318168,2.4220120326917334,24.0,0.0,600.0033017753585,0.0,4.3798285901175404e-05,False,True,APPLY,APPLIED,
11.261999999991787,STOPPED,0.0,0.0,-0.000655363755418695,1.0,0.647291423887728,4.138872108746496e-16,-4.1388721084169483e-16,-5.22294090272367e-21,0.03590555352516785,9.703195786735144e-13,0.0,4.640261836383585e-16,-5.855656495221952e-21,0.03350763739772477,0.00010474654685965062,-0.033612383944584885,0.0,0.0,88.77286146976479,-2.4043742092858347,84.75999999999942,0.10068286442866754,2.4043742092858347,24.0,0.0,600.0033017753585,0.0,4.429122157034726e-05,False,True,APPLY,APPLIED,
11.271999999991923,STOPPED,0.0,0.0,-0.00030566820576363306,0,0.47706089393502293,7.08638579206901e-17,-7.086385788444148e-17,2.2665910564860844e-21,0.03220551490335425,2.475541769662924e-13,0.0,5.855435979528861e-17,1.87286992540948e-21,0.026976383894780923,5.689677413052081e-05,-0.0270332806689115,0.0,0.0,88.19668626128173,-2.3868348170667644,84.1599999999994,0.10125856491856157,2.3868348170667644,24.0,0.0,600.0033017753585,0.0,4.4779604763789393e-05,False,True,APPLY,APPLIED,
11.281999999992058,STOPPED,0.0,0.0,-0.000777714789884799,1.0,1.0194578311997216,3.2367345208921317e-16,-3.2367345202570967e-16,-6.41161339056327e-21,0.02889030897086699,2.8595128857500726e-12,0.0,5.715272911922397e-16,-1.1321324039201351e-20,0.021588077201028042,0.00025982356739861004,-0.021847900768427228,0.0,0.0,87.62096946159127,-2.3694095407019296,83.55999999999938,0.10184459012723801,2.3694095407019296,24.0,0.0,600.0033017753585,0.0,4.5294565666154085e-05,False,True,APPLY,APPLIED,
11.291999999992195,STOPPED,0.0,0.0,-0.0007441488090040305,1.0,0.5261944384342659,6.02702450499439e-16,-6.027024504939327e-16,2.5763062040718995e-21,0.025912008345461948,7.279885516024015e-13,0.0,5.49300302441618e-16,2.348033886253621e-21,0.01743388127527575,6.922014675978815e-05,-0.017503101422036094,0.0,0.0,87.04569214719122,-2.3520976453564946,82.95999999999935,0.10244121508971879,2.3520976453564946,24.0,0.0,600.0033017753585,0.0,4.576528874622454e-05,False,True,APPLY,APPLIED,
11.301999999992331,STOPPED,0.0,0.0,-0.00040212180176419125,1.0,0.3608223165149963,1.1187761631388266e-16,-1.1187761629345814e-16,-2.13777640325194e-21,0.02324200301862627,1.8522400022805363e-13,0.0,6.99193242498047e-17,-1.3360302665062788e-21,0.0140428378306625,3.254818602381205e-05,-0.014075386016686384,0.0,0.0,86.47083558798856,-2.3348937632383886,82.35999999999933,0.1030485187845669,2.3348937632383886,24.0,0.0,600.0033017753585,0.0,4.6277305614239594e-05,False,True,APPLY,APPLIED,
11.311999999992466,STOPPED,0.0,0.0,-0.0006733344016751204,1.0,0.9466830376676819,6.671918065851975e-17,6.671918047108494e-17,5.001099207359336e-21,0.020850730937031076,2.1346448003489824e-12,0.0,-1.0939964837588045e-16,8.200317973252184e-21,0.011211884421783634,0.00022405219345192744,-0.011435936615235454,0.0,0.0,85.89638271237014,-2.317788430218018,81.75999999999931,0.10366639120614915,2.317788430218018,24.0,0.0,600.0033017753585,0.0,4.6774669613114384e-05,False,True,APPLY,APPLIED,
11.321999999992602,STOPPED,0.0,0.0,-0.0007955662842875908,1.0,0.43904506532953574,5.834418709817997e-16,-5.834418709776874e-16,-2.1905719077169285e-21,0.018700794295060323,5.427114169975666e-13,0.0,4.4367741391881595e-16,-1.6658168145757191e-21,0.009071105143295599,4.8190142347554084e-05,-0.009119295285643597,0.0,0.0,85.32231883114216,-2.300767505035696,81.15999999999929,0.10429449247776033,2.300767505035696,24.0,0.0,600.0033017753585,0.0,4.725319115550519e-05,False,True,APPLY,APPLIED,
11.331999999992739,STOPPED,0.0,0.0,-0.0005076071690057488,1.0,0.27708227553085263,2.4378713095206423e-16,-2.437871309519309e-16,-2.549897696294615e-22,0.016773807250032732,1.3794293726736615e-13,0.0,1.1699846106266046e-16,-1.223748378984826e-22,0.007311171558019579,1.9193646853338838e-05,-0.007330365204873036,0.0,0.0,84.74863193491376,-2.283819759382712,80.55999999999926,0.1049325853977189,2.283819759382712,24.0,0.0,600.0033017753585,0.0,4.77747518061733e-05,False,True,APPLY,APPLIED,
11.341999999992874,STOPPED,0.0,0.0,-0.0005583896289380259,1.0,0.8962699945705729,4.506201596414611e-16,4.506201596414103e-16,-2.138813752044868e-22,0.015049095128301888,1.5878027525393517e-12,0.0,-6.995360521821244e-16,-3.3202627456983955e-22,0.005817940184639744,0.00020082497579188368,-0.0060187651604309295,0.0,0.0,84.1753651958285,-2.2648951494024754,80.0,0.10548531959913018,2.2648951494024754,24.0,0.0,600.0033017753585,0.0,4.8254191028718196e-05,False,True,APPLY,APPLIED,
11.35199999999301,STOPPED,0.0,0.0,-0.0008018437073678189,1.0,0.3769094336932861,2.2977744164977585e-16,-2.297774416470518e-16,1.118853283640719e-21,0.013496803776267179,4.0316048064170413e-13,0.0,1.500047545283774e-16,7.304168370924359e-22,0.004718937214515704,3.5515180301748413e-05,-0.004754452394817604,0.0,0.0,83.61171909545189,-2.1617149136170646,80.0,0.10204178639745934,2.1617149136170646,24.0,0.0,600.0033017753585,0.0,4.877028106875514e-05,False,True,APPLY,APPLIED,
11.361999999993147,STOPPED,0.0,0.0,-0.0006142448668241716,1.0,0.21690588248879614,3.420005795479092e-16,3.420005795479084e-16,2.519541466486024e-23,0.012105925373960887,1.0235163318080454e-13,0.0,-1.2848688478597443e-16,9.46571594865801e-24,0.0038064686593865223,1.1762040464560859e-05,-0.0038182306998509542,0.0,0.0,83.08215590735117,-1.9781841895536152,80.0,0.09457256131879277,1.9781841895536152,24.0,0.0,600.0033017753585,0.0,4.923244853216602e-05,False,True,APPLY,APPLIED,
11.371999999993282,STOPPED,0.0,0.0,-0.0004461996001538738,1.0,0.8634355232608903,2.283485445936186e-16,-2.2834854443650425e-16,8.470754367907083e-21,0.010862198510419894,1.1775178686726875e-12,0.0,3.414984896917729e-16,1.2668133402508307e-20,0.0030147884491990564,0.0001863802257072019,-0.003201168674906601,0.0,0.0,82.60180294560952,-1.7592379664748574,80.0,0.08508626802104038,1.7592379664748574,24.0,0.0,600.0033017753585,0.0,4.974478963504225e-05,False,True,APPLY,APPLIED,
11.381999999993418,STOPPED,0.0,0.0,-0.000760293842891867,1.0,0.33316349000836604,5.260021448394391e-16,5.260021448277977e-16,-3.499530235041432e-21,0.009741155704672915,2.9892859948941976e-13,0.0,-3.0353274203663274e-16,-2.0194252409857024e-21,0.0024538977712821926,2.7749477768638655e-05,-0.002481647249050528,0.0,0.0,82.17678802364064,-1.5327084520772696,80.0,0.07489885309068522,1.5327084520772696,24.0,0.0,600.0033017753585,0.0,5.021717436193285e-05,False,True,APPLY,APPLIED,
11.391999999993555,STOPPED,0.0,0.0,-0.0007090654491076531,1.0,0.17381024258517824,5.945848928059437e-16,5.945848928058609e-16,-3.1405580180247087e-22,0.008737142385351273,7.585852731082678e-14,0.0,-1.7899869450329485e-16,-9.454592473715497e-23,0.0019816114245255548,7.552500106879628e-06,-0.0019891639246322557,0.0,0.0,81.8076237489788,-1.3149068765927479,80.0,0.064836771382686,1.3149068765927479,24.0,0.0,600.0033017753585,0.0,5.0707935429272766e-05,False,True,APPLY,APPLIED,
11.40199999999369,STOPPED,0.0,0.0,-0.0003456542267592412,1.0,0.8441851598288619,5.044055625247188e-16,-5.044055625083009e-16,-4.069700466783098e-21,0.007840535580355624,8.723211068419129e-13,0.0,7.375274822376204e-16,-5.950600393457214e-21,0.001559010687791185,0.0001781621460188203,-0.0017371728338107426,0.0,0.0,81.4915155345425,-1.1146042641395921,80.0,0.055387256121728325,1.1146042641395921,24.0,0.0,600.0033017753585,0.0,5.123215680669091e-05,False,True,APPLY,APPLIED,
11.411999999993826,STOPPED,0.0,0.0,-0.0006815831088530209,1.0,0.30290111406310904,1.8772101364792688e-16,-1.8772101364756763e-16,-3.6726216122731096e-22,0.0070306919600713275,2.213921335134674e-13,0.0,9.848597498138319e-17,-1.9268046404925894e-22,0.00127525112221902,2.2937271225168153e-05,-0.0012981883934442867,0.0,0.0,81.22389678520223,-0.9357775005266593,80.0,0.046807871866570254,0.9357775005266593,24.0,0.0,600.0033017753585,0.0,5.169283861050644e-05,False,True,APPLY,APPLIED,
11.421999999993963,STOPPED,0.0,0.0,-0.0007736575930047791,1.0,0.14309051951395793,3.9875468768372814e-16,3.987546876833609e-16,-5.411816141771948e-22,0.006305863828896372,5.6175495781576075e-14,0.0,-9.88273816851689e-17,-1.341264782515764e-22,0.001031422213605208,5.118724193693594e-06,-0.0010365409377988029,0.0,0.0,80.99942229174057,-0.7794596774558235,80.0,0.039205206936927056,0.7794596774558235,24.0,0.0,600.0033017753585,0.0,5.2211452953088155e-05,False,True,APPLY,APPLIED,
11.431999999994098,STOPPED,0.0,0.0,-0.0002615746455001997,0,0.835301554851624,1.0866797294548308e-16,-1.0866797275148444e-16,-6.4932949377456286e-21,0.005659790085889659,6.4585093105621e-13,0.0,1.5721916390425388e-16,-9.39439998049195e-21,0.0008038019567489669,0.00017443217188438522,-0.0009782341286335094,0.0,0.0,80.81258922978678,-0.6449556411704451,80.0,0.03259010367818725,0.6449556411704451,24.0,0.0,600.0033017753585,0.0,5.2687281481667014e-05,False,True,APPLY,APPLIED,
11.441999999994234,STOPPED,0.0,0.0,-0.0005796391865829472,1.0,0.28250531531720263,2.1517824007836088e-16,2.1517824007763375e-16,-5.594312190992157e-22,0.005074518514063963,1.6387046409774828e-13,0.0,-1.0528963058743638e-16,-2.737372811355536e-22,0.0006621124714214897,1.9952313295618027e-05,-0.0006820647847170024,0.0,0.0,80.65810676755702,-0.5306285259559037,80.0,0.02691587393319249,0.5306285259559037,24.0,0.0,600.0033017753585,0.0,5.317323859799217e-05,False,True,APPLY,APPLIED,
11.45199999999437,STOPPED,0.0,0.0,-0.0007967440102993247,1.0,0.12133493149466405,3.782875508266212e-16,3.782875508265334e-16,-2.577988600314109e-22,0.004551172495905104,4.157239444188626e-14,0.0,-7.950025576197727e-17,-5.41785614221181e-23,0.0005366997172670967,3.680541400203705e-06,-0.000540380258667221,0.0,0.0,80.53109920956949,-0.4343998346673563,80.0,0.02210427815958301,0.4343998346673563,24.0,0.0,600.0033017753585,0.0,5.3700801458944625e-05,False,True,APPLY,APPLIED,
11.461999999994505,STOPPED,0.0,0.0,-0.00019402029822337578,0,0.8342721643652364,1.4986670156876502e-16,-1.4986670150021979e-16,-4.5326920301542574e-21,0.0040859334087403444,4.77939219734908e-13,0.0,2.165576498342331e-16,-6.549748033732515e-21,0.00041267116128844303,0.00017400251105866406,-0.0005866736723473237,0.0,0.0,80.42720130351783,-0.35405549491433347,80.0,0.01806256263104474,0.35405549491433347,24.0,0.0,600.0033017753585,0.0,5.416288888682175e-05,False,True,APPLY,APPLIED,
11.471999999994642,STOPPED,0.0,0.0,-0.0004723425574418209,1.0,0.26932260878470793,5.936972879316786e-16,5.936972879271994e-16,-2.306255484048531e-21,0.0036627181761071945,1.2126135286508364e-13,0.0,-2.769481733114819e-16,-1.0758230776582112e-21,0.00034331043624140324,1.8133666900650217e-05,-0.0003614441031417766,0.0,0.0,80.34258571234459,-0.287427550066763,80.0,0.01469436162245251,0.287427550066763,24.0,0.0,600.0033017753585,0.0,5.467454195695609e-05,False,True,APPLY,APPLIED,
11.481999999994779,STOPPED,0.0,0.0,-0.0007724892536109976,1.0,0.10607181871020445,3.6949183904241647e-17,-3.694918390266763e-17,-3.410519598542968e-22,0.003284778475778081,3.0765182948823116e-14,0.0,6.788369808703626e-18,-6.2658672883508e-23,0.00027915482759129095,2.81280768112262e-06,-0.00028196763527242044,0.0,0.0,80.27394957871557,-0.23249622093335584,80.0,0.011906402922114156,0.23249622093335584,24.0,0.0,600.0033017753585,0.0,5.515263330835296e-05,False,True,APPLY,APPLIED,
11.491999999994913,STOPPED,0.0,0.0,-0.00014187411380850285,0,0.8391796633788725,6.356740085203885e-16,-6.356740084878422e-16,-6.432563448252314e-21,0.002950075633984903,3.536654365577967e-13,0.0,9.239533242277239e-16,-9.349742638473676e-21,0.00021059068302245614,0.00017605562685716946,-0.0003866463098805496,0.0,0.0,80.21847800742592,-0.18743897567558154,80.0,0.009612248868466152,0.18743897567558154,24.0,0.0,600.0033017753585,0.0,5.563899378557835e-05,False,True,APPLY,APPLIED,
11.50199999999505,STOPPED,0.0,0.0,-0.00037116307882569514,1.0,0.2614145574713437,1.544167117785695e-16,-1.5441671177756858e-16,5.559852333965783e-22,0.0026437991238948168,8.972438972854196e-14,0.0,6.991730762015976e-17,2.517408261593201e-22,0.00017766960405175014,1.7084392714484614e-05,-0.0001947539967663047,0.0,0.0,80.17379609771588,-0.15064804247650943,80.0,0.00773414906536796,0.15064804247650943,24.0,0.0,600.0033017753585,0.0,5.615815518922318e-05,False,True,APPLY,APPLIED,
11.511999999995187,STOPPED,0.0,0.0,-0.0007043201894486512,1.0,0.09551224132254381,1.233354631638842e-16,1.2333546316226167e-16,-6.326400311613316e-22,0.00237079600664894,2.276292653156516e-14,0.0,-2.0403639090211618e-17,-1.0465894024929526e-22,0.00014511035072221494,2.280647060613962e-06,-0.00014739099778280853,0.0,0.0,80.13791689291722,-0.12072929677779852,80.0,0.006203696065311178,0.12072929677779852,24.0,0.0,600.0033017753585,0.0,5.6622115721438604e-05,False,True,APPLY,APPLIED,
11.521999999995321,STOPPED,0.0,0.0,-0.00010268291460593724,0,0.8485853557091263,1.9492360637934158e-17,1.9492360637182666e-17,1.7116275572863298e-22,0.002130330066250749,2.616847738406693e-13,0.0,-2.8649734256002396e-17,2.5157381178213277e-22,0.0001065538580417173,0.00018002427648099615,-0.00028657813452268483,0.0,0.0,80.10918976255657,-0.09648934953793423,80.0,0.004961678729500275,0.09648934953793423,24.0,0.0,600.0033017753585,0.0,5.713330449452769e-05,False,True,APPLY,APPLIED,
11.531999999995458,STOPPED,0.0,0.0,-0.00028305821355849444,0,0.25736990269079274,3.2091244296301306e-17,-3.209124429202464e-17,-5.239157412369566e-22,0.0019084299550092016,6.638712298955089e-14,0.0,1.4305562604582658e-17,-2.335499791641711e-22,9.169802719952307e-05,1.655981670276704e-05,-0.00010825784390230443,0.0,0.0,80.08625183435257,-0.07691722966431563,80.0,0.003957506499472971,0.07691722966431563,24.0,0.0,600.0033017753585,0.0,5.7621236578597745e-05,False,True,APPLY,APPLIED,
11.541999999995594,STOPPED,0.0,0.0,-0.0006087238097417482,1.0,0.0883624169043235,6.400794953491135e-16,6.4007949534849e-16,8.93483188405711e-22,0.0017111558933257014,1.68423502862157e-14,0.0,-9.796301177667928e-17,1.3674598974457644e-22,7.536676867524085e-05,1.9519791802933694e-06,-7.731874785543628e-05,0.0,0.0,80.06798383430625,-0.06116409867611653,80.0,0.0031484205218577426,0.06116409867611653,24.0,0.0,600.0033017753585,0.0,5.8108803045797686e-05,False,True,APPLY,APPLIED,
11.55199999999573,STOPPED,0.0,0.0,-7.369112171776787e-05,0,0.8614229867485055,2.3809393389478686e-16,2.380939338162369e-16,-6.1159241959991664e-21,0.0015387300503198627,1.936086935446636e-13,0.0,-3.5524290632541574e-16,-9.125132469488636e-21,5.327128138602512e-05,0.00018551239052467898,-0.00023878367191034882,0.0,0.0,80.05347090013822,-0.0485223116056015,80.0,0.002498590528826711,0.0485223116056015,24.0,0.0,600.0033017753585,0.0,5.862745786089363e-05,False,True,APPLY,APPLIED,
11.561999999995866,STOPPED,0.0,0.0,-0.00021136212849300716,0,0.2561639822617558,1.8237096530231412e-16,-1.8237096530216074e-16,2.365581209559646e-22,0.0013777050019496992,4.9117073319625423e-14,0.0,8.091599712301895e-17,1.0495824378303784e-22,4.7144666250672655e-05,1.6404996452050285e-05,-6.354966270280387e-05,0.0,0.0,80.04196843067204,-0.038405583162275825,80.0,0.0019782117762848946,0.038405583162275825,24.0,0.0,600.0033017753585,0.0,5.908192144943314e-05,False,True,APPLY,APPLIED,
11.571999999996002,STOPPED,0.0,0.0,-0.0005028367823571205,1.0,0.08368728237573368,2.271803204341989e-17,-2.2718032029088896e-17,-8.069348554305406e-22,0.0012350802828657427,1.2460901320481407e-14,0.0,3.292992941889299e-18,-1.1696571164680575e-22,3.909602133102798e-05,1.7508903078589468e-06,-4.084691163889023e-05,0.0,0.0,80.03287273875027,-0.030330945583154485,80.0,0.0015626548991263555,0.030330945583154485,24.0,0.0,600.0033017753585,0.0,5.959454631465633e-05,False,True,APPLY,APPLIED,
11.581999999996137,STOPPED,0.0,0.0,-5.261227772800907e-05,0,0.8769098168470285,2.3405236925574567e-16,2.340523692309877e-16,-3.404306925863468e-21,0.0011117886223953085,1.4324491518528607e-13,0.0,-3.55490992535674e-16,-5.1706395963546426e-21,2.6193660703469777e-05,0.0001922427067206723,-0.00021843636742378657,0.0,0.0,80.0256961154542,-0.02390241790877233,80.0,0.0012316770634478824,0.02390241790877233,24.0,0.0,600.0033017753585,0.0,6.008210868913011e-05,False,True,APPLY,APPLIED,
11.591999999996274,STOPPED,0.0,0.0,-0.00015537557328933738,0,0.25705448515879853,6.2746300196509225e-16,-6.274630019650799e-16,-1.2423560966011826e-22,0.0009946766697938125,3.6339405263098894e-14,0.0,2.7936624876389e-16,-5.53135979919769e-23,2.410636765530129e-05,1.6519252085063746e-05,-4.062561974064441e-05,0.0,0.0,80.02004583681588,-0.018796737938506596,80.0,0.0009687212684196594,0.018796737938506596,24.0,0.0,600.0033017753585,0.0,6.0559674807336705e-05,False,True,APPLY,APPLIED,
11.60199999999641,STOPPED,0.0,0.0,-0.0003988030281689943,1.0,0.08081141424154087,2.708101939273729e-16,-2.7081019392729976e-16,1.9899359634239157e-22,0.0008914874759755457,9.21888168585289e-15,0.0,3.790516074931152e-17,2.7853029267823776e-23,2.024574886938421e-05,1.632621167929479e-06,-2.18783700373516e-05,0.0,0.0,80.01560662807056,-0.014751109940568287,80.0,0.0007603074314927253,0.014751109940568287,24.0,0.0,600.0033017753585,0.0,6.109835806000774e-05,False,True,APPLY,APPLIED,
11.611999999996545,STOPPED,0.0,0.0,-3.742283829336972e-05,0,0.8944756788422321,2.0243689671633215e-16,-2.0243689671632904e-16,-3.5452485577735117e-23,0.0008036859593184007,1.0597460477503865e-13,0.0,3.13630893196277e-16,-5.492573189131479e-23,1.259454275262966e-05,0.00020002168501006803,-0.00021261622776301136,0.0,0.0,80.01212611304604,-0.011552643778038557,80.0,0.0005955026528110161,0.011552643778038557,24.0,0.0,600.0033017753585,0.0,6.155264611606981e-05,False,True,APPLY,APPLIED,
11.621999999996682,STOPPED,0.0,0.0,-0.00011280503955352054,0,0.2595046925916437,4.0294470537154164e-16,4.0294470537123255e-16,4.990816075683412e-22,0.0007182446964838327,2.688477641279976e-14,0.0,-1.8111369731508403e-16,2.243248614642335e-22,1.2231357519287972e-05,1.6835671369270877e-05,-2.9067028888377735e-05,0.0,0.0,80.00940281047525,-0.00902944884156462,80.0,0.00046547153094823776,0.00902944884156462,24.0,0.0,600.0033017753585,0.0,6.205473766840441e-05,False,True,APPLY,APPLIED,
11.631999999996818,STOPPED,0.0,0.0,-0.0003068557564921567,0,0.07924718507484961,2.0712738935264053e-16,2.0712738935236457e-16,-3.38094847030507e-22,0.0006435107155199899,6.8204255837867645e-15,0.0,-2.8430336719365325e-17,-4.6406949723593843e-23,1.0458471934550493e-05,1.570029085571867e-06,-1.202850102009393e-05,0.0,0.0,80.00727628277083,-0.007043199564559647,80.0,0.0003630989242826828,0.007043199564559647,24.0,0.0,600.0033017753585,0.0,6.256269773530221e-05,False,True,APPLY,APPLIED,
11.641999999996953,STOPPED,0.0,0.0,-2.6525211035187268e-05,0,0.913708144395099,5.19533674148296e-16,-5.195336741478156e-16,-7.065763855229498e-22,0.0005813528819639988,7.840346829403843e-14,0.0,8.222082411473801e-16,-1.1182199654752377e-21,5.889803036601292e-06,0.0002087156432834838,-0.0002146054463209073,0.0,0.0,80.00561908771074,-0.005482894885921421,80.0,0.0002826720571837046,0.005482894885921421,24.0,0.0,600.0033017753585,0.0,6.30400833188105e-05,False,True,APPLY,APPLIED,
11.65199999999709,STOPPED,0.0,0.0,-8.119774430210473e-05,0,0.2631272490534258,1.757161651479552e-16,1.7571616514764183e-16,-3.3185465687592924e-22,0.0005187460991349923,1.9890079185888392e-14,0.0,-8.008260083504133e-17,-1.512426816254101e-22,6.138938390353508e-06,1.73089872986059e-05,-2.3447925688879327e-05,0.0,0.0,80.0043302306647,-0.004259703468029236,80.0,0.00021961718460013568,0.004259703468029236,24.0,0.0,600.0033017753585,0.0,6.356757614867092e-05,False,True,APPLY,APPLIED,
11.661999999997226,STOPPED,0.0,0.0,-0.00023055858307531623,0,0.07864272693355014,5.159399530600373e-16,5.159399530600175e-16,1.4318095394478493e-22,0.00046454242053066555,5.045889048795846e-15,0.0,-7.027783134068505e-17,1.950313573337859e-23,5.383796882685301e-06,1.5461696248862333e-06,-6.929966507501257e-06,0.0,0.0,80.00332985770453,-0.003302735380746976,80.0,0.00017028311731099848,0.003302735380746976,24.0,0.0,600.0033017753585,0.0,6.40242780036715e-05,False,True,APPLY,APPLIED,
11.671999999997361,STOPPED,0.0,0.0,-1.8778217849959425e-05,0,0.9343109918124342,3.1591775293465716e-16,-3.159177529018575e-16,-4.552362910591562e-21,0.00042092260481342965,5.800438645801543e-14,0.0,5.112415197436158e-16,-7.366971027907268e-21,2.683037883274789e-06,0.00021823425735538362,-0.00022091729523916962,0.0,0.0,80.00255496922071,-0.002555554081910115,80.0,0.0001317623409959531,0.002555554081910115,24.0,0.0,600.0033017753585,0.0,6.452595346218004e-05,False,True,APPLY,APPLIED,
11.681999999997497,STOPPED,0.0,0.0,-5.801851619915401e-05,0,0.2676431408880228,1.360911661391695e-16,-1.3609116613316925e-16,-1.2779519848914292e-21,0.000374772411306513,1.4715107199605326e-14,0.0,6.308798851366264e-17,-5.924221419728302e-22,3.0347910988759755e-06,1.7908212716101513e-05,-2.0943003815040578e-05,0.0,0.0,80.00195596918047,-0.001973335817570623,80.0,0.00010174515277308648,0.001973335817570623,24.0,0.0,600.0033017753585,0.0,6.502254893803183e-05,False,True,APPLY,APPLIED,
11.691999999997634,STOPPED,0.0,0.0,-0.0001699834026527729,0,0.07874427644223342,3.279956108682391e-16,-3.279956108681056e-16,2.9602858352509164e-22,0.0003353792726113738,3.733066828855235e-15,0.0,4.4735022104154266e-17,4.0375068411469146e-23,2.7578000114280255e-06,1.5501652681027195e-06,-4.30796527957548e-06,0.0,0.0,80.00149389533546,-0.0015205683568986041,80.0,7.840137778893089e-05,0.0015205683568986041,24.0,0.0,600.0033017753585,0.0,6.550234559199453e-05,False,True,APPLY,APPLIED,
11.701999999997769,STOPPED,0.0,0.0,-1.3257236998546915e-05,0,0.9560731618340175,6.38600314494975e-16,6.386003144947419e-16,-5.456649115408016e-22,0.00030516991489432116,4.291318303097992e-14,0.0,-1.0575012334958423e-15,-9.036032458983739e-22,1.2296437279563573e-06,0.0002285189726948239,-0.00022974861642172274,0.0,0.0,80.00113820236083,-0.0011691768017868284,80.0,6.0283963446192636e-05,0.0011691768017868284,24.0,0.0,600.0033017753585,0.0,6.602952601042489e-05,False,True,APPLY,APPLIED,
11.711999999997905,STOPPED,0.0,0.0,-4.1311702147488594e-05,0,0.27285184719278205,3.041066981876031e-17,-3.041066977781309e-17,-1.5781206493654966e-21,0.00027087263537540715,1.0886680828105242e-14,0.0,1.4371877638322767e-17,-7.458091859504618e-22,1.4696107605856356e-06,1.8612032629128326e-05,-2.008164338972833e-05,0.0,0.0,80.00086499230325,-0.0008970134865168292,80.0,4.62512577185683e-05,0.0008970134865168292,24.0,0.0,600.0033017753585,0.0,6.649325280250196e-05,False,True,APPLY,APPLIED,
11.721999999998042,STOPPED,0.0,0.0,-0.00012387986730058036,0,0.07936894522885111,4.625361685598574e-16,-4.625361685595455e-16,-5.37191209377148e-22,0.000242161777298412,2.7618540385830604e-15,0.0,6.358533075648018e-17,-7.384823728591674e-23,1.4028121548231034e-06,1.5748573666850926e-06,-2.9776695215717813e-06,0.0,0.0,80.00065560565174,-0.0006866463807562025,80.0,3.5404623718578754e-05,0.0006866463807562025,24.0,0.0,600.0033017753585,0.0,6.699739481064171e-05,False,True,APPLY,APPLIED,
11.731999999998177,STOPPED,0.0,0.0,-9.356974552169554e-06,0,0.9788458330125412,6.308021047443703e-16,6.308021047372162e-16,3.004317582785113e-21,0.00022166297836408432,3.17484978923148e-14,0.0,-1.069468647765999e-15,5.093552222803943e-21,6.39039448880704e-07,0.00023953479120150396,-0.0002401738306493152,0.0,0.0,80.00049550230656,-0.0005243822994918484,80.0,2.703812738014912e-05,0.0005243822994918484,24.0,0.0,600.0033017753585,0.0,6.749398710326204e-05,False,True,APPLY,APPLIED,
11.741999999998313,STOPPED,0.0,0.0,-2.9329736608374198e-05,0,0.2786096793490346,4.009087725332548e-16,-4.0090877252992225e-16,-1.6346470437007438e-21,0.00019589541830074394,8.054316822436548e-15,0.0,1.934649908790304e-16,-7.888252816399571e-22,6.930730965645117e-07,1.940583835674297e-05,-2.0098911453500947e-05,0.0,0.0,80.00037337485283,-0.0003994866526417774,80.0,2.059833825385511e-05,0.0003994866526417774,24.0,0.0,600.0033017753585,0.0,6.796178115564544e-05,False,True,APPLY,APPLIED,
11.75199999999845,STOPPED,0.0,0.0,-8.938197879877615e-05,0,0.08038503866656688,2.290841369867158e-16,2.2908413698670237e-16,7.840517773712153e-23,0.0001748872034839301,2.043300613897409e-15,0.0,-3.189560686517139e-17,1.0916429038688372e-23,7.065678867340254e-07,1.6154386103563634e-06,-2.3220064970584937e-06,0.0,0.0,80.00028044752116,-0.00030356241872522583,80.0,1.5652327473916092e-05,0.00030356241872522583,24.0,0.0,600.0033017753585,0.0,6.849145540854806e-05,False,True,APPLY,APPLIED,
11.761999999998585,STOPPED,0.0,0.0,-6.607239959647304e-06,0,1.0025255293020396,3.5205239914143063e-17,3.520523890667627e-17,8.422364263378078e-21,0.0001614294585828756,2.3488550378592958e-14,0.0,-6.113126234211268e-17,1.4624805151592172e-20,4.6077982523488645e-07,0.00025126435922558375,-0.0002517251390507575,0.0,0.0,80.00020992316297,-0.0002300537064789207,80.0,1.1862081987093417e-05,0.0002300537064789207,24.0,0.0,600.0033017753585,0.0,6.89557278974462e-05,False,True,APPLY,APPLIED,
11.771999999998721,STOPPED,0.0,0.0,-2.074533059664044e-05,0,0.28481406736514897,9.775655931838109e-17,9.775655931831477e-17,-1.138582536729996e-22,0.00014179256339102116,5.958817203355252e-15,0.0,-4.8224526352350385e-17,-5.616769240853755e-23,3.17747150164889e-07,2.027976324226991e-05,-2.0597510392386574e-05,0.0,0.0,80.00015654791784,-0.0001738521347854087,80.0,8.964215616606063e-06,0.0001738521347854087,24.0,0.0,600.0033017753585,0.0,6.944720610135846e-05,False,True,APPLY,APPLIED,
11.77999999999883,STOPPED,0.0,0.0,-5.122878481432946e-05,0,0.10472966528238449,4.886556851685335e-16,4.886556851685331e-16,2.322958674646164e-23,0.00012921706112346381,1.9888508794248808e-15,0.0,-8.864072483739701e-17,4.213779704069908e-24,3.5183271304904145e-07,2.7420756975400735e-06,-3.0939084105004736e-06,0.0,0.0,80.00012343858324,-0.00013865124593832228,80.0,7.149182806552797e-06,0.00013865124593832228,24.0,0.0,600.0033017753585,0.0,6.987011340697791e-05,False,True,APPLY,APPLIED,
11.789999999998967,STOPPED,0.0,0.0,-0.00015147162155377763,0,0.030670540488423822,1.7909100955695452e-16,1.7909100955690796e-16,1.2915126540998587e-22,0.00011559733018967282,5.045525294622211e-16,0.0,-9.513839956180525e-18,6.860894203197078e-24,3.2498968449442183e-07,2.3517051346301128e-07,-5.601601979479193e-07,0.0,0.0,80.00009135396701,-0.00010419769940674041,80.0,5.3726816052585936e-06,0.00010419769940674041,24.0,0.0,600.0033017753585,0.0,7.032603991774522e-05,False,True,APPLY,APPLIED,
11.799999999999102,STOPPED,0.0,0.0,-1.1669444703497965e-05,0,0.37476695479734795,5.81187725695148e-16,5.81187725686198e-16,3.225417822477419e-21,0.0001053908746461251,5.800013385217594e-15,0.0,-3.772579069318404e-16,2.0936684016629175e-21,1.4230820901821626e-07,3.511256760201937e-05,-3.525487581066033e-05,0.0,0.0,80.00006728064214,-7.803919377883703e-05,80.0,4.023889160972272e-06,7.803919377883703e-05,24.0,0.0,600.0033017753585,0.0,7.084441870119917e-05,False,True,APPLY,APPLIED,
11.809999999999238,STOPPED,0.0,0.0,-3.6442484598134476e-05,0,0.10683771537008384,4.359069334873097e-16,4.3590693348727005e-16,-1.8583991684137675e-22,9.341215140141162e-05,1.4714062944466163e-15,0.0,-8.066385931217621e-17,-3.4389370193750123e-23,1.688286031023874e-07,2.8535743563747628e-06,-3.022402959396487e-06,0.0,0.0,80.00004928198697,-5.823265794365573e-05,80.0,3.002617725844418e-06,5.823265794365573e-05,24.0,0.0,600.0033017753585,0.0,7.133667088510265e-05,False,True,APPLY,APPLIED,
11.819999999999375,STOPPED,0.0,0.0,-0.00010988146372221945,0,0.03097435953400997,1.5007021455775418e-17,1.500702145571383e-17,-4.299489251732588e-23,8.347270017205447e-05,3.7327996840521713e-16,0.0,-8.051141619043943e-19,-2.3066400589896405e-24,1.6477668202528659e-07,2.3985273713552866e-07,-4.046294191600101e-07,0.0,0.0,80.00003587664872,-4.3278916260062215e-05,80.0,2.2315671181302693e-06,4.3278916260062215e-05,24.0,0.0,600.0033017753585,0.0,7.181563944413938e-05,False,True,APPLY,APPLIED,
11.82999999999951,STOPPED,0.0,0.0,-8.237793835016418e-06,0,0.3837498927579835,5.45269397310629e-16,5.45269397307833e-16,1.746198751875203e-21,7.661786829267634e-05,4.2910053779425675e-15,0.0,-3.624265613226307e-16,1.1606534533999193e-21,8.166549779998409e-08,3.681599504794096e-05,-3.689766054537852e-05,0.0,0.0,80.0000259342068,-3.202362978294883e-05,80.0,1.651217340107826e-06,3.202362978294883e-05,24.0,0.0,600.0033017753585,0.0,7.234137467548862e-05,False,True,APPLY,APPLIED,
11.839999999999646,STOPPED,0.0,0.0,-2.5825017698627328e-05,0,0.1091430301307614,3.398583951311543e-16,-3.398583951310794e-16,-2.255202342155317e-22,6.75747123969733e-05,1.0885855954913008e-15,0.0,6.424726381793839e-17,-4.263263227335275e-23,7.877049057786644e-08,2.9780502565310743e-06,-3.0568207471731874e-06,0.0,0.0,80.0000185941704,-2.357987433079425e-05,80.0,1.2158367049946412e-06,2.357987433079425e-05,24.0,0.0,600.0033017753585,0.0,7.28004366692403e-05,False,True,APPLY,APPLIED,
11.849999999999783,STOPPED,0.0,0.0,-7.910897173252346e-05,0,0.03141533330750007,3.9839288480453947e-16,3.9839288480452044e-16,-1.2311147656605804e-22,6.028865583522775e-05,2.761637813777734e-16,0.0,-2.167773348583966e-17,-6.698859039776663e-24,8.261707763964943e-08,2.467307917053309e-07,-3.293478693233026e-07,0.0,0.0,80.00001320321799,-1.7267773839500917e-05,80.0,8.903692947057447e-07,1.7267773839500917e-05,24.0,0.0,600.0033017753585,0.0,7.330364417157398e-05,False,True,APPLY,APPLIED,
11.859999999999918,STOPPED,0.0,0.0,-5.808101730730437e-06,0,0.39307428659257093,6.12894101493942e-16,6.128941014929137e-16,1.1227463751325477e-21,5.586560046144798e-05,3.1746102144823097e-15,0.0,-4.1727340326569773e-16,7.643933916490222e-22,6.7956587069166e-08,3.862684869506465e-05,-3.8694805281716546e-05,0.0,0.0,80.0000092666713,-1.2567322358317911e-05,80.0,6.480024089801256e-07,1.2567322358317911e-05,24.0,0.0,600.0033017753585,0.0,7.379855617273279e-05,False,True,APPLY,APPLIED,
11.870000000000054,STOPPED,0.0,0.0,-1.8273584835442125e-05,0,0.11161038396196597,2.5034325480568886e-16,2.5034325480522373e-16,-4.825862020785618e-22,4.893113672432649e-05,8.053675205525556e-16,0.0,-4.8395070171730294e-17,-9.329108200656453e-23,3.5833254583547046e-08,3.1142194520343684e-06,-3.1500527065695203e-06,0.0,0.0,80.00000641105208,-9.08172755438665e-06,80.0,4.682765019694326e-07,9.08172755438665e-06,24.0,0.0,600.0033017753585,0.0,7.428073024584592e-05,False,True,APPLY,APPLIED,
11.88000000000019,STOPPED,0.0,0.0,-5.6508983670780025e-05,0,0.03196085726419019,2.7944587947372997e-16,2.794458794736933e-16,1.4304311500462375e-22,4.3557277751752265e-05,2.0431381508429656e-16,0.0,-1.5469517108671153e-17,7.918556247880259e-24,4.07841057635065e-08,2.553740992654849e-07,-2.961582050135218e-07,0.0,0.0,80.00000435525226,-6.50899301886621e-06,80.0,3.3561991599255304e-07,6.50899301886621e-06,24.0,0.0,600.0033017753585,0.0,7.480979422780365e-05,False,True,APPLY,APPLIED,
11.890000000000326,STOPPED,0.0,0.0,-4.091863541096316e-06,0,0.40271639624462263,5.764378172646048e-16,5.764378172641935e-16,-6.887247764265664e-22,4.0902444551108825e-05,2.3486644880784387e-15,0.0,-4.0207993797870316e-16,-4.804029282593586e-22,7.50510155174626e-08,4.054512395106398e-05,-4.062017496617937e-05,0.0,0.0,80.00000288838332,-4.619851898831425e-06,80.0,2.382110963323711e-07,4.619851898831425e-06,24.0,0.0,600.0033017753585,0.0,7.527175068844372e-05,False,True,APPLY,APPLIED,
11.900000000000462,STOPPED,0.0,0.0,-1.2893141347144936e-05,0,0.1142148438035891,2.921077813280042e-16,-2.921077813218831e-16,1.8910434276987493e-21,3.5479646617824874e-05,5.958328884311666e-16,0.0,5.778648837268323e-17,3.740973915617215e-22,1.6487632473917287e-08,3.261257636269564e-06,-3.2777452688012685e-06,0.0,0.0,80.00000185279576,-3.240723489389599e-06,80.0,1.670997971816062e-07,3.240723489389599e-06,24.0,0.0,600.0033017753585,0.0,7.577835378924647e-05,False,True,APPLY,APPLIED,
11.910000000000599,STOPPED,0.0,0.0,-4.0215830943822756e-05,0,0.03258753870584806,2.866832530042481e-16,2.866832530042481e-16,-2.369446002753902e-24,3.148297440548229e-05,1.5115695855836422e-16,0.0,-1.6181341037057646e-17,-1.3373928704761135e-25,1.971266457804771e-08,2.654869197262864e-07,-2.8519958428815284e-07,0.0,0.0,80.00000113109186,-2.240577588049286e-06,80.0,1.155297786169215e-07,2.240577588049286e-06,24.0,0.0,600.0033017753585,0.0,7.627596517068014e-05,False,True,APPLY,APPLIED,
11.920000000000734,STOPPED,0.0,0.0,-2.8844625977880573e-06,0,0.412660869183239,7.543037792634661e-17,7.54303778445266e-17,3.513321696478615e-21,3.0117789875920228e-05,1.7376073870021431e-15,0.0,-5.3913831767728905e-17,2.5111452481442405e-21,9.033700714390695e-08,4.2572248238766584e-05,-4.266258524585658e-05,0.0,0.0,80.00000063621593,-1.5208023986571154e-06,80.0,7.841637243351388e-08,1.5208023986571154e-06,24.0,0.0,600.0033017753585,0.0,7.676163988890039e-05,False,True,APPLY,APPLIED,
11.93000000000087,STOPPED,0.0,0.0,-9.103784003131901e-06,0,0.11693891859910713,6.166431713908584e-16,-6.166431713908342e-16,-1.7263137632920652e-22,2.5775512650351206e-05,4.408136572648657e-16,0.0,1.2489746601345094e-16,-3.496547510637334e-23,8.729596693490272e-09,3.4186776707821516e-06,-3.427407267600539e-06,0.0,0.0,80.0000003039114,-1.007427427954326e-06,80.0,5.194547635922436e-08,1.007427427954326e-06,24.0,0.0,600.0033017753585,0.0,7.729391757038684e-05,False,True,APPLY,APPLIED,
11.940000000001007,STOPPED,0.0,0.0,-2.8514538508758403e-05,0,0.03327863718345547,1.7547370068267832e-16,-1.7547370068264546e-16,1.073986937196076e-22,2.276982425045515e-05,1.1182999888097643e-16,0.0,1.0114355066383592e-17,6.190491895733045e-24,9.275387360984514e-09,2.768669231970163e-07,-2.861423105681152e-07,0.0,0.0,80.00000008699507,-6.451664886091044e-07,80.0,3.326639699655663e-08,6.451664886091044e-07,24.0,0.0,600.0033017753585,0.0,7.773944901146024e-05,False,True,APPLY,APPLIED,
11.950000000001141,STOPPED,0.0,0.0,-2.0299744783310154e-06,0,0.4228984537823882,1.5832486243880457e-16,1.5832486243658726e-16,8.379267884098333e-22,2.234922832776754e-05,1.2855286116689982e-15,0.0,-1.1597004988621764e-16,6.137659616902707e-22,1.0798710999707873e-07,4.47107755528837e-05,-4.481876266276482e-05,0.0,0.0,79.99999995093019,-3.9524082765518376e-07,80.0,2.0379605200971e-08,3.9524082765518376e-07,24.0,0.0,600.0033017753585,0.0,7.82496723559234e-05,False,True,APPLY,APPLIED,
11.960000000001278,STOPPED,0.0,0.0,-6.420355752046832e-06,0,0.11977050305590234,2.6030213601164545e-16,-2.603021360096248e-16,-1.0256427093029838e-21,1.8776040851834137e-05,3.2612589931339162e-16,0.0,5.399931279179679e-17,-2.1276814059890674e-22,6.493088704101244e-09,3.5862433505659785e-06,-3.59273643932408e-06,0.0,0.0,79.99999986820934,-2.3972567944730924e-07,80.0,1.2360855387228013e-08,2.3972567944730924e-07,24.0,0.0,600.0033017753585,0.0,7.875127914758195e-05,False,True,APPLY,APPLIED,
11.970000000001415,STOPPED,0.0,0.0,-2.020642659671098e-05,0,0.03402221722497625,3.396224740853035e-16,-3.3962247408528317e-16,1.173883993344218e-22,1.648252977648224e-05,8.273490713098188e-17,0.0,2.0013344072796002e-17,6.917488108747178e-24,4.244304137978271e-09,2.8937781622586783e-07,-2.9362212038385947e-07,0.0,0.0,79.9999998180366,-1.454009743228573e-07,80.0,7.497237772627903e-09,1.454009743228573e-07,24.0,0.0,600.0033017753585,0.0,7.921961935153377e-05,False,True,APPLY,APPLIED,
11.98000000000155,STOPPED,0.0,0.0,-1.4293413757800541e-06,0,0.43342435073260627,5.690866600680057e-16,-5.690866600649764e-16,-1.856876311241757e-21,1.6757830783089803e-05,9.51069558690139e-16,0.0,4.2722075196303005e-16,-1.3939811801027152e-21,1.2551745656392993e-07,4.6964166951995326e-05,-4.708968440898647e-05,0.0,0.0,79.99999978760529,-8.819014881180922e-08,80.0,4.547304572254498e-09,8.819014881180922e-08,24.0,0.0,600.0033017753585,0.0,7.975567143603257e-05,False,True,APPLY,APPLIED,
11.990000000001686,STOPPED,0.0,0.0,-4.52710035333743e-06,0,0.12270139085747155,4.911331590048506e-16,-4.911331590040848e-16,8.672151285816007e-22,1.372869611685341e-05,2.412770175819027e-16,0.0,1.0437809579721901e-16,1.8430493259856458e-22,6.75670697229311e-09,3.763907829589501e-06,-3.770664536666173e-06,0.0,0.0,79.99999976914773,-5.349002911429984e-08,80.0,2.7580796421238087e-09,5.349002911429984e-08,24.0,0.0,600.0033017753585,0.0,8.022458416689915e-05,False,True,APPLY,APPLIED,
12.000000000001823,STOPPED,0.0,0.0,-1.4277775459885779e-05,0,0.034809814944820196,5.265383489084833e-16,-5.265383489084776e-16,-7.620355411397632e-23,1.1946064664270104e-05,6.120959592497031e-17,0.0,3.174624394404738e-17,-4.594492733362654e-24,1.9312010113953406e-09,3.02930804123157e-07,-3.048620051662986e-07,0.0,0.0,79.9999997579527,-3.244334263766428e-08,80.0,1.672859864877345e-09,3.244334263766428e-08,24.0,0.0,600.0033017753585,0.0,8.071660897712718e-05,False,True,APPLY,APPLIED,
12.010000000001957,STOPPED,0.0,0.0,-1.0075774351144287e-06,0,0.44423702415434646,2.009639070106047e-16,-2.0096390699344638e-16,-2.6261031210888215e-21,1.2738131045828991e-05,7.036277210508727e-16,0.0,1.5462988894160825e-16,-2.0206316648483334e-21,1.4204517539248944e-07,4.933663340737736e-05,-4.947867858292446e-05,0.0,0.0,79.99999975116253,-1.9677882009965175e-08,80.0,1.0146407974508454e-09,1.9677882009965175e-08,24.0,0.0,600.0033017753585,0.0,8.122245810682216e-05,False,True,APPLY,APPLIED,
12.020000000002094,STOPPED,0.0,0.0,-3.192110929184216e-06,0,0.12572620434909337,5.390999215528923e-16,5.390999215528876e-16,7.08919614454097e-23,1.0090358150104041e-05,1.7850342099570676e-16,0.0,-1.1739664899935665e-16,1.543772941337929e-23,8.049211103982169e-09,3.9517696150074975e-06,-3.9598188259940836e-06,0.0,0.0,79.99999974704411,-1.1935238756022733e-08,80.0,6.154107522492166e-10,1.1935238756022733e-08,24.0,0.0,600.0033017753585,0.0,8.16956340941033e-05,False,True,APPLY,APPLIED,
12.03000000000223,STOPPED,0.0,0.0,-1.0070619974111088e-05,0,0.03563547569750993,3.359066588015472e-16,-3.3590665880153493e-16,-9.050164326227695e-23,8.67324668715969e-06,4.528455773056766e-17,0.0,2.0732983450679495e-17,-5.585983556068177e-24,9.61709726741351e-10,3.1747178204695533e-07,-3.1843349179442964e-07,0.0,0.0,79.99999974454616,-7.239088236066224e-09,80.0,3.732654895559673e-10,7.239088236066224e-09,24.0,0.0,600.0033017753585,0.0,8.221276777931052e-05,False,True,APPLY,APPLIED,
12.040000000002365,STOPPED,0.0,0.0,-7.098539994846091e-07,0,0.45533733377265734,2.8236572842479206e-16,2.823657284238324e-16,7.361724646051928e-22,9.853159013712463e-06,5.205633524835378e-16,0.0,-2.226926439468825e-16,5.80595221157419e-22,1.5741742866513985e-07,5.183302188179811e-05,-5.1990439310240545e-05,0.0,0.0,79.99999974303113,-4.390728963372929e-09,80.0,2.2639696362834095e-10,4.390728963372929e-09,24.0,0.0,600.0033017753585,0.0,8.268664862498554e-05,False,True,APPLY,APPLIED,
12.050000000002502,STOPPED,0.0,0.0,-2.2483252581596344e-06,0,0.12884161989683893,5.221026444800654e-16,5.221026444797818e-16,-5.442926121019151e-22,7.469046500445929e-06,1.3206178814151125e-16,0.0,-1.165125471606989e-16,-1.2146446548165322e-22,9.680374581561778e-09,4.150040754410381e-06,-4.159721128875431e-06,0.0,0.0,79.99999974211218,-2.6631117347127838e-09,80.0,1.3731669970643552e-10,2.6631117347127838e-09,24.0,0.0,600.0033017753585,0.0,8.318369384596735e-05,False,True,APPLY,APPLIED,
12.060000000002638,STOPPED,0.0,0.0,-7.106640236694668e-06,0,0.03649505962850611,2.231666658139775e-16,2.231666658139668e-16,-6.898461911511936e-23,6.312465306360633e-06,3.350276931340046e-17,0.0,-1.410665450525776e-17,-4.360607281492962e-24,6.39110719035599e-10,3.329723443220542e-07,-3.336114550269831e-07,0.0,0.0,79.99999974155479,-1.6152589173213003e-09,80.0,8.328678846250633e-11,1.6152589173213003e-09,24.0,0.0,600.0033017753585,0.0,8.368867077024333e-05,False,True,APPLY,APPLIED,
12.070000000002773,STOPPED,0.0,0.0,-4.996103698527264e-07,0,0.4667279261402058,3.563967192164478e-16,3.5639671921620854e-16,-4.1289749388022807e-22,7.787552613693216e-06,3.851271231934783e-16,0.0,-2.881098537919296e-16,-3.337848812059356e-22,1.7178493422749317e-07,5.445873925978436e-05,-5.4630524193723744e-05,0.0,0.0,79.99999974121674,-9.79704056721326e-10,80.0,5.0515990751510695e-11,9.79704056721326e-10,24.0,0.0,600.0033017753585,0.0,8.416695766300109e-05,False,True,APPLY,APPLIED,
12.08000000000291,STOPPED,0.0,0.0,-1.5843409037361282e-06,0,0.13204581098264181,2.3634054757050534e-16,2.3634054757049494e-16,-7.000501652069081e-23,5.5818621051541515e-06,9.770295211213982e-17,0.0,-5.405345929054676e-17,-1.6010851077466834e-23,1.134723888955088e-08,4.359024049515892e-06,-4.3703712883513905e-06,0.0,0.0,79.99999974101169,-5.94220547843286e-10,80.0,3.063949719655122e-11,5.94220547843286e-10,24.0,0.0,600.0033017753585,0.0,8.46894987489577e-05,False,True,APPLY,APPLIED,
12.090000000003046,STOPPED,0.0,0.0,-5.006911797618605e-06,0,0.03738574083849625,3.539149912496226e-16,-3.5391499124961795e-16,5.689318237157279e-23,4.609955401711083e-06,2.4786273128149857e-17,0.0,2.2917412267406697e-17,3.6840612813878644e-24,6.14695061120466e-10,3.4942340451080166e-07,-3.5003809959483954e-07,0.0,0.0,79.99999974088732,-3.6041298089707157e-10,80.0,1.8583794447887675e-11,3.6041298089707157e-10,24.0,0.0,600.0033017753585,0.0,8.516196669461351e-05,False,True,APPLY,APPLIED,
12.100000000003181,STOPPED,0.0,0.0,-3.517300122589882e-07,0,0.4784127840785099,2.514125799206565e-16,-2.5141257990554994e-16,2.7560832983331588e-21,6.313717485944269e-06,2.84927670528869e-16,0.0,2.083293257554027e-16,2.2837877702212394e-21,1.8539993206660778e-07,5.721969799243774e-05,-5.740509792471267e-05,0.0,0.0,79.99999974081186,-2.1860152307208626e-10,80.0,1.127164110644134e-11,2.1860152307208626e-10,24.0,0.0,600.0033017753585,0.0,8.566453163894039e-05,False,True,APPLY,APPLIED,
12.110000000003318,STOPPED,0.0,0.0,-1.11526335632801e-06,0,0.13533804645212824,3.172619629610103e-16,3.172619629610027e-16,6.938342092624348e-23,4.224632676433636e-06,7.228333554802468e-17,0.0,-7.4370129489984e-17,1.6264332327067688e-23,1.2934116433664617e-08,4.579096704369607e-06,-4.592030820728902e-06,0.0,0.0,79.99999974076616,-1.3258852600294804e-10,80.0,6.836595916333934e-12,1.3258852600294804e-10,24.0,0.0,600.0033017753585,0.0,8.615609897333343e-05,False,True,APPLY,APPLIED,
12.120000000003454,STOPPED,0.0,0.0,-3.526874175743476e-06,0,0.03830564590981165,5.949421449516544e-16,5.949421449515938e-16,-2.6856302315993187e-22,3.382569301565826e-06,1.8337568174226264e-17,0.0,-3.9472819807163766e-17,-1.7818438161894134e-23,7.173539343200766e-10,3.668306271419676e-07,-3.6754798103681487e-07,0.0,0.0,79.9999997407384,-8.041900614683823e-11,80.0,4.1466050313227325e-12,8.041900614683823e-11,24.0,0.0,600.0033017753585,0.0,8.663279970733129e-05,False,True,APPLY,APPLIED,
12.130000000003589,STOPPED,0.0,0.0,-2.4761728603437e-07,0,0.4903969109900587,4.3952298493233106e-16,-4.3952298492850154e-16,-1.8347718932729147e-21,5.267403647806241e-06,2.107973586367236e-16,0.0,3.733274679521709e-16,-1.5584412389385966e-21,1.9852584642863047e-07,6.012228257714792e-05,-6.032080842394986e-05,0.0,0.0,79.99999974072153,-4.877659285165579e-11,80.0,2.5150430852159147e-12,4.877659285165579e-11,24.0,0.0,600.0033017753585,0.0,8.71608805255164e-05,False,True,APPLY,APPLIED,
12.140000000003726,STOPPED,0.0,0.0,-7.859606259571565e-07,0,0.13871839917211337,2.2777938517833905e-16,-2.2777938517755567e-16,-5.973927765752394e-22,3.2500050286951936e-06,5.3477206186994215e-17,0.0,5.4727941359737915e-17,-1.4353395861543671e-22,1.441218797668613e-08,4.810698567218448e-06,-4.82511075524986e-06,0.0,0.0,79.99999974071133,-2.958449904084191e-11,80.0,1.5254507416817134e-12,2.958449904084191e-11,24.0,0.0,600.0033017753585,0.0,8.761965693793172e-05,False,True,APPLY,APPLIED,
12.150000000003862,STOPPED,0.0,0.0,-2.48432568796797e-06,0,0.03925359210452432,1.6612862693998261e-16,-1.6612862693936817e-16,4.518355350660073e-22,2.4981256877781454e-06,1.356663944620047e-17,0.0,1.1294955084918883e-17,3.071994374663124e-23,8.65771006874741e-10,3.852111232770935e-07,-3.8607689429526323e-07,0.0,0.0,79.99999974070519,-1.7943905720506946e-11,80.0,9.2523264471134e-13,1.7943905720506946e-11,24.0,0.0,600.0033017753585,0.0,8.812057114937488e-05,False,True,APPLY,APPLIED,
12.160000000003997,STOPPED,0.0,0.0,-1.7424747821110922e-07,0,0.5026860921274852,2.195334432950372e-16,2.1953344329497718e-16,-1.6234038868274063e-22,4.53007852244213e-06,1.5595370250682545e-16,0.0,-1.9114290681138897e-16,-1.413461808820955e-22,2.1140124810866056e-07,6.317332680460065e-05,-6.338472805251816e-05,0.0,0.0,79.99999974070138,-1.0883528974479401e-11,80.0,5.611819663844368e-13,1.0883528974479401e-11,24.0,0.0,600.0033017753585,0.0,8.863707864747994e-05,False,True,APPLY,APPLIED,
12.170000000004134,STOPPED,0.0,0.0,-5.528321382020376e-07,0,0.14218753886321486,1.5336804879160437e-16,-1.5336804879000355e-16,-7.007407369601785e-22,2.5516337911665675e-06,3.956391588422421e-17,0.0,3.777087595076834e-17,-1.7257565482510819e-22,1.578999722767927e-08,5.05432405199456e-06,-5.070114049260011e-06,0.0,0.0,79.99999974069904,-6.601194008892199e-12,80.0,3.403740682899871e-13,6.601194008892199e-12,24.0,0.0,600.0033017753585,0.0,8.909953760394274e-05,False,True,APPLY,APPLIED,
12.18000000000427,STOPPED,0.0,0.0,-1.7496663006511592e-06,0,0.04022890104924937,6.013690658285311e-16,6.013690658285261e-16,7.760583600393495e-23,1.8612269327379706e-06,1.0036974664114281e-17,0.0,-4.190249478406239e-17,5.4074582869521945e-24,1.0233927625496263e-09,4.0459111990757434e-07,-4.0561451262822147e-07,0.0,0.0,79.99999974069755,-4.003826557104339e-12,80.0,2.0644730818899981e-13,4.003826557104339e-12,24.0,0.0,600.0033017753585,0.0,8.962589492966799e-05,False,True,APPLY,APPLIED,
12.190000000004405,STOPPED,0.0,0.0,-1.2285925406863637e-07,0,0.5152867418913839,1.419488692427062e-16,-1.4194886923154601e-16,-1.779987728353127e-21,4.016205219077343e-06,1.1537886014128116e-16,0.0,1.2668976571909386e-16,-1.5886440625368322e-21,2.2422926344989058e-07,6.638010659225944e-05,-6.660433585583602e-05,0.0,0.0,79.9999997406969,-2.4284435630554293e-12,80.0,1.2521662203177205e-13,2.4284435630554293e-12,24.0,0.0,600.0033017753585,0.0,9.009175812479953e-05,False,True,APPLY,APPLIED,
12.200000000004541,STOPPED,0.0,0.0,-3.89111587406929e-07,0,0.14574658042245778,4.880163961031047e-16,4.88016396102365e-16,-8.496943101789038e-22,2.0527700052233634e-06,2.927047613462544e-17,0.0,-1.2319509441269592e-16,-2.1449724148828336e-22,1.708973034457843e-08,5.310516426209989e-06,-5.3276061564313705e-06,0.0,0.0,79.99999974069678,-1.4729254763749108e-12,80.0,7.594772036791856e-14,1.4729254763749108e-12,24.0,0.0,600.0033017753585,0.0,9.057748741270188e-05,False,True,APPLY,APPLIED,
12.210000000004678,STOPPED,0.0,0.0,-1.2334657035259508e-06,0,0.04123126138694629,3.6183939478060633e-16,3.618393947805283e-16,2.3767760196428107e-22,1.403023111711333e-06,7.425630710924014e-18,0.0,-2.5840629964944835e-17,1.697366028121692e-23,1.1754969183394813e-09,4.2500422888967215e-07,-4.26179725782171e-07,0.0,0.0,79.99999974069678,-8.933744608932244e-13,80.0,4.606462093842449e-14,8.933744608932244e-13,24.0,0.0,600.0033017753585,0.0,9.109245240779273e-05,False,True,APPLY,APPLIED,
12.220000000004813,STOPPED,0.0,0.0,-8.649272182062619e-08,0,0.5282057810073546,5.914521884192091e-16,-5.914521884163497e-16,-1.8391415192444808e-21,3.664060895158481e-06,8.536046472573928e-17,0.0,5.41107334286804e-16,-1.6825924129771902e-21,2.3717810020583287e-07,6.975033677239738e-05,-6.998751487314433e-05,0.0,0.0,79.99999974069678,-5.418590011359888e-13,80.0,2.793960492719516e-14,5.418590011359888e-13,24.0,0.0,600.0033017753585,0.0,9.156245380381733e-05,False,True,APPLY,APPLIED,
12.23000000000495,STOPPED,0.0,0.0,-2.7395297491686677e-07,0,0.14939697636518973,8.164502115044741e-17,-8.164502114833394e-17,5.874601373805007e-22,1.6980252457072497e-06,2.1655107001365887e-17,0.0,2.112672314495257e-17,1.5201303774005042e-22,1.833639022295148e-08,5.5798641367652655e-06,-5.598200527009344e-06,0.0,0.0,79.99999974069678,-3.2865409743024136e-13,80.0,1.6946227008602103e-14,3.2865409743024136e-13,24.0,0.0,600.0033017753585,0.0,9.207287951085164e-05,False,True,APPLY,APPLIED,
12.240000000005086,STOPPED,0.0,0.0,-8.691094174878972e-07,0,0.04226063145779354,2.3608539173672343e-16,-2.3608539173667156e-16,-1.5656071997977617e-22,1.0738244488394808e-06,5.49368670507329e-18,0.0,1.7280874826223378e-17,-1.1459862827409809e-23,1.3176353547492312e-09,4.4649024280286235e-07,-4.478078781748924e-07,0.0,0.0,79.99999974069678,-1.9933878653162527e-13,80.0,1.0278406247167524e-14,1.9933878653162527e-13,24.0,0.0,600.0033017753585,0.0,9.255612678771286e-05,False,True,APPLY,APPLIED,
12.25000000000522,STOPPED,0.0,0.0,-6.089431254659475e-08,0,0.5414505427000643,3.310368187672176e-16,3.3103681876124865e-16,-1.9879364026329687e-21,3.4291101189199582e-06,6.315202888593028e-17,0.0,-3.1045289962982783e-16,-1.8643262184226422e-21,2.503858011633826e-07,7.329217254754857e-05,-7.35425583484015e-05,0.0,0.0,79.99999974069678,-1.209050857013428e-13,80.0,6.234168521888988e-15,1.209050857013428e-13,24.0,0.0,600.0033017753585,0.0,9.304998059178615e-05,False,True,APPLY,APPLIED,
12.260000000005357,STOPPED,0.0,0.0,-1.93262046847437e-07,0,0.15314043816599146,1.6772670756279934e-16,1.6772670755620845e-16,-1.4869211388285455e-21,1.4474275808448224e-06,1.6021046081883704e-17,0.0,-4.4489009286077974e-17,-3.9440140044879214e-22,1.9553289719712638e-08,5.862998450417964e-06,-5.882551740093188e-06,0.0,0.0,79.99999974069678,-7.333264139304828e-14,80.0,3.781214346341078e-15,7.333264139304828e-14,24.0,0.0,600.0033017753585,0.0,9.356727480280824e-05,False,True,APPLY,APPLIED,
12.270000000005494,STOPPED,0.0,0.0,-6.120516771845308e-07,0,0.04331716907008622,2.576140250051885e-17,-2.5761402499853184e-17,-1.8519444787118563e-22,8.377695393213903e-07,4.064381171001212e-18,0.0,1.932814596475352e-18,-1.3894683413812574e-23,1.4499010493809877e-09,4.690942840616086e-07,-4.705441851129225e-07,0.0,0.0,79.99999974069678,-4.447849536259581e-14,80.0,2.293422432001142e-15,4.447849536259581e-14,24.0,0.0,600.0033017753585,0.0,9.403603382907022e-05,False,True,APPLY,APPLIED,
12.280000000005629,STOPPED,0.0,0.0,-4.3040776810338245e-08,0,0.5550287352929754,4.050268808038228e-16,4.0502688079772037e-16,-2.223364061863735e-21,3.2792224118409593e-06,4.672161482828214e-17,0.0,-3.893677190526835e-16,-2.1374042919779563e-21,2.639660746767829e-07,7.701422425022994e-05,-7.727819032451734e-05,0.0,0.0,79.99999974069678,-2.6977571135300646e-14,80.0,1.3910310206814102e-15,2.6977571135300646e-14,24.0,0.0,600.0033017753585,0.0,9.455494785015617e-05,False,True,APPLY,APPLIED,
12.290000000005765,STOPPED,0.0,0.0,-1.358773022593427e-07,0,0.1569788824707229,1.929949137826221e-16,1.92994913779963e-16,1.0131063822260834e-21,1.2721316283708224e-06,1.1852812102652608e-17,0.0,-5.2474429310020143e-17,2.7545896519398832e-22,2.0760543450914065e-08,6.1605923854392575e-06,-6.1813529288377e-06,0.0,0.0,79.99999974069678,-1.6362724018138453e-14,80.0,8.437029626546364e-16,1.6362724018138453e-14,24.0,0.0,600.0033017753585,0.0,9.502130308192136e-05,False,True,APPLY,APPLIED,
12.300000000005902,STOPPED,0.0,0.0,-4.314347011991862e-07,0,0.04440118080446606,4.405452333233088e-16,-4.4054523332329966e-16,8.93788847411268e-23,6.689772751531231e-07,3.0069413940668884e-18,0.0,3.3880175694365126e-17,6.873692163677857e-24,1.5741540807883972e-09,4.928662142077214e-07,-4.9444036832239e-07,0.0,0.0,79.99999974069678,-9.92449379341732e-15,80.0,5.117317145404227e-16,9.92449379341732e-15,24.0,0.0,600.0033017753585,0.0,9.551387176998105e-05,False,True,APPLY,APPLIED,
12.310000000006037,STOPPED,0.0,0.0,-3.036252916652722e-08,0,0.5689483851678063,5.694125082346514e-16,-5.694125082338931e-16,9.293225893612903e-22,3.191220484805447e-06,3.4565941032734916e-17,0.0,5.611261383990449e-16,9.157986316825889e-22,2.780137821264667e-07,8.092556624626364e-05,-8.120358002895122e-05,0.0,0.0,79.99999974069678,-6.019509767835375e-15,80.0,3.1038097441608116e-16,6.019509767835375e-15,24.0,0.0,600.0033017753585,0.0,9.604016543107718e-05,False,True,APPLY,APPLIED,
12.320000000006173,STOPPED,0.0,0.0,-9.57414389765699e-08,0,0.16091438988226148,4.263562397957597e-16,4.263562397955459e-16,-4.26970696368337e-22,1.1513223861628099e-06,8.769037788184416e-18,0.0,-1.188305572204767e-16,-1.1900181357780806e-22,2.1974902947268558e-08,6.473360217795115e-06,-6.4953351206235516e-06,0.0,0.0,79.99999974069678,-3.651017230631848e-15,80.0,1.882555771748366e-16,3.651017230631848e-15,24.0,0.0,600.0033017753585,0.0,9.64914539736128e-05,False,True,APPLY,APPLIED,
12.33000000000631,STOPPED,0.0,0.0,-3.0342901558634997e-07,0,0.04551308514832108,6.296444900783051e-16,-6.296444900782974e-16,-9.739290333661806e-23,5.487695943198452e-07,2.2246182582395155e-18,0.0,4.963548961417839e-17,-7.677577614321723e-24,1.6927337814531393e-09,5.178602299295813e-07,-5.1955296376067e-07,0.0,0.0,79.99999974069678,-2.2144538895173382e-15,80.0,1.141827794184368e-16,2.2144538895173382e-15,24.0,0.0,600.0033017753585,0.0,9.700904286091827e-05,False,True,APPLY,APPLIED,
12.340000000006444,STOPPED,0.0,0.0,-2.130002810902171e-08,0,0.5832178159569004,4.478394771089373e-16,-4.47839477097594e-16,3.187459883608068e-21,3.1483891156429342e-06,2.557283729046752e-17,0.0,4.523908200454206e-16,3.219853684963159e-21,2.926096529226817e-07,8.503575521238423e-05,-8.532836486575932e-05,0.0,0.0,79.99999974069678,-1.3431341785121636e-15,80.0,6.925535652848686e-17,1.3431341785121636e-15,24.0,0.0,600.0033017753585,0.0,9.750406809416745e-05,False,True,APPLY,APPLIED,
12.350000000006581,STOPPED,0.0,0.0,-6.739688638896465e-08,0,0.1649491779328573,5.643261239848506e-16,5.643261239844185e-16,-6.984145666165242e-22,1.0699806647215417e-06,6.4875761742355065e-18,0.0,-1.612281750001099e-16,-1.9953729090681393e-22,2.3210131953507463e-08,6.802057825181356e-06,-6.825267956973635e-06,0.0,0.0,79.99999974069678,-8.146520593755737e-16,80.0,4.2005497083857033e-17,8.146520593755737e-16,24.0,0.0,600.0033017753585,0.0,9.797830500701821e-05,False,True,APPLY,APPLIED,
12.360000000006718,STOPPED,0.0,0.0,-2.1373729145800384e-07,0,0.046653386368171325,3.559993014107168e-16,-3.5599930141066897e-16,-1.8461004506294135e-22,4.636670736774354e-07,1.6458339853650306e-18,0.0,2.8766892200159475e-17,-1.4917605862361434e-23,1.8079042530868466e-09,5.441346149044686e-07,-5.459425191863223e-07,0.0,0.0,79.99999974069678,-4.941114510093247e-16,80.0,2.547762185782904e-17,4.941114510093247e-16,24.0,0.0,600.0033017753585,0.0,9.850335447936232e-05,False,True,APPLY,APPLIED,
12.370000000006852,STOPPED,0.0,0.0,-1.497321769715536e-08,0,0.5978456247681647,8.044711412277459e-17,8.044711411906744e-17,-7.723073174535386e-22,3.1386772025414e-06,1.8919490244067266e-17,0.0,-8.330290599641748e-17,-7.997234527356613e-22,3.078241073967886e-07,8.935484776360931e-05,-8.966267187092281e-05,0.0,0.0,79.99999974069678,-2.996937443522535e-16,80.0,1.545295879333812e-17,2.996937443522535e-16,24.0,0.0,600.0033017753585,0.0,9.896527865294047e-05,False,True,APPLY,APPLIED,
12.380000000006989,STOPPED,0.0,0.0,-4.742994285216542e-08,0,0.1690855788150652,2.386806777940703e-16,2.386806777940292e-16,-1.4010309191219815e-22,1.0172703315983215e-06,4.799687755014331e-18,0.0,-6.990117214879212e-17,-4.103126586258357e-23,2.4477542862745113e-08,7.147483240806409e-06,-7.171960783599252e-06,0.0,0.0,79.99999974069678,-1.8177344447372246e-16,80.0,9.372693291435552e-18,1.8177344447372246e-16,24.0,0.0,600.0033017753585,0.0,9.946362627033523e-05,False,True,APPLY,APPLIED,
12.390000000007126,STOPPED,0.0,0.0,-1.504492270252008e-07,0,0.047822655537741475,4.598524383900669e-16,4.598524383899861e-16,-2.724392397571464e-22,4.039422986624893e-07,1.2176333801838616e-18,0.0,-3.8090161090912944e-17,-2.2566487993343238e-23,1.9216516569578607e-09,5.71751595670369e-07,-5.736732472892367e-07,0.0,0.0,79.99999974069678,-1.1025116719488516e-16,80.0,5.6848258453386076e-18,1.1025116719488516e-16,24.0,0.0,600.0033017753585,0.0,9.995775383231376e-05,False,True,APPLY,APPLIED,
12.40000000000726,STOPPED,0.0,0.0,-1.040323132865527e-08,0,0.6128406714470848,3.076453532455432e-16,3.076453532453031e-16,-3.843638810352953e-22,3.153400173265097e-06,1.399716108544534e-17,0.0,-3.265566760972681e-16,-4.079911823018874e-22,3.2372028175541453e-07,9.389342214492846e-05,-9.421714242635731e-05,0.0,0.0,79.99999974069678,-6.687071317280191e-17,80.0,3.4480211703246735e-18,6.687071317280191e-17,24.0,0.0,600.0033017753585,0.0,0.0001004431184128407,False,True,APPLY,APPLIED,
12.410000000007397,STOPPED,0.0,0.0,-3.331213614746882e-08,0,0.17332602767243838,8.778724819405307e-17,8.778724819014887e-17,-8.2793377246704535e-22,9.853743676511498e-07,3.550941577540034e-18,0.0,-2.635456467431812e-17,-2.485535724411901e-22,2.578653095045986e-08,7.51047796717672e-06,-7.5362644981008265e-06,0.0,0.0,79.99999974069678,-4.0559137776154e-17,80.0,2.0913305551401593e-18,4.0559137776154e-17,24.0,0.0,600.0033017753585,0.0,0.00010096680546212156,False,True,APPLY,APPLIED,
12.420000000007533,STOPPED,0.0,0.0,-1.0587779171988212e-07,0,0.04902151750088747,1.6853983249069713e-17,-1.6853983246255e-17,-3.0802325976632965e-22,3.625757982290557e-07,9.008388004347587e-19,0.0,1.4310339472528989e-18,-2.6153564699172358e-23,2.0356424697765643e-09,6.007772945224543e-07,-6.028129369936619e-07,0.0,0.0,79.99999974069678,-2.4600360592746382e-17,80.0,1.268456101286354e-18,2.4600360592746382e-17,24.0,0.0,600.0033017753585,0.0,0.00010142819394332037,False,True,APPLY,APPLIED,
12.430000000007668,STOPPED,0.0,0.0,-7.468593748037204e-09,0,0.6282120793519979,4.486926534787474e-16,4.486926534583113e-16,-4.282418596807303e-21,3.1863035240229694e-06,1.0355486341164177e-17,0.0,-4.882203401665549e-16,-4.6596792881544206e-21,3.4035638707938264e-07,9.866260416094023e-05,-9.900296054753136e-05,0.0,0.0,79.99999974069678,-1.4920872939487175e-17,80.0,7.693575159297294e-19,1.4920872939487175e-17,24.0,0.0,600.0033017753585,0.0,0.00010193818764037132,False,True,APPLY,APPLIED,
12.440000000007805,STOPPED,0.0,0.0,-2.349128802428446e-08,0,0.17767305290415214,1.6248231758303832e-16,1.624823175819734e-16,5.8827658415691555e-22,9.686548144129353e-07,2.6270845572434723e-18,0.0,-5.0002106084148233e-17,1.810355034648863e-22,2.7145041228818717e-08,7.891928432070412e-06,-7.919073473249228e-06,0.0,0.0,79.99999974069678,-9.049966907475584e-18,80.0,4.666389216917342e-19,9.049966907475584e-18,24.0,0.0,600.0033017753585,0.0,0.00010243041526791785,False,True,APPLY,APPLIED,
12.450000000007941,STOPPED,0.0,0.0,-7.450159731124621e-08,0,0.050250641497022595,3.9662642422543464e-16,3.966264242253649e-16,-2.3509495808125085e-22,3.3450251747109866e-07,6.664653963985762e-19,0.0,-3.452104089250668e-17,-2.0461880918337975e-23,2.1512490289769687e-09,6.312817427155724e-07,-6.334329917100282e-07,0.0,0.0,79.99999974069678,-5.489082398768695e-18,80.0,2.8303081302128085e-19,5.489082398768695e-18,24.0,0.0,600.0033017753585,0.0,0.00010291524142758135,False,True,APPLY,APPLIED,
12.460000000008076,STOPPED,0.0,0.0,-4.958283085580865e-09,0,0.6439692238051887,1.8605106679190713e-16,-1.8605106679189165e-16,-7.576536671003789e-23,3.232886893350101e-06,7.661274041572238e-18,0.0,2.0751901828723476e-16,-8.45077364509198e-23,3.577875135035793e-07,0.00010367409030206434,-0.00010403187781577545,0.0,0.0,79.99999974069678,-3.3292967685421946e-18,80.0,1.7166686574080118e-19,3.3292967685421946e-18,24.0,0.0,600.0033017753585,0.0,0.00010345111661536066,False,True,APPLY,APPLIED,
12.470000000008213,STOPPED,0.0,0.0,-1.65490126312522e-08,0,0.18212926975785643,1.0552780446341881e-16,1.0552780445987306e-16,8.650708505689371e-22,9.630464904255968e-07,1.943589689036092e-18,0.0,-3.32895003104502e-17,2.7289278400115108e-22,2.855995254032049e-08,8.29276772563251e-06,-8.321327678139545e-06,0.0,0.0,79.99999974069678,-2.0193205654030434e-18,80.0,1.0412121732856859e-19,2.0193205654030434e-18,24.0,0.0,600.0033017753585,0.0,0.0001038911792647923,False,True,APPLY,APPLIED,
12.48000000000835,STOPPED,0.0,0.0,-5.251035627654962e-08,0,0.05151073336382476,6.250373686627442e-17,6.250373686411457e-17,5.196121099649158e-22,3.160679738923935e-07,4.930694925679576e-19,0.0,-5.576533857634032e-18,4.6359380565718364e-23,2.269597825904304e-09,6.633389129197625e-07,-6.656085107400903e-07,0.0,0.0,79.99999974069678,-1.2247798347052007e-18,80.0,6.315271063637944e-20,1.2247798347052007e-18,24.0,0.0,600.0033017753585,0.0,0.0001044006327219904,False,True,APPLY,APPLIED,
12.490000000008484,STOPPED,0.0,0.0,-3.793318702098841e-09,0,0.6601217325651829,3.7405089508711635e-16,-3.740508950840054e-16,-1.525529881144143e-21,3.2899162727433394e-06,5.668022399574765e-18,0.0,4.276764697399192e-16,-1.7442365267157716e-21,3.7606702514206544e-07,0.00010894017545121474,-0.00010931624247678447,0.0,0.0,79.99999974069678,-7.428665211464794e-19,80.0,3.8304055244924464e-20,7.428665211464794e-19,24.0,0.0,600.0033017753585,0.0,0.00010490623901660001,False,True,APPLY,APPLIED,
12.50000000000862,STOPPED,0.0,0.0,-1.1699293672388404e-08,0,0.1866973732185456,4.880819166570084e-16,-4.880819166567599e-16,-4.924550158695386e-22,9.656194093453035e-07,1.4379212946594464e-18,0.0,1.5783072532934323e-16,-1.592448515205506e-22,3.0037382097719394e-08,8.713977291676228e-06,-8.744014673931778e-06,0.0,0.0,79.99999974069678,-4.505713211494047e-19,80.0,2.3232583897373275e-20,4.505713211494047e-19,24.0,0.0,600.0033017753585,0.0,0.00010536844695252512,False,True,APPLY,APPLIED,
12.510000000008757,STOPPED,0.0,0.0,-3.7110822508845246e-08,0,0.05280253159848972,2.4815143563564216e-16,2.4815143563563403e-16,6.357079431804311e-23,3.046357599505247e-07,3.6478643203162213e-19,0.0,-2.2695103337792993e-17,5.813972998169152e-24,2.3916208118752298e-09,6.970268358023766e-07,-6.99418456591557e-07,0.0,0.0,79.99999974069678,-2.7328532066434205e-19,80.0,1.4091274438102958e-20,2.7328532066434205e-19,24.0,0.0,600.0033017753585,0.0,0.00010590377826247277,False,True,APPLY,APPLIED,
12.520000000008892,STOPPED,0.0,0.0,-2.6383515481424846e-09,0,0.6766794869049998,6.184759309943869e-16,-6.184759309585193e-16,-6.660811908458112e-21,3.35507196093537e-06,4.193359493402166e-18,0.0,7.248805412553587e-16,-7.806759648542562e-21,3.952476341896178e-07,0.00011447378199950348,-0.00011486902963441797,0.0,0.0,79.99999974069678,-1.6575592583232272e-19,80.0,8.546789981134394e-21,1.6575592583232272e-19,24.0,0.0,600.0033017753585,0.0,0.00010637709021921182,False,True,APPLY,APPLIED,
12.530000000009029,STOPPED,0.0,0.0,-8.279376693092849e-09,0,0.19138013946108193,1.8556879477662488e-16,-1.8556879477653417e-16,-1.8342133941023215e-22,9.742629985575998e-07,1.0638138667525629e-18,0.0,6.151236730833444e-17,-6.080052853470386e-23,3.1582925040663555e-08,9.156589445035793e-06,-9.188172370137971e-06,0.0,0.0,79.99999974069678,-1.0053605104635732e-19,80.0,5.183890165682785e-21,1.0053605104635732e-19,24.0,0.0,600.0033017753585,0.0,0.00010686281132166187,False,True,APPLY,APPLIED,
12.540000000009165,STOPPED,0.0,0.0,-2.5898566389093524e-08,0,0.0541268039803894,4.041681928729518e-16,-4.041681928729349e-16,-1.165236532485199e-22,2.9830426578432353e-07,2.6987907200486132e-19,0.0,3.789091946115726e-17,-1.0924136136547043e-23,2.5181014565029063e-09,7.324277272828747e-07,-7.349458287772686e-07,0.0,0.0,79.99999974069678,-6.097819736605033e-20,80.0,3.1441883220694243e-21,6.097819736605033e-20,24.0,0.0,600.0033017753585,0.0,0.00010738683670297178,False,True,APPLY,APPLIED,
12.5500000000093,STOPPED,0.0,0.0,-1.9395183999523315e-09,0,0.6936526273955179,3.3423267091265056e-16,3.3423267088771797e-16,4.0824709167409665e-21,3.426694508224488e-06,3.1023632729554575e-18,0.0,-4.0156103269528525e-16,4.904850363419793e-21,4.153822381454655e-07,0.00012028849187317634,-0.00012070387411092027,0.0,0.0,79.99999974069678,-3.698514627651784e-20,80.0,1.9070466172455346e-21,3.698514627651784e-20,24.0,0.0,600.0033017753585,0.0,0.00010786446694055485,False,True,APPLY,APPLIED,
12.560000000009437,STOPPED,0.0,0.0,-5.587273157305713e-09,0,0.19618042201838376,2.504681047901647e-16,-2.5046810478320737e-16,1.8668639488843386e-21,9.874581683746373e-07,7.870388589761048e-19,0.0,8.510767400781411e-17,6.343500243954526e-22,3.32018377353646e-08,9.62168949582779e-06,-9.654891333648263e-06,0.0,0.0,79.99999974069678,-2.2432625170664712e-20,80.0,1.1566822428606849e-21,2.2432625170664712e-20,24.0,0.0,600.0033017753585,0.0,0.00010837489537607325,False,True,APPLY,APPLIED,
12.570000000009573,STOPPED,0.0,0.0,-1.8172359438378402e-08,0,0.05548434503138225,4.3082812451216194e-16,4.30828124512133e-16,1.5767548967401566e-22,2.957022302414091e-07,1.9966398989944927e-19,0.0,-4.140331716343821e-17,1.515288333460225e-23,2.6497131423024087e-09,7.696281358903681e-07,-7.722778489912671e-07,0.0,0.0,79.99999974069678,-1.3606074943849557e-20,80.0,7.015632438401831e-22,1.3606074943849557e-20,24.0,0.0,600.0033017753585,0.0,0.00010884820824230701,False,True,APPLY,APPLIED,
12.580000000009708,STOPPED,0.0,0.0,-1.4987693639843316e-09,0,0.7110515573451937,6.327721215567271e-16,-6.327721215545484e-16,-1.6605050105719098e-21,3.5036013549768567e-06,2.295214028007532e-18,0.0,7.793078595209021e-16,-2.0450404836899747e-21,4.3652457395983737e-07,0.0001263985793007563,-0.00012683510387549545,0.0,0.0,79.99999974069678,-8.252501611792647e-21,80.0,4.255196171165235e-22,8.252501611792647e-21,24.0,0.0,600.0033017753585,0.0,0.0001093500646902612,False,True,APPLY,APPLIED,
12.590000000009844,STOPPED,0.0,0.0,-4.121945700323597e-09,0,0.20110115338543932,5.569397473289653e-16,-5.569397473281542e-16,-9.504250360990039e-22,1.0041128299394715e-06,5.822730868419959e-19,0.0,1.9399181316931396e-16,-3.3104959183652006e-22,3.4899180028210265e-08,1.01104184732385e-05,-1.0145317653460703e-05,0.0,0.0,79.99999974069678,-5.0053952468801854e-21,80.0,2.580906940903533e-22,5.0053952468801854e-21,24.0,0.0,600.0033017753585,0.0,0.00010984821403781098,False,True,APPLY,APPLIED,
12.600000000009981,STOPPED,0.0,0.0,-1.2971521329726057e-08,0,0.056875975008848494,4.653398303476264e-16,-4.65339830347379e-16,4.797962291138811e-22,2.958411895911232e-07,1.4771693434001976e-19,0.0,4.5841593870923754e-17,4.726572376165188e-23,2.787050017936993e-09,8.087191333017897e-07,-8.115061833655684e-07,0.0,0.0,79.99999974069678,-3.0359256812127352e-21,80.0,1.5653991895231428e-22,3.0359256812127352e-21,24.0,0.0,600.0033017753585,0.0,0.00011032600889393507,False,True,APPLY,APPLIED,
12.610000000010116,STOPPED,0.0,0.0,-8.696867396301353e-10,0,0.7288869416772511,4.44466118558246e-16,4.444661185323097e-16,4.80162388648182e-21,3.5849544769716256e-06,1.6980626244333038e-18,0.0,-5.611247921835994e-16,6.061902343292778e-21,4.587297325470194e-07,0.00013281904343690414,-0.00013327777316889003,0.0,0.0,79.99999974069678,-1.8413820062644938e-21,80.0,9.494626031350974e-23,1.8413820062644938e-21,24.0,0.0,600.0033017753585,0.0,0.00011085332118909719,False,True,APPLY,APPLIED,
12.620000000010252,STOPPED,0.0,0.0,-2.715612391959386e-09,0,0.20614534178454502,6.245443826049596e-16,-6.245443826048633e-16,3.4700008796229574e-22,1.0234431631126488e-06,4.3078170434478e-19,0.0,2.229961984644219e-16,1.238978407974793e-22,3.667992308456118e-08,1.0623975484866721e-05,-1.0660655408174277e-05,0.0,0.0,79.99999974069678,-1.11685464304258e-21,80.0,5.758781790520069e-23,1.11685464304258e-21,24.0,0.0,600.0033017753585,0.0,0.0001113187623786871,False,True,APPLY,APPLIED,
12.630000000010389,STOPPED,0.0,0.0,-9.103305576439107e-09,0,0.05830253822147502,6.271712982169968e-17,-6.271712982168889e-17,3.68081097506032e-23,2.980089808039738e-07,1.092850644673366e-19,0.0,6.333361312366964e-18,3.7169918156309025e-24,2.9306510586897742e-09,8.49796490766639e-07,-8.527271418316621e-07,0.0,0.0,79.99999974069678,-6.774065834477366e-22,80.0,3.492877718545253e-23,6.774065834477366e-22,24.0,0.0,600.0033017753585,0.0,0.0001118208289199174,False,True,APPLY,APPLIED,
12.640000000010524,STOPPED,0.0,0.0,-5.950650916986875e-10,0,0.7471697152438252,5.447117680188231e-16,5.4471176801868335e-16,-3.9024603427856267e-22,3.670164907238574e-06,1.2562734208821275e-18,0.0,-7.049310588730446e-16,-5.050314061626973e-22,4.820545866293322e-07,0.00013956564584438475,-0.00014004770043030918,0.0,0.0,79.99999974069678,-4.1086786195223923e-22,80.0,2.118537426924823e-23,4.1086786195223923e-22,24.0,0.0,600.0033017753585,0.0,0.00011231747214424104,False,True,APPLY,APPLIED,
12.65000000001066,STOPPED,0.0,0.0,-2.1090456204861297e-09,0,0.21131607669915464,2.5343418288605537e-19,2.534319069238974e-19,1.074061469171989e-21,1.0448879631170384e-06,3.1870419525953156e-19,0.0,-9.27586582001816e-20,3.931174330579743e-22,3.8549035443050964e-08,1.1163621067880755e-05,-1.1202170103323712e-05,0.0,0.0,79.99999974069678,-2.4920395536461226e-22,80.0,1.2849579031786252e-23,2.4920395536461226e-22,24.0,0.0,600.0033017753585,0.0,0.00011278686690729955,False,True,APPLY,APPLIED,
12.660000000010797,STOPPED,0.0,0.0,-6.463967708399127e-09,0,0.05976490384908494,5.228347584997224e-16,-5.228347584996847e-16,1.988446690996764e-22,3.0169289095000113e-07,8.085210577547723e-20,0.0,5.4121684423135415e-17,2.0583574934919743e-23,3.081018891804488e-09,8.929609330225921e-07,-8.960419519685183e-07,0.0,0.0,79.99999974069678,-1.5114983945029653e-22,80.0,7.793663647178966e-24,1.5114983945029653e-22,24.0,0.0,600.0033017753585,0.0,0.00011331443567996757,False,True,APPLY,APPLIED,
12.670000000010932,STOPPED,0.0,0.0,-3.7901359872187565e-10,0,0.7659111010315248,6.732994805356571e-17,-6.732994805267266e-17,-3.467803228827947e-22,3.7588238862292062e-06,9.294258231312932e-19,0.0,8.931970312891738e-17,-4.600377155588971e-22,5.065581609232182e-07,0.00014665495367083067,-0.00014716151183184322,0.0,0.0,79.99999974069678,-9.16770118372474e-23,80.0,4.727095953501849e-24,9.16770118372474e-23,24.0,0.0,600.0033017753585,0.0,0.00011377884095509216,False,True,APPLY,APPLIED,
12.680000000011068,STOPPED,0.0,0.0,-1.1973158998040733e-09,0,0.21661652594209777,4.206606698424662e-16,-4.206606698424619e-16,6.007143727113768e-23,1.068046788578272e-06,2.357861404729242e-19,0.0,1.5782802531580987e-16,2.2538252320384937e-23,4.0511547616951876e-08,1.173067982780588e-05,-1.1771191375580664e-05,0.0,0.0,79.99999974069678,-5.56049184701289e-23,80.0,2.8671286272024135e-24,5.56049184701289e-23,24.0,0.0,600.0033017753585,0.0,0.00011427188167090208,False,True,APPLY,APPLIED,
12.690000000011205,STOPPED,0.0,0.0,-4.356808150885251e-09,0,0.061263964302978285,2.47601919139016e-16,2.4760191913898206e-16,1.2970648487023149e-22,3.06524180694368e-07,5.981662087829887e-20,0.0,-2.627360883848027e-17,1.376345328532811e-23,3.238634032207729e-09,9.383183305291496e-07,-9.415569645350836e-07,0.0,0.0,79.99999974069678,-3.3726087882954624e-23,80.0,1.7390014177380645e-24,3.3726087882954624e-23,24.0,0.0,600.0033017753585,0.0,0.00011478793624064565,False,True,APPLY,APPLIED,
12.70000000001134,STOPPED,0.0,0.0,-1.8457288587181558e-10,0,0.7851225916796224,2.5583901299187377e-16,-2.558390129761144e-16,2.839667371379964e-21,3.850653016692037e-06,6.876150806879009e-19,0.0,3.479083662721756e-16,3.8615847694397595e-21,5.323019042690095e-07,0.0001541043709914318,-0.0001546366728960487,0.0,0.0,79.99999974069678,-2.0455906333174817e-23,80.0,1.0547576771418781e-24,2.0455906333174817e-23,24.0,0.0,600.0033017753585,0.0,0.00011525629054176534,False,True,APPLY,APPLIED,
12.710000000011476,STOPPED,0.0,0.0,-1.0689797762232852e-09,0,0.2220499383200261,6.50716753562323e-17,6.50716753409478e-17,-1.4103813022554831e-21,1.092635344611569e-06,1.7444112731393604e-19,0.0,-2.502668183755972e-17,-5.424351522564449e-22,4.2572604854219426e-08,1.232654377698185e-05,-1.2369116381811045e-05,0.0,0.0,79.99999974069678,-1.2407134363280443e-23,80.0,6.397428697538325e-25,1.2407134363280443e-23,24.0,0.0,600.0033017753585,0.0,0.00011577442239740776,False,True,APPLY,APPLIED,
12.720000000011613,STOPPED,0.0,0.0,-3.16728605283178e-09,0,0.06280063614378481,4.2522065888910277e-16,4.252206588878759e-16,-1.0214513149875136e-21,3.122380563536741e-07,4.4253987480382953e-20,0.0,-4.625290625934946e-17,-1.1110723557951408e-22,3.4039660442129313e-09,9.85979975016013e-07,-9.893839410139732e-07,0.0,0.0,79.99999974069678,-7.52530739050381e-24,80.0,3.880236648382474e-25,7.52530739050381e-24,24.0,0.0,600.0033017753585,0.0,0.00011625853824170918,False,True,APPLY,APPLIED,
12.730000000011747,STOPPED,0.0,0.0,-3.7744769339764237e-10,0,0.8048159773097047,5.113096671554131e-16,5.113096671490869e-16,2.5434593989583588e-21,3.945468490805907e-06,5.087166971055714e-19,0.0,-7.12756556002116e-16,3.54553703555286e-21,5.593499855126945e-07,0.0001619321893332438,-0.00016249153931804372,0.0,0.0,79.99999974069678,-4.564329656102647e-24,80.0,2.353482494184567e-25,4.564329656102647e-24,24.0,0.0,600.0033017753585,0.0,0.00011675063672100805,False,True,APPLY,APPLIED,
12.740000000011884,STOPPED,0.0,0.0,-5.348448623932421e-10,0,0.22761964695728779,2.867421869627061e-16,2.86742186958256e-16,-1.5975158712133955e-21,1.1184532889188282e-06,1.290563249672627e-19,0.0,-1.1304776120535954e-16,-6.298187045543449e-22,4.4737510156567995e-08,1.2952675920240084e-05,-1.2997413430283609e-05,0.0,0.0,79.99999974069678,-2.7684058774618916e-24,80.0,1.4274592898199077e-25,2.7684058774618916e-24,24.0,0.0,600.0033017753585,0.0,0.00011725707520326978,False,True,APPLY,APPLIED,
12.75000000001202,STOPPED,0.0,0.0,-2.291334010285308e-09,0,0.0643758599656185,2.969853943714175e-16,2.9698539437129833e-16,-2.660442055104455e-22,3.1864477652413045e-07,3.2740322805454197e-20,0.0,-3.3114542731080494e-17,-2.966453023863964e-23,3.5774820574512175e-09,1.0360628365782308e-06,-1.0396403186025675e-06,0.0,0.0,79.99999974069678,-1.6791230432092998e-24,80.0,8.657978247673993e-26,1.6791230432092998e-24,24.0,0.0,600.0033017753585,0.0,0.00011772655909680907,False,True,APPLY,APPLIED,
12.760000000012155,STOPPED,0.0,0.0,-2.367031569237765e-10,0,0.8250033453920064,4.519628992607083e-16,4.519628991946738e-16,-7.72594687137571e-21,4.043155173070596e-06,3.763624224231054e-19,0.0,-6.458313500953958e-16,-1.1039974094322385e-20,5.877695294877797e-07,0.0001701576299770006,-0.00017074539950584253,0.0,0.0,79.99999974069678,-1.0184396071364273e-24,80.0,5.251329258339368e-26,1.0184396071364273e-24,24.0,0.0,600.0033017753585,0.0,0.00011824360592527228,False,True,APPLY,APPLIED,
12.770000000012292,STOPPED,0.0,0.0,-5.623322425766603e-10,0,0.23332906764735714,3.958428526609062e-16,3.958428526583963e-16,1.4096459643771088e-21,1.1453609765674528e-06,9.547945477894996e-20,0.0,-1.599750596380486e-16,5.696912188897258e-22,4.7011758016887e-08,1.3610613452296245e-05,-1.3657625210153156e-05,0.0,0.0,79.99999974069678,-6.1771484679393615e-25,80.0,3.18509219942885e-26,6.1771484679393615e-25,24.0,0.0,600.0033017753585,0.0,0.00011871805111240974,False,True,APPLY,APPLIED,
12.780000000012429,STOPPED,0.0,0.0,-1.5799210163291698e-09,0,0.06599060079708113,1.5936954005224068e-16,-1.5936954005221182e-16,-9.596610981983439e-23,3.2560880166076384e-07,2.4222191744690362e-20,0.0,1.8215790756556758e-17,-1.0968837428927597e-23,3.7596534415941135e-09,1.0886898483899313e-06,-1.0924495018497411e-06,0.0,0.0,79.99999974069678,-3.746629935402153e-25,80.0,1.9318560729651476e-26,3.746629935402153e-25,24.0,0.0,600.0033017753585,0.0,0.00011921138286652422,False,True,APPLY,APPLIED,
12.790000000012563,STOPPED,0.0,0.0,-2.3436847914043365e-10,0,0.8456970804958952,1.9120788996247664e-16,1.9120788995545935e-16,1.6381467694203609e-21,4.143647894314654e-06,2.784434181472805e-19,0.0,-2.8007946463778663e-16,2.3995415162290513e-21,6.176308355746942e-07,0.00017880088798982017,-0.00017941851882511477,0.0,0.0,79.99999974069678,-2.272445926418575e-25,80.0,1.1717299384054116e-26,2.272445926418575e-25,24.0,0.0,600.0033017753585,0.0,0.0001197355992417215,False,True,APPLY,APPLIED,
12.8000000000127,STOPPED,0.0,0.0,-3.5202181249235297e-10,0,0.2391817030410945,1.296598922595763e-16,-1.2965989225779807e-16,-6.790610060822697e-22,1.1732627026044381e-06,7.063834856693023e-20,0.0,5.371483396010898e-17,-2.813179045221577e-22,4.940106510001028e-08,1.4301971767409584e-05,-1.4351372832563308e-05,0.0,0.0,79.99999974069678,-1.3783081269119516e-25,80.0,7.10690132546081e-27,1.3783081269119516e-25,24.0,0.0,600.0033017753585,0.0,0.00012019522785067238,False,True,APPLY,APPLIED,
12.810000000012836,STOPPED,0.0,0.0,-1.2069900644759457e-09,0,0.0676458483685981,5.196685585800944e-16,-5.196685585799833e-16,3.400396268387007e-22,3.330337455960243e-07,1.7920248393295497e-20,0.0,6.088751039290442e-17,3.984109866213891e-23,3.95096105194087e-09,1.1439902003768422e-06,-1.1479411614896706e-06,0.0,0.0,79.99999974069678,-8.359861375031946e-26,80.0,4.310553549444358e-27,8.359861375031946e-26,24.0,0.0,600.0033017753585,0.0,0.0001207136161838207,False,True,APPLY,APPLIED,
12.820000000012971,STOPPED,0.0,0.0,-6.876075048854144e-11,0,0.8669098879401754,3.416656855988682e-16,3.4166568559874496e-16,-2.902989522527547e-22,4.246918068039929e-06,2.0600023256959346e-19,0.0,-5.130219504896932e-16,-4.358931580931716e-22,6.490076211667527e-07,0.00018788318845211192,-0.00018853219607276565,0.0,0.0,79.99999974069678,-5.0705122349043114e-26,80.0,2.6144828880711314e-27,5.0705122349043114e-26,24.0,0.0,600.0033017753585,0.0,0.00012118755114443047,False,True,APPLY,APPLIED,
12.830000000013108,STOPPED,0.0,0.0,-2.848897327325518e-10,0,0.24518114523990348,5.917772456475663e-16,5.917772456461068e-16,1.314330275979137e-21,1.2020946056028752e-06,5.226018542654631e-20,0.0,-2.5130779451801677e-16,5.581516446719089e-22,5.1911396637368716e-08,1.5028448495287662e-05,-1.508035989167372e-05,0.0,0.0,79.99999974069678,-3.075421130917508e-26,80.0,1.585764030909183e-27,3.075421130917508e-26,24.0,0.0,600.0033017753585,0.0,0.0001216703409454567,False,True,APPLY,APPLIED,
12.840000000013244,STOPPED,0.0,0.0,-8.459609352367751e-10,0,0.0693426176916459,1.3947371252764072e-16,1.3947371252726328e-16,-3.2448024009025813e-22,3.408515166074411e-07,1.325789414604794e-20,0.0,-1.6751481452303662e-17,-3.897167878400162e-23,4.1518994697771935e-09,1.2020996570824409e-06,-1.2062515565354663e-06,0.0,0.0,79.99999974069678,-1.865337207429579e-26,80.0,9.618145038159166e-28,1.865337207429579e-26,24.0,0.0,600.0033017753585,0.0,0.00012219614347941388,False,True,APPLY,APPLIED,
12.85000000001338,STOPPED,0.0,0.0,-1.6111761199396587e-10,0,0.8886547812995982,7.650549887705399e-17,7.650549860607837e-17,6.439118597079653e-21,4.352963886315571e-06,1.52404512345292e-19,0.0,-1.1775689864564966e-16,9.911060640328915e-21,6.819772087999221e-07,0.0001974268300816592,-0.00019810880729034138,0.0,0.0,79.99999974069678,-1.1313842070087883e-26,80.0,5.833699855206493e-28,1.1313842070087883e-26,24.0,0.0,600.0033017753585,0.0,0.0001226553882816006,False,True,APPLY,APPLIED,
12.860000000013516,STOPPED,0.0,0.0,-2.861563786215042e-10,0,0.25133107430756135,3.977870912703157e-16,3.9778709126850035e-16,1.2017667583277148e-21,1.231815921189503e-06,3.8663526892328096e-20,0.0,-1.7316395666450417e-16,5.231509303030309e-22,5.4548988547442605e-08,1.5791827228148234e-05,-1.5846376216522508e-05,0.0,0.0,79.99999974069678,-6.862192094654984e-27,80.0,3.538317821743906e-28,6.862192094654984e-27,24.0,0.0,600.0033017753585,0.0,0.00012316275899593165,False,True,APPLY,APPLIED,
12.870000000013652,STOPPED,0.0,0.0,-4.653140506729015e-10,0,0.071081949290443,4.783167981523438e-16,4.783167981523267e-16,1.2836404267138648e-22,3.4901447943956523e-07,9.808554626772866e-21,0.0,-5.888919119887659e-17,1.5803866143191857e-23,4.362980444691152e-09,1.263160878732278e-06,-1.2675238591180795e-06,0.0,0.0,79.99999974069678,-4.162129898245928e-27,80.0,2.1460982426953112e-28,4.162129898245928e-27,24.0,0.0,600.0033017753585,0.0,0.00012365740042241669,False,True,APPLY,APPLIED,
12.880000000013787,STOPPED,0.0,0.0,1.9414716454929057e-10,0,0.9109451094414146,3.5019270357869987e-16,3.5019270357095666e-16,2.3287795413640953e-21,4.461803420338385e-06,1.1275319609225634e-19,0.0,-5.525351726739304e-16,3.674355841444621e-21,7.166207702457751e-07,0.00020745524810380776,-0.00020817186887350103,0.0,0.0,79.99999974069678,-2.5244593929927912e-27,80.0,1.301674382950117e-28,2.5244593929927912e-27,24.0,0.0,600.0033017753585,0.0,0.00012413991282755887,False,True,APPLY,APPLIED,
12.890000000013924,STOPPED,0.0,0.0,-9.977018626579536e-11,0,0.2576352658536439,4.931175354310093e-16,-4.931175354309339e-16,-2.728780397690618e-22,1.2624027115249906e-06,2.8604345021784116e-20,0.0,2.2004747224966762e-16,-1.2176837887239207e-22,5.7320371630791566e-08,1.659398255286944e-05,-1.665130292472028e-05,0.0,0.0,79.99999974069678,-1.5311620210496802e-27,80.0,7.895054222217738e-29,1.5311620210496802e-27,24.0,0.0,600.0033017753585,0.0,0.00012467311591990438,False,True,APPLY,APPLIED,
12.90000000001406,STOPPED,0.0,0.0,-3.4761108408160435e-10,0,0.07286491068120778,2.7404496678567906e-16,-2.7404496678562226e-16,1.7644948435219902e-22,3.5748980470184137e-07,7.256641448632471e-21,0.0,3.458604437042449e-17,2.226893552165425e-23,4.584735935811428e-09,1.327323802145097e-06,-1.3319085381154946e-06,0.0,0.0,79.99999974069678,-9.286967107541957e-28,80.0,4.788592445868757e-29,9.286967107541957e-28,24.0,0.0,600.0033017753585,0.0,0.0001251347663355773,False,True,APPLY,APPLIED,
12.910000000014195,STOPPED,0.0,0.0,-1.0707235278119583e-10,0,0.933794554395604,5.271469135764356e-16,5.271469135646117e-16,3.5306993597994534e-21,4.57346953512962e-06,8.341764925836949e-20,0.0,-8.525966705514956e-16,5.710481160810755e-21,7.530235302712861e-07,0.0002179930674547212,-0.00021874609098413992,0.0,0.0,79.99999974069678,-5.63283028646698e-28,80.0,2.9044281352877257e-29,5.63283028646698e-28,24.0,0.0,600.0033017753585,0.0,0.0001256419615174309,False,True,APPLY,APPLIED,
12.920000000014332,STOPPED,0.0,0.0,1.0584287095510896e-10,0,0.26409758803045325,1.8814839278271873e-16,-1.8814839276705816e-16,2.427555469467901e-21,1.2938432983861671e-06,2.1162278598826953e-20,0.0,8.606480220634718e-17,1.1104377680383596e-21,6.023239027126966e-08,1.7436884000875753e-05,-1.7497116391233086e-05,0.0,0.0,79.99999974069678,-3.4164842697001396e-28,80.0,1.7616247129840084e-29,3.4164842697001396e-28,24.0,0.0,600.0033017753585,0.0,0.0001261248395394432,False,True,APPLY,APPLIED,
12.930000000014468,STOPPED,0.0,0.0,-2.99794325801417e-10,0,0.07469259538301622,1.2689868541798393e-16,-1.268986854179734e-16,-5.173855930612562e-23,3.662553806170038e-07,5.368661881100923e-21,0.0,1.6417056803083e-17,-6.693488306215048e-24,4.8177204623159e-09,1.394745951262744e-06,-1.3995636717414767e-06,0.0,0.0,79.99999974069678,-2.072202457999069e-28,80.0,1.0684793993322734e-29,2.072202457999069e-28,24.0,0.0,600.0033017753585,0.0,0.00012660994218549604,False,True,APPLY,APPLIED,
12.940000000014603,STOPPED,0.0,0.0,-6.96687416136003e-11,0,0.9572171348391478,1.4434310156598618e-16,1.443431014117589e-16,6.6725768016756806e-21,4.688006243823427e-06,6.171501492439227e-20,0.0,-2.393134589875465e-16,1.1062790110172725e-20,7.912749818178508e-07,0.00022906616080741688,-0.00022985743578899544,0.0,0.0,79.99999974069678,-1.25685432390832e-28,80.0,6.480655149663643e-30,1.25685432390832e-28,24.0,0.0,600.0033017753585,0.0,0.00012714282968318003,False,True,APPLY,APPLIED,
12.95000000001474,STOPPED,0.0,0.0,-2.0737790624863532e-10,0,0.27072200597970286,6.311726136208449e-16,-6.311726136129937e-16,-3.1481922838121882e-21,1.3261349996837863e-06,1.5656473968794502e-20,0.0,2.959595330519193e-16,-1.4762008017705846e-21,6.329222375045315e-08,1.832260113041857e-05,-1.8385893354464976e-05,0.0,0.0,79.99999974069678,-7.623206822427927e-29,80.0,3.9307160432955825e-30,7.623206822427927e-29,24.0,0.0,600.0033017753585,0.0,0.00012759257754169084,False,True,APPLY,APPLIED,
12.960000000014876,STOPPED,0.0,0.0,-2.442140844266547e-10,0,0.07656612480697451,2.417745171379592e-16,2.41774517137948e-16,7.377747614261763e-23,3.752968754286888e-07,3.9718870413452245e-21,0.0,-3.2063270500095857e-17,9.784104637332966e-24,5.062513540620878e-09,1.4655928669892997e-06,-1.4706553804978577e-06,0.0,0.0,79.99999974069678,-4.623708663133084e-29,80.0,2.3840997948831153e-30,4.623708663133084e-29,24.0,0.0,600.0033017753585,0.0,0.0001281023202182041,False,True,APPLY,APPLIED,
12.97000000001501,STOPPED,0.0,0.0,-1.3260188757624464e-10,0,0.9812272304235841,1.2789737517111675e-17,-1.2789736019157569e-17,-6.190062796958942e-21,4.805466183279162e-06,4.5658198463819176e-20,0.0,2.1736609336896173e-17,-1.0520230956042439e-20,8.314691416787881e-07,0.00024070171943118437,-0.00024153318857288487,0.0,0.0,79.99999974069678,-2.8044210657691425e-29,80.0,1.4460296214112174e-30,2.8044210657691425e-29,24.0,0.0,600.0033017753585,0.0,0.000128604229416851,False,True,APPLY,APPLIED,
12.980000000015147,STOPPED,0.0,0.0,-1.3321342840144066e-10,0,0.2775125868406072,5.785487119118007e-16,-5.785487119097143e-16,-1.5537706765436301e-21,1.3592817825494426e-06,1.1583061816368331e-20,0.0,2.780886373894342e-16,-7.468445808651734e-22,6.650740777621808e-08,1.925330896374139e-05,-1.9319816371795698e-05,0.0,0.0,79.99999974069678,-1.700967359132976e-29,80.0,8.770613002385613e-31,1.700967359132976e-29,24.0,0.0,600.0033017753585,0.0,0.0001290768947228571,False,True,APPLY,APPLIED,
12.990000000015284,STOPPED,0.0,0.0,9.0870717635611e-11,0,0.0784866491918943,4.620772155721135e-16,-4.620772155715641e-16,7.125319929866401e-22,3.8460561494111827e-07,2.93850904289348e-21,0.0,6.281610012763521e-17,9.686363990018898e-23,5.319721828803178e-09,1.5400385253428706e-06,-1.5453582472344898e-06,0.0,0.0,79.99999974069678,-1.0316888544845849e-29,80.0,5.319645690421172e-31,1.0316888544845849e-29,24.0,0.0,600.0033017753585,0.0,0.00012961252889454045,False,True,APPLY,APPLIED,
13.000000000015419,STOPPED,0.0,0.0,2.231965428478471e-11,0,1.0058395772481215,1.3374453578145136e-16,1.337445356716111e-16,5.420430584722388e-21,4.925908684088097e-06,3.377936787967485e-20,0.0,-2.330050826996252e-16,9.443285815887661e-21,8.737047679255817e-07,0.0002529283137896699,-0.0002538020185573625,0.0,0.0,79.99999974069678,-6.257509215287084e-30,80.0,3.2265282100486315e-31,6.257509215287084e-30,24.0,0.0,600.0033017753585,0.0,0.0001300628133549253,False,True,APPLY,APPLIED,
13.010000000015555,STOPPED,0.0,0.0,-1.3415224476169484e-10,0,0.28447349743297196,1.3486827183583022e-16,1.3486827183582657e-16,-3.1334937896157676e-23,1.3932925407728622e-06,8.569539447261082e-21,0.0,-6.645263894261259e-17,-1.543943053337313e-23,6.988585277429561e-08,2.023129268543678e-05,-2.0301178538144627e-05,0.0,0.0,79.99999974069678,-3.795371192505974e-30,80.0,1.9569882838222273e-31,3.795371192505974e-30,24.0,0.0,600.0033017753585,0.0,0.00013055955844265554,False,True,APPLY,APPLIED,
13.020000000015692,STOPPED,0.0,0.0,-1.3469605945989005e-10,0,0.08045534684684123,2.402239086965023e-16,-2.40223908696215e-16,3.7152921507301514e-22,3.941770436166466e-07,2.173993016296313e-21,0.0,3.34758619272593e-17,5.177361726036929e-23,5.589980925864103e-09,1.6182657090613818e-06,-1.6238556900207218e-06,0.0,0.0,79.99999974069678,-2.302008993244984e-30,80.0,1.1869733948365955e-31,2.302008993244984e-30,24.0,0.0,600.0033017753585,0.0,0.00013106481094382616,False,True,APPLY,APPLIED,
13.030000000015827,STOPPED,0.0,0.0,7.842726915215411e-11,0,1.0310692803976862,3.715716417111564e-18,3.715716416353431e-18,7.506010081333674e-23,5.049398455042983e-06,2.4990677268875503e-20,0.0,-6.635765593300675e-18,1.3404716038470154e-22,9.180856135754108e-07,0.0002657759652449507,-0.0002666940508585194,0.0,0.0,79.99999974069678,-1.396239033337303e-30,80.0,7.199357562315883e-32,1.396239033337303e-30,24.0,0.0,600.0033017753585,0.0,0.00013153813199551223,False,True,APPLY,APPLIED,
13.040000000015963,STOPPED,0.0,0.0,-8.74521035472095e-11,0,0.2916090108960317,5.407618976664201e-16,-5.407618976646182e-16,-1.3959781104541487e-21,1.4281798922493047e-06,6.339951654306823e-21,0.0,2.731288968299557e-16,-7.050828894511759e-22,7.343586670958834e-08,2.125895380894049e-05,-2.1332389675923207e-05,0.0,0.0,79.99999974069678,-8.468617820066081e-31,80.0,4.3666310917786103e-32,8.468617820066081e-31,24.0,0.0,600.0033017753585,0.0,0.00013205994821419154,False,True,APPLY,APPLIED,
13.0500000000161,STOPPED,0.0,0.0,9.476699709374472e-12,0,0.08247342602248538,2.6217839488655657e-16,2.621783948854844e-16,-7.498208121349749e-22,4.040096260400911e-07,1.608380807481904e-21,0.0,-3.745170238793142e-17,-1.0711052645031844e-22,5.873957462324365e-09,1.7004664999715925e-06,-1.706340457396465e-06,0.0,0.0,79.99999974069678,-5.1364763532588655e-31,80.0,2.6484956368181887e-32,5.1364763532588655e-31,24.0,0.0,600.0033017753585,0.0,0.00013253303097826574,False,True,APPLY,APPLIED,
13.060000000016235,STOPPED,0.0,0.0,-2.239082471633783e-10,0,1.056931828682034,1.2020315424271893e-16,1.202031542423379e-16,3.0266254941080376e-22,5.176004661455281e-06,1.8489347846938413e-20,0.0,-2.2005106155926195e-16,5.540721099362973e-22,9.647206954664387e-07,0.00027927622262028713,-0.0002802409433155335,0.0,0.0,79.99999974069678,-3.115430391140458e-31,80.0,1.606393805845376e-32,3.115430391140458e-31,24.0,0.0,600.0033017753585,0.0,0.00013303031084888062,False,True,APPLY,APPLIED,
13.070000000016371,STOPPED,0.0,0.0,1.1785097141938541e-10,0,0.29892350647458177,4.874318021996853e-16,4.87431802197246e-16,1.5420857917104305e-21,1.4639592862386503e-06,4.690463039996588e-21,0.0,-2.523681571752589e-16,7.984159993320985e-22,7.716617519589444e-08,2.2338815680764833e-05,-2.2415981855708355e-05,0.0,0.0,79.99999974069678,-1.88960405042722e-31,80.0,9.743270948176892e-33,1.88960405042722e-31,24.0,0.0,600.0033017753585,0.0,0.00013354028817502694,False,True,APPLY,APPLIED,
13.080000000016508,STOPPED,0.0,0.0,-2.8479772472535574e-12,0,0.08454212554379575,1.8014485966366108e-16,1.8014485966326742e-16,3.7661803824160384e-22,4.141040503319062e-07,1.1899235449645387e-21,0.0,-2.6378838210464768e-17,5.514865268061778e-23,6.1723510021462955e-09,1.7868427478657311e-06,-1.7930150988414986e-06,0.0,0.0,79.99999974069678,-1.1461027913012914e-31,80.0,5.909592555956693e-33,1.1461027913012914e-31,24.0,0.0,600.0033017753585,0.0,0.00013401774833710078,False,True,APPLY,APPLIED,
13.090000000016643,STOPPED,0.0,0.0,-5.6230628452694756e-11,0,1.0834430927911325,3.646707007510765e-16,3.646707007510765e-16,1.4106836824154117e-24,5.305800198974556e-06,1.367887899463628e-20,0.0,-6.843331907104191e-16,2.647258612227863e-24,1.0137245449821197e-06,0.0002934622338292037,-0.00029447595837350153,0.0,0.0,79.99999974069678,-6.951464821064656e-32,80.0,3.584349071597295e-33,6.951464821064656e-32,24.0,0.0,600.0033017753585,0.0,0.00013454020484005014,False,True,APPLY,APPLIED,
13.100000000016779,STOPPED,0.0,0.0,-1.0232610591757746e-10,0,0.3064214730656317,1.5313242434717798e-16,1.5313242434639286e-16,-4.903527428796978e-22,1.5006483777997034e-06,3.470164841327734e-21,0.0,-8.127312923607843e-17,-2.6024861824046576e-22,8.108594415629494e-08,2.3473529788927918e-05,-2.3554615733002947e-05,0.0,0.0,79.99999974069678,-4.216276543889535e-32,80.0,2.1740176070362857e-33,4.216276543889535e-32,24.0,0.0,600.0033017753585,0.0,0.00013499898398094956,False,True,APPLY,APPLIED,
13.110000000016916,STOPPED,0.0,0.0,1.1654314048325587e-10,0,0.08666271480112912,6.055746295345942e-16,6.055746295345741e-16,1.5646334092335137e-22,4.244626509538902e-07,8.80336660432363e-22,0.0,-9.089931054127103e-17,2.3485808558798535e-23,6.485895852628875e-09,1.8776065341754614e-06,-1.8840924299371906e-06,0.0,0.0,79.99999974069678,-2.557300993696233e-32,80.0,1.318608333422605e-33,2.557300993696233e-32,24.0,0.0,600.0033017753585,0.0,0.00013550069854773028,False,True,APPLY,APPLIED,
13.120000000017052,STOPPED,0.0,0.0,-2.0612642761126476e-10,0,0.024510117262709408,4.4906792614034636e-17,-4.490679261401835e-17,-3.824746016587869e-23,1.2008894368722887e-07,2.233334642440344e-22,0.0,1.90641766636166e-18,-1.623710568212584e-24,5.187886646461216e-10,1.5018646205794145e-07,-1.5070525072449402e-07,0.0,0.0,79.99999974069678,-1.5510814587903572e-32,80.0,7.997763823733927e-34,1.5510814587903572e-32,24.0,0.0,600.0033017753585,0.0,0.00013599628130123165,False,True,APPLY,APPLIED,
13.130000000017187,STOPPED,0.0,0.0,-2.0906364616788032e-11,0,0.31410751320170915,9.265502452022622e-17,9.265502452016614e-17,-1.0553663724167474e-22,1.5382665825529817e-06,2.567310127423175e-21,0.0,-5.040898201800945e-17,-5.741722563222746e-23,8.52048035414906e-08,2.466588246244048e-05,-2.4751087265931556e-05,0.0,0.0,79.99999974069678,-9.407784604681532e-33,80.0,4.850888968235193e-34,9.407784604681532e-33,24.0,0.0,600.0033017753585,0.0,0.00013647408343331335,False,True,APPLY,APPLIED,
13.140000000017324,STOPPED,0.0,0.0,4.7286965224258905e-11,0,0.0888364951849319,1.2487318250104168e-16,-1.2487318250043007e-16,-3.9082156820141863e-22,4.350889993736537e-07,6.513005270153732e-22,0.0,1.921415208049913e-17,-6.013545020114832e-23,6.815363115152601e-09,1.972980719185608e-06,-1.979796082319974e-06,0.0,0.0,79.99999974069678,-5.706109802711874e-33,80.0,2.942212886096442e-34,5.706109802711874e-33,24.0,0.0,600.0033017753585,0.0,0.00013700128204163775,False,True,APPLY,APPLIED,
13.15000000001746,STOPPED,0.0,0.0,-4.366625367723152e-11,0,0.025124909909153618,1.3016206328986964e-16,1.301620632898431e-16,-8.315169626923506e-23,1.2308273325804756e-07,1.6522867102519413e-22,0.0,-5.664343273515915e-18,-3.61856396203853e-24,5.451439370948023e-10,1.5781527448577146e-07,-1.5836041841720195e-07,0.0,0.0,79.99999974069678,-3.460930543031569e-33,80.0,1.784542322819092e-34,3.460930543031569e-33,24.0,0.0,600.0033017753585,0.0,0.00013746409933901305,False,True,APPLY,APPLIED,
13.160000000017595,STOPPED,0.0,0.0,1.9372175330573816e-11,0,0.3219863440132674,5.326949328277073e-17,-5.326949327267537e-17,1.0370870534243436e-21,1.5768347465345353e-06,1.8993876321807475e-21,0.0,2.97082209910162e-17,5.78380034750445e-22,8.953287047319365e-08,2.5918801432757555e-05,-2.6008334303260458e-05,0.0,0.0,79.99999974069678,-2.099160485484547e-33,80.0,1.0823796323445828e-34,2.099160485484547e-33,24.0,0.0,600.0033017753585,0.0,0.00013796617133721156,False,True,APPLY,APPLIED,
13.170000000017732,STOPPED,0.0,0.0,-4.3364701992875784e-11,0,0.09106480136004069,5.998135390276538e-16,5.99813539027095e-16,-8.187756526540568e-22,4.459876094831623e-07,4.818480548899106e-22,0.0,-9.460790736485364e-17,-1.2914455252876644e-22,7.161562760854651e-09,2.0731995116859175e-06,-2.0803610743521646e-06,0.0,0.0,79.99999974069678,-1.273205194103641e-33,80.0,6.564964324654809e-35,1.273205194103641e-33,24.0,0.0,600.0033017753585,0.0,0.00013848165292529302,False,True,APPLY,APPLIED,
13.180000000017868,STOPPED,0.0,0.0,-1.9051562013987827e-10,0,0.025755123649206967,1.42100479838218e-16,-1.4210047983819636e-16,-7.846000383653585e-23,1.2615674527674653e-07,1.2224047223430583e-22,0.0,6.3389862690829614e-18,-3.500036646908543e-24,5.728371435308025e-10,1.6583159854648506e-07,-1.6640443569635481e-07,0.0,0.0,79.99999974069678,-7.722379863292366e-34,80.0,3.981852142822804e-35,7.722379863292366e-34,24.0,0.0,600.0033017753585,0.0,0.00013894829373839457,False,True,APPLY,APPLIED,
13.190000000018003,STOPPED,0.0,0.0,2.037894599287737e-10,0,0.3300628012565451,5.828736140315888e-16,5.82873614029677e-16,1.492844222836677e-21,1.6163749239374028e-06,1.4051730655744558e-21,0.0,-3.3322041764212704e-16,8.534374578579918e-22,9.408077499091251e-08,2.7235363193329404e-05,-2.7329443967987105e-05,0.0,0.0,79.99999974069678,-4.683860153034291e-34,80.0,2.415115407064487e-35,4.683860153034291e-34,24.0,0.0,600.0033017753585,0.0,0.0001394758679680308,False,True,APPLY,APPLIED,
13.20000000001814,STOPPED,0.0,0.0,-3.815384591039501e-11,0,0.0933490004904084,5.95904597428937e-16,-5.959045974289345e-16,-5.380467581838712e-23,4.571637171980537e-07,3.564865712355118e-22,0.0,9.634896097945696e-17,-8.699420403467869e-24,7.525345468333047e-09,2.178508973139567e-06,-2.186034318704249e-06,0.0,0.0,79.99999974069678,-2.840904788621618e-34,80.0,1.464841541128975e-35,2.840904788621618e-34,24.0,0.0,600.0033017753585,0.0,0.00013994020775953686,False,True,APPLY,APPLIED,
13.210000000018276,STOPPED,0.0,0.0,-2.4336384852234992e-11,0,0.026401145157302852,5.828696565008339e-16,5.828696565008239e-16,1.087006918021667e-22,1.2931156426701416e-07,9.043693268425829e-23,0.0,-2.6653536389036146e-17,4.970678799609871e-24,6.01936447706795e-10,1.74255116404244e-07,-1.7485705282529725e-07,0.0,0.0,79.99999974069678,-1.7230958556234573e-34,80.0,8.88471306315432e-36,1.7230958556234573e-34,24.0,0.0,600.0033017753585,0.0,0.00014043055273305072,False,True,APPLY,APPLIED,
13.22000000001841,STOPPED,0.0,0.0,7.58682623645296e-11,0,0.3383418417463208,3.1848711871079297e-16,3.1848711870339863e-16,2.1702549970474466e-21,1.6569102146183906e-06,1.0396109336143021e-21,0.0,-1.8664149661839852e-16,1.2718242494123192e-21,9.885968611744713e-08,2.8618800469073102e-05,-2.8717660155003914e-05,0.0,0.0,79.99999974069678,-1.0451104660594054e-34,80.0,5.3888508755524695e-36,1.0451104660594054e-34,24.0,0.0,600.0033017753585,0.0,0.0001409469165309929,False,True,APPLY,APPLIED,
13.230000000018547,STOPPED,0.0,0.0,7.780603525380444e-11,0,0.09569049466294846,3.114497115087325e-16,3.1144971150864285e-16,2.362263571446342e-22,4.686231353047712e-07,2.6373652167230274e-22,0.0,-5.161992389598448e-17,3.9152345073229294e-23,7.907605002254266e-09,2.2891676922099424e-06,-2.2970752971605763e-06,0.0,0.0,79.99999974069678,-6.338915404515917e-35,80.0,3.2685032766418556e-36,6.338915404515917e-35,24.0,0.0,600.0033017753585,0.0,0.00014141505346287886,False,True,APPLY,APPLIED,
13.240000000018684,STOPPED,0.0,0.0,8.395485590680552e-11,0,0.027063371079498244,3.8971258173247586e-16,3.8971258173245703e-16,1.2109593433541026e-22,1.3254818796409843e-07,6.690742069205013e-23,0.0,-1.8267829386446037e-17,5.676388115897689e-24,6.325134347716978e-10,1.8310651354665554e-07,-1.8373902696315938e-07,0.0,0.0,79.99999974069678,-3.844746542163635e-35,80.0,1.9824474486544997e-36,3.844746542163635e-35,24.0,0.0,600.0033017753585,0.0,0.00014193030222031666,False,True,APPLY,APPLIED,
13.250000000018819,STOPPED,0.0,0.0,-3.023407594972856e-11,0,0.3468285481323122,2.877877975649225e-16,2.877877975616202e-16,-1.3786704194023691e-21,1.698464661283681e-06,7.691616474006755e-22,0.0,-1.7288122882248067e-16,-8.282013284297188e-22,1.0388134046345388e-07,3.00725104498919e-05,-3.017639179018247e-05,0.0,0.0,79.99999974069678,-2.331956656646392e-35,80.0,1.202415158878049e-36,2.331956656646392e-35,24.0,0.0,600.0033017753585,0.0,0.0001424148418891491,False,True,APPLY,APPLIED,
13.260000000018955,STOPPED,0.0,0.0,4.4426927532546134e-11,0,0.09809072126180496,2.996909173761344e-16,-2.996909173761241e-16,7.854529457210525e-23,4.803721427841432e-07,1.9511607374734708e-22,0.0,5.091692133840654e-17,1.3344697329103075e-23,8.309280399875958e-09,2.405447399415279e-06,-2.4137566798660723e-06,0.0,0.0,79.99999974069678,-1.4144032093770094e-35,80.0,7.293016595627772e-37,1.4144032093770094e-35,24.0,0.0,600.0033017753585,0.0,0.00014290676938344404,False,True,APPLY,APPLIED,
13.270000000019092,STOPPED,0.0,0.0,1.0524293002221429e-10,0,0.027742207766137977,6.198216456192661e-16,-6.198216456191884e-16,3.103295626873646e-22,1.358679244648887e-07,4.949906542757354e-23,0.0,2.978299619545073e-17,1.4911618930403007e-23,6.646432739626133e-10,1.9240752293489162e-07,-1.9307216623863723e-07,0.0,0.0,79.99999974069678,-8.57878911683109e-36,80.0,4.423438167041325e-37,8.57878911683109e-36,24.0,0.0,600.0033017753585,0.0,0.00014341020471420052,False,True,APPLY,APPLIED,
13.280000000019227,STOPPED,0.0,0.0,1.1079581218018772e-10,0,0.3555281284714387,3.113602787286162e-16,3.113602787224965e-16,1.952141523710436e-21,1.7410631566484754e-06,5.689710144657716e-22,0.0,-1.917334122489118e-16,1.2021146597972646e-21,1.0915806912645093e-07,3.160006253360097e-05,-3.1709220602535694e-05,0.0,0.0,79.99999974069678,-5.203298622567141e-36,80.0,2.6829508696536276e-37,5.203298622567141e-36,24.0,0.0,600.0033017753585,0.0,0.0001438801924678046,False,True,APPLY,APPLIED,
13.290000000019363,STOPPED,0.0,0.0,3.221281731293836e-11,0,0.10055115343173457,5.655842377408126e-17,5.655842377388019e-17,1.5081390474208348e-22,4.924174050551264e-07,1.443510948261728e-22,0.0,-9.85019848475491e-18,2.626570538639884e-23,8.731358225032837e-09,2.527633614113057e-06,-2.5363649723282405e-06,0.0,0.0,79.99999974069678,-3.155960146227497e-36,80.0,1.6272919609476045e-37,3.155960146227497e-36,24.0,0.0,600.0033017753585,0.0,0.00014439712015246187,False,True,APPLY,APPLIED,
13.3000000000195,STOPPED,0.0,0.0,2.1709091501083298e-10,0,0.028438071877815746,3.691408893838694e-16,-3.6914088938386937e-16,7.150035817381223e-24,1.3927232201093777e-07,3.662061453814016e-23,0.0,1.818247207206453e-17,3.5218348985462467e-25,6.984049277504974e-10,2.0218098303195373e-07,-2.028793879778867e-07,0.0,0.0,79.99999974069678,-1.914186589518154e-36,80.0,9.870024666186213e-38,1.914186589518154e-36,24.0,0.0,600.0033017753585,0.0,0.0001448684685101398,False,True,APPLY,APPLIED,
13.310000000019635,STOPPED,0.0,0.0,7.111064716263735e-11,0,0.36444592199336273,3.1757413108716456e-16,3.1757413108714454e-16,1.1278975551261606e-22,1.7847314059764284e-06,4.209703083041354e-22,0.0,-2.0046513040991083e-16,7.119727594471867e-23,1.147028295263236e-07,3.320520751439806e-05,-3.331991034372392e-05,0.0,0.0,79.99999974069678,-1.1610128549535272e-36,80.0,5.986472572161915e-38,1.1610128549535272e-36,24.0,0.0,600.0033017753585,0.0,0.00014536231958572898,False,True,APPLY,APPLIED,
13.320000000019771,STOPPED,0.0,0.0,-1.8521118611511227e-11,0,0.10307330111180484,5.759197325874612e-16,5.759197325874196e-16,2.1855094816340703e-22,5.047659205070567e-07,1.0679838748597245e-22,0.0,-1.0281790999514767e-16,3.901750617108733e-23,9.174875043213461e-09,2.6560263505211973e-06,-2.6652012254615927e-06,0.0,0.0,79.99999974069678,-7.0418989284981415e-37,80.0,3.630979158544969e-38,7.0418989284981415e-37,24.0,0.0,600.0033017753585,0.0,0.0001458865068570958,False,True,APPLY,APPLIED,
13.330000000019908,STOPPED,0.0,0.0,8.832757701690522e-11,0,0.029151390572509175,4.976724083821911e-17,-4.9767240838185984e-17,5.74296316504877e-23,1.4276311731387324e-07,2.7094305003142256e-23,0.0,2.5128320757976307e-18,2.8997191340767424e-24,7.338813509972024e-10,2.1245089307774424e-07,-2.131847744312542e-07,0.0,0.0,79.99999974069678,-4.271127602731685e-37,80.0,2.2023001844351135e-38,4.271127602731685e-37,24.0,0.0,600.0033017753585,0.0,0.0001463429058503607,False,True,APPLY,APPLIED,
13.340000000020042,STOPPED,0.0,0.0,9.334227190255905e-12,0,0.3735874028699236,2.224581674391088e-16,2.2245816742363043e-16,-2.624228910098126e-21,1.829495898191257e-06,3.114335006262149e-22,0.0,-1.4394653202751135e-16,-1.6980660014897452e-21,1.2052923765043477e-07,3.4891886895773655e-05,-3.501241613328015e-05,0.0,0.0,79.99999974069678,-2.5905698426016986e-37,80.0,1.3357625837506892e-38,2.5905698426016986e-37,24.0,0.0,600.0033017753585,0.0,0.00014686182805689896,False,True,APPLY,APPLIED,
13.350000000020179,STOPPED,0.0,0.0,-1.3128185604721702e-10,0,0.10565871253247425,2.3619562868500883e-16,2.3619562868413975e-16,6.407540599726283e-22,5.174249852307396e-07,7.901432775085391e-23,0.0,-4.322527824849412e-17,1.172620030511524e-22,9.640920082374117e-09,2.790940883505008e-06,-2.8005818035441573e-06,0.0,0.0,79.99999974069678,-1.5712600356648698e-37,80.0,8.101809611417618e-39,1.5712600356648698e-37,24.0,0.0,600.0033017753585,0.0,0.00014735450406533346,False,True,APPLY,APPLIED,
13.360000000020316,STOPPED,0.0,0.0,2.1703061113197154e-10,0,0.029882601612514065,1.7939503704749664e-16,-1.7939503704744632e-16,1.3438205015954295e-22,1.4634219782688473e-07,2.004559931216457e-23,0.0,9.285161381972673e-18,6.955370913478706e-24,7.711596903208481e-10,2.232424697830571e-07,-2.240136294826631e-07,0.0,0.0,79.99999974069678,-9.530173860119139e-38,80.0,4.913995928479305e-39,9.530173860119139e-38,24.0,0.0,600.0033017753585,0.0,0.00014783408789753594,False,True,APPLY,APPLIED,
13.37000000002045,STOPPED,0.0,0.0,-1.6877717404294633e-10,0,0.38295818156963896,6.286920010326403e-16,6.286920010308535e-16,-1.4989862040604744e-21,1.8753838783075374e-06,2.304344240813739e-22,0.0,-4.170133077448636e-16,-9.942820875616874e-22,1.2665160029075504e-07,3.6664242207781155e-05,-3.67908938076549e-05,0.0,0.0,79.99999974069678,-5.780342638554189e-38,80.0,2.980489192325765e-39,5.780342638554189e-38,24.0,0.0,600.0033017753585,0.0,0.00014836047250810225,False,True,APPLY,APPLIED,
13.380000000020587,STOPPED,0.0,0.0,5.205652933746518e-12,0,0.10830897421559241,5.793007527897738e-16,-5.7930075278941e-16,6.492466324605066e-22,5.304021623088344e-07,5.846163602703879e-23,0.0,1.0867487839749135e-16,1.2179649084287004e-22,1.0130637750406509e-08,2.9327084739084657e-06,-2.9428391117675462e-06,0.0,0.0,79.99999974069678,-3.505955033927351e-38,80.0,1.8077580760877277e-39,3.505955033927351e-38,24.0,0.0,600.0033017753585,0.0,0.00014881979461733863,False,True,APPLY,APPLIED,
13.390000000020724,STOPPED,0.0,0.0,3.4799841293051076e-11,0,0.030632153703069757,8.832434207719061e-17,-8.832434207705544e-17,-1.5454112104280827e-22,1.5001157587352385e-07,1.4831392811721968e-23,0.0,4.686175735268002e-18,-8.199402730223237e-24,8.103315043358927e-10,2.3458221012212259e-07,-2.3539254163114466e-07,0.0,0.0,79.99999974069678,-2.1264692196507962e-38,80.0,1.0964606984903365e-39,2.1264692196507962e-38,24.0,0.0,600.0033017753585,0.0,0.0001493237374461387,False,True,APPLY,APPLIED,
13.400000000020858,STOPPED,0.0,0.0,-6.3402023173538176e-12,0,0.3925640094737019,1.3746183396972543e-16,1.3746183396628467e-16,9.726005622542097e-22,1.9224233454459784e-06,1.704896790654217e-22,0.0,-9.346591068045293e-17,6.6131081374436945e-22,1.330849509410214e-07,3.852662538351719e-05,-3.8659710334364744e-05,0.0,0.0,79.99999974069678,-1.2897687786534134e-38,80.0,6.6503703080432226e-40,1.2897687786534134e-38,24.0,0.0,600.0033017753585,0.0,0.0001498190882784911,False,True,APPLY,APPLIED,
13.410000000020995,STOPPED,0.0,0.0,4.898966291172118e-11,0,0.11102571294377334,5.776866875045612e-16,-5.776866875035509e-16,1.0803880628855803e-21,5.437052693419014e-07,4.324765198717187e-23,0.0,1.1109040691750843e-16,2.0776097515818956e-22,1.0645230634340022e-08,3.08167723366829e-06,-3.0923224644137207e-06,0.0,0.0,79.99999974069678,-7.82284308193415e-39,80.0,4.03365349027078e-40,7.82284308193415e-39,24.0,0.0,600.0033017753585,0.0,0.0001503017525692485,False,True,APPLY,APPLIED,
13.420000000021131,STOPPED,0.0,0.0,1.290296552579685e-10,0,0.03140050700920816,1.7799387038242525e-16,1.7799387038218667e-16,2.914592538296296e-22,1.5377337140838707e-07,1.0972764890811153e-23,0.0,-9.680601313959465e-18,1.5851674158943492e-23,8.514930045131901e-10,2.4649796010883283e-07,-2.473494531036655e-07,0.0,0.0,79.99999974069678,-4.744794175313957e-39,80.0,2.4465345125061163e-40,4.744794175313957e-39,24.0,0.0,600.0033017753585,0.0,0.00015083129403592466,False,True,APPLY,APPLIED,
13.430000000021266,STOPPED,0.0,0.0,-9.720986773004952e-11,0,0.4024107827167045,4.3610281558620097e-16,-4.361028155837166e-16,1.472029766902399e-21,1.970643053701571e-06,1.2613211871726558e-22,0.0,3.039618836764811e-16,1.0259987433891184e-21,1.3984508695093862e-07,4.048360951166769e-05,-4.0623454598922586e-05,0.0,0.0,79.99999974069678,-2.8778631413538456e-39,80.0,1.483898191880066e-40,2.8778631413538456e-39,24.0,0.0,600.0033017753585,0.0,0.00015129378664369142,False,True,APPLY,APPLIED,
13.440000000021403,STOPPED,0.0,0.0,1.7024703202736076e-10,0,0.11381059626833342,3.90379570672701e-16,-3.903795706675449e-16,2.006403782907928e-21,5.573423650670032e-07,3.1993472012475795e-23,0.0,7.695385986571154e-17,3.955138207663065e-22,1.1185962378553805e-08,3.238212955738398e-06,-3.2493989181939056e-06,0.0,0.0,79.99999974069678,-1.7455122296880296e-39,80.0,9.000297492674056e-41,1.7455122296880296e-39,24.0,0.0,600.0033017753585,0.0,0.00015180097909706092,False,True,APPLY,APPLIED,
13.45000000002154,STOPPED,0.0,0.0,3.028877759814775e-11,0,0.03218813308446433,1.6344828893742222e-16,1.6344828893740284e-16,-7.960747469190694e-23,1.5762979731439872e-07,8.117113657460057e-24,0.0,-9.11248432278316e-18,-4.4382346843517685e-24,8.947452749027721e-10,2.5901897786579684e-07,-2.5991372313158716e-07,0.0,0.0,79.99999974069678,-1.058706684209155e-39,80.0,5.45895637584158e-41,1.058706684209155e-39,24.0,0.0,600.0033017753585,0.0,0.00015228032737013564,False,True,APPLY,APPLIED,
13.460000000021674,STOPPED,0.0,0.0,6.507651199087416e-11,0,0.41250454354113913,2.638387027634532e-16,2.6383870275652603e-16,-1.9118899279149182e-21,2.020072505982641e-06,9.321291527706931e-23,0.0,-1.885071670648538e-16,-1.366004874515097e-21,1.4694860677281042e-07,4.25399996105209e-05,-4.26869482171052e-05,0.0,0.0,79.99999974069678,-6.421380636155573e-40,80.0,3.3110244119816995e-41,6.421380636155573e-40,24.0,0.0,600.0033017753585,0.0,0.00015276630222160748,False,True,APPLY,APPLIED,
13.47000000002181,STOPPED,0.0,0.0,-1.0269401961853707e-10,0,0.11666533340041055,5.819829567675505e-16,5.819829567668545e-16,9.002187603582917e-22,5.713217420852455e-07,2.3676429447196525e-23,0.0,-1.1760146189913965e-16,1.8190746140707482e-22,1.1754160761658925e-08,3.402700004357238e-06,-3.414454165001295e-06,0.0,0.0,79.99999974069678,-3.8947642335133865e-40,80.0,2.0082378209239034e-41,3.8947642335133865e-40,24.0,0.0,600.0033017753585,0.0,0.00015329926975482522,False,True,APPLY,APPLIED,
13.480000000021947,STOPPED,0.0,0.0,2.1891125244949842e-10,0,0.03299551539663666,2.6525366367004007e-16,-2.652536636700351e-16,5.127612102297514e-23,1.6158315164039115e-07,6.004531531503704e-24,0.0,1.5159222764239065e-17,2.9304256548793666e-24,9.401945339195136e-10,2.721760090724217e-07,-2.731162036215004e-07,0.0,0.0,79.99999974069678,-2.3622939199780524e-40,80.0,1.2180578103848412e-41,2.3622939199780524e-40,24.0,0.0,600.0033017753585,0.0,0.00015374534507373028,False,True,APPLY,APPLIED,
13.490000000022082,STOPPED,0.0,0.0,-1.9429240225175092e-11,0,0.42285148918185705,1.623148706078885e-16,1.623148706073968e-16,3.9952866708334584e-22,2.0707419883820277e-06,6.901788235989325e-23,0.0,-1.1887945397346923e-16,2.9261490097250165e-22,1.5441295437895427e-07,4.470084547582856e-05,-4.4855258430088625e-05,0.0,0.0,79.99999974069678,-1.4328036897194371e-40,80.0,7.387894073008466e-42,1.4328036897194371e-40,24.0,0.0,600.0033017753585,0.0,0.0001542559936069665,False,True,APPLY,APPLIED,
13.500000000022219,STOPPED,0.0,0.0,1.8644563844589276e-10,0,0.119591676458531,6.410999209492103e-16,6.410999209489361e-16,5.929614351475482e-22,5.856519247803701e-07,1.7516195705663918e-23,0.0,-1.3279670663586945e-16,1.228253555787564e-22,1.235122100268303e-08,3.5755422695404903e-06,-3.587893490410377e-06,0.0,0.0,79.99999974069678,-8.690393671642304e-41,80.0,4.4809842659889044e-42,8.690393671642304e-41,24.0,0.0,600.0033017753585,0.0,0.00015475817929200275,False,True,APPLY,APPLIED,
13.510000000022355,STOPPED,0.0,0.0,1.3344921232061352e-11,0,0.033823149452543666,5.78199628242732e-16,-5.781996282427316e-16,-2.0541664743327977e-23,1.656358107165141e-07,4.442662669813002e-24,0.0,3.3872907805012086e-17,-1.2034008351678085e-24,9.879523865876742e-10,2.860013597222762e-07,-2.8698931214273685e-07,0.0,0.0,79.99999974069678,-5.270990206823724e-41,80.0,2.7178543430121924e-42,5.270990206823724e-41,24.0,0.0,600.0033017753585,0.0,0.00015522691376190778,False,True,APPLY,APPLIED,
13.52000000002249,STOPPED,0.0,0.0,-1.42142087110317e-10,0,0.43345797103732675,5.267825094574592e-16,-5.267825094572702e-16,-4.462681895670736e-22,2.1226825592258837e-06,5.1026704036864895e-23,0.0,3.9549315192629456e-16,-3.3504531704046273e-22,1.62256458913343e-07,4.697145316394901e-05,-4.713370962325785e-05,0.0,0.0,79.99999974069678,-3.1970171674836394e-41,80.0,1.6484619876700392e-42,3.1970171674836394e-41,24.0,0.0,600.0033017753585,0.0,0.00015576348744161805,False,True,APPLY,APPLIED,
13.530000000022627,STOPPED,0.0,0.0,1.1377371998110741e-10,0,0.12259142243798289,6.338313008628897e-17,6.338313008282665e-17,6.624985454282706e-22,6.003416727987853e-07,1.2955393226685017e-23,0.0,-1.3458429813034972e-17,1.4067134525049243e-22,1.297860937421216e-08,3.7571642138419947e-06,-3.770142823202748e-06,0.0,0.0,79.99999974069678,-1.9390889317064748e-41,80.0,9.998427368927122e-43,1.9390889317064748e-41,24.0,0.0,600.0033017753585,0.0,0.00015623308138401626,False,True,APPLY,APPLIED,
13.540000000022763,STOPPED,0.0,0.0,-5.714921495294089e-11,0,0.03467154337725141,3.7878241534335163e-16,3.787824153433497e-16,-3.94573253891342e-23,1.697902266063667e-07,3.2876188432756382e-24,0.0,-2.2746972929536467e-17,-2.369525816648273e-24,1.0381361151898953e-09,3.0052898004015657e-07,-3.0156711613259945e-07,0.0,0.0,79.99999974069678,-1.1761168889893995e-41,80.0,6.064352748164246e-43,1.1761168889893995e-41,24.0,0.0,600.0033017753585,0.0,0.000156725625515719,False,True,APPLY,APPLIED,
13.550000000022898,STOPPED,0.0,0.0,1.6496453118773209e-12,0,0.44433049760141663,4.420825140130313e-16,4.42082514010653e-16,-1.4500973113479771e-21,2.175926058612364e-06,3.776596484187417e-23,0.0,-3.40228027791432e-16,-1.115999237045767e-21,1.7049837885712316e-07,4.935739777468064e-05,-4.952789615319753e-05,0.0,0.0,79.99999974069678,-7.133509525779132e-42,80.0,3.678215873074196e-43,7.133509525779132e-42,24.0,0.0,600.0033017753585,0.0,0.00015723196031558473,False,True,APPLY,APPLIED,
13.560000000023035,STOPPED,0.0,0.0,-1.1514841215044279e-10,0,0.12566641134837694,3.839853822247638e-16,-3.83985382224705e-16,-2.123940956860934e-22,6.153999676553642e-07,9.582047291117201e-24,0.0,8.357849224205505e-17,-4.6229828266740255e-23,1.36378661874713e-08,3.948011735294871e-06,-3.961649601565921e-06,0.0,0.0,79.99999974069678,-4.3266922387371935e-42,80.0,2.230950700061183e-43,4.3266922387371935e-42,24.0,0.0,600.0033017753585,0.0,0.00015770567426898197,False,True,APPLY,APPLIED,
13.570000000023171,STOPPED,0.0,0.0,-1.4100232929122107e-11,0,0.035541217691293696,2.783316959317197e-16,2.783316959317145e-16,5.380385723946669e-23,1.7404892227770751e-07,2.4318625332918846e-24,0.0,-1.7133875090040022e-17,3.31212212986852e-24,1.0908689380900267e-09,3.157945387449821e-07,-3.1688540766593814e-07,0.0,0.0,79.99999974069678,-2.624271497934815e-42,80.0,1.353139999894478e-43,2.624271497934815e-42,24.0,0.0,600.0033017753585,0.0,0.00015822323769043578,False,True,APPLY,APPLIED,
13.580000000023306,STOPPED,0.0,0.0,5.756304377109288e-12,0,0.4554757417260163,6.110779629833739e-16,-6.110779629798011e-16,2.089598748771234e-21,2.230505140744043e-06,2.7917345673664684e-23,0.0,4.820837597102299e-16,1.648499343982296e-21,1.7915895173021633e-07,5.186453782521618e-05,-5.204369677742847e-05,0.0,0.0,79.99999974069678,-1.591701122907471e-42,80.0,8.207208968195539e-44,1.591701122907471e-42,24.0,0.0,600.0033017753585,0.0,0.0001586975546388203,False,True,APPLY,APPLIED,
13.590000000023442,STOPPED,0.0,0.0,9.159102497038105e-11,0,0.12881853106133492,3.594524844537023e-16,3.594524844536518e-16,-1.9050496801466347e-22,6.308360333477172e-07,7.081118407851407e-24,0.0,-8.02011248711457e-17,-4.250551432420948e-23,1.433061034980787e-08,4.148553486200028e-06,-4.162884096469635e-06,0.0,0.0,79.99999974069678,-9.654155321424123e-43,80.0,4.977923869879106e-44,9.654155321424123e-43,24.0,0.0,600.0033017753585,0.0,0.00015919534291697346,False,True,APPLY,APPLIED,
13.600000000023579,STOPPED,0.0,0.0,1.7188620154105254e-10,0,0.036432706255258414,5.006201981168958e-16,5.006201981168939e-16,-4.515588932709054e-23,1.7841449317588932e-07,1.7984514026101045e-24,0.0,-3.15907856924401e-17,-2.8494855539086006e-24,1.1462803465024248e-09,3.3183552127048646e-07,-3.3298180158539816e-07,0.0,0.0,79.99999974069678,-5.855541196071635e-43,80.0,3.019263448797055e-44,5.855541196071635e-43,24.0,0.0,600.0033017753585,0.0,0.00015970083916272415,False,True,APPLY,APPLIED,
13.610000000023714,STOPPED,0.0,0.0,-1.3645308853721716e-10,0,0.46690054469345055,9.189727442469785e-17,-9.189727434161232e-17,-3.907769919094777e-21,2.286453290941786e-06,2.0705364707967974e-23,0.0,7.431690905101121e-17,-3.1601958137528815e-21,1.8825944379898785e-07,5.449902965876021e-05,-5.468728910263351e-05,0.0,0.0,79.99999974069678,-3.5515652646278495e-43,80.0,1.831275851445128e-44,3.5515652646278495e-43,24.0,0.0,600.0033017753585,0.0,0.00016017962173009437,False,True,APPLY,APPLIED,
13.62000000002385,STOPPED,0.0,0.0,1.5564910767510494e-11,0,0.1320497158312317,3.4588334747242187e-16,3.4588334746924803e-16,1.4817282799875863e-21,6.466593269744651e-07,5.244195836615484e-24,0.0,-7.910933826735297e-17,3.3889617577538533e-22,1.505854278970751e-08,4.359281862777262e-06,-4.374340405487863e-06,0.0,0.0,79.99999974069678,-2.1541332229672124e-43,80.0,1.1107249502928328e-44,2.1541332229672124e-43,24.0,0.0,600.0033017753585,0.0,0.00016070270578438794,False,True,APPLY,APPLIED,
13.630000000023987,STOPPED,0.0,0.0,2.1222468786966928e-10,0,0.0373465562252316,5.386335631822601e-16,5.386335631822591e-16,3.3798614195237834e-23,1.8288960517340526e-07,1.3310418499357923e-24,0.0,-3.484212223615698e-17,2.186301651328023e-24,1.2045064031725062e-09,3.486913154710964e-07,-3.4989582183942676e-07,0.0,0.0,79.99999974069678,-1.306547844835211e-43,80.0,6.736887368603972e-45,1.306547844835211e-43,24.0,0.0,600.0033017753585,0.0,0.000161156838316856,False,True,APPLY,APPLIED,
13.640000000024122,STOPPED,0.0,0.0,1.8957215183009562e-12,0,0.47861191927301944,5.644587469772301e-16,-5.644587469715286e-16,2.5370314750479347e-21,2.343804839224507e-06,1.527699193808873e-23,0.0,4.679251031054015e-16,2.103148761369063e-21,1.978222015287652e-07,5.7267342317550824e-05,-5.746516451954752e-05,0.0,0.0,79.99999974069678,-7.924613262740245e-44,80.0,4.086128740089097e-45,7.924613262740245e-44,24.0,0.0,600.0033017753585,0.0,0.00016165992985861521,False,True,APPLY,APPLIED,
13.650000000024258,STOPPED,0.0,0.0,-1.7404688034398067e-10,0,0.1353619494141126,3.1696268393893977e-16,3.169626839384761e-16,-5.421628700461218e-22,6.628795521813103e-07,3.887102644145673e-24,0.0,-7.431309740214166e-17,-1.2711213089504308e-22,1.582345105075083e-08,4.580714337297195e-06,-4.596537788273633e-06,0.0,0.0,79.99999974069678,-4.806520910217349e-44,80.0,2.4783623603970037e-45,4.806520910217349e-44,24.0,0.0,600.0033017753585,0.0,0.00016215200923852535,False,True,APPLY,APPLIED,
13.660000000024395,STOPPED,0.0,0.0,3.124970901459089e-11,0,0.038283328542912935,1.7792918394824066e-16,-1.7792918394813614e-16,-1.9283556847216008e-22,1.8747699543818472e-07,9.844984097158227e-25,0.0,1.1798247562991323e-17,-1.2786670097043464e-23,1.2656900854491453e-09,3.664033110811531e-07,-3.676690011784004e-07,0.0,0.0,79.99999974069678,-2.915302298596709e-44,80.0,1.503202757458561e-45,2.915302298596709e-44,24.0,0.0,600.0033017753585,0.0,0.00016262921019460919,False,True,APPLY,APPLIED,
13.67000000002453,STOPPED,0.0,0.0,-3.188714995066957e-10,0,0.49061705259931165,1.0800134866024996e-16,1.0800134860967737e-16,-3.3051198427685146e-21,2.402594972732057e-06,1.1477130999173259e-23,0.0,-9.1776701526448e-17,-2.8086037926751146e-21,2.0787070518179448e-07,6.017627307530895e-05,-6.038414378039896e-05,0.0,0.0,79.99999974069678,-1.7682202264296274e-44,80.0,9.117385601631953e-46,1.7682202264296274e-44,24.0,0.0,600.0033017753585,0.0,0.00016315784307607828,False,True,APPLY,APPLIED,
13.680000000024666,STOPPED,0.0,0.0,1.0572346365790015e-11,0,0.13875726431024182,5.268586576703962e-16,-5.268586576702213e-16,-4.292698554649082e-22,6.795066544188252e-07,2.8789762725966705e-24,0.0,1.266223814515539e-16,-1.0316841261174722e-22,1.6627213242417758e-08,4.813394599715578e-06,-4.8300218130846175e-06,0.0,0.0,79.99999974069678,-1.0724797804535896e-44,80.0,5.529973903812323e-46,1.0724797804535896e-44,24.0,0.0,600.0033017753585,0.0,0.00016361710061119084,False,True,APPLY,APPLIED,
13.690000000024803,STOPPED,0.0,0.0,7.159411306357685e-11,0,0.03924359806037246,2.1625740190589685e-17,2.1625740189738763e-17,-1.9184327330499167e-22,1.9217947192289407e-07,7.288317457773137e-25,0.0,-1.4699427731372752e-18,-1.3039952884619116e-23,1.3299816210624252e-09,3.850149971810174e-07,-3.863449788006099e-07,0.0,0.0,79.99999974069678,-6.504918687669796e-45,80.0,3.3540987200729535e-46,6.504918687669796e-45,24.0,0.0,600.0033017753585,0.0,0.00016411854051057162,False,True,APPLY,APPLIED,
13.700000000024938,STOPPED,0.0,0.0,-1.0558765399664579e-10,0,0.5029233126417312,9.704505175235106e-17,-9.704505172494395e-17,-2.3063946031272135e-21,2.4628597667600034e-06,8.375203702099405e-24,0.0,8.453485084107056e-17,-2.009074345267624e-21,2.1842962815434513e-07,6.323296459963313e-05,-6.345139422787199e-05,0.0,0.0,79.99999974069678,-3.9454326230094166e-45,80.0,2.034363709427157e-46,3.9454326230094166e-45,24.0,0.0,600.0033017753585,0.0,0.00016463558915802423,False,True,APPLY,APPLIED,
13.710000000025074,STOPPED,0.0,0.0,4.896488368520118e-11,0,0.14223774458003913,7.062478559253257e-17,-7.062478558752562e-17,8.40969253983488e-22,6.96550833733716e-07,2.1325750167382745e-24,0.0,1.7399334077592918e-17,2.071837086290093e-22,1.7471803001150674e-08,5.057893995804114e-06,-5.075365798822663e-06,0.0,0.0,79.99999974069678,-2.393025851685657e-45,80.0,1.2339039627742986e-46,2.393025851685657e-45,24.0,0.0,600.0033017753585,0.0,0.00016509853469415248,False,True,APPLY,APPLIED,
13.72000000002521,STOPPED,0.0,0.0,2.77773988254761e-11,0,0.040227954199478784,3.748928074006125e-16,-3.7489280740061206e-16,1.9168483309134213e-23,1.969999160101565e-07,5.3859636076145625e-25,0.0,2.6121353865468722e-17,1.3355997391791816e-24,1.3975388795986078e-09,4.045720747688407e-07,-4.0596961367456063e-07,0.0,0.0,79.99999974069678,-1.4514435485322935e-45,80.0,7.484005845635308e-47,1.4514435485322935e-45,24.0,0.0,600.0033017753585,0.0,0.00016562544681164582,False,True,APPLY,APPLIED,
13.730000000025345,STOPPED,0.0,0.0,1.3724579736059852e-10,0,0.5155382530878292,5.497351772812622e-16,5.497351772559809e-16,5.2722001352342075e-21,2.5246362077320136e-06,6.126306411720861e-24,0.0,-4.908796757664507e-16,4.707750204168732e-21,2.2952489789230176e-07,6.644492259921266e-05,-6.667444749661407e-05,0.0,0.0,79.99999974069678,-8.80345013026942e-46,80.0,4.539279002846412e-47,8.80345013026942e-46,24.0,0.0,600.0033017753585,0.0,0.0001660917993149269,False,True,APPLY,APPLIED,
13.740000000025482,STOPPED,0.0,0.0,1.742634296065939e-10,0,0.14580552661044247,3.3282797000630526e-16,-3.3282797000629037e-16,-9.962760524639099e-23,7.140225481491329e-07,1.5800442169469943e-24,0.0,8.405323427936786e-17,-2.516021248231636e-23,1.8359294236226008e-08,5.314812897537112e-06,-5.333172191857392e-06,0.0,0.0,79.99999974069678,-5.339562415259613e-46,80.0,2.7532118882161553e-47,5.339562415259613e-46,24.0,0.0,600.0033017753585,0.0,0.00016657804155784106,False,True,APPLY,APPLIED,
13.750000000025619,STOPPED,0.0,0.0,-2.5038088103722965e-10,0,0.04123700129052433,7.794046990872752e-17,-7.794046990869617e-17,-6.99013730712815e-23,2.0194128341956413e-07,3.9925197046321673e-25,0.0,5.566865436332474e-18,-4.99267631017444e-24,1.4685277570569712e-09,4.251225688586763e-07,-4.265910966213001e-07,0.0,0.0,79.99999974069678,-3.23860831430421e-46,80.0,1.6699074228884176e-47,3.23860831430421e-46,24.0,0.0,600.0033017753585,0.0,0.00016709354679278476,False,True,APPLY,APPLIED,
13.760000000025753,STOPPED,0.0,0.0,1.0884276128291361e-11,0,0.5284696177989007,4.1718029380736153e-16,4.1718029377256024e-16,-5.388583333345183e-21,2.5879622147600947e-06,4.497794580757088e-24,0.0,-3.818602366162706e-16,-4.9323655441554946e-21,2.4118375953030284e-07,6.982003423412903e-05,-7.006121799327749e-05,0.0,0.0,79.99999974069678,-1.964315237425761e-46,80.0,1.0128500508635399e-47,1.964315237425761e-46,24.0,0.0,600.0033017753585,0.0,0.00016756404386342183,False,True,APPLY,APPLIED,
13.77000000002589,STOPPED,0.0,0.0,-1.4579297366847213e-10,0,0.14946280019316202,3.283810725583973e-16,3.283810725577736e-16,6.400403700135219e-22,7.319325182411221e-07,1.168069497804373e-24,0.0,-8.501036070150095e-17,1.656918356911448e-22,1.929186615102912e-08,5.584782160395269e-06,-5.604074026461289e-06,0.0,0.0,79.99999974069678,-1.1914174168394316e-46,80.0,6.143246095402406e-48,1.1914174168394316e-46,24.0,0.0,600.0033017753585,0.0,0.00016807500799131958,False,True,APPLY,APPLIED,
13.780000000026027,STOPPED,0.0,0.0,1.5806052569349668e-10,0,0.04227135849202464,1.6657464765621736e-17,1.6657464764254468e-17,-2.134255472174151e-22,2.0700660358472017e-07,2.944407551519322e-25,0.0,-1.21959528243816e-18,-1.5626194875468863e-23,1.5431225537982177e-09,4.4671693719031594e-07,-4.4826005974289434e-07,0.0,0.0,79.99999974069678,-7.226311918287469e-47,80.0,3.7260671070215066e-48,7.226311918287469e-47,24.0,0.0,600.0033017753585,0.0,0.0001685587645852138,False,True,APPLY,APPLIED,
13.790000000026161,STOPPED,0.0,0.0,1.7756791657124816e-11,0,0.5417253431892725,3.730552590337377e-16,3.730552590167821e-16,3.556797369257975e-21,2.6528766507375267e-06,3.4896682092080855e-24,0.0,-3.5003618947487374e-16,3.337328097579105e-21,2.534348406179547e-07,7.336658686338378e-05,-7.36200217036517e-05,0.0,0.0,79.99999974069678,-4.38297973508819e-47,80.0,2.2599739405553112e-48,4.38297973508819e-47,24.0,0.0,600.0033017753585,0.0,0.0001690531377107618,False,True,APPLY,APPLIED,
13.800000000026298,STOPPED,0.0,0.0,-4.6248439322525174e-12,0,0.15321181003067172,2.96056465267347e-16,-2.9605646526721e-16,2.8480920085554307e-22,7.502917344410285e-07,8.627235294986656e-25,0.0,7.856469345470081e-17,7.557999971649112e-23,2.0271808644538703e-08,5.86846468321866e-06,-5.888736491941764e-06,0.0,0.0,79.99999974069678,-2.658411590230156e-47,80.0,1.370743485098379e-48,2.658411590230156e-47,24.0,0.0,600.0033017753585,0.0,0.00016957097761860496,False,True,APPLY,APPLIED,
13.810000000026434,STOPPED,0.0,0.0,1.2647915706097924e-11,0,0.04333166069965992,4.755566231676702e-16,-4.7555662316763645e-16,-1.7919179353629138e-22,2.1219898373752085e-07,2.187101082507151e-25,0.0,3.569177904342151e-17,-1.344881679505991e-23,1.621506438005204e-09,4.6940820474761305e-07,-4.7102971122131003e-07,0.0,0.0,79.99999974069678,-1.6124081356100145e-47,80.0,8.313979503135179e-49,1.6124081356100145e-47,24.0,0.0,600.0033017753585,0.0,0.0001700402295909953,False,True,APPLY,APPLIED,
13.82000000002657,STOPPED,0.0,0.0,1.4645302123082692e-10,0,0.5553135643572034,4.458785060624512e-16,-4.458785060604957e-16,-1.3205653058121424e-21,2.7194193522594463e-06,2.4039936552322367e-24,0.0,4.2885990651438643e-16,-1.2701610548586786e-21,2.663082224614399e-07,7.709328868977547e-05,-7.735959691266577e-05,0.0,0.0,79.99999974069678,-9.779749702175633e-48,80.0,5.042683472873912e-49,9.779749702175633e-48,24.0,0.0,600.0033017753585,0.0,0.0001705596893089023,False,True,APPLY,APPLIED,
13.830000000026706,STOPPED,0.0,0.0,1.7605112991158574e-11,0,0.15705485693030882,6.69465500777238e-17,-6.694655007327773e-17,-7.715552796204331e-22,7.691114623872231e-07,6.3007898221812655e-25,0.0,1.8211268626399595e-17,-2.0988386170537946e-22,2.1301527869307326e-08,6.166557021349945e-06,-6.187858549237463e-06,0.0,0.0,79.99999974069678,-5.931718038685045e-48,80.0,3.058542133524222e-49,5.931718038685045e-48,24.0,0.0,600.0033017753585,0.0,0.00017102653657730116,False,True,APPLY,APPLIED,
13.840000000026842,STOPPED,0.0,0.0,1.8054770246049118e-11,0,0.0444185586086534,2.302136688122086e-16,-2.3021366881214427e-16,1.7211756613360165e-22,2.175216089542985e-07,1.6236650695620953e-25,0.0,1.771153472396978e-17,1.32418994274148e-23,1.7038718715305808e-09,4.932520872175943e-07,-4.949559591068366e-07,0.0,0.0,79.99999974069678,-3.5977688552329873e-48,80.0,1.8550995780053415e-49,3.5977688552329873e-48,24.0,0.0,600.0033017753585,0.0,0.00017151962549633026,False,True,APPLY,APPLIED,
13.850000000026977,STOPPED,0.0,0.0,-5.29351117791713e-11,0,0.5692426220979915,2.0677084464035257e-16,-2.0677084461652784e-16,-3.138869665099764e-21,2.787631163621795e-06,1.783608195817466e-24,0.0,2.0386719127738078e-16,-3.0947909682140944e-21,2.7983551589554764e-07,8.100929070324918e-05,-8.12891262193486e-05,0.0,0.0,79.99999974069678,-2.1821571172580393e-48,80.0,1.1251747708802125e-49,2.1821571172580393e-48,24.0,0.0,600.0033017753585,0.0,0.00017204647303969978,False,True,APPLY,APPLIED,
13.860000000027114,STOPPED,0.0,0.0,-1.8272417465536316e-10,0,0.16099429987167058,1.2327327912602458e-16,-1.2327327908929532e-16,-3.009231299442129e-21,7.884032531277722e-07,4.749826173644339e-25,0.0,3.437479173210154e-17,-8.391250720047357e-22,2.2383552328960124e-08,6.479791147792348e-06,-6.502174700155682e-06,0.0,0.0,79.99999974069678,-1.3235451959271431e-48,80.0,6.824529960739896e-50,1.3235451959271431e-48,24.0,0.0,600.0033017753585,0.0,0.00017249823815745913,False,True,APPLY,APPLIED,
13.87000000002725,STOPPED,0.0,0.0,-2.2909333041604346e-11,0,0.04553271951577857,2.3280762641237426e-16,-2.328076264121823e-16,2.9890459012111466e-22,2.22977746076925e-07,1.2116903504194741e-25,0.0,1.8360369640840103e-17,2.3573105600233085e-23,1.7904211150774063e-09,5.183071366256407e-07,-5.200975577590787e-07,0.0,0.0,79.99999974069678,-8.027707408451804e-49,80.0,4.1392866593162213e-50,8.027707408451804e-49,24.0,0.0,600.0033017753585,0.0,0.00017301637274158566,False,True,APPLY,APPLIED,
13.880000000027385,STOPPED,0.0,0.0,-2.2956252242138597e-10,0,0.5835210647129466,1.2603134719689691e-16,1.26031347182532e-16,-1.9028534273646844e-21,2.8575539457474677e-06,1.3958672836832342e-24,0.0,-1.2737838677789532e-16,-1.9231913747646946e-21,2.940499357962318e-07,8.512420824093272e-05,-8.54182581766016e-05,0.0,0.0,79.99999974069678,-4.8690506704282886e-49,80.0,2.5106042682147806e-50,4.8690506704282886e-49,24.0,0.0,600.0033017753585,0.0,0.00017351191820580425,False,True,APPLY,APPLIED,
13.890000000027522,STOPPED,0.0,0.0,1.5744881864092336e-10,0,0.16503255707595701,1.2123892812690396e-16,1.2123892812630593e-16,-3.8080359684778054e-22,8.081789480783873e-07,3.4896682092080855e-25,0.0,-3.4655513980995236e-17,-1.0885071798754686e-22,2.3520538985267944e-08,6.808936223757254e-06,-6.832456762707866e-06,0.0,0.0,79.99999974069678,-2.9532285153091266e-49,80.0,1.5227584630776726e-50,2.9532285153091266e-49,24.0,0.0,600.0033017753585,0.0,0.00017398665534074098,False,True,APPLY,APPLIED,
13.900000000027658,STOPPED,0.0,0.0,-5.761928641233787e-11,0,0.04667482726589207,6.28810647373095e-16,6.288106473730033e-16,3.400752432241736e-22,2.2857074319550607e-07,9.027093110625082e-26,0.0,-5.083504748388549e-17,2.74927614667012e-23,1.88136668789709e-09,5.446348750752155e-07,-5.465162417122775e-07,0.0,0.0,79.99999974069678,-1.7912236396726134e-49,80.0,9.235996951935007e-51,1.7912236396726134e-49,24.0,0.0,600.0033017753585,0.0,0.00017451226051434787,False,True,APPLY,APPLIED,
13.910000000027793,STOPPED,0.0,0.0,9.284780871535786e-11,0,0.5981576593889822,3.098381054026345e-16,3.098381054026329e-16,3.0662809998744404e-23,2.9292306316760023e-06,1.0856745539758488e-24,0.0,-3.210045024786938e-16,3.176788104649036e-23,3.0898638874467853e-07,8.944814637142646e-05,-8.975713275985013e-05,0.0,0.0,79.99999974069678,-1.0864320558634988e-49,80.0,5.601915324361033e-51,1.0864320558634988e-49,24.0,0.0,600.0033017753585,0.0,0.00017497466944860207,False,True,APPLY,APPLIED,
13.92000000002793,STOPPED,0.0,0.0,2.498875857470399e-10,0,0.1691721067545113,6.219240288209444e-17,6.219240285831723e-17,1.719744686171581e-21,8.284506826982666e-07,2.520315928872506e-25,0.0,-1.8223287278335392e-17,5.039104459886979e-22,2.471527957577403e-08,7.154800425939942e-06,-7.179515705497496e-06,0.0,0.0,79.99999974069678,-6.58954351575844e-50,80.0,3.3977333973390264e-51,6.58954351575844e-50,24.0,0.0,600.0033017753585,0.0,0.00017547354275393445,False,True,APPLY,APPLIED,
13.930000000028066,STOPPED,0.0,0.0,1.3486190383382443e-10,0,0.04784558269749319,5.949096534334857e-16,-5.949096534334761e-16,-1.0630761554505915e-22,2.3430403194934652e-07,6.54312789226516e-26,0.0,4.9300746080607974e-17,-8.80981629869828e-24,1.9769318933801438e-09,5.722999459156651e-07,-5.74276877858346e-07,0.0,0.0,79.99999974069678,-3.996760175818095e-50,80.0,2.060829479015698e-51,3.996760175818095e-50,24.0,0.0,600.0033017753585,0.0,0.0001759681914563771,False,True,APPLY,APPLIED,
13.940000000028201,STOPPED,0.0,0.0,-2.1945504458894238e-10,0,0.6131613845260794,5.781941445221102e-16,5.781941445217688e-16,-6.283489415181158e-22,3.0027051889449375e-06,7.754818242684634e-25,0.0,-6.140576026360155e-16,-6.673233347389432e-22,3.246815454793324e-07,9.399172086848466e-05,-9.431640241334993e-05,0.0,0.0,79.99999974069678,-2.42415758615214e-50,80.0,1.2499562634626392e-51,2.42415758615214e-50,24.0,0.0,600.0033017753585,0.0,0.00017645406717292644,False,True,APPLY,APPLIED,
13.950000000028338,STOPPED,0.0,0.0,4.422235681631573e-11,0,0.173415489595042,4.1443245786889913e-16,4.144324578682997e-16,-7.049095573619813e-22,8.492308985126144e-07,1.9387045606711586e-25,0.0,-1.2448077262730616e-16,-2.1172976359872856e-22,2.5970707729592257e-08,7.518233007872031e-06,-7.544203715477143e-06,0.0,0.0,79.99999974069678,-1.4703258999762495e-50,80.0,7.581367970899364e-52,1.4703258999762495e-50,24.0,0.0,600.0033017753585,0.0,0.00017697830446650187,False,True,APPLY,APPLIED,
13.960000000028474,STOPPED,0.0,0.0,7.333866193235911e-11,0,0.04904570435561932,5.713704700681435e-16,5.713704700679569e-16,-4.61883370657411e-22,2.401811305958291e-07,4.725592366635949e-26,0.0,-4.8537722502178734e-17,-3.923683152613287e-23,2.0773513832416174e-09,6.013702789347042e-07,-6.034476302694078e-07,0.0,0.0,79.99999974069678,-8.917977381051702e-51,80.0,4.598332116913842e-52,8.917977381051702e-51,24.0,0.0,600.0033017753585,0.0,0.00017744018043686083,False,True,APPLY,APPLIED,
13.970000000028609,STOPPED,0.0,0.0,-3.8471733547249694e-11,0,0.6285414512934587,5.866515145226784e-16,5.866515145190477e-16,-2.0640064604109565e-21,3.078022725136898e-06,7.754818242684634e-25,0.0,-6.386673983141418e-16,-2.2470130963899205e-21,3.4117394725476597e-07,9.876608899852185e-05,-9.910726294513794e-05,0.0,0.0,79.99999974069678,-5.409026704231656e-51,80.0,2.789029412449555e-52,5.409026704231656e-51,24.0,0.0,600.0033017753585,0.0,0.00017795071073578583,False,True,APPLY,APPLIED,
13.980000000028745,STOPPED,0.0,0.0,5.15322137988664e-12,0,0.17776530969729842,4.459898737359205e-16,4.459898737304933e-16,2.2002124622268156e-21,8.705323477490179e-07,1.6478988765704848e-25,0.0,-1.373196346419661e-16,6.774422228856479e-22,2.7289905995781572e-08,7.900126332944107e-06,-7.927416238802571e-06,0.0,0.0,79.99999974069678,-3.280740535320887e-51,80.0,1.691631849490972e-52,3.280740535320887e-51,24.0,0.0,600.0033017753585,0.0,0.00017844345768480707,False,True,APPLY,APPLIED,
13.990000000028882,STOPPED,0.0,0.0,-4.898964000688971e-11,0,0.05027592888393834,2.685473426393785e-16,-2.685473426392533e-16,-2.5932329915761994e-22,2.4620564641580976e-07,3.5744865337374487e-26,0.0,2.3385226994788636e-17,-2.25819930147612e-23,2.1828717399795577e-09,6.319172562857065e-07,-6.341001280490714e-07,0.0,0.0,79.99999974069678,-1.9898697212341638e-51,80.0,1.0260265816626656e-52,1.9898697212341638e-51,24.0,0.0,600.0033017753585,0.0,0.00017892879498049297,False,True,APPLY,APPLIED,
14.000000000000027,STOPPED,0.0,0.0,5.021100980804394e-11,0,0.6443056218114472,3.5188729308286636e-17,-3.518872922451993e-17,2.4280212609357803e-21,3.1552212518013067e-06,4.652890945610781e-25,0.0,3.92695687066744e-17,2.7095990627889542e-21,3.5850222357267517e-07,0.00010378243357445895,-0.00010414093579807091,0.0,0.0,79.99999974069678,-1.2069169965117512e-51,80.0,6.22316580360589e-53,1.2069169965117512e-51,24.0,0.0,600.0033017753585,0.0,0.00017946523405498738,False,True,APPLY,APPLIED,
