time,startup_status,main_dc_connection,brake_command,brake_physical_state,velocity,rpm,bus_frequency,line_voltage,aux_voltage,dc_voltage,flux_magnitude,battery_voltage,battery_current,battery_power,boost_input_power,boost_power,inverter_dc_power,inverter_real_power,inverter_reactive_supply,inverter_current,electrical_export,rectifier_power,dc_input_power,dc_capacitor_power,dc_brake_power,charger_input_power,energy_residual,exciter_solver_status,k_cap,k_exc,k_precharge,k_main
0.0,AUXILIARY LINK CHARGING,ISOLATED,APPLY,APPLIED,0.0,0.0,0,0.0,0.0,0.0,0.0,24.0,0.0,0.0,0.0,0.0,0.0,0.0,0.0,0.0,-0.0,0.0,0.0,0.0,0.0,0.0,0.0,PASSIVE,False,True,False,False
0.009999999999999995,AUXILIARY LINK CHARGING,ISOLATED,APPLY,APPLIED,0.0,0.0,0,0.0,1.9926268781812202,0.0,0.0,23.99916008225351,0.016798354929814855,0.4031464090791391,0.4031464090791392,0.36283176817122526,0.0,0.0,0.0,0.0,-0.0,0.0,0.0,0.0,0.0,0.0,-1.5190770216617492e-09,PASSIVE,False,True,False,False
0.019999999999999934,AUXILIARY LINK CHARGING,ISOLATED,APPLY,APPLIED,0.0,0.0,0,0.0,7.480844270460448,0.0,0.0,23.994278047970862,0.11443904058276037,2.745882159285774,2.745882159285774,2.4712939433571965,0.0,0.0,0.0,0.0,-0.0,0.0,0.0,0.0,0.0,0.0,-2.428481353732445e-10,PASSIVE,False,True,False,False
0.029999999999999874,AUXILIARY LINK CHARGING,ISOLATED,APPLY,APPLIED,0.0,0.0,0,0.0,15.8310091167994,0.0,0.0,23.983434291039835,0.3313141792032989,7.946051846612116,7.946051846612116,7.151446661950905,0.0,0.0,0.0,0.0,-0.0,0.0,0.0,0.0,0.0,0.0,2.885590588699795e-10,PASSIVE,False,True,False,False
0.04000000000000012,AUXILIARY LINK CHARGING,ISOLATED,APPLY,APPLIED,0.0,0.0,0,0.0,26.524338357470295,0.0,0.0,23.966113981845478,0.6777203630904683,16.242323469643868,16.242323469643864,14.618091122679477,0.0,0.0,0.0,0.0,-0.0,0.0,0.0,0.0,0.0,0.0,1.0700804337678699e-11,PASSIVE,False,True,False,False
0.050000000000000405,AUXILIARY LINK CHARGING,ISOLATED,APPLY,APPLIED,0.0,0.0,0,0.0,39.1360883472981,0.0,0.0,23.942563681101586,1.148726377968267,27.503454456666404,27.503454456666404,24.753109010999765,0.0,0.0,0.0,0.0,-0.0,0.0,0.0,0.0,0.0,0.0,-3.4477629171775215e-10,PASSIVE,False,True,False,False
0.06000000000000069,AUXILIARY LINK CHARGING,ISOLATED,APPLY,APPLIED,0.0,0.0,0,0.0,53.31850840180351,0.0,0.0,23.913402057577887,1.7319588484422483,41.417028289979086,41.41702828997909,37.275325460981186,0.0,0.0,0.0,0.0,-0.0,0.0,0.0,0.0,0.0,0.0,-6.135307856376671e-10,PASSIVE,False,True,False,False
0.07000000000000098,AUXILIARY LINK CHARGING,ISOLATED,APPLY,APPLIED,0.0,0.0,0,0.0,68.78688434119945,0.0,0.0,23.879391133880276,2.4121773223944896,57.60132576573404,57.60132576573404,51.841193189160634,0.0,0.0,0.0,0.0,-0.0,0.0,0.0,0.0,0.0,0.0,-7.823010134654085e-10,PASSIVE,False,True,False,False
0.08000000000000126,AUXILIARY LINK CHARGING,ISOLATED,APPLY,APPLIED,0.0,0.0,0,0.0,85.30811191065712,0.0,0.0,23.841307389909804,3.1738522018039124,75.66878595334911,75.66878595334911,68.1019073580142,0.0,0.0,0.0,0.0,-0.0,0.0,0.0,0.0,0.0,0.0,-1.4412221693849148e-09,PASSIVE,False,True,False,False
0.09000000000000155,AUXILIARY LINK CHARGING,ISOLATED,APPLY,APPLIED,0.0,0.0,0,0.0,102.69134148807427,0.0,0.0,23.799873975995496,4.002520480090081,95.25948301248492,95.25948301248492,85.73353471123643,0.0,0.0,0.0,0.0,-0.0,0.0,0.0,0.0,0.0,0.0,-2.221940064231487e-09,PASSIVE,False,True,False,False
0.10000000000000184,AUXILIARY LINK CHARGING,ISOLATED,APPLY,APPLIED,0.0,0.0,0,0.0,120.78031861862296,0.0,0.0,23.755729549900703,4.885409001985966,116.05645499182891,116.0564549918289,104.45080949264602,0.0,0.0,0.0,0.0,-0.0,0.0,0.0,0.0,0.0,0.0,-2.5739379169720245e-09,PASSIVE,False,True,False,False
0.11000000000000212,AUXILIARY LINK CHARGING,ISOLATED,APPLY,APPLIED,0.0,0.0,0,0.0,139.44711297482996,0.0,0.0,23.709418411944277,5.8116317611144686,137.79040908040753,137.79040908040753,124.01136817236677,0.0,0.0,0.0,0.0,-0.0,0.0,0.0,0.0,0.0,0.0,-2.6134829994584052e-09,PASSIVE,False,True,False,False
0.12000000000000241,AUXILIARY LINK CHARGING,ISOLATED,APPLY,APPLIED,0.0,0.0,0,0.0,158.5869840633419,0.0,0.0,23.66139245125582,6.772150974883556,160.23852195587452,160.23852195587452,144.21466976028708,0.0,0.0,0.0,0.0,-0.0,0.0,0.0,0.0,0.0,0.0,-3.5305295284504545e-09,PASSIVE,False,True,False,False
0.130000000000002,AUXILIARY LINK CHARGING,ISOLATED,APPLY,APPLIED,0.0,0.0,0,0.0,178.11417762115724,0.0,0.0,23.612019117478926,7.759617650421469,183.22024030607864,183.22024030607864,164.8982162754708,0.0,0.0,0.0,0.0,-0.0,0.0,0.0,0.0,0.0,0.0,-4.039032108771323e-09,PASSIVE,False,True,False,False
0.1400000000000009,AUXILIARY LINK CHARGING,ISOLATED,APPLY,APPLIED,0.0,0.0,0,0.0,197.85317993141874,0.0,0.0,23.575836902790225,8.48326194419549,200.0,200.0,180.0,0.0,0.0,0.0,0.0,-0.0,0.0,0.0,0.0,0.0,0.0,-4.048460358618833e-09,PASSIVE,False,True,False,False
0.1499999999999998,AUXILIARY LINK CHARGING,ISOLATED,APPLY,APPLIED,0.0,0.0,0,0.0,216.35359995860506,0.0,0.0,23.575836902790225,8.48326194419549,200.0,200.0,180.0,0.0,0.0,0.0,0.0,-0.0,0.0,0.0,0.0,0.0,0.0,-4.4128407317156615e-09,PASSIVE,False,True,False,False
0.1599999999999987,AUXILIARY LINK CHARGING,ISOLATED,APPLY,APPLIED,0.0,0.0,0,0.0,233.3909998367406,0.0,0.0,23.575836902790225,8.48326194419549,200.0,200.0,180.0,0.0,0.0,0.0,0.0,-0.0,0.0,0.0,0.0,0.0,0.0,-4.506246903401845e-09,PASSIVE,False,True,False,False
0.1699999999999976,AUXILIARY LINK CHARGING,ISOLATED,APPLY,APPLIED,0.0,0.0,0,0.0,249.2658305621112,0.0,0.0,23.575836902790225,8.48326194419549,200.0,200.0,180.0,0.0,0.0,0.0,0.0,-0.0,0.0,0.0,0.0,0.0,0.0,-4.871029218866951e-09,PASSIVE,False,True,False,False
0.1799999999999965,AUXILIARY LINK CHARGING,ISOLATED,APPLY,APPLIED,0.0,0.0,0,0.0,264.18791809760785,0.0,0.0,23.575836902790225,8.48326194419549,200.0,200.0,180.0,0.0,0.0,0.0,0.0,-0.0,0.0,0.0,0.0,0.0,0.0,-5.23819371212042e-09,PASSIVE,False,True,False,False
0.1899999999999954,AUXILIARY LINK CHARGING,ISOLATED,APPLY,APPLIED,0.0,0.0,0,0.0,278.3106636610062,0.0,0.0,23.575836902790225,8.48326194419549,200.0,200.0,180.0,0.0,0.0,0.0,0.0,-0.0,0.0,0.0,0.0,0.0,0.0,-4.912007800506046e-09,PASSIVE,False,True,False,False
0.1999999999999943,AUXILIARY LINK CHARGING,ISOLATED,APPLY,APPLIED,0.0,0.0,0,0.0,291.75024684567495,0.0,0.0,23.575836902790225,8.48326194419549,200.0,200.0,180.0,0.0,0.0,0.0,0.0,-0.0,0.0,0.0,0.0,0.0,0.0,-5.067232078381778e-09,PASSIVE,False,True,False,False
0.2099999999999932,AUXILIARY LINK CHARGING,ISOLATED,APPLY,APPLIED,0.0,0.0,0,0.0,304.597162972207,0.0,0.0,23.575836902790225,8.48326194419549,200.0,200.0,180.0,0.0,0.0,0.0,0.0,-0.0,0.0,0.0,0.0,0.0,0.0,-4.76868394772012e-09,PASSIVE,False,True,False,False
0.2199999999999921,AUXILIARY LINK CHARGING,ISOLATED,APPLY,APPLIED,0.0,0.0,0,0.0,316.92353297312957,0.0,0.0,23.575836902790225,8.48326194419549,200.0,200.0,180.0,0.0,0.0,0.0,0.0,-0.0,0.0,0.0,0.0,0.0,0.0,-3.778283685917927e-09,PASSIVE,False,True,False,False
0.229999999999991,AUXILIARY LINK CHARGING,ISOLATED,APPLY,APPLIED,0.0,0.0,0,0.0,328.7879377650736,0.0,0.0,23.575836902790225,8.48326194419549,200.0,200.0,180.0,0.0,0.0,0.0,0.0,-0.0,0.0,0.0,0.0,0.0,0.0,-3.2810686390050137e-09,PASSIVE,False,True,False,False
0.2399999999999899,AUXILIARY LINK CHARGING,ISOLATED,APPLY,APPLIED,0.0,0.0,0,0.0,340.2387306327753,0.0,0.0,23.575836902790225,8.48326194419549,200.0,200.0,180.0,0.0,0.0,0.0,0.0,-0.0,0.0,0.0,0.0,0.0,0.0,-3.7002887420811703e-09,PASSIVE,False,True,False,False
0.2499999999999888,AUXILIARY LINK CHARGING,ISOLATED,APPLY,APPLIED,0.0,0.0,0,0.0,351.3163752770814,0.0,0.0,23.575836902790225,8.48326194419549,200.0,200.0,180.0,0.0,0.0,0.0,0.0,-0.0,0.0,0.0,0.0,0.0,0.0,-4.6115993246331755e-09,PASSIVE,False,True,False,False
0.2599999999999877,AUXILIARY LINK CHARGING,ISOLATED,APPLY,APPLIED,0.0,0.0,0,0.0,362.05513848505143,0.0,0.0,23.575836902790225,8.48326194419549,200.0,200.0,180.0,0.0,0.0,0.0,0.0,-0.0,0.0,0.0,0.0,0.0,0.0,-5.634009592192513e-09,PASSIVE,False,True,False,False
0.2699999999999866,AUXILIARY LINK CHARGING,ISOLATED,APPLY,APPLIED,0.0,0.0,0,0.0,372.48434266106324,0.0,0.0,23.575836902790225,8.48326194419549,200.0,200.0,180.0,0.0,0.0,0.0,0.0,-0.0,0.0,0.0,0.0,0.0,0.0,-4.775992601402379e-09,PASSIVE,False,True,False,False
0.2799999999999855,AUXILIARY LINK CHARGING,ISOLATED,APPLY,APPLIED,0.0,0.0,0,0.0,382.6293105100725,0.0,0.0,23.575836902790225,8.48326194419549,200.0,200.0,180.0,0.0,0.0,0.0,0.0,-0.0,0.0,0.0,0.0,0.0,0.0,-4.937274367122768e-09,PASSIVE,False,True,False,False
0.2899999999999844,AUXILIARY LINK CHARGING,ISOLATED,APPLY,APPLIED,0.0,0.0,0,0.0,392.5120895917355,0.0,0.0,23.575836902790225,8.48326194419549,200.0,200.0,180.0,0.0,0.0,0.0,0.0,-0.0,0.0,0.0,0.0,0.0,0.0,-5.178785844606182e-09,PASSIVE,False,True,False,False
0.2999999999999833,AUXILIARY LINK CHARGING,ISOLATED,APPLY,APPLIED,0.0,0.0,0,0.0,402.1520163709787,0.0,0.0,23.575836902790225,8.48326194419549,200.0,200.0,180.0,0.0,0.0,0.0,0.0,-0.0,0.0,0.0,0.0,0.0,0.0,-5.340116349117352e-09,PASSIVE,False,True,False,False
0.3099999999999822,AUXILIARY LINK CHARGING,ISOLATED,APPLY,APPLIED,0.0,0.0,0,0.0,411.5661611941821,0.0,0.0,23.575836902790225,8.48326194419549,200.0,200.0,180.0,0.0,0.0,0.0,0.0,-0.0,0.0,0.0,0.0,0.0,0.0,-5.4076330080476964e-09,PASSIVE,False,True,False,False
0.3199999999999811,AUXILIARY LINK CHARGING,ISOLATED,APPLY,APPLIED,0.0,0.0,0,0.0,420.7696835454917,0.0,0.0,23.575836902790225,8.48326194419549,200.0,200.0,180.0,0.0,0.0,0.0,0.0,-0.0,0.0,0.0,0.0,0.0,0.0,-5.691252802364488e-09,PASSIVE,False,True,False,False
0.32999999999998,AUXILIARY LINK CHARGING,ISOLATED,APPLY,APPLIED,0.0,0.0,0,0.0,429.77611875037724,0.0,0.0,23.575836902790225,8.48326194419549,200.0,200.0,180.0,0.0,0.0,0.0,0.0,-0.0,0.0,0.0,0.0,0.0,0.0,-5.157200666516815e-09,PASSIVE,False,True,False,False
0.3399999999999789,AUXILIARY LINK CHARGING,ISOLATED,APPLY,APPLIED,0.0,0.0,0,0.0,438.59761163322537,0.0,0.0,23.575836902790225,8.48326194419549,200.0,200.0,180.0,0.0,0.0,0.0,0.0,-0.0,0.0,0.0,0.0,0.0,0.0,-4.4368585472298605e-09,PASSIVE,False,True,False,False
0.3499999999999778,AUXILIARY LINK CHARGING,ISOLATED,APPLY,APPLIED,0.0,0.0,0,0.0,447.24510865325726,0.0,0.0,23.575836902790225,8.48326194419549,200.0,200.0,180.0,0.0,0.0,0.0,0.0,-0.0,0.0,0.0,0.0,0.0,0.0,-4.263004393934011e-09,PASSIVE,False,True,False,False
0.35999999999997667,AUXILIARY LINK CHARGING,ISOLATED,APPLY,APPLIED,0.0,0.0,0,0.0,455.7285171960774,0.0,0.0,23.575836902790225,8.48326194419549,200.0,200.0,180.0,0.0,0.0,0.0,0.0,-0.0,0.0,0.0,0.0,0.0,0.0,-4.331520697675728e-09,PASSIVE,False,True,False,False
0.36999999999997557,AUXILIARY LINK CHARGING,ISOLATED,APPLY,APPLIED,0.0,0.0,0,0.0,464.05683863311594,0.0,0.0,23.575836902790225,8.48326194419549,200.0,200.0,180.0,0.0,0.0,0.0,0.0,-0.0,0.0,0.0,0.0,0.0,0.0,-2.4960776778826244e-09,PASSIVE,False,True,False,False
0.37999999999997447,AUXILIARY LINK CHARGING,ISOLATED,APPLY,APPLIED,0.0,0.0,0,0.0,472.2382802433068,0.0,0.0,23.575836902790225,8.48326194419549,200.0,200.0,180.0,0.0,0.0,0.0,0.0,-0.0,0.0,0.0,0.0,0.0,0.0,-2.8405707785950085e-09,PASSIVE,False,True,False,False
0.38999999999997337,AUXILIARY LINK CHARGING,ISOLATED,APPLY,APPLIED,0.0,0.0,0,0.0,480.28034996183874,0.0,0.0,23.575836902790225,8.48326194419549,200.0,200.0,180.0,0.0,0.0,0.0,0.0,-0.0,0.0,0.0,0.0,0.0,0.0,-2.0751884655112462e-09,PASSIVE,False,True,False,False
0.39999999999997227,AUXILIARY LINK CHARGING,ISOLATED,APPLY,APPLIED,0.0,0.0,0,0.0,488.1899370707548,0.0,0.0,23.575836902790225,8.48326194419549,200.0,200.0,180.0,0.0,0.0,0.0,0.0,-0.0,0.0,0.0,0.0,0.0,0.0,-2.8765489989979187e-09,PASSIVE,False,True,False,False
0.40999999999997117,AUXILIARY LINK CHARGING,ISOLATED,APPLY,APPLIED,0.0,0.0,0,0.0,495.9733812997505,0.0,0.0,23.575836902790225,8.48326194419549,200.0,200.0,180.0,0.0,0.0,0.0,0.0,-0.0,0.0,0.0,0.0,0.0,0.0,-2.9171858262344585e-09,PASSIVE,False,True,False,False
0.4199999999999702,MAGNETIZING,ISOLATED,APPLY,APPLIED,0.0,0.0,3.028971240489317,32.378553773927834,503.14198455790404,0.0,0.04752469303508351,23.575836902790225,8.48326194419549,200.0,200.0,180.0,51.389987668273925,47.843601869268504,1.4997692174734363,0.8535305493500995,-47.84360186927751,0.0,0.0,0.0,0.0,0.0,2.6257414020847136e-09,SOLVED,False,True,False,False
0.4299999999999691,MAGNETIZING,ISOLATED,APPLY,APPLIED,0.0,0.0,3.36621387601802,37.75300418523225,507.0735343180985,0.0,0.18866959594828375,23.575836902790225,8.48326194419549,200.0,200.0,180.0,106.98927353191118,102.15060909958694,6.911455075000621,1.565743458051893,-102.15060909959752,0.0,0.0,0.0,0.0,0.0,1.8158090586695153e-09,SOLVED,False,True,False,False
0.439999999999968,MAGNETIZING,ISOLATED,APPLY,APPLIED,0.0,0.0,3.7487811694312643,36.113908528100005,510.01740332081306,0.0,0.32381250229819525,23.575836902790225,8.48326194419549,200.0,200.0,180.0,108.46785247499105,103.39867056407925,10.16573724410641,1.660996452298757,-103.39867056409088,0.0,0.0,0.0,0.0,0.0,2.6606346015256577e-09,SOLVED,False,True,False,False
0.44999999999996687,MAGNETIZING,ISOLATED,APPLY,APPLIED,0.0,0.0,3.8518942117411483,33.880410192710634,513.1560798012797,0.0,0.4384800804265307,23.575836902790225,8.48326194419549,200.0,200.0,180.0,100.54723122246271,95.52582621083297,12.496231922769073,1.6417084644275206,-95.52582621081032,0.0,0.0,0.0,0.0,0.0,2.8939119989246365e-09,SOLVED,False,True,False,False
0.45999999999996577,MAGNETIZING,ISOLATED,APPLY,APPLIED,0.0,0.0,3.731190329028476,32.32952864896998,516.57475482534,0.0,0.5327332386639216,23.575836902790225,8.48326194419549,200.0,200.0,180.0,94.52171710984688,89.55116698163,14.800406595876606,1.6209257142003308,-89.55116698167217,0.0,0.0,0.0,0.0,0.0,2.4889030836305892e-09,SOLVED,False,True,False,False
0.46999999999996467,MAGNETIZING,ISOLATED,APPLY,APPLIED,0.0,0.0,3.498852662407095,31.48410335697449,520.1568686294029,0.0,0.6095485528346144,23.575836902790225,8.48326194419549,200.0,200.0,180.0,91.36533676947997,86.4074156705227,17.230960392674884,1.6157232019366277,-86.4074156705295,0.0,0.0,0.0,0.0,0.0,2.0760704266820085e-09,SOLVED,False,True,False,False
0.47999999999996357,MAGNETIZING,ISOLATED,APPLY,APPLIED,0.0,0.0,3.2410713283613894,31.133272992253538,523.7982934234226,0.0,0.6720435826772682,23.575836902790225,8.48326194419549,200.0,200.0,180.0,90.2395146003869,85.2643719276872,19.69409729607336,1.6228134715978992,-85.2643719276823,0.0,0.0,0.0,0.0,0.0,1.2527883175295074e-09,SOLVED,False,True,False,False
0.48999999999996247,MAGNETIZING,ISOLATED,APPLY,APPLIED,0.0,0.0,3.0030681520874296,31.082642724531155,527.4333150040509,0.0,0.7229009808625673,23.575836902790225,8.48326194419549,200.0,200.0,180.0,90.32082980570675,85.31147652160851,22.071324891972548,1.6368071701122862,-85.31147652161786,0.0,0.0,0.0,0.0,0.0,7.355955844445816e-10,SOLVED,False,True,False,False
0.49999999999996136,MAGNETIZING,ISOLATED,APPLY,APPLIED,0.0,0.0,2.801182395909271,31.196507275655037,531.0257950534976,0.0,0.7643203393142644,23.575836902790225,8.48326194419549,200.0,200.0,180.0,91.04747312428007,85.99634480321973,24.278427690863026,1.6537344893947732,-85.99634480319429,0.0,0.0,0.0,0.0,0.0,5.052163132290843e-10,SOLVED,False,True,False,False
0.5099999999999603,MAGNETIZING,ISOLATED,APPLY,APPLIED,0.0,0.0,2.6369491372652845,31.389590774920176,534.558393764037,0.0,0.7980822402102425,23.575836902790225,8.48326194419549,200.0,200.0,180.0,92.07258422135888,86.97799195054498,26.269557877744198,1.671164173388876,-86.97799195053261,0.0,0.0,0.0,0.0,0.0,4.2353187623689337e-10,SOLVED,False,True,False,False
0.5199999999999592,MAGNETIZING,ISOLATED,APPLY,APPLIED,0.0,0.0,2.5060047393997014,31.6114862256771,538.0248862944961,0.0,0.8256244755539826,23.575836902790225,8.48326194419549,200.0,200.0,180.0,93.1924389292261,88.05605356492458,28.028055513008404,1.6877540754116647,-88.05605356492497,0.0,0.0,0.0,0.0,0.0,8.115421668009049e-10,SOLVED,False,True,False,False
0.5299999999999581,MAGNETIZING,ISOLATED,APPLY,APPLIED,0.0,0.0,2.4024800530233845,31.833968156676814,541.4252876985888,0.0,0.8481087486494064,23.575836902790225,8.48326194419549,200.0,200.0,180.0,94.29295589882611,89.11819141784828,29.556497693165504,1.702846433075246,-89.1181914178415,0.0,0.0,0.0,0.0,0.0,8.44409209221908e-10,SOLVED,False,True,False,False
0.539999999999957,MAGNETIZING,ISOLATED,APPLY,APPLIED,0.0,0.0,2.3208070101150025,32.042324565221,544.762887429629,0.0,0.8664750957727404,23.575836902790225,8.48326194419549,200.0,200.0,180.0,95.31471846469768,90.10573840397538,30.86889305873741,1.71618960130567,-90.10573840397998,0.0,0.0,0.0,0.0,0.0,1.1726049020666096e-09,SOLVED,False,True,False,False
0.5499999999999559,MAGNETIZING,ISOLATED,APPLY,APPLIED,0.0,0.0,2.2562927107764006,32.22982882401026,548.0424899670745,0.0,0.8814854487590539,23.575836902790225,8.483261944195492,200.00000000000003,200.00000000000003,180.00000000000003,96.23096336949179,90.99209260285467,31.98520572259376,1.7277618534343206,-90.99209260285667,0.0,0.0,0.0,0.0,0.0,1.256799553317478e-09,SOLVED,False,True,False,False
0.5599999999999548,MAGNETIZING,ISOLATED,APPLY,APPLIED,0.0,0.0,2.2051828639504856,32.39432905881807,551.2693984320324,0.0,0.893758359893553,23.575836902790225,8.48326194419549,200.0,200.0,180.0,97.03392484356552,91.76931838958676,32.92775144312883,1.7376637396146746,-91.76931838958683,0.0,0.0,0.0,0.0,0.0,1.0706615594102686e-09,SOLVED,False,True,False,False
0.5699999999999537,MAGNETIZING,ISOLATED,APPLY,APPLIED,0.0,0.0,2.164544919532513,32.53618470572397,554.4488503123462,0.0,0.9037967010770952,23.575836902790225,8.483261944195492,200.00000000000003,200.00000000000003,180.00000000000003,97.72643738144755,92.43990932147402,33.71895465500785,1.746053859411188,-92.439909321492,0.0,0.0,0.0,0.0,0.0,2.3241530922035736e-09,SOLVED,False,True,False,False
0.5799999999999526,MAGNETIZING,ISOLATED,APPLY,APPLIED,0.0,0.0,2.132110489181564,32.65703767709993,557.5857251987597,0.0,0.9120098102102346,23.575836902790225,8.48326194419549,200.0,200.0,180.0,98.31682631261256,93.01177639710502,34.38004421456418,1.753111487425537,-93.0117763970976,0.0,0.0,0.0,0.0,0.0,2.2251922526805856e-09,SOLVED,False,True,False,False
0.5899999999999515,MAGNETIZING,ISOLATED,APPLY,APPLIED,0.0,0.0,2.1061293033642494,32.759093692402885,560.6844135874433,0.0,0.9187312478424917,23.575836902790225,8.48326194419549,200.0,200.0,180.0,98.81584869407169,93.49524677677938,34.93037242157668,1.7590156024672081,-93.49524677677196,0.0,0.0,0.0,0.0,0.0,2.543437016555572e-09,SOLVED,False,True,False,False
0.5999999999999504,MAGNETIZING,ISOLATED,APPLY,APPLIED,0.0,0.0,2.0852473637335573,32.84471286750875,563.7487786614297,0.0,0.9242330747381107,23.575836902790225,8.48326194419549,200.0,200.0,180.0,99.23490886586146,93.90131195102069,35.3871330552559,1.7639338290086333,-93.90131195101493,0.0,0.0,0.0,0.0,0.0,2.428810930155123e-09,SOLVED,False,True,False,False
0.6099999999999492,MAGNETIZING,ISOLATED,APPLY,APPLIED,0.0,0.0,2.068413876429818,32.9161863354836,566.7821695091059,0.0,0.9287373627826496,23.575836902790225,8.48326194419549,200.0,200.0,180.0,99.58506183719865,94.24064800200433,35.7653241603634,1.768017283171297,-94.24064800201033,0.0,0.0,0.0,0.0,0.0,2.485539551955185e-09,SOLVED,False,True,False,False
0.6199999999999481,MAGNETIZING,ISOLATED,APPLY,APPLIED,0.0,0.0,2.0548085288889344,32.97562362205745,569.7874606898379,0.0,0.9324254978679706,23.575836902790225,8.48326194419549,200.0,200.0,180.0,99.87649861868752,94.52310818283419,36.07785232080144,1.7713988580980617,-94.52310818282427,0.0,0.0,0.0,0.0,0.0,2.286974387644136e-09,SOLVED,False,True,False,False
0.629999999999947,MAGNETIZING,ISOLATED,APPLY,APPLIED,0.0,0.0,2.0437874042679147,33.02490489603297,572.7671032475048,0.0,0.935445714429142,23.575836902790225,8.48326194419549,200.0,200.0,180.0,100.11832141817813,94.75749964713818,36.33571111163885,1.774193439675226,-94.75749964714092,0.0,0.0,0.0,0.0,0.0,2.198546456000372e-09,SOLVED,False,True,False,False
0.639999999999946,MAGNETIZING,ISOLATED,APPLY,APPLIED,0.0,0.0,2.0348427688610595,33.065670212354,575.7231785663266,0.0,0.937919209151376,23.575836902790225,8.48326194419549,200.0,200.0,180.0,100.31848845882621,94.95152657242559,36.54819115128965,1.7764991364668694,-94.95152657242514,0.0,0.0,0.0,0.0,0.0,2.6290352117541715e-09,SOLVED,False,True,False,False
0.6499999999999448,MAGNETIZING,ISOLATED,APPLY,APPLIED,0.0,0.0,2.027571810837137,33.099328894522735,578.6574503250004,0.0,0.939945109722205,23.575836902790225,8.48326194419549,200.0,200.0,180.0,100.48385364364779,95.11182645678386,36.72309582794095,1.7783989754322829,-95.11182645676763,0.0,0.0,0.0,0.0,0.0,2.470190718639742e-09,SOLVED,False,True,False,False
0.6599999999999437,MAGNETIZING,ISOLATED,APPLY,APPLIED,0.0,0.0,2.0216530276662112,33.127078969320614,581.5714121475162,0.0,0.9416045185490189,23.575836902790225,8.48326194419549,200.0,200.0,180.0,100.62025508927623,95.2440545651037,36.86694775708474,1.7799627427458664,-95.24405456511562,0.0,0.0,0.0,0.0,0.0,2.775318641567992e-09,SOLVED,False,True,False,False
0.6699999999999426,MAGNETIZING,ISOLATED,APPLY,APPLIED,0.0,0.0,2.0168296852164516,33.149930718712675,584.4663299433917,0.0,0.9429638074371537,23.575836902790225,8.48326194419549,200.0,200.0,180.0,100.73262476583375,95.35298932844714,36.98517811168627,1.7812487894308366,-95.35298932846888,0.0,0.0,0.0,0.0,0.0,3.6747747067522596e-09,SOLVED,False,True,False,False
0.6799999999999415,MAGNETIZING,ISOLATED,APPLY,APPLIED,0.0,0.0,2.0128951740325864,33.16873095595448,587.3432787353297,0.0,0.9440773045654707,23.575836902790225,8.48326194419549,200.0,200.0,180.0,100.82510295246017,95.44264272674104,37.08229541657336,1.7823057073050586,-95.442642726739,0.0,0.0,0.0,0.0,0.0,3.3597755688674624e-09,SOLVED,False,True,False,False
0.6899999999999404,MAGNETIZING,ISOLATED,APPLY,APPLIED,0.0,0.0,2.0096834012381195,33.18418618040361,590.1322395849177,0.0,0.9449894876151181,23.59078236407823,8.184352718435427,193.07528377146218,193.07528377146218,173.76775539431597,100.9011483906661,95.5163667033129,37.16203309327747,1.7831738323761144,-95.51636670331487,0.0,0.0,0.0,0.0,0.0,3.264482462128626e-09,SOLVED,False,True,False,False
0.6999999999999393,RELEASING / ACCELERATING,ISOLATED,RELEASE,APPLIED,0.0,0.0,4.185586812743516,15.575719745326335,592.9790312823129,0.0,0.938242446506403,23.620602645280098,7.587947094398033,179.2318832101836,179.2318832101836,161.30869488916525,39.597784685483745,35.0,18.041888026184566,1.4595819883257641,-34.99999999623125,0.0,0.0,0.0,0.0,0.0,4.226244687544067e-09,LIMIT_REACHED,False,True,False,False
0.7099999999999382,ACCELERATING,ISOLATED,RELEASE,APPLIED,0.0,0.0,3.194611008426443,20.360237353580803,597.0492499216853,0.0,0.9044713965666794,23.663087828455872,6.738243430882584,159.4476461144904,159.4476461144904,143.50288150304135,39.07325830911805,35.0,23.550601751801068,1.1962487529038714,-34.99999999927337,0.0,0.0,0.0,0.0,0.0,4.097517880552459e-09,LIMIT_REACHED,False,True,False,False
0.7199999999999371,ACCELERATING,ISOLATED,RELEASE,APPLIED,0.0,0.0,2.3873320485105904,20.919659211098008,600.0243455410393,0.0,0.8671491214468865,24.0,0.0,0.0,0.0,0.0,38.995902812236075,34.99999999999999,22.767439948592163,1.152332597957188,-34.99999999985734,0.0,0.0,0.0,0.0,0.0,4.55846560498685e-09,LIMIT_REACHED,False,True,False,False
0.729999999999936,ACCELERATING,ISOLATED,RELEASE,APPLIED,0.0,0.0,2.121915072095137,21.224783724229646,599.9962562891831,0.0,0.8289271786000197,23.769089583204014,4.618208335919722,109.77060765037541,109.77060765037541,98.79354688533788,38.942332293111065,35.000000000000014,21.74972510940466,1.120911708156098,-34.99999999995497,0.0,0.0,0.0,0.0,0.0,4.175189971533655e-09,LIMIT_REACHED,False,True,False,False
0.7399999999999349,ACCELERATING,ISOLATED,RELEASE,APPLIED,0.0,0.0,2.0483165436619815,21.425291202718476,600.0097437964885,0.0,0.7915101408348936,24.0,0.0,0.0,0.0,0.0,38.901388417720845,34.99999999999999,20.738962017243033,1.0962897534994078,-34.99999999998113,0.0,0.0,0.0,0.0,0.0,4.186106128400979e-09,LIMIT_REACHED,False,True,False,False
0.7499999999999338,ACCELERATING,ISOLATED,RELEASE,APPLIED,0.0,0.0,2.05313757375886,21.567791900550077,600.0041908330612,0.0,0.7555715089687666,24.0,0.0,0.0,0.0,0.0,38.868429677791696,35.000000000000014,19.77039474232956,1.0760605173760418,-34.999999999990536,0.0,0.0,0.0,0.0,0.0,3.4598968134957886e-09,LIMIT_REACHED,False,True,False,False
0.7599999999999327,ACCELERATING,ISOLATED,RELEASE,APPLIED,0.0,0.0,2.0963419302923647,21.674866979842232,600.0054042093964,0.0,0.7213667735009596,24.0,0.0,0.0,0.0,0.0,38.84114339313273,35.0,18.8593793271056,1.059020549459254,-34.999999999994614,0.0,0.0,0.0,0.0,0.0,4.125270791632829e-09,LIMIT_REACHED,False,True,False,False
0.7699999999999316,ACCELERATING,ISOLATED,RELEASE,APPLIED,0.0,0.0,2.1612962318512072,21.758783311104146,600.0010132201078,0.0,0.6889657060634022,24.0,0.0,0.0,0.0,0.0,38.818174460598684,35.0,18.012253840337504,1.0444612394906019,-34.99999999999666,0.0,0.0,0.0,0.0,0.0,4.710321910295079e-09,LIMIT_REACHED,False,True,False,False
0.7799999999999305,ACCELERATING,ISOLATED,RELEASE,MOVING,0.0,0.0,2.2400918781296655,21.826760319717426,599.9785593393474,0.0,0.6583494172652665,23.915475031151644,1.690499376967124,40.42909564003466,40.42909564003466,36.386186076031194,38.79861744617683,35.00000000000001,17.229894239945892,1.0319027384250414,-34.999999999997776,0.0,0.0,0.0,0.0,0.0,4.656316221485213e-09,LIMIT_REACHED,False,True,False,False
0.7899999999999294,ACCELERATING,ISOLATED,RELEASE,MOVING,0.0,0.0,2.328578365296311,21.883317715815387,599.7762339858875,0.0,0.6294556917684506,23.93032203202555,1.3935593594889886,33.34832424331476,33.34832424331476,30.01349181898328,38.781818464728374,34.99999999999999,16.510228244008257,1.0209919782436234,-34.999999999998444,0.0,0.0,0.0,0.0,0.0,5.261109770060557e-09,LIMIT_REACHED,False,True,False,False
0.7999999999999283,ACCELERATING,ISOLATED,RELEASE,MOVING,0.0,0.0,2.4244132278507387,21.931428209061792,599.3798388270582,0.0,0.6022018512791667,23.940922234390353,1.1815553121929496,28.287523844842223,28.287523844842223,25.458771460358,38.76728342371746,34.99999999999999,15.849765800214355,1.011456655006339,-34.999999999998856,0.0,0.0,0.0,0.0,0.0,5.072751996237912e-09,LIMIT_REACHED,False,True,False,False
0.8099999999999272,ACCELERATING,ISOLATED,RELEASE,MOVING,0.0,0.0,2.526199249536839,21.973127618915633,598.8543837937318,0.0,0.5764968371530913,23.94723587800686,1.0552824398628113,25.27109750531333,25.271097505313328,22.743987754781998,38.75462822090111,35.0,15.244453803040622,1.0030807351362496,-34.99999999999915,0.0,0.0,0.0,0.0,0.0,5.1248254528957204e-09,LIMIT_REACHED,False,True,False,False
0.8199999999999261,ACCELERATING,ISOLATED,RELEASE,MOVING,0.0,0.0,2.6330663384809596,22.009858030739263,598.2630820418133,0.0,0.5522477487309009,23.949561265567283,1.0087746886543678,24.159711209081344,24.15971120908134,21.743740088173208,38.74354839832937,35.0,14.690134602591328,0.995689642629248,-34.99999999999933,0.0,0.0,0.0,0.0,0.0,5.761845223162254e-09,LIMIT_REACHED,False,True,False,False
0.829999999999925,ACCELERATING,ISOLATED,RELEASE,MOVING,0.0,0.0,2.7444540215844513,22.042670749762426,597.6628497526347,0.0,0.529363388661157,23.948447421783875,1.0310515643225056,24.69208417732554,24.69208417732554,22.222875759592988,38.73379912862053,35.0,14.182782765631313,0.9891404542130031,-34.99999999999948,0.0,0.0,0.0,0.0,0.0,6.508103833624546e-09,LIMIT_REACHED,False,True,False,False
0.8399999999999239,ACCELERATING,ISOLATED,RELEASE,MOVING,0.0,0.0,2.859991758599179,22.072351509793126,597.1010924715629,0.0,0.5077561377888381,23.944604542037528,1.1079091592494175,26.52844668672858,26.528446686728586,23.875602018055726,38.7251812846112,35.00000000000001,13.71861919638804,0.9833149950456366,-34.99999999999957,0.0,0.0,0.0,0.0,0.0,5.52112000562488e-09,LIMIT_REACHED,False,True,False,False
0.8499999999999228,ACCELERATING,ISOLATED,RELEASE,MOVING,0.0,0.0,2.9794300019563633,22.0995005472432,596.6137924118848,0.0,0.4873428778565243,23.93881979626136,1.223604074772812,29.29163744795746,29.29163744795746,26.362473703161715,38.7175313736689,35.0,13.294157860506068,0.9781147674098344,-34.999999999999645,0.0,0.0,0.0,0.0,0.0,5.271913128268579e-09,LIMIT_REACHED,False,True,False,False
0.8599999999999217,ACCELERATING,ISOLATED,RELEASE,MOVING,0.0,0.0,3.102599003658314,22.12458542545913,596.2248094414983,0.0,0.46804536604453106,23.93188374922875,1.3623250154249886,32.60300389781709,32.603003897817096,29.342703508035388,38.71071406677471,35.0,12.906215978439164,0.9734571154907741,-34.9999999999997,0.0,0.0,0.0,0.0,0.0,4.346222937101629e-09,LIMIT_REACHED,False,True,False,False
0.8699999999999206,ACCELERATING,ISOLATED,RELEASE,MOVING,0.0,0.0,3.229383466735875,22.14797684107954,595.9462316521697,0.0,0.449790294689238,23.924530594156888,1.5093881168622298,36.11140218032727,36.11140218032727,32.500261962294545,38.70461654138983,35.0,12.551905041413168,0.969272264048192,-34.99999999999975,0.0,0.0,0.0,0.0,0.0,4.164554923136166e-09,LIMIT_REACHED,False,True,False,False
0.8799999999999195,ACCELERATING,ISOLATED,RELEASE,MOVING,0.0,0.0,3.3597066058137313,22.16997348410307,595.7795608503777,0.0,0.43250917350358803,23.917393694350572,1.6521261129885887,39.514550677065195,39.514550677065195,35.563095609358676,38.6991441305096,35.0,12.228612437160852,0.9655009963810499,-34.99999999999979,0.0,0.0,0.0,0.0,0.0,3.870411546813557e-09,LIMIT_REACHED,False,True,False,False
0.8899999999999184,ACCELERATING,ISOLATED,RELEASE,MOVING,9.97131669952221e-05,0.5713143630709403,3.5017196313834607,22.20941268603917,595.717500196304,0.0,0.41614453040761695,23.910976602341883,1.7804679531623497,42.57272756928449,42.57272756928449,38.31545481235604,38.69319987996977,35.0,11.945944017053392,0.9613878024118846,-34.9999999999998,0.0,0.0,0.0,0.0,0.0,-1.47638260349775e-08,LIMIT_REACHED,False,True,False,False
0.8999999999999173,ACCELERATING,ISOLATED,RELEASE,MOVING,0.000594926503529056,3.408677777268978,3.6969912802251845,22.354411265423455,595.7461955647232,0.0,0.40072609024624095,23.905638954668667,1.8872209066266197,45.11522162151844,45.11522162151844,40.603699459366595,38.6821045830252,35.000000000000014,11.766239783456971,0.9536628216340055,-34.99999999999984,0.0,0.0,0.0,0.0,0.0,-4.400106515083102e-08,LIMIT_REACHED,False,True,False,False
0.9099999999999162,ACCELERATING,ISOLATED,RELEASE,MOVING,0.0014747580359812658,8.449741126472892,3.9493717910597734,22.604553356860077,595.8474512510554,0.0,0.3863341369521627,23.901595722850143,1.9680855429971365,47.04038499670356,47.040384996703565,42.33634649703321,38.66624701888718,34.99999999999999,11.692640870525224,0.9425122590800818,-34.99999999999986,0.0,0.0,0.0,0.0,0.0,-7.213325761701306e-08,LIMIT_REACHED,False,True,False,False
0.9199999999999151,ACCELERATING,ISOLATED,RELEASE,MOVING,0.0027108475687385664,15.532012459202017,4.253639521275095,22.94445738002053,596.0007877292901,0.0,0.3730248750196151,23.898926596362998,2.0214680727400367,48.31091708730551,48.31091708730551,43.479825378574965,38.64686527138373,35.000000000000014,11.71170506810838,0.9287017974095028,-34.99999999999987,0.0,0.0,0.0,0.0,0.0,-9.824958019377661e-08,LIMIT_REACHED,False,True,False,False
0.929999999999914,ACCELERATING,ISOLATED,RELEASE,MOVING,0.004279869078345966,24.521843505776932,4.605153430614523,23.36312114408483,596.185405047948,0.0,0.36083110306644595,23.89759350625177,2.048129874964572,48.94537519991361,48.94537519991362,44.05083767992226,38.62498573653,34.999999999999986,11.813442849307723,0.9128605125501559,-34.99999999999987,0.0,0.0,0.0,0.0,0.0,-1.253755772534504e-07,LIMIT_REACHED,False,True,False,False
0.9399999999999129,ACCELERATING,ISOLATED,RELEASE,MOVING,0.0061623123746280236,35.3074491107426,4.999872201750319,23.853121346544768,596.3818269821691,0.0,0.3497667066430156,23.89746396431213,2.05072071375736,49.007024357884966,49.007024357884966,44.10632192209647,38.601430845764405,35.0,11.991154923300677,0.895493045395963,-34.99999999999989,0.0,0.0,0.0,0.0,0.0,-1.501089348376894e-07,LIMIT_REACHED,False,True,False,False
0.9499999999999118,ACCELERATING,ISOLATED,RELEASE,MOVING,0.008341506855677661,47.79331376097718,5.434244885701217,24.409939977575444,596.5731507459532,0.0,0.33983036445524223,23.89833754833726,2.0332490332548385,48.591271716554544,48.59127171655454,43.732144544899086,38.57684153210968,34.99999999999999,12.240627532116047,0.8769960335217664,-34.9999999999999,0.0,0.0,0.0,0.0,0.0,-1.7260088913673144e-07,LIMIT_REACHED,False,True,False,False
0.9599999999999107,ACCELERATING,ISOLATED,RELEASE,MOVING,0.010802862117991566,61.89584060226742,5.905143063834268,25.031482027331585,596.7458770157778,0.0,0.33100856238879517,23.899973021537804,2.000539569243916,47.81284173344845,47.81284173344845,43.03155756010361,38.55170688191086,35.0,12.559584476837106,0.8576766149785996,-34.9999999999999,0.0,0.0,0.0,0.0,0.0,-1.9281752183797352e-07,LIMIT_REACHED,False,True,False,False
0.9699999999999096,ACCELERATING,ISOLATED,RELEASE,MOVING,0.013533288530593329,77.54003157358012,6.409829679363474,25.717723861162597,596.8903317167303,0.0,0.32327807995543334,23.90211390555902,1.9577218888195742,46.793691581971615,46.793691581971615,42.11432242377445,38.52639526947249,34.99999999999999,12.947359018143972,0.8377710661610692,-34.999999999999915,0.0,0.0,0.0,0.0,0.0,-2.1146787054782124e-07,LIMIT_REACHED,False,True,False,False
0.9799999999999085,ACCELERATING,ISOLATED,RELEASE,MOVING,0.016520763295564674,94.65700111704967,6.945951359648311,26.47044779510085,597.0007202672335,0.0,0.31660807016339837,23.90451078625991,1.9097842748018306,45.65245879642992,45.65245879642992,41.087212916786925,38.50118354702456,34.99999999999999,13.4047150537003,0.8174623718349838,-34.99999999999991,0.0,0.0,0.0,0.0,0.0,-2.2856189296760476e-07,LIMIT_REACHED,False,True,False,False
0.9899999999999074,ACCELERATING,ISOLATED,RELEASE,MOVING,0.019754012234022733,113.18215294592972,7.511542048069478,27.293031963729856,597.0748758398256,0.0,0.31096181690056274,23.90693916787381,1.8612166425238401,44.49599305105178,44.49599305105178,40.0463937459466,38.47628256495523,35.0,13.933765030607752,0.7968961161533563,-34.99999999999992,0.0,0.0,0.0,0.0,0.0,-2.439842936574621e-07,LIMIT_REACHED,False,True,False,False
0.9999999999999063,ACCELERATING,ISOLATED,RELEASE,MOVING,0.023222268516335194,133.05379767055345,8.024350779213446,28.18236682249424,597.1137755556936,0.0,0.30630810115710483,23.90921224633355,1.8157550733290382,43.41327343558091,43.41327343558091,39.07194609202282,38.45187681377785,35.0,14.51223777821192,0.7762102926207989,-34.99999999999718,0.0,0.0,0.0,0.0,0.0,-2.60528864259868e-07,LIMIT_REACHED,False,True,False,False
1.0099999999999052,ACCELERATING,ISOLATED,RELEASE,MOVING,0.02691393710135571,154.20550059882427,8.629443004506012,29.14949174833119,597.1208905551655,0.0,0.3029646720738878,23.91118847300697,1.7762305398605733,42.47178321011709,42.471783210117096,38.224604889105386,38.42888592718665,35.0,15.25402425915616,0.7562062568608697,-34.99999999999448,0.0,0.0,0.0,0.0,0.0,-2.7209269104488953e-07,LIMIT_REACHED,False,True,False,False
1.019999999999904,ACCELERATING,ISOLATED,RELEASE,MOVING,0.030818603200972343,176.57758939040843,9.257132715406783,30.227421961428465,597.1014733185204,0.0,0.30107264105589143,23.912774187270497,1.7445162545900488,41.716223262034724,41.716223262034724,37.544600935831255,38.406940862643474,35.0,16.1951426069946,0.7366056046881322,-34.99999999998916,0.0,0.0,0.0,0.0,0.0,-2.8178266964218324e-07,LIMIT_REACHED,False,True,False,False
1.029999999999903,ACCELERATING,ISOLATED,RELEASE,MOVING,0.03492749184163733,200.11978715034337,9.902424117513377,31.428846281925754,597.0618682380066,0.0,0.3005634629158508,23.91392221759157,1.721555648168582,41.16914786355891,41.16914786355891,37.05223307720302,38.38583250688756,34.99999999999999,17.30487712461568,0.7172470582140774,-34.99999999997855,0.0,0.0,0.0,0.0,0.0,-2.9145209001768535e-07,LIMIT_REACHED,False,True,False,False
1.039999999999902,ACCELERATING,ISOLATED,RELEASE,MOVING,0.03923152642851804,224.78008882100318,10.565996806610157,32.77178845066162,597.0088173657489,0.0,0.3013640617234172,23.914627167893183,1.707456642136369,40.83318900203408,40.833189002034075,36.749870101830666,38.36570739740984,35.0,18.602809571771363,0.6982906724374354,-34.99999999995737,0.0,0.0,0.0,0.0,0.0,-2.9955202762721456e-07,LIMIT_REACHED,False,True,False,False
1.0499999999999008,ACCELERATING,ISOLATED,RELEASE,MOVING,0.04372122188624491,250.50414892368374,11.249409348431513,34.27616011525589,596.9488688936424,0.0,0.30340364108745843,23.914918280152435,1.7016343969513137,40.694447545787135,40.694447545787135,36.62500279120842,38.346784548681065,34.99999999999999,20.116820199771226,0.6799848514793687,-34.99999999991451,0.0,0.0,0.0,0.0,0.0,-3.06671901206812e-07,LIMIT_REACHED,False,True,False,False
1.0599999999998997,ACCELERATING,ISOLATED,RELEASE,MOVING,0.04838677152013024,277.23577923672735,11.954584746632616,35.963402643714325,596.8879092953405,0.0,0.3066154200697389,23.914850918883467,1.7029816223306442,40.726551615635664,40.726551615635664,36.6538964540721,38.329322082730116,34.99999999999999,21.88004510364598,0.6626432753049134,-34.9999999998266,0.0,0.0,0.0,0.0,0.0,-3.1297134928109926e-07,LIMIT_REACHED,False,True,False,False
1.0699999999998986,ACCELERATING,ISOLATED,RELEASE,MOVING,0.0532181664498526,304.9176331001269,12.683591325937698,37.856278724374604,596.8308301017366,0.0,0.310937711411286,23.914497594122267,1.71004811755463,40.89494159309351,40.89494159309351,36.80544743378416,38.313601780874755,35.0,23.9309034040493,0.6466341375406999,-34.999999999644004,0.0,0.0,0.0,0.0,0.0,-3.187652168890054e-07,LIMIT_REACHED,False,True,False,False
1.0799999999998975,ACCELERATING,ISOLATED,RELEASE,MOVING,0.058205328176397945,333.4919649681495,13.438454675396732,39.9786363567409,596.7813305961047,0.0,0.31631464483277455,23.913939297208188,1.7212140558362488,41.16100844876956,41.16100844876956,37.044907603892604,38.2999125319608,35.0,26.313312985756173,0.6323633259034948,-34.99999999925958,0.0,0.0,0.0,0.0,0.0,-3.247134330308654e-07,LIMIT_REACHED,False,True,False,False
1.0899999999998964,ACCELERATING,ISOLATED,RELEASE,MOVING,0.06333824447311794,362.901409007747,14.220994279683094,42.355132854440306,596.7418472927409,0.0,0.3226965311057732,23.913257755036096,1.734844899278089,41.48579324144657,41.48579324144657,37.337213917301916,38.288532958782895,35.0,29.076850013288418,0.6202504427330322,-34.99999999843952,0.0,0.0,0.0,0.0,0.0,-3.301559612367555e-07,LIMIT_REACHED,False,True,False,False
1.0999999999998953,ACCELERATING,ISOLATED,RELEASE,MOVING,0.06860709928696547,393.08972337781205,15.032694337491618,45.01092542472423,596.7135929844335,0.0,0.3300398567309041,23.91252902657742,1.7494194684516193,41.83304381900899,41.833043819008985,37.64973943710809,38.279715197149734,35.00000000000001,32.27682439622253,0.6106992682160692,-34.99999999667002,0.0,0.0,0.0,0.0,0.0,-3.349213955061714e-07,LIMIT_REACHED,False,True,False,False
1.1099999999998942,ACCELERATING,ISOLATED,RELEASE,MOVING,0.07400238805774048,424.00245095978545,15.874614807291874,47.97134083368498,596.696682796425,0.0,0.3383069180388267,23.911818686197282,1.7636262760543244,42.17151174322432,42.17151174322433,37.9543605689019,38.273671716562575,35.00000000000001,35.97426370219317,0.6040659087247295,-34.999999992813486,0.0,0.0,0.0,0.0,0.0,-3.3979822333662923e-07,LIMIT_REACHED,False,True,False,False
1.119999999999893,ACCELERATING,ISOLATED,RELEASE,MOVING,0.07951501158110197,455.5874571531005,16.74734402665718,51.261539063336855,596.690322014593,0.0,0.3474651260691065,23.911178674173048,1.7764265165390516,42.47645183850408,42.47645183850408,38.228806654653674,38.27056652900335,34.99999999999999,40.23580239058636,0.6006291468156261,-34.99999998434086,0.0,0.0,0.0,0.0,0.0,-3.4456597219900686e-07,LIMIT_REACHED,False,True,False,False
1.129999999999892,ACCELERATING,ISOLATED,RELEASE,MOVING,0.08513634408995313,487.7953199527864,17.650989740510898,54.906184970008034,596.6930302016517,0.0,0.3574860369931905,23.910645754745122,1.7870849050975612,42.73035409944009,42.73035409944009,38.457318689496084,38.270511358965784,34.999999999999986,45.133475748019286,0.6005679078625322,-34.99999996562272,0.0,0.0,0.0,0.0,0.0,-3.500057843552895e-07,LIMIT_REACHED,False,True,False,False
1.1399999999998909,ACCELERATING,ISOLATED,RELEASE,MOVING,0.09085827416848305,520.5795643696588,18.585201716383448,58.929138342003604,596.7028778733963,0.0,0.3683441839592288,23.910241411559635,1.7951717688073159,42.92299036739944,42.922990367399436,38.630691330659495,38.273566538676604,35.0,50.744419206449955,0.6039498198543838,-34.99999992414319,0.0,0.0,0.0,0.0,0.0,-3.53673717867764e-07,LIMIT_REACHED,False,True,False,False
1.1499999999998898,ACCELERATING,ISOLATED,RELEASE,MOVING,0.09667321990931872,553.8967492744046,19.549216037438182,63.35316787890914,596.7177152862098,0.0,0.38001580111909816,23.9099729320946,1.800541358108022,43.05089513547966,43.05089513547965,38.74580562193169,38.279745737382996,35.0,57.150474082744836,0.6107326063922385,-34.999999832190625,0.0,0.0,0.0,0.0,0.0,-3.5867597958372244e-07,LIMIT_REACHED,False,True,False,False
1.1599999999998887,ACCELERATING,ISOLATED,RELEASE,MOVING,0.10257412191455877,587.7064272964584,20.54190842380657,68.19969020711827,596.7353771615492,0.0,0.3924775361532768,23.90983538662915,1.803292267417011,43.11642126792197,43.116421267921964,38.80477914112977,38.28902325886273,34.99999999999999,64.43770106656793,0.620777210559713,-34.99999962881752,0.0,0.0,0.0,0.0,0.0,-3.6274904147148845e-07,LIMIT_REACHED,False,True,False,False
1.1699999999998876,ACCELERATING,ISOLATED,RELEASE,MOVING,0.10855441905965048,621.9710059612474,21.56183998068386,73.4885323921508,596.7538519312886,0.0,0.4057052427889472,23.909814191373385,1.8037161725323116,43.12651853922275,43.12651853922275,38.813866685300475,38.301342575413784,35.00000000000001,72.69580408580605,0.6338691509702256,-34.99999918122185,0.0,0.0,0.0,0.0,0.0,-3.6638953559986476e-07,LIMIT_REACHED,False,True,False,False
1.1799999999998865,ACCELERATING,ISOLATED,RELEASE,MOVING,0.11460801235818899,656.655540650741,22.608304687172424,79.23771856962112,596.771408871211,0.0,0.4196729309116607,23.90988795562866,1.802240887426817,43.09137768742796,43.09137768742796,38.782239918685164,38.316624935076334,35.0,82.01747124456443,0.6497434725349518,-34.99999999999991,0.0,0.0,0.0,0.0,0.0,-3.7236526040373974e-07,LIMIT_REACHED,False,True,False,False
1.1899999999998854,ACCELERATING,ISOLATED,RELEASE,MOVING,0.12072922193339708,691.7274880681902,23.67848090813571,85.46326752548016,596.7866809215386,0.0,0.4343519316049836,23.910031344126086,1.7993731174783,43.023067638684026,43.023067638684026,38.720760874815625,38.334777285449995,35.0,92.49763849506473,0.6681090584128634,-34.999999999999616,0.0,0.0,0.0,0.0,0.0,-3.748577519502305e-07,LIMIT_REACHED,False,True,False,False
1.1999999999998843,ACCELERATING,ISOLATED,RELEASE,MOVING,0.12691274127518312,727.1564441503755,24.771063474162457,92.17902920505777,596.7987047934423,0.0,0.44971031171273285,23.91021773207674,1.7956453584651713,42.934271490495235,42.934271490495235,38.640844341445714,38.35569889687516,35.0,104.2327026247814,0.6886691483096555,-34.99999999999824,0.0,0.0,0.0,0.0,0.0,-3.7690375620513805e-07,LIMIT_REACHED,False,True,False,False
1.2099999999998832,ACCELERATING,ISOLATED,RELEASE,MOVING,0.13315359202127056,762.9138849825634,25.884282537755844,99.39653301920181,596.8069229507278,0.0,0.4657125507236232,23.91042148584159,1.7915702831682507,42.83720059206144,42.83720059206144,38.553480532855296,38.3792866955441,35.0,117.31969454073177,0.7111368321629813,-34.9999999999921,0.0,0.0,0.0,0.0,0.0,-3.787491280604627e-07,LIMIT_REACHED,False,True,False,False
1.219999999999882,ACCELERATING,ISOLATED,RELEASE,MOVING,0.1394470813632278,798.9729227530352,27.016385370573172,107.12487354073909,596.8111541518679,0.0,0.4823194728048813,23.910619760653912,1.787604786921776,42.74273834241134,42.74273834241134,38.46846450817021,38.40543924586885,34.999999999999986,131.85544775768756,0.7352453067911822,-34.99999999996585,0.0,0.0,0.0,0.0,0.0,-3.810749866772767e-07,LIMIT_REACHED,False,True,False,False
1.229999999999881,ACCELERATING,ISOLATED,RELEASE,MOVING,0.14578876338291646,835.3080842272511,28.165664726606686,115.37063165203722,596.8115404435425,0.0,0.49948841234298347,23.91079376339833,1.784124732033402,42.65983851582899,42.65983851582899,38.39385466424609,38.434059611315895,35.00000000000001,147.93579037630604,0.7607536713162769,-34.99999999985705,0.0,0.0,0.0,0.0,0.0,-3.832279489301982e-07,LIMIT_REACHED,False,True,False,False
1.2399999999998799,ACCELERATING,ISOLATED,RELEASE,MOVING,0.15217440489973474,871.8951150669716,29.33047840352367,124.13783707812927,596.8084788800683,0.0,0.5171735806243403,23.910929478980034,1.7814104203993208,42.59517893528834,42.59517893528834,38.33566104175951,38.46505732329689,35.0,165.6547925057556,0.7874493196787439,-34.99999999942181,0.0,0.0,0.0,0.0,0.0,-3.864706421552455e-07,LIMIT_REACHED,False,True,False,False
1.2499999999998788,ACCELERATING,ISOLATED,RELEASE,MOVING,0.15859995592594456,908.7108105517492,30.50926113632881,133.42797563953508,596.8025459244732,0.0,0.5353265950913018,23.91101790041537,1.7796419916925754,42.55305151969203,42.55305151969204,38.29774636772284,38.49834969344418,34.99999999999999,185.10409928776932,0.815147997559696,-34.999999997744645,0.0,0.0,0.0,0.0,0.0,-3.9188090994457525e-07,LIMIT_REACHED,False,True,False,False
1.2599999999998777,ACCELERATING,ISOLATED,RELEASE,MOVING,0.1650615245177749,945.7328714863662,31.700528439454754,143.24003829664358,596.7944216176536,0.0,0.5538971300628149,23.911054833781417,1.7789033243716652,42.535454933046935,42.535454933046935,38.28190943974224,38.533862675145876,35.0,206.37237010507988,0.8436924203727907,-34.99999999152459,0.0,0.0,0.0,0.0,0.0,-4.003779494610171e-07,LIMIT_REACHED,False,True,False,False
1.2699999999998766,ACCELERATING,ISOLATED,RELEASE,MOVING,0.17155535563121796,982.939783053469,32.90287621596621,153.57063230704597,596.7848193476636,0.0,0.5728336479950455,23.911040369068314,1.7791926186337628,42.54234652850027,42.54234652850026,38.28811187565024,38.57153142602628,35.0,229.54487447335475,0.8729501139059322,-34.99999996934324,0.0,0.0,0.0,0.0,0.0,-4.001725457669636e-07,LIMIT_REACHED,False,True,False,False
1.2799999999998755,ACCELERATING,ISOLATED,RELEASE,MOVING,0.17807781344907833,1020.3107135550198,34.11495919936636,164.41410372972734,596.7744255762448,0.0,0.5920841718554662,23.910978117245595,1.7804376550880912,42.572005809931404,42.57200580993141,38.31480522893827,38.6113006961096,35.000000000000014,254.7031911240378,0.9028109407914819,-34.99999989328755,0.0,0.0,0.0,0.0,0.0,-4.0039740412112224e-07,LIMIT_REACHED,False,True,False,False
1.2899999999998744,ACCELERATING,ISOLATED,RELEASE,MOVING,0.18462536681797914,1057.8254309724878,35.33549199957254,175.76272088715442,596.7638523406417,0.0,0.6115970653185024,23.910874313726627,1.7825137254674932,42.62146165214584,42.62146165214583,38.35931548693125,38.65312512132934,34.999999999999986,281.92509680384757,0.9331845986222594,-34.99999964255313,0.0,0.0,0.0,0.0,0.0,-4.006960594438169e-07,LIMIT_REACHED,False,True,False,False
1.2999999999998733,ACCELERATING,ISOLATED,RELEASE,MOVING,0.19119457718875796,1095.4642338704073,36.563853508330574,187.6068727058147,596.7536038647099,0.0,0.631321788851912,23.910736880602833,1.7852623879433571,42.686939220950315,42.686939220950315,38.41824529885528,38.696969431260264,34.99999999999999,311.284578202921,0.9639982235531773,-34.99999999999999,0.0,0.0,0.0,0.0,0.0,-4.0056021077816695e-07,LIMIT_REACHED,False,True,False,False
1.3099999999998722,ACCELERATING,ISOLATED,RELEASE,MOVING,0.19778208869056588,1133.2078945251556,37.79818223253437,199.9352664259284,596.7440573003007,0.0,0.6512096072167627,23.91057452655038,1.7885094689923733,42.764288949783186,42.764288949783186,38.48786005480487,38.74280871204584,34.99999999999999,342.8519664777378,0.9951942604643206,-34.99999999999976,0.0,0.0,0.0,0.0,0.0,-3.9741492940947865e-07,LIMIT_REACHED,False,True,False,False
1.319999999999871,ACCELERATING,ISOLATED,RELEASE,MOVING,0.2043846199201856,1171.0376118812087,39.037693565324176,212.73511105987507,596.7354565361181,0.0,0.671214227572333,23.910395946247068,1.7920810750586562,42.84936807242858,42.84936807242858,38.564431265185725,38.790628525728415,34.99999999999999,376.6941168146379,1.0267284780495207,-34.999999999998074,0.0,0.0,0.0,0.0,0.0,-3.9292960707371094e-07,LIMIT_REACHED,False,True,False,False
1.32999999999987,ACCELERATING,ISOLATED,RELEASE,MOVING,0.21099895712592598,1208.9349724977365,40.28130140079259,225.9921757250112,596.7279172068218,0.0,0.6912923544449614,23.91020916244425,1.7958167511149723,42.938354136580074,42.938354136580074,38.644518722922065,38.84042513455434,34.999999999999986,412.8744700254576,1.0585683001452701,-34.999999999984624,0.0,0.0,0.0,0.0,0.0,-3.8336760610491183e-07,LIMIT_REACHED,False,True,False,False
1.3399999999998689,ACCELERATING,ISOLATED,RELEASE,MOVING,0.21762194845709973,1246.881917600535,41.52781146621606,239.69047506289627,596.721440512875,0.0,0.7114041509293361,23.91002103522617,1.7995792954766323,43.02797880940377,43.02797880940377,38.725180928463395,38.892205675683655,34.99999999999997,451.4524366665634,1.0906913255262514,-34.99999999988674,0.0,0.0,0.0,0.0,0.0,-3.6725683827398825e-07,LIMIT_REACHED,False,True,False,False
1.3499999999998678,ACCELERATING,ISOLATED,RELEASE,MOVING,0.22425049902130706,1284.8607147623493,42.77558672709519,253.81047814898864,596.7159332193035,0.0,0.7315136021170026,23.909836945861443,1.8032610827711557,43.11567845987589,43.11567845987589,38.8041106138883,38.94598838910433,34.99999999999999,492.4798224127994,1.123084080618679,-34.99999999922668,0.0,0.0,0.0,0.0,0.0,-3.2898574886530696e-07,LIMIT_REACHED,False,True,False,False
1.3599999999998666,ACCELERATING,ISOLATED,RELEASE,MOVING,0.23088156647714425,1322.8539326509515,44.02087173074749,268.318850867402,596.7112312012882,0.0,0.7515887857826267,23.90966064803873,1.8067870392253726,43.199664971153304,43.199664971153304,38.87969847403797,39.00180312346271,34.99999999999999,535.9797444487396,1.1557411033403098,-34.999999995093184,0.0,0.0,0.0,0.0,0.0,-2.1542972206134436e-07,LIMIT_REACHED,False,True,False,False
1.3699999999998658,ACCELERATING,ISOLATED,RELEASE,MOVING,0.2375121578418188,1360.8444227381258,45.264762764167116,283.2104538304087,596.7071241066058,0.0,0.7716019983139051,23.90949426730038,1.8101146539923867,43.27892594278738,43.27892594278738,38.951033348508645,39.05969046775482,34.99999999999997,582.0294625400002,1.188663376937766,-34.999999970899154,0.0,0.0,0.0,0.0,0.0,4.383336644764313e-07,LIMIT_REACHED,False,True,False,False
1.379999999999868,ACCELERATING,ISOLATED,RELEASE,MOVING,0.24413932291991294,1398.8152816492536,46.491372523175876,298.37315833374527,596.7033790560886,0.0,0.7915299513619232,23.909338418188465,1.8132316362306933,43.353168821205244,43.353168821205244,39.01785193908472,39.11970256415209,34.99999999999997,630.4823452654311,1.2218579099890423,-34.9999998384431,0.0,0.0,0.0,0.0,0.0,1.1374230837191135e-06,LIMIT_REACHED,False,True,False,False
1.3899999999998731,ACCELERATING,ISOLATED,RELEASE,MOVING,0.2507601588409622,1436.7498771617268,47.78073232294502,314.31577268738357,596.6997618137639,0.0,0.8113531251182237,23.90919243101933,1.816151379613361,43.42271281903709,43.42271281903709,39.08044153713338,39.1818916424318,35.00000000000006,682.5189566343956,1.2553308421457667,-34.99999917643437,0.0,0.0,0.0,0.0,0.0,1.5866986800006089e-06,LIMIT_REACHED,False,True,False,False
1.3999999999998796,ACCELERATING,ISOLATED,RELEASE,MOVING,0.25737179154879103,1474.6317421466513,49.04764064036958,330.4793597569282,596.6960539717655,0.0,0.8310571170508628,23.909054616424285,1.8189076715142949,43.4883628604684,43.4883628604684,39.13952657442156,39.24634796761792,35.000000000000014,737.0634882978238,1.2891071678325399,-34.999999973059985,0.0,0.0,0.0,0.0,0.0,2.0987788076354263e-06,LIMIT_REACHED,False,True,False,False
1.4099999999998842,ACCELERATING,ISOLATED,RELEASE,MOVING,0.2639515012074375,1512.3307015328419,49.95986585660129,344.15797641521056,596.7534051285952,0.0,0.8505516764128098,23.908936949186238,1.8212610162752778,43.544414806136466,43.54441480613646,39.189973325522814,21.185461674519736,16.87425059687284,787.9970414595772,1.3222259401715626,-16.874250597125354,0.0,0.0,0.0,0.0,0.0,2.448645844310704e-06,SOLVED,False,True,False,False
1.4199999999998845,GENERATING,PRECHARGE,RELEASE,MOVING,0.2604701868683885,1492.3842396542536,46.24723950051766,298.373223030237,596.9409518443796,38.233621625223066,0.8507607152132787,23.91001299218232,1.7997401563535589,43.031810520965834,43.03181052096584,38.72862946886926,39.867725283870584,34.99999999999999,814.7906352337102,1.5780685595037107,885.2806665331179,920.2806665331182,87.1515809911287,87.1515809911287,0.0,0.0,4.043668866415828e-06,LIMIT_REACHED,False,True,True,False
1.4299999999998834,GENERATING,PRECHARGE,RELEASE,MOVING,0.25502905629831313,1461.208857909761,45.707854019511046,298.79951024774425,596.8950483015014,83.67695580401792,0.8562406142158229,23.910836831724943,1.7832633655011594,42.6393193604909,42.6393193604909,38.37538742444181,39.75756293303907,35.0,791.4821164280979,1.53082240774431,773.4415225965445,808.4415225965447,167.27240800409558,167.27240800409558,0.0,0.0,2.4140047045762003e-06,LIMIT_REACHED,False,True,True,False
1.4399999999998823,GENERATING,PRECHARGE,RELEASE,MOVING,0.2511055031572068,1438.728554341692,45.33796862642961,299.66861684633244,596.8450089544922,123.56918008679939,0.8608693140160735,23.91126742373249,1.7746515253501882,42.434167206583126,42.434167206583126,38.190750485924816,39.59554194965429,34.99999999999997,756.2419169793391,1.458557255031739,677.8658429744544,712.8658362804003,217.1154034449156,217.1154034449156,0.0,0.0,1.1218170143934003e-06,LIMIT_REACHED,False,True,True,False
1.4499999999998812,GENERATING,PRECHARGE,RELEASE,MOVING,0.24851117335883227,1423.864139530503,45.14828248347323,301.14534205317597,596.7961466734421,158.6908680947796,0.8642913717008358,23.91137011613647,1.7725976772705967,42.385239128221066,42.38523912822106,38.146715215398956,39.469857070652544,35.00000000000006,729.3638543243409,1.3999319367514718,597.184198959982,632.1841937988534,245.96908941722936,245.96908941722936,0.0,0.0,1.3510403107375168e-07,LIMIT_REACHED,False,True,True,False
1.45999999999988,GENERATING,PRECHARGE,RELEASE,MOVING,0.24705140308867624,1415.500271976642,45.12112776226594,303.31366446725434,596.751489301786,189.74657288414215,0.8669596931791542,23.91121826441311,1.775634711737783,42.45758915023039,42.45758915023039,38.21183023520735,39.38339961754254,35.00000000000006,712.6440320820227,1.3581357897463893,529.7399862195887,564.7399822171835,260.74830391663914,260.74830391663914,0.0,0.0,-6.120708206935888e-07,LIMIT_REACHED,False,True,True,False
1.469999999999879,GENERATING,PRECHARGE,RELEASE,MOVING,0.24654769377254354,1412.6142301850593,45.233237458858845,306.19019116686354,596.7131363661756,217.36099174345853,0.869332228670645,23.910884635651176,1.7823072869765157,42.6165439241759,42.61654392417589,38.3548895317583,39.32698073192508,34.99999999999997,704.5606358105404,1.330153240257218,473.78661784166746,508.786614712725,266.4588263281301,266.4588263281301,0.0,0.0,-1.176305588046489e-06,LIMIT_REACHED,False,True,True,False
1.4799999999998779,GENERATING,PRECHARGE,RELEASE,MOVING,0.2468425011186402,1414.3033518551385,45.4620505986022,309.75404165661797,596.682424696136,242.08026466000618,0.871748980895393,23.91043742874648,1.7912514250704064,42.829605118298915,42.829605118298915,38.54664460646902,39.29250692720806,35.0,703.4391064498125,1.3127614290535587,427.6861076658313,462.686105194226,266.64333495159667,266.64333495159667,0.0,0.0,-1.6031598875088093e-06,LIMIT_REACHED,False,True,True,False
1.4899999999998768,GENERATING,PRECHARGE,RELEASE,MOVING,0.24779906630068804,1419.784066631189,45.78731346078508,313.96597373018005,596.6599477314362,264.3772449809626,0.8744418384419226,23.909937329348747,1.8012534130250395,43.067856219704225,43.067856219704225,38.761070597733806,39.27422354845974,35.000000000000014,707.9544285236838,1.303443413148286,389.9902761296871,424.99027415288526,263.75891340003693,263.75891340003693,0.0,0.0,-1.9279179070963437e-06,LIMIT_REACHED,False,True,True,False
1.4999999999998757,GENERATING,PRECHARGE,RELEASE,MOVING,0.24929974606770383,1428.3823283362572,46.19135810532436,318.77884259165376,596.645613712655,284.65852850443616,0.8775607300027057,23.90943527181349,1.8112945637302302,43.30703012969559,43.30703012969559,38.97632711672603,39.268150262857205,35.000000000000014,717.1139851318347,1.300333425373255,359.45444444723233,394.4544428437182,259.4736522410714,259.4736522410714,0.0,0.0,-2.187648689755406e-06,LIMIT_REACHED,False,True,True,False
1.5099999999998746,GENERATING,PRECHARGE,RELEASE,MOVING,0.25124391826606884,1439.5216144975554,46.65898757889856,324.14299856928466,596.6387543213964,303.2718898609861,0.8811954802583389,23.908971026637744,1.8205794672450915,43.52818173405447,43.52818173405447,39.175363560649025,39.27149278198055,34.99999999999993,730.1720967272558,1.302045970504649,335.02170275075486,370.02170142978645,254.89046223032838,254.89046223032838,0.0,0.0,-2.390819730635485e-06,LIMIT_REACHED,False,True,True,False
1.5199999999998735,GENERATING,PRECHARGE,RELEASE,MOVING,0.2535458658404112,1452.710802564575,47.17724107157812,330.0089398882187,596.6382660199056,320.513440517192,0.885391886890327,23.908572674720606,1.828546505587861,43.71793701795378,43.71793701795379,39.34614331615841,39.28223850857936,35.000000000000014,746.557671750198,1.3075363646080675,315.7972689785673,350.79726787252594,250.71204161330294,250.71204161330294,0.0,0.0,-2.550272384382879e-06,LIMIT_REACHED,False,True,True,False
1.5299999999998724,GENERATING,PRECHARGE,RELEASE,MOVING,0.2561328055520506,1467.5328752977475,47.73513073712246,336.32852926110337,596.6427646370948,336.6342047935515,0.8901634493436035,23.908256922614772,1.8348615477045376,43.868341299946664,43.86834129994667,39.481507169952,39.298897575554,35.00000000000006,765.8224093354731,1.3160028244924096,301.02180559920697,336.0218046576685,247.36068396048583,247.36068396048583,0.0,0.0,-2.6779681121524845e-06,LIMIT_REACHED,False,True,True,False
1.5399999999998712,GENERATING,PRECHARGE,RELEASE,MOVING,0.258943124393533,1483.6348161680517,48.323386255685136,343.05550110025786,596.650736942815,351.8460134470349,0.8955000946839924,23.908030131889387,1.8393973622122954,43.97636756028942,43.97636756028941,39.57873080426047,39.320337589901456,34.99999999999997,787.6050314493119,1.3268195506053582,290.0473540176306,325.0473532028586,245.06445162208783,245.06445162208783,0.0,0.0,-2.7795258574769832e-06,LIMIT_REACHED,False,True,True,False
1.5499999999998701,GENERATING,PRECHARGE,RELEASE,MOVING,0.2619248366422631,1500.7187689255213,48.934221239829114,350.1456469628698,596.660676882454,366.3267171901601,0.9013748207070725,23.907889887324462,1.8422022535107625,44.043168627116295,44.043168627116295,39.63885176440466,39.34567671516658,34.99999999999997,811.6067317670436,1.3394908063223538,282.31705392572485,317.3170532096028,243.91873919440405,243.91873919440405,0.0,0.0,-2.8624385208786407e-06,LIMIT_REACHED,False,True,True,False
1.559999999999869,GENERATING,PRECHARGE,RELEASE,MOVING,0.26501433035643734,1518.4202639909593,49.362715660665174,355.8272042590802,596.7702627086994,380.1751729208706,0.9076735556168299,23.907864695987378,1.8427060802524158,44.05516764114802,44.05516764114802,39.64965087703322,18.735080005334805,14.360744312477664,834.1635483783427,1.3536792790303764,289.59812154369456,303.958865856163,238.46578885010067,238.46578885010067,0.0,0.0,-2.8581966375895718e-06,SOLVED,False,True,True,False
1.569999999999868,GENERATING,PRECHARGE,RELEASE,MOVING,0.2678806691672673,1534.8431756424698,50.04926713019117,363.4219249953276,597.9725002234511,393.32852342146055,0.9141366090575126,23.91122870482363,1.7754259035274214,42.4526148277123,42.4526148277123,38.207353344941076,4.408323469041409,0.0,862.5659860966383,1.3703155203778963,301.6159094535367,301.61590945354413,239.59486464344906,239.59486464344906,0.0,0.0,-2.846642644271924e-06,LIMIT_REACHED,False,True,True,False
1.5799999999998668,GENERATING,PRECHARGE,RELEASE,MOVING,0.2708117832061308,1551.637222012312,50.636813131046836,370.81486818397883,599.113038850975,406.09659970697936,0.9210244074784731,23.920010697037412,1.5997860592517785,38.26689965027387,38.26689965027387,34.44020968524649,4.438566756443322,0.0,889.5126833665541,1.3849509047583948,299.09279205830927,299.09279205834116,240.30617667103274,240.30617667103274,0.0,0.0,-2.907692220333047e-06,LIMIT_REACHED,False,True,True,False
1.5899999999998657,GENERATING,PRECHARGE,RELEASE,MOVING,0.27380395862286927,1568.7811243065034,51.23076045597687,378.4034301209655,600.0028180484703,418.53522966522627,0.9281959911383433,24.0,0.0,0.0,0.0,0.0,4.469675811956124,-4.263256414560601e-14,917.478368139075,1.399845616228744,298.27509333740454,298.2750933374207,241.93675801923263,241.93675801923263,0.0,0.0,-2.9625102513364254e-06,LIMIT_REACHED,False,True,True,False
1.5999999999998646,GENERATING,PRECHARGE,RELEASE,MOVING,0.276835651679884,1586.1514460011088,51.82823876594952,386.1603804685171,600.0021723702177,430.7159524842336,0.9356054292140942,24.0,0.0,0.0,0.0,0.0,4.502178220926826,0.0,946.5824319524755,1.4152400130610712,298.89186339572245,298.89186339572177,244.38765077961224,244.38765077961224,0.0,0.0,-3.0138586595285233e-06,LIMIT_REACHED,False,True,True,False
1.6099999999998635,GENERATING,PRECHARGE,RELEASE,MOVING,0.2798888964727329,1603.6452500461628,52.426680447652515,394.0605241185511,600.0020894434363,442.6970060989567,0.9432169127293939,24.0,0.0,0.0,0.0,0.0,4.536000251571766,-8.526512829121202e-14,976.761582266509,1.4310836227939372,300.70499451136,300.7049945113448,247.55526112343432,247.55526112343432,0.0,0.0,-3.0616625821267007e-06,LIMIT_REACHED,False,True,True,False
1.6199999999998624,GENERATING,PRECHARGE,RELEASE,MOVING,0.28294892212821726,1621.1779055722634,53.02394294369308,402.0803529704154,600.0027530892014,454.52528649509003,0.9509967563571611,24.0,0.0,0.0,0.0,0.0,4.570953500425032,0.0,1007.9164036227226,1.4472749107316745,303.5036471743117,303.5036471743103,251.33534437159176,251.33534437159176,0.0,0.0,-3.108777363536319e-06,LIMIT_REACHED,False,True,True,False
1.6299999999998613,GENERATING,PRECHARGE,RELEASE,MOVING,0.2860037449283367,1638.6807509329813,53.61828914729293,410.19805880926566,599.9985756445358,466.238042643805,0.9589122852974304,23.969743905943414,0.6051218811317183,14.50461652261002,14.50461652261002,13.054154870349018,4.6068483081300045,8.526512829121202e-14,1039.946592875377,1.4637159597544895,307.1013073432746,307.10130734324144,255.62656130465143,255.62656130465143,0.0,0.0,-3.1552230552733818e-06,LIMIT_REACHED,False,True,True,False
1.6399999999998602,GENERATING,PRECHARGE,RELEASE,MOVING,0.2890437865925002,1656.0989066230313,54.20833942485653,418.3936121778876,600.0020199663043,477.86437020439695,0.9669321953061484,24.0,0.0,0.0,0.0,0.0,4.643518167836681,0.0,1072.759318237175,1.4803234636779807,311.3337737569253,311.3337737569314,260.3331116218517,260.3331116218517,0.0,0.0,-3.202616426278837e-06,LIMIT_REACHED,False,True,True,False
1.6499999999998585,GENERATING,PRECHARGE,RELEASE,MOVING,0.29234972042503354,1675.040512218398,54.55115029519734,390.0602896739961,600.0015788668611,483.98030452145855,0.9116469808357363,24.278029157808675,-5.560583156173499,-135.0,0.0,0.0,3.0679107923169355,0.0,203.29707649136682,0.30091148713408605,144.33070957788118,144.33070957788107,129.83829306213656,-20.161706937863443,0.0,150.0,-3.303901920048702e-06,LIMIT_REACHED,False,True,True,False
1.6599999999998574,GENERATING,PRECHARGE,RELEASE,MOVING,0.29747684199993396,1704.416754947624,55.67198505410291,400.79541957588407,600.0004217767064,483.87689475658306,0.9005518738994452,24.278029157808675,-5.560583156173499,-135.0,0.0,0.0,4.06870812933135,0.0,828.6713074555037,1.193710254811359,197.35960155595194,197.35960155595203,173.55178946086238,23.55178946086238,0.0,150.0,-3.200436637484927e-06,LIMIT_REACHED,False,True,True,False
1.6699999999998563,GENERATING,PRECHARGE,RELEASE,MOVING,0.30160091188398763,1728.0459348249524,56.48434747012623,415.5596804909305,599.9985069278921,486.12252162694205,0.9172674195388363,24.264745873869174,-5.2949174773835015,-128.47982701181908,6.520172988180927,5.868155689362834,4.624070299131278,8.526512829121202e-14,1059.170341690232,1.4715390125675807,266.8119450165375,266.81194501654045,228.1136598616153,78.1136598616153,0.0,150.0,-3.0263766177540674e-06,LIMIT_REACHED,False,True,True,False
1.6799999999998547,GENERATING,PRECHARGE,RELEASE,MOVING,0.3057970513277934,1752.0880428627968,56.953348894163035,389.73083288855065,600.000128981713,489.0356021513998,0.8647476782846116,24.278029157808675,-5.560583156173499,-135.0,0.0,0.0,3.2468938269956924,0.0,387.30212253020466,0.5737523588862966,127.16955888013378,127.16955888013392,115.4549826505538,-34.5450173494462,0.0,150.0,-2.982738379841976e-06,LIMIT_REACHED,False,True,True,False
1.6899999999998536,GENERATING,PRECHARGE,RELEASE,MOVING,0.31087427535070006,1781.1783936782952,58.12371503393123,408.1646829086051,599.9979151918849,489.08791626056825,0.8740553036810632,24.269121326704216,-5.382426534084305,-130.62676258776406,4.373237412235931,3.9359136710123384,4.345139900474862,-5.329070518200751e-15,946.7801570783246,1.339223606161352,217.38190807602467,217.38190807603291,189.9130496957119,39.91304969571189,0.0,150.0,-2.808847796131886e-06,LIMIT_REACHED,False,True,True,False
1.6999999999998519,GENERATING,PRECHARGE,RELEASE,RELEASED,0.3150004928122504,1804.8198782682969,58.78204279061594,387.5840306095319,599.9738284679997,492.2594436512896,0.8379379310505997,24.270655117458453,-5.413102349169031,-131.37954023218572,3.620459767814286,3.2584137910328574,3.066327373553961,0.0,199.63756799781976,0.2973827467623967,108.32450095106827,108.32450095106861,99.32031526538101,-50.67968473461899,0.0,150.0,-2.6342442822624434e-06,LIMIT_REACHED,False,True,True,False
1.7099999999998508,GENERATING,PRECHARGE,RELEASE,RELEASED,0.3204078349404709,1835.8016665013297,59.80730379064601,407.77684911059924,599.950116886896,491.60480729440764,0.8471418180442141,24.27182918645952,-5.4365837291904375,-131.9558316327954,3.044168367204616,2.7397515304841544,4.276355092902351,4.263256414560601e-14,921.3790203970534,1.3045331695807771,206.70678736318607,206.70678736317768,181.5478690069576,31.547869006957598,0.0,150.0,-2.467920296567172e-06,LIMIT_REACHED,False,True,True,False
1.7199999999998488,GENERATING,PRECHARGE,RELEASE,RELEASED,0.3249976686546303,1862.0994765501484,60.42649940720835,388.4466268394634,599.8979184640114,493.7622177881835,0.8108160239184633,24.272552960904928,-5.451059218098578,-132.31112356432675,2.6888764356732415,2.4199887921059173,3.2069456928678495,0.0,353.41871715164746,0.5252881023690388,107.63474707869707,107.63474707869707,98.75422611617103,-51.245773883828974,0.0,150.0,-2.278916255704644e-06,LIMIT_REACHED,False,True,True,False
1.7299999999998477,GENERATING,PRECHARGE,RELEASE,RELEASED,0.33016899965360824,1891.729020620809,61.54529555898131,415.5117020476404,599.8423183270156,493.7875915364485,0.8357233024607736,24.27292488787459,-5.45849775749186,-132.4937060682318,2.5062939317681643,2.255664538591348,4.549272773400807,0.0,1034.373056263324,1.4372532940303442,239.67124141593968,239.67124141594076,207.8548124500013,57.854812450001305,0.0,150.0,-2.0468963413122765e-06,LIMIT_REACHED,False,True,True,False
1.7399999999998461,GENERATING,MAIN,RELEASE,RELEASED,0.33426339991061216,1915.1882060571693,59.558675224463535,371.9554620472748,599.7912796131402,498.97342556289084,0.7932011708572367,24.272927520057987,-5.45855040115976,-132.4949982519343,2.505001748065696,2.2545015732591267,3.83798427939134,0.0,680.9870792783122,1.057029977115969,576.5343190598845,576.5343190600569,552.5860648164715,402.58606481647155,0.0,150.0,-4.1068699374591233e-07,LIMIT_REACHED,False,True,False,True
1.749999999999845,GENERATING,MAIN,RELEASE,RELEASED,0.3329011585414941,1907.3831379443106,59.86080547733742,394.3121240973847,599.7054006239539,521.9343553902921,0.8329613845371466,24.272629754169625,-5.452595083392515,-132.34882165859216,2.6511783414078027,2.3860605072670227,5.4718662681949075,8.526512829121202e-14,1239.8884428789959,1.8154398064729504,898.5049025909359,898.5049025916989,851.9219458562135,614.7771023156113,87.14484354060221,150.0,2.0181294786425497e-06,LIMIT_REACHED,False,True,False,True
1.759999999999844,GENERATING,MAIN,RELEASE,RELEASED,0.32861711023259244,1882.8373492112883,59.21562049101719,413.20564653796384,599.5865503659932,544.8805742083256,0.8842867602462001,24.271862897446397,-5.437257948927965,-131.97237947443017,3.027620525569825,2.724858473012843,6.156092530612296,0.0,1468.152290405501,2.0513710961573306,1068.7794058489853,1068.7794058491504,1010.2754197579677,501.4567452395372,358.81867451843056,150.0,3.714264636300868e-06,LIMIT_REACHED,False,True,False,True
1.7699999999998426,GENERATING,MAIN,RELEASE,RELEASED,0.32341225374507254,1853.0157182406708,64.03590001192484,416.35077748126855,599.4970423884411,560.83803978401,0.8476288646146097,24.27066339576986,-5.413267915397138,-131.38360344572473,3.616396554275264,3.2547568988477376,3.054733240886859,1.0658141036401503e-14,194.81166488987648,0.27014376638340615,641.7300495398669,641.7300495400397,617.1244643256852,-138.47915909621554,605.6036234219007,150.0,1.6663278898931821e-06,LIMIT_REACHED,False,True,False,True
1.7799999999998415,GENERATING,MAIN,RELEASE,RELEASED,0.32674589474209365,1872.11607419478,59.15001166530628,401.5308802408383,599.4916535502057,543.2611420057773,0.8540023975074436,24.269523386292356,-5.390467725847095,-130.82408253550025,4.175917464499741,3.7583257180497673,4.36783520548369,-4.263256414560601e-14,939.216763136681,1.3504740923017569,519.7799158468922,519.7799158492019,501.62738421170604,-344.9227502954577,696.5501345071638,150.0,1.3064984329957952e-06,LIMIT_REACHED,False,True,False,True
1.7899999999998404,GENERATING,MAIN,RELEASE,RELEASED,0.32509880406433156,1862.6789397636692,58.24495853414055,406.7388340512288,599.4563529250399,537.7398102102685,0.8873969395883092,24.268485067680462,-5.369701353609268,-130.3145171179701,4.685482882029903,4.216934593826912,5.499386111736348,0.0,1286.063199536427,1.8255176842880663,981.0155126630498,981.0155126630524,929.2555777252372,31.875537882085723,747.3800398431515,150.0,4.991267161358337e-06,LIMIT_REACHED,False,True,False,True
1.7999999999998393,GENERATING,MAIN,RELEASE,RELEASED,0.31929836635321696,1829.44487974613,57.31008121978401,413.4596390690951,599.408273898583,542.3520433508003,0.922657817232906,24.267419637253035,-5.348392745060726,-129.79169112922833,5.208308870771663,4.687477983694497,5.997734684895605,8.526512829121202e-14,1431.725345662411,1.999244752365454,1187.631049945838,1187.6310517945171,1117.8442284816795,162.27738457530518,805.5668439063743,150.0,7.45950575264942e-06,LIMIT_REACHED,False,True,False,True
1.8099999999998382,GENERATING,MAIN,RELEASE,RELEASED,0.31200822015173424,1787.6754188083014,56.29648703796446,418.0380737963061,599.3696298989969,548.4171914951922,0.952234883204349,24.266326909320572,-5.3265381864114385,-129.2555169264395,5.7444830735605,5.1700347662044495,5.969770163399183,0.0,1440.8117895262724,1.9898978745651519,1211.5723027147305,1211.5723046507949,1140.478782319795,132.28133280429665,858.1974495154984,150.0,7.68329563527459e-06,LIMIT_REACHED,False,True,False,True
1.819999999999837,GENERATING,MAIN,RELEASE,RELEASED,0.304867379294634,1746.761414479659,55.28225710849702,419.3906854045199,599.3536544835993,551.888610496143,0.9735859265884799,24.265296552782615,-5.305931055652277,-128.74999055402142,6.250009445978564,5.625008501380708,5.713774689623136,2.1316282072803006e-14,1381.7697160587109,1.9022003713675508,1148.3238314054047,1148.323831405403,1083.641145470995,43.34600367357052,890.2951417974245,150.0,6.658722085717272e-06,LIMIT_REACHED,False,True,False,True
1.829999999999836,GENERATING,MAIN,RELEASE,RELEASED,0.2985444435294461,1710.5336611318996,54.32921528768709,417.83383050684915,599.3624445017588,551.7509212496163,0.9869715754197497,24.264437667643573,-5.288753352871442,-128.32862607029006,6.671373929709935,6.004236536738942,5.438838335290673,0.0,1305.0438442200184,1.8032704863814053,1061.7118549157906,1061.7118549158158,1004.7257849411154,-47.976436381906524,902.702221323022,150.0,5.368551981632663e-06,LIMIT_REACHED,False,True,False,True
1.8399999999998349,GENERATING,MAIN,RELEASE,RELEASED,0.29313130055221076,1679.5186364822532,53.464517046576226,414.1717745677818,599.3916770868184,548.4553854932046,0.993977811930954,24.263831575933782,-5.276631518675627,-128.0312984574091,6.9687015425908925,6.271831388331804,5.218794481247778,8.526512829121202e-14,1233.8689428884786,1.7199978609474207,982.1024157984173,982.1024157984808,931.5063679540922,-118.1464612969379,899.6528292510301,150.0,4.246745660907436e-06,LIMIT_REACHED,False,True,False,True
1.8499999999998338,GENERATING,MAIN,RELEASE,RELEASED,0.28849142648550574,1652.9341163328136,52.68730434503382,409.1652261371726,599.4348928337529,542.8789555825219,0.9963848755646002,24.26351701349866,-5.27034026997317,-127.87699080742114,7.123009192578882,6.410708273320994,5.0580891792598734,0.0,1173.9802948656795,1.6565382294652395,917.9239967361204,917.9239967362497,872.002949819637,-164.02530804298306,886.0282578626201,150.0,3.3755932236090302e-06,LIMIT_REACHED,False,True,False,True
1.8599999999998327,GENERATING,MAIN,RELEASE,RELEASED,0.2844499356339395,1629.7780794592654,51.990600153347586,403.4256679715675,599.4856195552329,535.9167955643592,0.9956552967870378,24.263493423356078,-5.269868467121541,-127.8654188939551,7.134581106044913,6.421122995440422,4.9418212979428375,-8.526512829121202e-14,1124.3412708883147,1.609066519421675,867.8324556521376,867.8324556523276,825.230538034901,-179.58127712201156,854.8118151569125,150.0,2.7073984654180094e-06,LIMIT_REACHED,False,True,False,True
1.8699999999998316,GENERATING,MAIN,RELEASE,RELEASED,0.2809098658010659,1609.4949733987419,51.4175158854286,397.97408241189777,599.5382520516062,529.3420241924568,0.9929365059573106,24.263730467557124,-5.274609351142503,-127.98169961777808,7.018300382221929,6.316470343999736,4.850898138228073,8.526512829121202e-14,1082.8693091264104,1.570943724104749,820.0533870943626,820.0533870944988,780.5924013662567,-144.82426535203115,775.4166667182878,150.0,2.0812115621993144e-06,LIMIT_REACHED,False,True,False,True
1.8799999999998305,GENERATING,MAIN,RELEASE,RELEASED,0.2779518729208142,1592.5469226119246,50.98406878176245,393.48773232075723,599.5884619660044,524.4064709392931,0.9891525916963845,24.264178894433044,-5.283577888660855,-128.20167909313784,6.798320906862163,6.1184888161759465,4.77126594942157,-8.526512829121202e-14,1047.377113071632,1.5367784266321851,764.6989822317685,764.6989822318415,729.0610642458868,-100.1382428429099,679.1993070887967,150.0,1.3883974645523267e-06,LIMIT_REACHED,False,True,False,True
1.8899999999998294,GENERATING,MAIN,RELEASE,RELEASED,0.27567910236792925,1579.5249065637327,50.68059030431897,390.0492097720055,599.6330281301227,521.1046487991416,0.9849252119609065,24.264779989953468,-5.295599799069326,-128.496564039259,6.503435960740991,5.853092364666892,4.70206032246023,0.0,1017.7400658483111,1.506457355281027,706.6946395920168,706.6946395920664,675.1007174294482,-63.92458582680115,589.0253032562493,150.0,6.958735525586235e-07,LIMIT_REACHED,False,True,False,True
1.8999999999998283,GENERATING,MAIN,RELEASE,RELEASED,0.2740984063333342,1570.4681854161963,50.48977971756124,387.53245051480224,599.6696106576628,519.0384986519952,0.9806625650842967,24.265472068081014,-5.309441361620284,-128.836101057511,6.163898942488962,5.547509048240066,4.646437429475204,0.0,994.5135062000521,1.4816375757812497,653.5737607278265,653.5737607278634,625.6167048871688,-38.714489622232236,514.331194509401,150.0,8.666583539707062e-08,LIMIT_REACHED,False,True,False,True
1.9099999999998272,GENERATING,MAIN,RELEASE,RELEASED,0.27312983487728465,1564.9186797573484,50.38980800110679,385.7656578762422,599.6967431896469,517.8128310851232,0.9766414342184786,24.266195275429872,-5.323905508597474,-129.1909306995631,5.809069300436909,5.2281623703932185,4.605578432841453,8.526512829121202e-14,977.6182971990377,1.463137465786658,609.8386333379569,609.8386333379889,584.792487248056,-22.156093655087204,456.9485809031432,150.0,-4.0382013821727014e-07,LIMIT_REACHED,False,True,False,True
1.919999999999826,GENERATING,MAIN,RELEASE,RELEASED,0.2726514054585424,1562.1774811084654,50.35802427311997,384.5882907547949,599.7138604750021,517.1377744326523,0.9730409794926901,24.26689565723519,-5.337913144703812,-129.53458130991157,5.46541869008843,4.918876821079587,4.5782040416820475,8.526512829121202e-14,966.2903196680209,1.4506109249471626,576.7525559161611,576.7525559161802,553.8478144222121,-11.403690198496804,415.2515046207089,150.0,-7.774632990731334e-07,LIMIT_REACHED,False,True,False,True
1.929999999999825,GENERATING,MAIN,RELEASE,RELEASED,0.27253525682800006,1561.5119984758355,50.37382989911837,383.86485186126555,599.7212454413975,516.8231239431088,0.9699594468223556,24.267528439272958,-5.350568785459184,-129.8450801674169,5.154919832583093,4.639427849324783,4.561815401331458,-8.526512829121202e-14,959.4518719267077,1.4430594357505204,553.575728045694,553.5757280457134,532.1381642697154,-4.333285146064156,386.47144941577955,150.0,-1.0549929072567465e-06,LIMIT_REACHED,False,True,False,True
1.9399999999998239,GENERATING,MAIN,RELEASE,RELEASED,0.27266734727392455,1562.268820982383,50.4201142163097,383.48429736011667,599.7198902640555,516.7476758596495,0.9674302954421001,24.26806022434388,-5.36120448687761,-130.10603336256847,4.893966637431529,4.404569973688376,4.553722098958767,0.0,956.0140008171203,1.4393156239263007,538.6867607227722,538.6867607227837,518.1792129944484,0.38474345399612275,367.7944695404523,150.0,-1.2657090451284603e-06,LIMIT_REACHED,False,True,False,True
1.9499999999998228,GENERATING,MAIN,RELEASE,RELEASED,0.2729548381888685,1563.9160225898472,50.48355717657611,383.3560964971649,599.7113057822783,516.8318841983486,0.9654395505435144,24.268469956307584,-5.36939912615166,-130.30710137643575,4.69289862356425,4.223608761207824,4.551541102388546,0.0,955.0233991865443,1.4383050684230356,530.2714524004037,530.2714524004205,510.2889030418184,3.5136028742590497,356.77530016755935,150.0,-1.4225489621821907e-06,LIMIT_REACHED,False,True,False,True
1.9599999999998217,GENERATING,MAIN,RELEASE,RELEASED,0.27332660760756805,1566.046104454199,50.55431006541576,383.40651072563935,599.6973142684701,517.0199695952094,0.9639420782453805,24.2687487122572,-5.3749742451439735,-130.44389929025343,4.556100709746582,4.100490638771924,4.553345656458891,-4.263256414560601e-14,955.7042841200962,1.4391412515612176,526.6586059499805,526.6586059500053,506.9071818252405,5.486769569099295,351.4204122561412,150.0,-1.539368639669192e-06,LIMIT_REACHED,False,True,False,True
1.9699999999998206,GENERATING,MAIN,RELEASE,RELEASED,0.2737307290338148,1568.3615496676734,50.62543876259351,383.57586660502506,599.6798512759374,517.2701828155524,0.9628750629836692,24.268898523663253,-5.377970473265051,-130.51741967892676,4.482580321073234,4.034322288965911,4.557652354803199,0.0,957.4509591736949,1.4411349022226423,526.4424049632339,526.442404963243,506.71634168165866,6.574311511928784,350.1420301697299,150.0,-1.6318323901032272e-06,LIMIT_REACHED,False,True,False,True
1.9799999999998195,GENERATING,MAIN,RELEASE,RELEASED,0.27413105298986545,1570.6552369796416,50.69233891643214,383.8166525548057,599.6607933277783,517.5502684703404,0.962168205279777,24.268930494731375,-5.378609894627478,-130.5331096909887,4.466890309011316,4.020201278110185,4.5633536789625335,4.263256414560601e-14,959.803720554906,1.4437699165552813,528.4974758572947,528.4974758573138,508.6590376786083,6.976039579026576,351.6829980995817,150.0,-1.706142967350388e-06,LIMIT_REACHED,False,True,False,True
1.9899999999998184,GENERATING,MAIN,RELEASE,RELEASED,0.27450388066310183,1572.7913821958546,50.75220987735643,384.0920638144606,599.6418212189337,517.8355614753387,0.9617509055454034,24.26886250151813,-5.377250030362608,-130.4997416231543,4.500258376845679,4.050232539161111,4.569643575154038,4.263256414560601e-14,962.4226888134256,1.4466713863920113,531.9503312031288,531.9503312031442,511.91365477597117,6.862287116006314,355.05136765996485,150.0,-1.7697421981210937e-06,LIMIT_REACHED,False,True,False,True
1.9999999999998173,GENERATING,MAIN,RELEASE,RELEASED,0.2748350802191302,1574.6890158695578,50.80361022093852,384.3746976623262,599.6243233212688,518.1080660853194,0.9615569750247568,24.268716737264644,-5.374334745292879,-130.42820758475222,4.571792415247775,4.114613173722998,4.575952722066275,-2.1316282072803006e-14,965.0645870639646,1.4495759021480616,536.1395694958086,536.1395694958217,515.8579396923448,6.385309690286931,359.4726300020578,150.0,-1.8291557069005648e-06,LIMIT_REACHED,False,True,False,True
2.009999999999838,GENERATING,MAIN,RELEASE,RELEASED,0.2751176976290439,1576.3082943500551,50.846091770709464,384.64524914798335,599.6093390933522,518.3556974296309,0.9615274400400501,24.268517331101272,-5.370346622025462,-130.3303500706461,4.669649929353918,4.202684936418526,4.581896627207413,0.0,967.5633698747706,1.4523069589254252,540.5781527775629,540.5781527775744,520.0339059009532,5.678389303041058,364.3555165979121,150.0,-1.8885937436152744e-06,LIMIT_REACHED,False,True,False,True
2.0199999999998592,GENERATING,MAIN,RELEASE,RELEASED,0.2753500067286301,1577.6393274449324,50.87990205118792,384.8911792716147,599.5975397995148,518.5714120241092,0.9616119354331123,24.268288217972618,-5.365764359452342,-130.21791598491467,4.782084015085324,4.303875613576792,4.58723473500236,1.0658141036401503e-14,969.8141881430586,1.4547552990118808,544.9212586257097,544.9212586257323,524.1176350313948,4.852419789576857,369.26521524181794,150.0,-1.949291458913649e-06,LIMIT_REACHED,False,True,False,True
2.0299999999998803,GENERATING,MAIN,RELEASE,RELEASED,0.2755339261137024,1578.693107898461,50.905745303971514,385.1053945293833,599.5892411483806,518.7522280986899,0.9617690913745913,24.268051384100797,-5.361027682015956,-130.10169525875,4.8983047412500085,4.4084742671250075,4.591837646510555,0.0,971.759921977582,1.4568631354205535,548.9392332346005,548.9392332346202,527.8937325680605,3.994094404920702,373.8996381631398,150.0,-2.0140896310749667e-06,LIMIT_REACHED,False,True,False,True
2.0399999999999014,GENERATING,MAIN,RELEASE,RELEASED,0.27567374423344604,1579.4942067145373,50.92459401393289,385.28499690355216,599.5844411083774,518.898227636535,0.9619662321007587,24.267825559629184,-5.356511192583658,-129.9908792298215,5.00912077017853,4.508208693160677,4.595660039215824,-5.329070518200751e-15,973.3796848271813,1.4586112295448816,552.4943068202867,552.4943068202989,531.2332912131286,3.1665275073008843,378.0667637058277,150.0,-2.083652049122975e-06,LIMIT_REACHED,False,True,False,True
2.0499999999999226,GENERATING,MAIN,RELEASE,RELEASED,0.2757751104957547,1580.0749926160674,50.937544298151956,385.43015591954116,599.582875473995,519.0116302995384,0.9621786330440144,24.267625382019677,-5.352507640393535,-129.8926502714684,5.107349728531593,4.596614755678434,4.598717787588738,0.0,974.6789569516255,1.4600081221640457,555.5201026850903,555.5201026851122,534.0745055501899,2.411742217996391,381.6627633321935,150.0,-2.158693376941301e-06,LIMIT_REACHED,False,True,False,True
2.0599999999999437,GENERATING,MAIN,RELEASE,RELEASED,0.275844260130922,1580.471190841063,50.945709260846044,385.543136127423,599.5840837464953,519.0959964608686,0.9623885242815031,24.267461012928987,-5.3492202585797255,-129.8119940746534,5.188005925346606,4.669205332811946,4.601068571333678,-2.1316282072803006e-14,975.6812018225531,1.4610811391266298,558.0035480965672,558.0035480965759,536.4055885237253,1.754154260228347,384.651434263497,150.0,-2.23761909978748e-06,LIMIT_REACHED,False,True,False,True
2.0699999999999648,GENERATING,MAIN,RELEASE,RELEASED,0.27588744400489446,1580.7186162132277,50.95014463213587,385.6274944066224,599.5874784383802,519.1555832098404,0.9625839810606273,24.267338159274374,-5.346763185487492,-129.75171027978402,5.24828972021597,4.723460748194373,4.602795726116717,0.0,976.4209164599422,1.4618689982880215,559.9691693179697,559.9691693179918,538.249972008384,1.2043410154404341,387.0456309929436,150.0,-2.321047389841624e-06,LIMIT_REACHED,False,True,False,True
2.079999999999986,GENERATING,MAIN,RELEASE,RELEASED,0.2759105345147177,1580.8509150891957,50.951801183773036,385.68744616919037,599.5924118774326,519.194853603423,0.9627578039511662,24.267258426737815,-5.345168534756282,-129.7125861673982,5.287413832601796,4.758672449341617,4.603995256194234,-4.263256414560601e-14,976.9380806840165,1.4624159263329677,561.465868968409,561.4658689684258,539.6538734084447,0.7626414055021655,388.89123200294256,150.0,-2.408458840363892e-06,LIMIT_REACHED,False,True,False,True
2.090000000000007,GENERATING,MAIN,RELEASE,RELEASED,0.2759187779323857,1580.8981463933094,50.951498563262724,385.7273887906764,599.5982358305866,519.2181257838372,0.9629064599904289,24.267219920990964,-5.344398419819275,-129.69369179915094,5.306308200849071,4.775677380764164,4.604765894977104,0.0,977.2739353383722,1.462767192676084,562.5562271798842,562.5562271799088,540.6762547073477,0.4223421500861946,390.25391255726146,150.0,-2.4987934352793673e-06,LIMIT_REACHED,False,True,False,True
2.100000000000028,GENERATING,MAIN,RELEASE,RELEASED,0.27591666369970225,1580.8860327323425,50.949915553664,385.75156394566494,599.6043506492683,519.2293419979454,0.9630291307530353,24.26721800773833,-5.34436015476658,-129.69275298759075,5.307247012409257,4.776522311168331,4.605201982492527,0.0,977.4679692778557,1.462965929196588,563.3082421936629,563.3082421936767,541.3810837658272,0.17234358662881277,391.20874017919834,150.0,-2.5925894249212433e-06,LIMIT_REACHED,False,True,False,True
2.110000000000049,GENERATING,MAIN,RELEASE,RELEASED,0.275907882727779,1580.83572146922,50.9475922733488,385.7638371291499,599.6102420275836,519.231935299625,0.963126892836941,24.26724614604727,-5.344922920945377,-129.70656015423143,5.293439845768563,4.764095861191707,4.605388810632921,0.0,977.555952183659,1.463051063420969,563.7893027512271,563.789302751242,541.8316949477545,-0.0007192620793716742,391.83241420983387,150.0,-2.6887157105193182e-06,LIMIT_REACHED,False,True,False,True
2.1200000000000703,GENERATING,MAIN,RELEASE,RELEASED,0.2758953495594692,1580.7639117044118,50.94494044389861,385.7675717095365,599.6155047549332,519.2287719771733,0.9632020403411727,24.267296718785403,-5.345934375708039,-129.73137573446178,5.268624265538212,4.741761838984391,4.605400010434549,-8.526512829121202e-14,977.5688258322821,1.4630561668118092,564.0620980116776,564.0620980116972,542.0869679400221,-0.1108757157841751,392.19784365580625,150.0,-2.786089709161388e-06,LIMIT_REACHED,False,True,False,True
2.1300000000000914,GENERATING,MAIN,RELEASE,RELEASED,0.2758812668717536,1580.683223847382,50.94225853093888,385.76557570479656,599.619853953328,519.222149496912,0.963257547120987,24.267361797558827,-5.347235951176556,-129.7633094441151,5.236690555884893,4.713021500296404,4.605296530979583,8.526512829121202e-14,977.5322618030162,1.4630090138613103,564.18212764241,564.1821276424329,542.199005682814,-0.17168510727748298,392.3706907900915,150.0,-2.88381835389373e-06,LIMIT_REACHED,False,True,False,True
2.1400000000001125,GENERATING,MAIN,RELEASE,RELEASED,0.2758672147568548,1580.602711159688,50.9397492653546,385.76010152526356,599.6231251633728,519.2138323295586,0.9632966584818529,24.267433795555817,-5.34867591111634,-129.79863856689997,5.201361433100025,4.681225289790023,4.605126779737886,-8.526512829121202e-14,977.4667052478131,1.4629316592549753,564.1964704767155,564.1964704767385,542.2119900166145,-0.19549879115851354,392.40748880777306,150.0,-2.9826918535036384e-06,LIMIT_REACHED,False,True,False,True
2.1500000000001336,GENERATING,MAIN,RELEASE,RELEASED,0.27585425113833717,1580.5284350968604,50.93753764322574,385.75288167906456,599.6252652558876,519.2051110624685,0.9633225969866804,24.26750597848513,-5.350119569702611,-129.8340586433684,5.165941356631616,4.649347220968455,4.604927544030417,-8.526512829121202e-14,977.3877465065464,1.4628408635393517,564.1434913328104,564.1434913328243,542.161914515448,-0.19304253043691233,392.3549570458849,150.0,-3.083552371663245e-06,LIMIT_REACHED,False,True,False,True
2.1600000000001547,GENERATING,MAIN,RELEASE,RELEASED,0.2758430132863262,1580.4640469477586,50.935688108660095,385.7451864963545,599.6263164974268,519.1968732909247,0.9633383645918537,24.26757281991907,-5.351456398381384,-129.86685784034208,5.133142159657947,4.619827943692152,4.604725378912394,8.526512829121202e-14,977.3066899467452,1.462748727071693,564.0532046844634,564.0532046844836,542.0769310959894,-0.17324387136511632,392.2501749673545,150.0,-3.1837304561577184e-06,LIMIT_REACHED,False,True,False,True
2.170000000000176,GENERATING,MAIN,RELEASE,RELEASED,0.2758338135316815,1580.4113362363887,50.93422007120302,385.7378929658433,599.6263962074052,519.1896777232911,0.9633466228009426,24.267630201674873,-5.352604033497439,-129.8950153009092,5.104984699090805,4.594486229181724,4.6045382159605275,0.0,977.2312179947763,1.4626634226462933,563.9480597976287,563.9480597976469,541.9780901902465,-0.14323601369034122,392.1213262039368,150.0,-3.2842626183082757e-06,LIMIT_REACHED,False,True,False,True
2.180000000000197,GENERATING,MAIN,RELEASE,RELEASED,0.2758267248746055,1580.3707212231018,50.933121297596855,385.73155658511774,599.6256743469246,519.1838255286901,0.9633496333630992,24.267675471601617,-5.353509432032364,-129.9172295307197,5.082770469280276,4.574493422352249,4.604377012725637,0.0,977.1660751615598,1.462589946054891,563.8439598402629,563.8439598402794,541.8802991399857,-0.10847949947532243,391.98877863946103,150.0,-3.3848742475584004e-06,LIMIT_REACHED,False,True,False,True
2.190000000000218,GENERATING,MAIN,RELEASE,RELEASED,0.2758216542307668,1580.3416685739644,50.93235899082165,385.72648057064123,599.624351119412,519.1794251188994,0.9633492437588151,24.26770737983413,-5.354147596682589,-129.93288714473522,5.067112855264777,4.5604015697383,4.604247319502396,0.0,977.1137202691458,1.4625308290778676,563.7513727112527,563.751372711272,541.793365785597,-0.07295426731104726,391.866320052908,150.0,-3.4833458357752534e-06,LIMIT_REACHED,False,True,False,True
2.200000000000239,GENERATING,MAIN,RELEASE,RELEASED,0.27581840259362117,1580.323038065469,50.931888605357045,385.7227787979557,599.6226362900677,519.1764482640049,0.9633469039117634,24.267725920100457,-5.35451840200913,-129.94198501409184,5.05801498590817,4.552213487317354,4.6041506867488105,8.526512829121202e-14,977.0749143588486,1.4624867802246102,563.6764315466312,563.6764315466511,541.7230318173563,-0.039385689641164845,391.76241750699745,150.0,-3.5861116032265272e-06,LIMIT_REACHED,False,True,False,True
2.21000000000026,GENERATING,MAIN,RELEASE,RELEASED,0.2758167124766408,1580.313354408483,50.931660554559215,385.720430443011,599.6207314939118,519.174776719477,0.963343702938706,24.267732105166058,-5.354642103321144,-129.94502008244044,5.054979917559558,4.549481925803602,4.604085872803104,0.0,977.0492268393132,1.4624572348405516,563.6219568206512,563.6219568206714,541.6719322106076,-0.009478200596674924,391.68141041120424,150.0,-3.6861516150565876e-06,LIMIT_REACHED,False,True,False,True
2.2200000000002813,GENERATING,MAIN,RELEASE,RELEASED,0.2758163037069507,1580.31101233068,50.93162506134276,385.719325501881,599.6188163459935,519.1742394444257,0.9633404170832206,24.267727705317096,-5.354554106341896,-129.94286103609267,5.05713896390737,4.551425067516633,4.604049838357165,0.0,977.0354536413583,1.4624408083097085,563.5883593440028,563.5883593440179,541.640442682851,0.015861435448869088,391.62458124740215,150.0,-3.7869197626605455e-06,LIMIT_REACHED,False,True,False,True
2.2300000000003024,GENERATING,MAIN,RELEASE,RELEASED,0.27581689904836487,1580.3144233857197,50.93173545116097,385.71930122787046,599.6170387306736,519.1746410824579,0.96333756213084,24.267714976423232,-5.354299528464604,-129.93661485517632,5.063385144823719,4.557046630341347,4.604038532796791,0.0,977.0319490098495,1.4624356545602457,563.5744045523588,563.5744045523747,541.6273968513634,0.03632239404532811,391.5910744573181,150.0,-3.887011018832709e-06,LIMIT_REACHED,False,True,False,True
2.2400000000003235,GENERATING,MAIN,RELEASE,RELEASED,0.27581824130881877,1580.3221139716215,50.931950169585534,385.7201700997105,599.6155092597398,519.1757827243823,0.963335445490186,24.267696400151458,-5.353928003029158,-129.9274993257808,5.072500674219203,4.5652506067972825,4.604047489520605,0.0,977.0368776796885,1.4624397375712526,563.5778339190117,563.5778339190341,541.6306692298078,0.05201558775132753,391.5786536420565,150.0,-3.986992282989377e-06,LIMIT_REACHED,False,True,False,True
2.2500000000003446,GENERATING,MAIN,RELEASE,RELEASED,0.2758201035983958,1580.3327841049208,50.93223382119272,385.7217402798214,599.6142995723051,519.1774761356113,0.9633342147093014,24.267674453921057,-5.3534890784211555,-129.91673014774645,5.083269852253548,4.574942867028193,4.604072254184182,0.0,977.0483971462584,1.4624510267283855,563.5958499696442,563.5958499696669,541.647630174654,0.06332918945537358,391.5843009851986,150.0,-4.0862241235117835e-06,LIMIT_REACHED,False,True,False,True
2.2600000000003657,GENERATING,MAIN,RELEASE,RELEASED,0.2758222943035288,1580.3453359207485,50.932557472740854,385.7238296918251,599.6134439146251,519.1795526648883,0.9633339004742281,24.2676514227599,-5.353028455198046,-129.90542860686108,5.094571393138899,4.58511425382501,4.604108672767769,0.0,977.064781076785,1.4624676282538218,563.6254780632461,563.6254780632692,541.6754851584302,0.0708134126848563,391.60467174574535,150.0,-4.185427599168179e-06,LIMIT_REACHED,False,True,False,True
2.270000000000387,GENERATING,MAIN,RELEASE,RELEASED,0.2758246581737876,1580.3588798996632,50.932898437666886,385.7262748879429,599.612943288387,519.1818679933672,0.9633344531246854,24.267629259840476,-5.352585196809519,-129.8945531378837,5.105446862116308,4.594902175904677,4.604153066609538,-2.1316282072803006e-14,977.0844950923623,1.4624878650708122,563.6638217801433,563.6638217801607,541.7115141921815,0.07509238032741905,391.6364218118541,150.0,-4.2861752547196375e-06,LIMIT_REACHED,False,True,False,True
2.280000000000408,GENERATING,MAIN,RELEASE,RELEASED,0.2758270747135494,1580.372725652601,50.933239738402264,385.72893582999006,599.6127713877837,519.1843037718538,0.9633357724506337,24.26760949754253,-5.352189950850622,-129.88485568391425,5.115144316085737,4.603629884477163,4.604202319932267,2.1316282072803006e-14,977.1062355423143,1.4625103167418532,563.7082300989522,563.7082300989616,541.753228474027,0.07679988506777136,391.6764285889592,150.0,-4.3854510920482426e-06,LIMIT_REACHED,False,True,False,True
2.290000000000429,GENERATING,MAIN,RELEASE,RELEASED,0.27582945485651883,1580.3863628672798,50.933569364147004,385.7316976041552,599.6128815494153,519.1867670516845,0.9633377310407079,24.267593206704234,-5.3518641340846616,-129.87686170351697,5.12313829648302,4.6108244668347185,4.604253902681213,1.0658141036401503e-14,977.1289408059199,1.4625338298907655,563.7563942980963,563.7563942981161,541.7984611064093,0.07653537740173988,391.7219257290075,150.0,-4.483619022721541e-06,LIMIT_REACHED,False,True,False,True
2.30000000000045,GENERATING,MAIN,RELEASE,RELEASED,0.2758317366936404,1580.3994368309397,50.93387946220429,385.73446995472415,599.6132140014317,519.1891882614996,0.9633401917786126,24.267580998469676,-5.351619969393487,-129.87087108028425,5.129128919715756,4.61621602774418,4.6043058482053185,-6.661338147750939e-16,977.1517833140042,1.462557508022764,563.8063911901824,563.806391190204,541.8454074752605,0.07483642474659291,391.77057105051387,150.0,-4.582932547236851e-06,LIMIT_REACHED,False,True,False,True
2.3100000000004712,GENERATING,MAIN,RELEASE,RELEASED,0.27583388083556015,1580.4117218592075,50.93416551111179,385.7371853742994,599.6137028041167,519.1915183309795,0.9633430202650484,24.267573060899082,-5.35146121798162,-129.86697608993694,5.133023910063064,4.619721519056758,4.604356701856514,1.0658141036401503e-14,977.1741490556958,1.4625806880791292,563.8566873408802,563.8566873408965,541.8926290452235,0.0721640607425229,391.820464984481,150.0,-4.682523581323039e-06,LIMIT_REACHED,False,True,False,True
2.3200000000004923,GENERATING,MAIN,RELEASE,RELEASED,0.2758358658256704,1580.423095014777,50.93442555594033,385.7397963412631,599.6142820072769,519.1937254223038,0.9633460930155018,24.267569221267618,-5.351384425352327,-129.86509197185103,5.134908028148996,4.621417225334096,4.604405453225286,0.0,977.1956099411252,1.4626029095304873,563.9061166654582,563.9061166654753,541.9390322023021,0.06889778507985511,391.87013441722223,150.0,-4.7810295882300125e-06,LIMIT_REACHED,False,True,False,True
2.3300000000005134,GENERATING,MAIN,RELEASE,RELEASED,0.2758376838816361,1580.433511708152,50.9346595245723,385.7422721583371,599.6148906952726,519.1957916059345,0.9633493022790293,24.267569024654325,-5.351380493086468,-129.86499549316457,5.135004506835451,4.621504056151906,4.60445146165493,2.1316282072803006e-14,977.2158931068941,1.462623880408052,563.9538414800054,563.9538414800252,541.9838315997034,0.06533740964829349,391.9184941900551,150.0,-4.880994310951792e-06,LIMIT_REACHED,False,True,False,True
2.3400000000005345,GENERATING,MAIN,RELEASE,RELEASED,0.2758393371321564,1580.4429841358815,50.93486864095879,385.7445957245645,599.6154767349742,519.1977097119354,0.9633525582655638,24.26757181987435,-5.35143639748705,-129.86636711550665,5.133632884493365,4.620269596044029,4.604494381984101,0.0,977.2348501228824,1.4626434434425457,563.999304875714,563.9993048757368,542.0265053883344,0.061709417753149864,391.96479597058124,150.0,-4.9811534097443655e-06,LIMIT_REACHED,False,True,False,True
2.3500000000005556,GENERATING,MAIN,RELEASE,RELEASED,0.2758408344299595,1580.4515630203605,50.935054944614784,385.74676046963276,599.615999174445,519.1994805019879,0.9633557894799281,24.267576844861402,-5.351536897228029,-129.86883289159235,5.1311671084076504,4.618050397566885,4.604534095203812,0.0,977.252428107485,1.4626615444473416,564.0421802894809,564.0421802895044,542.0667478398996,0.058175969371006886,392.00857187052856,150.0,-5.079950796016419e-06,LIMIT_REACHED,False,True,False,True
2.3600000000005767,GENERATING,MAIN,RELEASE,RELEASED,0.2758421887588642,1580.4593227533917,50.93522091763687,385.74876759490985,599.6164293527131,519.2011102397776,0.9633589417557078,24.267583305074115,-5.351666101482336,-129.87200293866383,5.12799706133618,4.615197355202563,4.604570646884395,0.0,977.2686439865438,1.462678204246988,564.0823224204651,564.0823224204869,542.1044232527393,0.054845120174604745,392.04957813256465,150.0,-5.179183631298656e-06,LIMIT_REACHED,False,True,False,True
2.370000000000598,GENERATING,MAIN,RELEASE,RELEASED,0.275843415208907,1580.4663497945153,50.93536919580685,385.7506236991348,599.6167508686922,519.2026086867801,0.9633619764731562,24.26759044019385,-5.351808803876988,-129.87550416671047,5.124495833289533,4.61204624996058,4.60460419480744,0.0,977.2835625303316,1.4626934948044488,564.1197222114237,564.1197222114412,542.139523687695,0.051781207271915264,392.0877424804231,150.0,-5.279298420646228e-06,LIMIT_REACHED,False,True,False,True
2.380000000000619,GENERATING,MAIN,RELEASE,RELEASED,0.2758445294655635,1580.4727340148863,50.93550237148962,385.7523388168168,599.6169586177946,519.2039875144941,0.9633648683406285,24.267597576130996,-5.3519515226198795,-129.8790057979008,5.1209942020992,4.60889478188928,4.604634966184151,0.0,977.2972783556941,1.4627075197200343,564.1544674724674,564.1544674724864,542.172132010585,0.049014682358063055,392.1231173282269,150.0,-5.378124512844806e-06,LIMIT_REACHED,False,True,False,True
2.39000000000064,GENERATING,MAIN,RELEASE,RELEASED,0.27584554674362616,1580.4785625888446,50.9356228518791,385.75392486183995,599.6170571384582,519.2052591003746,0.9633676030240187,24.26760416101948,-5.352083220389649,-129.8822370292504,5.117762970749607,4.605986673674646,4.604663224105094,-8.526512829121202e-14,977.3099017661143,1.4627203989394073,564.1867098521552,564.1867098521734,542.2023908995161,0.04655094106863089,392.1558399584475,150.0,-5.477167547951467e-06,LIMIT_REACHED,False,True,False,True
2.400000000000661,GENERATING,MAIN,RELEASE,RELEASED,0.2758464810903061,1580.4839160009808,50.93573278426893,385.7553944452181,599.6170585197958,519.2064356607293,0.9633701748261735,24.26760978534214,-5.352195706842827,-129.8849969084452,5.115003091554818,4.603502782399336,4.604689242388577,8.526512829121202e-14,977.3215480973615,1.46273225729048,564.2166382255134,564.2166382255238,542.2304778793589,0.04437790727541824,392.18609997208347,150.0,-5.577997455930017e-06,LIMIT_REACHED,False,True,False,True
2.4100000000006823,GENERATING,MAIN,RELEASE,RELEASED,0.27584734498288366,1580.4888657408458,50.93583401540284,385.75676002201493,599.6169801098063,519.2075286673686,0.963372584549588,24.267614187517697,-5.352283750353966,-129.88715707571035,5.112842924289645,4.601558631860681,4.604713287728395,8.526512829121202e-14,977.3323301199327,1.4627432163476928,564.2444581347863,564.2444581348018,542.2565860394178,0.042472289299155364,392.21411375011866,150.0,-5.677938844428354e-06,LIMIT_REACHED,False,True,False,True
2.4200000000007034,GENERATING,MAIN,RELEASE,RELEASED,0.275848149151549,1580.4934732878994,50.93592808163907,385.75803331588924,599.6168422355499,519.2085484938285,0.9633748376207057,24.267617247151808,-5.352344943036168,-129.88865845233028,5.111341547669732,4.600207392902759,4.604735607927194,0.0,977.3423529980723,1.4627533890701667,564.2703766481656,564.2703766481868,542.2809098368342,0.04080453661345018,392.24010530022076,150.0,-5.776194427653536e-06,LIMIT_REACHED,False,True,False,True
2.4300000000007245,GENERATING,MAIN,RELEASE,RELEASED,0.27584890256609035,1580.4977900352442,50.93601623066371,385.75922496861705,599.6166661075961,519.2095042398055,0.9633769425119696,24.26761896870016,-5.352379374003172,-129.88950322423887,5.110496775761124,4.599447098185012,4.604756425006718,0.0,977.3517113038778,1.4627628766626155,564.294591860016,564.2945918600329,542.303635255814,0.03934259996663059,392.2642926558474,150.0,-5.876120781067584e-06,LIMIT_REACHED,False,True,False,True
2.4400000000007456,GENERATING,MAIN,RELEASE,RELEASED,0.2758496125344643,1580.5018578543852,50.93609943922988,385.76034436455785,599.6164720357976,519.210403687642,0.9633789094669339,24.267619458528422,-5.352389170568424,-129.88974358530308,5.110256414696926,4.599230773227234,4.604775932062495,0.0,977.3604876148704,1.4627717671427738,564.317286209673,564.3172862096926,542.3249335495469,0.03805464107335865,392.28687890847357,150.0,-5.976218460546079e-06,LIMIT_REACHED,False,True,False,True
2.4500000000007667,GENERATING,MAIN,RELEASE,RELEASED,0.2758502848709204,1580.5057100585202,50.936178457896666,385.76139958500875,599.6162780366815,519.2112533511744,0.9633807495125803,24.26761889831942,-5.352377966388391,-129.8894686880754,5.110531311924603,4.599478180732143,4.6047942928596175,-8.526512829121202e-14,977.3687522753364,1.4627801351579888,564.3386228174509,564.3386228174661,542.3449578122993,0.03691085818235251,392.30804695411695,150.0,-6.075879923628236e-06,LIMIT_REACHED,False,True,False,True
2.460000000000788,GENERATING,MAIN,RELEASE,RELEASED,0.2758509241006112,1580.5093725748625,50.93625384197616,385.76239745365035,599.616098868225,519.2120585841805,0.963382473729678,24.267617517523874,-5.352350350477491,-129.88879112517262,5.111208874827372,4.600087987344635,4.60481164331242,-8.526512829121202e-14,977.3765639621212,1.46278804266028,564.3587441023965,564.358744102411,542.3638416911758,0.035884596606820196,392.327957094569,150.0,-6.1757262130868185e-06,LIMIT_REACHED,False,True,False,True
2.470000000000809,GENERATING,MAIN,RELEASE,RELEASED,0.2758515336759795,1580.512865184452,50.936325992508564,385.76334364100086,599.6159454886729,519.2128237224473,0.9633840927448988,24.267615567136712,-5.352311342734265,-129.88783406110045,5.112165938899534,4.600949345009581,4.604828094150063,8.526512829121202e-14,977.3839707610374,1.4627955401217505,564.3777720378939,564.3777720379098,542.381699633381,0.034952904440956445,392.34674672894005,150.0,-6.274124586980179e-06,LIMIT_REACHED,False,True,False,True
2.48000000000083,GENERATING,MAIN,RELEASE,RELEASED,0.27585211618745314,1580.5162027293484,50.936395187453414,385.76424280238905,599.6158249041248,519.213552239724,0.9633856164059305,24.267613296566818,-5.352265931336356,-129.88671988205974,5.113280117940263,4.601952106146237,4.604843734218008,0.0,977.3910115218182,1.4628026680396817,564.3958095046428,564.395809504657,542.3986281615623,0.03409667710747044,392.36453148445486,150.0,-6.374028231448392e-06,LIMIT_REACHED,False,True,False,True
2.490000000000851,GENERATING,MAIN,RELEASE,RELEASED,0.2758526735569968,1580.519396221596,50.936461621476326,385.7650987300605,599.6157403463176,519.2142469033212,0.9633870536016257,24.267610934811668,-5.3522186962333596,-129.88556095821613,5.114439041783862,4.602995137605475,4.604858634003523,0.0,977.3977173170911,1.462809458543626,564.4129423050174,564.4129423050417,542.4147077685757,0.03330051474233642,392.38140725383334,150.0,-6.473978487520071e-06,LIMIT_REACHED,False,True,False,True
2.500000000000872,GENERATING,MAIN,RELEASE,RELEASED,0.27585320720787154,1580.522453815882,50.93652541861182,385.7659145053854,599.6156917072683,519.2149099197444,0.963388412192208,24.267608676599718,-5.352173531994381,-129.8844528436942,5.115547156305798,4.603992440675218,4.604872849091752,4.263256414560601e-14,977.4041128804604,1.4628159369707694,564.4292415013651,564.4292415013932,542.4300051147815,0.03255239399453558,392.39745272078693,150.0,-6.574097682232605e-06,LIMIT_REACHED,False,True,False,True
2.5100000000008933,GENERATING,MAIN,RELEASE,RELEASED,0.27585371820761845,1580.5253816287645,50.93658666446046,385.76669264166947,599.615676151089,519.21554306449,0.9633896990188079,24.26760667366326,-5.352133473265164,-129.88346999414622,5.116530005853779,4.604877005268401,4.604886423358444,0.0,977.410217940574,1.4628221233211935,564.4447658290486,564.4447658290668,542.444575294686,0.03184323546139467,392.41273205922465,150.0,-6.672757962178366e-06,LIMIT_REACHED,False,True,False,True
2.5200000000009144,GENERATING,MAIN,RELEASE,RELEASED,0.2758542073839611,1580.528184402752,50.936645417975086,385.7674352117291,599.6156888240978,519.2161477930371,0.9633909199664599,24.267605030882358,-5.352100617647167,-129.88266387460297,5.117336125397033,4.60560251285733,4.6048993917848815,4.263256414560601e-14,977.4160484015506,1.4628280335409134,564.4595640108255,564.4595640108429,542.4584640100036,0.03116642779372114,392.42729758220986,150.0,-6.7737093161213124e-06,LIMIT_REACHED,False,True,False,True
2.5300000000009355,GENERATING,MAIN,RELEASE,RELEASED,0.2758546754151461,1580.53086602391,50.93670172362266,385.7681439572528,599.6157235910794,519.2167253322269,0.9633920800596207,24.26760380671444,-5.3520761342888115,-129.88206317029267,5.117936829707346,4.606143146736612,4.604911782841141,0.0,977.4216173457949,1.4628336806081275,564.4736768613689,564.4736768613872,542.4717095451721,0.03051735289619728,392.4411921922759,150.0,-6.8739701930553565e-06,LIMIT_REACHED,False,True,False,True
2.5400000000009566,GENERATING,MAIN,RELEASE,RELEASED,0.2758551228973776,1580.5334299082374,50.93675562362509,385.7688203790904,599.6157737366073,519.2172767527335,0.9633931835739518,24.2676030171018,-5.352060342035993,-129.88167570410354,5.118324295896448,4.606491866306803,4.604923620429824,0.0,977.4269358546578,1.4628390754191314,564.4871391198967,564.4871391199129,542.4843444873031,0.029892942021092495,392.45445154528204,150.0,-6.97416072625856e-06,LIMIT_REACHED,False,True,False,True
2.5500000000009777,GENERATING,MAIN,RELEASE,RELEASED,0.275855550392608,1580.535879275484,50.93680715975927,385.7694658091013,599.6158325840402,519.2178030242966,0.9633942341523193,24.267602641929095,-5.3520528385819235,-129.8814916053148,5.118508394685203,4.606657555216683,4.604934925411397,0.0,977.4320136549547,1.4628442274835223,564.4999809864511,564.4999809864727,542.4963971676628,0.029291281082009846,392.46710588658084,150.0,-7.073922773770391e-06,LIMIT_REACHED,False,True,False,True
2.560000000000999,GENERATING,MAIN,RELEASE,RELEASED,0.27585595846013145,1580.538217330169,50.93685638011921,385.77008146515453,599.6158939996706,519.2183050559507,0.9633952349165682,24.267602633075388,-5.352052661507742,-129.88148726076344,5.118512739236566,4.60666146531291,4.604945716753564,1.0658141036401503e-14,977.4368596083186,1.4628491454480481,564.5122293635893,564.5122293636103,542.5078928265054,0.02871127408002394,392.4791815524254,150.0,-7.173830994133823e-06,LIMIT_REACHED,False,True,False,True
2.57000000000102,GENERATING,MAIN,RELEASE,RELEASED,0.2758563476753491,1580.540447369098,50.93690333962304,385.770668491433,599.6159527641873,519.2187837237049,0.9633961885696335,24.26760292315584,-5.352058463116811,-129.8816296044345,5.118370395565517,4.606533356008965,4.604956012356295,5.329070518200751e-15,977.4414820645484,1.4628538374726279,564.523908823877,564.5239088238985,542.5188545205006,0.028152367429015612,392.49070215307154,150.0,-7.273775281646522e-06,LIMIT_REACHED,False,True,False,True
2.580000000001041,GENERATING,MAIN,RELEASE,RELEASED,0.2758567186387944,1580.5425728330752,50.93694809900151,385.7712279864219,599.6160048069887,519.2192398881324,0.9633970974849023,24.267603434159042,-5.352068683180865,-129.881880355815,5.118119644184986,4.606307679766488,4.604965829608166,1.0658141036401503e-14,977.4458891019283,1.4628583114839095,564.5350423339177,564.5350423339346,542.5293038016239,0.027614332727296187,392.5016894688966,150.0,-7.374361615575253e-06,LIMIT_REACHED,False,True,False,True
2.590000000001062,GENERATING,MAIN,RELEASE,RELEASED,0.27585707197812787,1580.5445973183294,50.93699072768163,385.77176102097775,599.6160473101831,519.2196744041744,0.9633979637815498,24.26760408533732,-5.352081706746438,-129.882199891699,5.117800108300989,4.606020097470891,4.604975185729175,0.0,977.4500886774048,1.4628625753315199,564.5456517714216,564.5456517714402,542.5392612018737,0.02709710295016521,392.51216409892356,150.0,-7.474341657598416e-06,LIMIT_REACHED,False,True,False,True
2.6000000000010832,GENERATING,MAIN,RELEASE,RELEASED,0.2758574083453686,1580.5465245606554,50.93703130068095,385.7722686487132,599.6160786978903,519.2200881251994,0.9633987893858654,24.26760479988087,-5.352095997617391,-129.882550521203,5.117449478796992,4.605704530917293,4.604984097950117,4.263256414560601e-14,977.4540887075157,1.462866636869822,564.5557582727178,564.5557582727411,542.5487465588648,0.02660065480387175,392.5221459040609,150.0,-7.57382011329355e-06,LIMIT_REACHED,False,True,False,True
2.6100000000011043,GENERATING,MAIN,RELEASE,RELEASED,0.27585772841120515,1580.5483584028152,50.9370698965926,385.77275191070134,599.6160985323554,519.2204819030632,0.9633995760794675,24.267605510084366,-5.352110201687338,-129.88289902104637,5.117100978953619,4.605390881058257,4.604992583573317,-4.263256414560601e-14,977.4578970988048,1.4628705039856018,564.5653824470708,564.5653824470824,542.5577792165071,0.02612492988964732,392.5316542866175,150.0,-7.674160457327162e-06,LIMIT_REACHED,False,True,False,True
2.6200000000011254,GENERATING,MAIN,RELEASE,RELEASED,0.2758580328578061,1580.5501027533473,50.93710659716751,385.77321183620865,599.6161073416997,519.220856585599,0.9634003255358375,24.267606160882888,-5.3521232176577485,-129.88321837063552,5.116781629364494,4.605103466428045,4.605000659951951,-4.263256414560601e-14,977.4615217433804,1.4628741845886593,564.5745444905021,564.5745444905243,542.5663781315144,0.025669786985076826,392.5407083445293,150.0,-7.774498556045728e-06,LIMIT_REACHED,False,True,False,True
2.6300000000011465,GENERATING,MAIN,RELEASE,RELEASED,0.2758583223711815,1580.5517615428,50.93714148586905,385.77364944085025,599.6161064048408,519.2212130126628,0.9634010393468749,24.267606711781003,-5.352134235620063,-129.88348869868634,5.116511301313659,4.604860171182294,4.605008344418947,-4.263256414560601e-14,977.4649704925926,1.462877686579411,564.5832642275028,564.5832642275186,542.5745619121527,0.025234977984041507,392.5493269341687,150.0,-7.874783875649882e-06,LIMIT_REACHED,False,True,False,True
2.6400000000011676,GENERATING,MAIN,RELEASE,RELEASED,0.2758585976338297,1580.5533386816,50.93717464571281,385.77406572327527,599.6160975177959,519.2215520115727,0.9634017190412606,24.26760713731776,-5.352142746355227,-129.8836975113936,5.116302488606409,4.604672239745768,4.6050156541880645,4.263256414560601e-14,977.4682511185097,1.4628810178038238,564.5915611043486,564.5915611043691,542.5823488118502,0.024820141568397958,392.55752867028184,150.0,-7.973983287001829e-06,LIMIT_REACHED,False,True,False,True
2.6500000000011887,GENERATING,MAIN,RELEASE,RELEASED,0.27585885931814624,1580.55483802229,50.93720616117441,385.77446166121575,599.6160827626184,519.2218743925542,0.963402366096327,24.267607426296507,-5.352148525930133,-129.883839314504,5.116160685495991,4.604544616946392,4.6050226062462984,0.0,977.4713712711482,1.4628841860043915,564.5994541531006,564.599454153122,542.5897566951826,0.024424808896128525,392.56533188628646,150.0,-8.073725211943383e-06,LIMIT_REACHED,False,True,False,True
2.66000000000121,GENERATING,MAIN,RELEASE,RELEASED,0.2758591080808586,1580.5562633276422,50.93723611153178,385.7748382074941,599.6160642961977,519.2221809445899,0.9634029819450195,24.267607580061714,-5.35215160123428,-129.88391476775246,5.116085232247553,4.604476709022798,4.605029217248492,0.0,977.474338436261,1.4628871987721142,564.606961940724,564.6069619407385,542.5968029900333,0.024048417022356716,392.57275457301097,150.0,-8.173772499731058e-06,LIMIT_REACHED,False,True,False,True
2.670000000001231,GENERATING,MAIN,RELEASE,RELEASED,0.2758593445585962,1580.557618245273,50.937264576710554,385.77519628638873,599.6160441714939,519.222472431915,0.9634035679792945,24.267607610127012,-5.352152202540254,-129.8839295209239,5.116070479076091,4.604463431168482,4.605035503423338,-8.526512829121202e-14,977.4771598975087,1.462890063503674,564.61410251399,564.6141025140065,542.603504635828,0.02369032647015956,392.57981430935786,150.0,-8.276374586557722e-06,LIMIT_REACHED,False,True,False,True
2.680000000001252,GENERATING,MAIN,RELEASE,RELEASED,0.2758595693645953,1580.558906288769,50.93729163063939,385.77553679059815,599.6160241990367,519.222749591274,0.963404125551097,24.267607535453262,-5.35215070906522,-129.88389287819265,5.116107121807379,4.604496409626641,4.6050414804947195,0.0,977.4798427048157,1.4628927873655992,564.6208933476031,564.6208933476271,542.6098780348103,0.02334984043420718,392.5865281943761,150.0,-8.376025618872518e-06,LIMIT_REACHED,False,True,False,True
2.690000000001273,GENERATING,MAIN,RELEASE,RELEASED,0.27585978308646114,1580.5601308248595,50.93731734709862,385.77586057892313,599.6160058520213,519.2230131299646,0.9634046559718331,24.267607379648346,-5.352147592966897,-129.88381642405062,5.116183575949386,4.604565218354447,4.605047163620965,8.526512829121202e-14,977.4823936499988,1.462895377266588,564.6273513001502,564.6273513001669,542.6159390106911,0.0230262237235479,392.5929127869676,150.0,-8.47682449034437e-06,LIMIT_REACHED,False,True,False,True
2.7000000000012943,GENERATING,MAIN,RELEASE,RELEASED,0.27585998628485564,1580.5612950659004,50.93734179518233,385.77616847469375,599.6159902143852,519.223263724629,0.9634051605110486,24.26760716831722,-5.352143366344409,-129.88371272296104,5.116287277038973,4.604658549335076,4.605052567351717,0.0,977.484819249649,1.4628978398378643,564.633492580345,564.6334925803571,542.6217027770053,0.022718720182581364,392.59898405682276,150.0,-8.576071280685937e-06,LIMIT_REACHED,False,True,False,True
2.7100000000013154,GENERATING,MAIN,RELEASE,RELEASED,0.2758601794929719,1580.5624020668633,50.93736503875657,385.77646126490583,599.6159779680811,519.2235020207155,0.9634056403948121,24.267606926738022,-5.352138534760443,-129.883594179014,5.116405820985999,4.604765238887399,4.6050577056013235,8.526512829121202e-14,977.487125734842,1.4629001814210583,564.6393327245316,564.6393327245468,542.6271839160065,0.02242656782203767,392.6047573481845,150.0,-8.675729532114929e-06,LIMIT_REACHED,False,True,False,True
2.7200000000013365,GENERATING,MAIN,RELEASE,RELEASED,0.27586036321663887,1580.5634547259347,50.93738714086299,385.7767396999968,599.6159694134308,519.2237286325089,0.9634060968041901,24.267606677983235,-5.352133559664727,-129.88347211397792,5.1165278860220536,4.604875097419848,4.60506259163743,0.0,977.4893190470964,1.4629024080630169,564.6448865853442,564.6448865853677,542.6323963680436,0.022149011447424982,392.6102473565962,150.0,-8.775849067887975e-06,LIMIT_REACHED,False,True,False,True
2.7300000000013576,GENERATING,MAIN,RELEASE,RELEASED,0.27586053793490656,1580.5644557878688,50.93740815868868,385.7770044941595,599.6159645150226,519.2239441436226,0.9634065308740215,24.26760644154934,-5.352128830986801,-129.88335609485722,5.116643905142775,4.604979514628497,4.605067238081406,0.0,977.4914048392981,1.462904525516005,564.6501683303798,564.650168330396,542.637353430355,0.021885312533186152,392.6154681178218,150.0,-8.87441035501979e-06,LIMIT_REACHED,False,True,False,True
2.7400000000013787,GENERATING,MAIN,RELEASE,RELEASED,0.27586070410098135,1580.5654078493474,50.93742814775296,385.7772563260971,599.6159629650308,519.2241491078445,0.9634069436921354,24.267606232507987,-5.352124650159702,-129.8832535173752,5.116746482624803,4.605071834362323,4.605071656918916,0.0,977.4933884808343,1.4629065392425298,564.6551914497531,564.6551914497694,542.642067764224,0.02163475673182802,392.6204330074921,150.0,-8.974334008371443e-06,LIMIT_REACHED,False,True,False,True
2.7500000000013998,GENERATING,MAIN,RELEASE,RELEASED,0.2758608621433951,1580.5663133656763,50.93744716070097,385.77749584010934,599.6159642559546,519.2243440502413,0.9634073362990547,24.267606061149483,-5.3521212229896475,-129.88316943103035,5.116830568969654,4.605147512072689,4.605075859518257,0.0,977.4952750659268,1.462908454423701,564.6599687707338,564.6599687707617,542.6465514086976,0.021396658944468072,392.62515474975316,150.0,-9.073506674894816e-06,LIMIT_REACHED,False,True,False,True
2.760000000001421,GENERATING,MAIN,RELEASE,RELEASED,0.27586101246730965,1580.5671746582627,50.93746524350197,385.77772364741645,599.6159677554983,519.2245294684293,0.9634077096881828,24.26760593305689,-5.352118661137795,-129.88310657545205,5.116893424547917,4.605204082093126,4.6050798566538065,-4.263256414560601e-14,977.4970694241309,1.462910275969927,564.6645124779354,564.6645124779623,542.650815799575,0.02117036651026183,392.6296454330647,150.0,-9.173268011863911e-06,LIMIT_REACHED,False,True,False,True
2.770000000001442,GENERATING,MAIN,RELEASE,RELEASED,0.2758611554558855,1580.5679939224542,50.937482446718285,385.77794032764297,599.6159727774921,519.2247058339467,0.9634080648064373,24.267605849527257,-5.352116990545148,-129.88306558710764,5.1169344128923555,4.60524097160312,4.605083658533033,0.0,977.4987761323156,1.4629120085332232,564.6688341376027,564.6688341376249,542.654871792242,0.02095526086515065,392.6339165313769,150.0,-9.272839804452815e-06,LIMIT_REACHED,False,True,False,True
2.780000000001463,GENERATING,MAIN,RELEASE,RELEASED,0.27586129147165245,1580.5687732353936,50.93749880999785,385.7781464303823,599.6159786441121,519.2248735936599,0.9634084025552646,24.26760580824502,-5.35211616490039,-129.88304532973876,5.116954670261226,4.605259203235104,4.605087274825629,0.0,977.5003995275027,1.4629136565204974,564.6729447245208,564.6729447245376,542.6587296869388,0.020750757889800298,392.63797892904904,150.0,-9.372550834996218e-06,LIMIT_REACHED,False,True,False,True
2.790000000001484,GENERATING,MAIN,RELEASE,RELEASED,0.2758614208578397,1580.5695145636394,50.937514376514486,385.77834247679226,599.6159847362308,519.2250331711698,0.9634087237919674,24.267605804110396,-5.352116082207921,-129.88304330086154,5.116956699138461,4.605261029224615,4.60509071469316,0.0,977.5019437199358,1.4629152241070615,564.676854650414,564.6768546504336,542.6623992554319,0.02055630730660596,392.64184294812526,150.0,-9.47495348668781e-06,LIMIT_REACHED,False,True,False,True
2.8000000000015053,GENERATING,MAIN,RELEASE,RELEASED,0.2758615439396414,1580.5702197704163,50.937529184464054,385.7785289611728,599.6159905301688,519.2251849681733,0.9634090293312658,24.267605830131394,-5.352116602627909,-129.88305606947608,5.116943930523911,4.60524953747152,4.605093986818668,0.0,977.5034126060923,1.4629167152501277,564.6805737928951,564.6805737929155,542.6658897681582,0.020371391390028748,392.64551837676817,150.0,-9.57429094228246e-06,LIMIT_REACHED,False,True,False,True
2.8100000000015264,GENERATING,MAIN,RELEASE,RELEASED,0.2758616610253994,1580.5708906223936,50.937543272755484,385.77870635249843,599.6159956205081,519.2253293657675,0.9634093199470213,24.267605878299577,-5.352117565991505,-129.88307970580587,5.116920294194138,4.605228264774724,4.605097099435019,2.1316282072803006e-14,977.5048098812014,1.4629181337017318,564.6841115241954,564.6841115242086,542.66921002125,0.020195523317511288,392.6490144979325,150.0,-9.674352071442627e-06,LIMIT_REACHED,False,True,False,True
2.8200000000015475,GENERATING,MAIN,RELEASE,RELEASED,0.2758617724076898,1580.5715287959088,50.937556674261145,385.77887509588203,599.6159997297207,519.2254667256775,0.9634095963740665,24.267605940385476,-5.352118807709524,-129.88311017162047,5.116889828379532,4.605200845541579,4.605100060352334,-1.0658141036401503e-14,977.5061390513017,1.462919483021233,564.6874767391588,564.6874767391722,542.6723683628044,0.02002824522838864,392.652340117576,150.0,-9.774391031669438e-06,LIMIT_REACHED,False,True,False,True
2.8300000000015686,GENERATING,MAIN,RELEASE,RELEASED,0.2758618783643216,1580.5721358826902,50.937569423564995,385.77903561395465,599.6160027062813,519.2255973914015,0.9634098593100794,24.267606008607327,-5.352120172146551,-129.8831436483721,5.116856351627885,4.605170716465097,4.605102876983378,0.0,977.5074034444706,1.4629207665868889,564.6906778820733,564.6906778820918,542.675372718031,0.019869126151832006,392.65550359187915,150.0,-9.873818044070504e-06,LIMIT_REACHED,False,True,False,True
2.8400000000015897,GENERATING,MAIN,RELEASE,RELEASED,0.2758619791592404,1580.5727133950347,50.93758155172947,385.7791883081591,599.6160045134529,519.2257216892743,0.9634101094174587,24.26760607614468,-5.352121522893602,-129.8831767892375,5.116823210762505,4.605140889686255,4.605105556367348,0.0,977.508606221347,1.4629219876066974,564.6937229721248,564.6937229721393,542.6782306131619,0.019717759996240147,392.65851285316563,150.0,-9.974428479608832e-06,LIMIT_REACHED,False,True,False,True
2.850000000001611,GENERATING,MAIN,RELEASE,RELEASED,0.27586207504335103,1580.573262770521,50.937593089422535,385.77933355995293,599.6160052113366,519.2258399294467,0.9634103473251687,24.26760613748571,-5.352122749714215,-129.88320688954158,5.116793110458405,4.605113799412564,4.605108105191846,2.1316282072803006e-14,977.5097503848674,1.4629231491284134,564.6966196273197,564.6966196273463,542.6809491979533,0.019573763643961684,392.6613754343093,150.0,-1.007430145705257e-05,LIMIT_REACHED,False,True,False,True
2.860000000001632,GENERATING,MAIN,RELEASE,RELEASED,0.27586216625526316,1580.5737853762814,50.93760406451833,385.7794717319235,599.6160049347327,519.2259524067895,0.9634105736305253,24.26760618861164,-5.3521237722328,-129.88323197725217,5.116768022747829,4.605091220473046,4.605110529813074,4.263256414560601e-14,977.5108387892424,1.4629242540487521,564.6993750868842,564.6993750868991,542.6835352666264,0.019436775081430824,392.664098491545,150.0,-1.017448920492825e-05,LIMIT_REACHED,False,True,False,True
2.870000000001653,GENERATING,MAIN,RELEASE,RELEASED,0.2758622530219662,1580.5742825128702,50.93761450510591,385.77960316882087,599.616003869296,519.2260594017265,0.9634107889009074,24.267606227033543,-5.352124540670832,-129.88325083104255,5.116749168957493,4.605074252061744,4.605112836274353,0.0,977.5118741482131,1.4629253051218312,564.7019962320555,564.7019962320768,542.6859952774464,0.019306451756733622,392.6666888256897,150.0,-1.0274709040913876e-05,LIMIT_REACHED,False,True,False,True
2.880000000001674,GENERATING,MAIN,RELEASE,RELEASED,0.27586233555944845,1580.5747554178088,50.93762443703399,385.77972819851095,599.6160022280935,519.2261611809992,0.9634109936753825,24.267606251705423,-5.35212503410847,-129.8832629376398,5.116737062360189,4.60506335612417,4.605115030323296,0.0,977.512859042695,1.4629263049669983,564.7044896054887,564.7044896055066,542.6883353708981,0.01918246910099697,392.66915290179713,150.0,-1.037429478856211e-05,LIMIT_REACHED,False,True,False,True
2.890000000001695,GENERATING,MAIN,RELEASE,RELEASED,0.2758624140732635,1580.5752052688324,50.937633884536936,385.7798471328638,599.6160002303227,519.2262579983797,0.9634111884662373,24.267606262842595,-5.352125256851877,-129.88326840269664,5.116731597303355,4.605058437573019,4.605117117427373,4.263256414560601e-14,977.5137959277679,1.4629272560759234,564.706861429238,564.706861429253,542.6905613865711,0.01906451919654728,392.6714968673745,150.0,-1.0473482234374387e-05,LIMIT_REACHED,False,True,False,True
2.9000000000017163,GENERATING,MAIN,RELEASE,RELEASED,0.2758624887590526,1580.575633186883,50.937642871242915,385.77996026857465,599.6159980833806,519.2263500953283,0.9634113737604213,24.26760626167631,-5.352125233526225,-129.8832678303968,5.116732169603188,4.605058952642869,4.605119102788562,4.263256414560601e-14,977.5146871392192,1.4629281608192806,564.7091176214948,564.7091176215151,542.6926788789003,0.018952309645101195,392.6737265692552,150.0,-1.0576874103662703e-05,LIMIT_REACHED,False,True,False,True
2.9100000000017374,GENERATING,MAIN,RELEASE,RELEASED,0.2758625598030311,1580.5760402388955,50.93765142084269,385.78006788793044,599.6159959691015,519.2264377016078,0.9634115500208933,24.267606250175024,-5.3521250035005075,-129.88326218666694,5.116737813333039,4.605064031999735,4.605120991356822,-8.526512829121202e-14,977.5155348995871,1.4629290214528847,564.7112638121889,564.7112638122134,542.6946931317257,0.01884556247432556,392.67584756925135,150.0,-1.067555456302216e-05,LIMIT_REACHED,False,True,False,True
2.9200000000017585,GENERATING,MAIN,RELEASE,RELEASED,0.27587206340399345,1580.6304918614276,51.04728511309372,386.765556107489,599.6160009836747,520.8398943133197,0.963454884055182,24.0,0.0,0.0,5.116746083188277,4.605071474869449,4.603136096691282,0.0,979.4065014870573,1.4620242116970483,558.4174762174533,558.4174762174616,536.885009040103,133.9046331251921,397.29510248914613,5.685273425764752,-1.0833301246293559e-05,LIMIT_REACHED,False,True,False,True
2.9300000000017796,GENERATING,MAIN,RELEASE,RELEASED,0.27623476135782016,1582.7085980606576,51.1808884016859,388.70632506829406,599.6163216933903,524.7974019262334,0.9639509485267678,24.0,0.0,0.0,5.116439392346623,4.6047954531119615,4.58982633263796,0.0,980.226515680879,1.4559424588620524,521.4890905414736,521.4890905414745,502.4184825639287,61.48639094201557,435.2471589637502,5.684932658162915,-1.1209401918677031e-05,LIMIT_REACHED,False,True,False,True
2.9400000000018007,GENERATING,MAIN,RELEASE,RELEASED,0.2768575865118154,1586.2771233305089,51.25792002661634,389.6492814422265,599.6168799610377,526.2517655263797,0.9645412074423427,24.0,0.0,0.0,5.115013642124072,4.6035122779116655,4.589606105495304,-8.526512829121202e-14,982.5363723986575,1.4558416147806297,518.3540838100673,518.3540851544576,499.53685918271503,15.994884608896777,477.8586260825693,5.683348491248969,-1.1325401089834486e-05,LIMIT_REACHED,False,True,False,True
2.950000000001822,GENERATING,MAIN,RELEASE,RELEASED,0.277400211642841,1589.3861363170588,51.31101190688932,390.10594512702187,599.6171797540594,526.4703467978327,0.965121210360392,24.0,0.0,0.0,5.11274149255802,4.601467343302218,4.599488261479941,0.0,986.7408165353905,1.4603598923917995,532.0619255365216,532.0619261473905,512.4346079849107,-1.6628260083934778,508.41661011268417,5.680823880620022,-1.1318819076677755e-05,LIMIT_REACHED,False,True,False,True
2.960000000001843,GENERATING,MAIN,RELEASE,RELEASED,0.2777533135783233,1591.4092613811627,51.34136768325087,390.3399525359226,599.6170010180936,526.3123149855048,0.9656933031897055,24.0,0.0,0.0,5.1107381950758715,4.599664375568285,4.611447377010065,0.0,991.0169089575633,1.4658091631177934,547.7010929077736,547.7010941451789,527.1141997256786,-4.693673284782522,526.1292750159324,5.678597994528746,-1.1299873676762218e-05,LIMIT_REACHED,False,True,False,True
2.970000000001864,GENERATING,MAIN,RELEASE,RELEASED,0.2779340138000171,1592.4445973871757,51.35447281467458,390.4863798854283,599.6163888413857,526.1541995925613,0.9662458605680828,24.0,0.0,0.0,5.110093362641663,4.599084026377497,4.620963170736603,0.0,994.3114939700024,1.4701306838675274,559.4613182994799,559.4613191288668,538.1391113228674,-2.837808174746259,535.2990379835674,5.677881514046293,-1.1310321383461996e-05,LIMIT_REACHED,False,True,False,True
2.980000000001885,GENERATING,MAIN,RELEASE,RELEASED,0.27799690545729844,1592.8049400400562,51.35618241535614,390.5935270130988,599.61551234738,526.0838795557152,0.966754339677349,24.0,0.0,0.0,5.111409170547739,4.600268253492965,4.626889546899362,0.0,996.4008098183303,1.4728156919765902,566.6600612769575,566.6600617511905,544.8841426784672,-0.7838433295016083,539.988642485138,5.679343522830821,-1.1356880747825926e-05,LIMIT_REACHED,False,True,False,True
2.9900000000019062,GENERATING,MAIN,RELEASE,RELEASED,0.2779916422218437,1592.7747839222422,51.351060972628034,390.67014030392596,599.6145558381747,526.0751267825245,0.9671960690234287,24.0,0.0,0.0,5.114735639925943,4.6032620759333485,4.6298275274213445,0.0,997.4957144493045,1.4741449623070064,570.4873415759594,570.4873419204591,548.4702073931978,0.16158809439503408,542.6255796988851,5.683039599917715,-1.1430227061737241e-05,LIMIT_REACHED,False,True,False,True
3.0000000000019273,GENERATING,MAIN,RELEASE,RELEASED,0.27795140401185175,1592.5442359614722,51.342223657479536,390.7152865248862,599.6136662592496,526.0842340284564,0.9675585105334464,24.0,0.0,0.0,5.1197094721114125,4.607738524900271,4.630816507376432,4.263256414560601e-14,997.9136154814978,1.4745921503369137,572.2864170741678,572.286417417005,550.156249419815,0.18041750427084935,544.2872658354204,5.688566080123792,-1.1519737995513424e-05,LIMIT_REACHED,False,True,False,True
